"","p_val","avg_log2FC","pct.1","pct.2","p_val_adj","cluster","gene"
"ARLN",1.38622446854697e-12,0.843367342623062,1,1,1.46440752857302e-08,"0","ARLN"
"DLGAP4",7.16453563143205e-11,0.925219225617357,0.952,0.981,7.56861544104481e-07,"0","DLGAP4"
"ITGA2B",8.67817103984341e-11,0.360472783049268,0.347,0.686,9.16761988649058e-07,"0","ITGA2B"
"VAT1",6.00972827058399e-10,1.25523496795706,0.952,0.956,6.34867694504493e-06,"0","VAT1"
"SERINC1",7.98027866011353e-10,0.98393288430329,0.973,0.975,8.43036637654393e-06,"0","SERINC1"
"EID1",1.19729515191125e-09,0.611302962299998,1,0.994,1.26482259847904e-05,"0","EID1"
"DUSP4",1.54518375872215e-09,1.35126046236793,0.932,0.969,1.63233212271408e-05,"0","DUSP4"
"ARF4",1.86119564205001e-09,0.535237499334553,1,0.994,1.96616707626163e-05,"0","ARF4"
"RPS27",2.21731744076692e-09,0.418543011219757,1,1,2.34237414442617e-05,"0","RPS27"
"TSC22D3",3.80287001888746e-09,1.27749225525516,0.952,0.981,4.01735188795271e-05,"0","TSC22D3"
"LRRC75A",4.60747151542762e-09,1.14785673480122,1,0.994,4.86733290889774e-05,"0","LRRC75A"
"TCP11L2",8.78424222250374e-09,1.85126481557434,0.816,0.667,9.27967348385295e-05,"0","TCP11L2"
"SELENOM",1.57633859299011e-08,1.06421159220652,0.932,0.956,0.000166524408963475,"0","SELENOM"
"FTL",1.59271686950291e-08,0.709453237665155,1,1,0.000168254610094287,"0","FTL"
"S100A6",1.99460248317962e-08,0.978785805467627,0.993,1,0.000210709806323095,"0","S100A6"
"RPS11",2.42119950755182e-08,0.421781372484894,1,1,0.000255775515977774,"0","RPS11"
"MYOF",2.99996558705828e-08,1.08126619609345,0.973,0.962,0.000316916364616837,"0","MYOF"
"MVP",4.52275736861907e-08,0.814698765487184,0.946,0.893,0.000477784088420918,"0","MVP"
"TSC22D1",5.38066668998027e-08,1.19416051027708,0.898,0.956,0.000568413629129516,"0","TSC22D1"
"TMEM120B",6.60364665172608e-08,1.39022645047456,0.878,0.925,0.000697609232288343,"0","TMEM120B"
"UBC",6.64981512077389e-08,0.507301444263668,1,1,0.000702486469358554,"0","UBC"
"EIF4B",7.14632686360517e-08,0.545702373133785,1,1,0.00075493796987125,"0","EIF4B"
"EIF1",7.62374821050571e-08,0.46386759277509,1,1,0.000805372760957823,"0","EIF1"
"RPS14",1.37558983537289e-07,0.30399263803128,1,1,0.00145317310208792,"0","RPS14"
"ZNF780B",1.56705833638301e-07,0.537076522095127,0.306,0.648,0.00165544042655502,"0","ZNF780B"
"PLEC",1.70992833670169e-07,0.744220764413398,0.993,1,0.00180636829489167,"0","PLEC"
"RTL8C",1.8093681841691e-07,1.04900805874122,0.939,0.943,0.00191141654975624,"0","RTL8C"
"SBDS",1.87210122515324e-07,0.660109187487714,0.966,0.987,0.00197768773425189,"0","SBDS"
"RPL12",2.00745242207034e-07,0.563755752561862,1,1,0.00212067273867511,"0","RPL12"
"LEKR1",2.51275010525623e-07,0.537539292845681,0.252,0.616,0.00265446921119269,"0","LEKR1"
"PIGA",2.66672257125222e-07,0.376310242993083,0.537,0.83,0.00281712572427084,"0","PIGA"
"TMSB4X",3.16586872051161e-07,0.61812225071797,1,1,0.00334442371634847,"0","TMSB4X"
"RNASEK-C17orf49",4.09113355637203e-07,0.612471406029484,0.932,0.95,0.00432187348895141,"0","RNASEK-C17orf49"
"SLC25A37",4.72678028273776e-07,1.17961887463862,0.946,0.987,0.00499337069068417,"0","SLC25A37"
"RPL19",6.10532729039548e-07,0.273345854824834,1,1,0.00644966774957378,"0","RPL19"
"LTBR",6.68157198235875e-07,0.496769716558768,0.993,0.994,0.00705841264216378,"0","LTBR"
"RPS13",7.21350993604375e-07,0.280407988714952,1,1,0.00762035189643662,"0","RPS13"
"RPL34",8.57069960558121e-07,0.319971397933299,1,1,0.00905408706333599,"0","RPL34"
"CST3",8.80010782688956e-07,0.739626116293101,0.986,0.994,0.00929643390832613,"0","CST3"
"MYADM",1.05114780768467e-06,0.624269419949297,1,1,0.0111043254403809,"0","MYADM"
"SMARCA2",1.06269269506012e-06,0.897838027165982,0.789,0.962,0.0112262856306151,"0","SMARCA2"
"BNIP3",1.19723426728058e-06,1.20149267036656,0.932,0.987,0.012647582799552,"0","BNIP3"
"ATG10",1.20595816710534e-06,0.663318708838601,1,1,0.0127397420773008,"0","ATG10"
"EEF1A1",1.35590870753433e-06,0.26566064487135,1,1,0.0143238195863926,"0","EEF1A1"
"SH3D19",1.48464469251763e-06,0.833732429392734,0.973,0.987,0.0156837865317563,"0","SH3D19"
"P2RX5-TAX1BP3",1.49441796737371e-06,0.531430275302002,0.993,1,0.0157870314073358,"0","P2RX5-TAX1BP3"
"TIMP1",1.64432172944373e-06,1.37517064096032,0.796,0.792,0.0173706147498436,"0","TIMP1"
"MAP1LC3B",1.73318674212553e-06,0.720300686854112,0.959,0.987,0.0183093847438141,"0","MAP1LC3B"
"TMEM40",1.94154415281115e-06,0.260046016794523,0.211,0.497,0.020510472430297,"0","TMEM40"
"RPL5",2.1146390987159e-06,0.563100084380284,1,1,0.0223390474388347,"0","RPL5"
"RHOF",2.1214828873628e-06,1.77292332863566,0.837,0.83,0.0224113452221006,"0","RHOF"
"PRDX5",2.44810662963779e-06,0.484539393138967,1,1,0.0258617984354936,"0","PRDX5"
"RPL36A-HNRNPH2",3.0077970381015e-06,0.588557439649058,0.932,0.943,0.0317743679105043,"0","RPL36A-HNRNPH2"
"GADD45G",3.14880345308922e-06,0.344720669393239,0.19,0.459,0.0332639596784345,"0","GADD45G"
"SQSTM1",3.2116649408831e-06,0.479828719011966,1,1,0.033928028435489,"0","SQSTM1"
"TLR5",3.89870245316755e-06,0.266776005614839,0.279,0.616,0.041185892715262,"0","TLR5"
"NFKBIA",3.94742586284913e-06,0.899065261444079,0.973,0.994,0.0417006068151382,"0","NFKBIA"
"GLRX",4.17728385793126e-06,1.84550113646426,0.707,0.597,0.0441288266751858,"0","GLRX"
"PTTG1IP",4.20084391317133e-06,0.364909419983833,1,0.994,0.0443777150987419,"0","PTTG1IP"
"AHNAK",4.27980144235285e-06,0.722634062564856,0.993,1,0.0452118224370155,"0","AHNAK"
"TUBA1A",4.65527213489025e-06,1.168396737988,0.898,0.975,0.0491782948329806,"0","TUBA1A"
"ONECUT2",5.61359661816698e-06,0.28631822971364,0.286,0.585,0.0593020346743159,"0","ONECUT2"
"RPL13A",5.93277938176762e-06,0.507385356483386,1,1,0.0626738813889931,"0","RPL13A"
"PNRC1",6.03635170048911e-06,1.17280166941082,0.803,0.836,0.0637680193639669,"0","PNRC1"
"STAT6",6.943557688599e-06,0.782410452546756,0.966,0.937,0.0733517434223598,"0","STAT6"
"MMP24OS",7.60840037883348e-06,1.06630601025346,0.912,0.893,0.0803751416019969,"0","MMP24OS"
"IER3",8.91054847307338e-06,1.19548692918943,0.857,0.868,0.0941310340695471,"0","IER3"
"TMSB10",9.06944351863892e-06,0.316835751816724,1,1,0.0958096013309016,"0","TMSB10"
"GLA",9.21409568356605e-06,0.870130652473676,0.653,0.893,0.0973377068011917,"0","GLA"
"KALRN",1.06541579375384e-05,0.533574822903241,0.204,0.491,0.112550524452155,"0","KALRN"
"RNASEK",1.1048157848137e-05,0.454190682124302,1,1,0.116712739507719,"0","RNASEK"
"TSPO",1.26641979580899e-05,0.475479946600643,1,1,0.133784587229262,"0","TSPO"
"ARHGAP12",1.28583594378728e-05,1.01895469665507,0.871,0.918,0.135835709101689,"0","ARHGAP12"
"RPS6",1.33560161725832e-05,0.562817187649221,1,1,0.141092954847169,"0","RPS6"
"IGFBP4",1.35108128962447e-05,1.4792634885695,0.857,0.874,0.142728227435929,"0","IGFBP4"
"PRKAR2B",1.3622750951884e-05,0.605003017927292,0.245,0.522,0.143910741055703,"0","PRKAR2B"
"PRSS23",1.37557593100635e-05,0.616416606116228,0.986,1,0.14531584135151,"0","PRSS23"
"RPL10A",1.40011023657127e-05,0.483536130684445,1,1,0.147907645391389,"0","RPL10A"
"ABLIM3",1.4487935690477e-05,1.47184366593903,0.626,0.497,0.153050552634199,"0","ABLIM3"
"MRNIP",1.47623299251443e-05,0.471036733619266,1,1,0.155949253329224,"0","MRNIP"
"TNFRSF10B",1.47652327431302e-05,0.640154567071724,0.925,0.943,0.155979918698428,"0","TNFRSF10B"
"SHLD2",1.61074829623242e-05,0.789922861155474,0.939,0.975,0.170159450013993,"0","SHLD2"
"FAM114A1",1.87558506312691e-05,0.832382493604129,0.973,0.981,0.198136806068726,"0","FAM114A1"
"CMTM7",1.95207094735306e-05,1.40761036157412,0.905,0.918,0.206216774878377,"0","CMTM7"
"PDE5A",2.04158524965695e-05,0.684075729584103,0.449,0.774,0.21567306577376,"0","PDE5A"
"ZYX",2.11099322353636e-05,1.03616956022059,0.918,0.937,0.223005324134381,"0","ZYX"
"ANXA11",2.21754844891286e-05,0.889589164010913,0.932,0.994,0.234261818143155,"0","ANXA11"
"KCNC4",2.25697655047973e-05,0.293201257528456,0.211,0.447,0.238427002792679,"0","KCNC4"
"C19orf73",2.28082967747496e-05,0.313898079304995,0.34,0.623,0.240946847128455,"0","C19orf73"
"PDHB",2.42318195788904e-05,0.810001228705399,0.952,0.956,0.255984942031398,"0","PDHB"
"MYL9",2.50197517650541e-05,0.85462588581294,0.952,0.975,0.264308657646032,"0","MYL9"
"RPL3",2.53189104164608e-05,0.449218229278777,1,1,0.267468969639492,"0","RPL3"
"EHD2",2.54451938517253e-05,1.41249604646825,0.796,0.767,0.268803027849626,"0","EHD2"
"GSN",2.71937232914077e-05,1.00424866357349,0.98,0.994,0.287274492850431,"0","GSN"
"TNFRSF1A",2.79652973957933e-05,0.770651638671319,0.939,0.981,0.295425401689161,"0","TNFRSF1A"
"NDRG1",2.8524100549765e-05,1.02305758316866,0.973,0.943,0.301328598207717,"0","NDRG1"
"TNIP1",3.02601983839246e-05,1.04544780126903,0.925,0.969,0.319668735727779,"0","TNIP1"
"CHD2",3.03857204160263e-05,0.505168606009179,0.986,1,0.320994750474902,"0","CHD2"
"C19orf33",3.26103299470581e-05,0.646545344803638,0.98,0.969,0.344495525560722,"0","C19orf33"
"SCAND1",3.3454386298315e-05,0.462576884523923,0.98,0.987,0.3534121368554,"0","SCAND1"
"ANAPC16",3.36451192080034e-05,0.553253739686515,0.993,1,0.355427039313348,"0","ANAPC16"
"RPS12",3.49999187483352e-05,0.819798114926762,0.98,1,0.369739141657413,"0","RPS12"
"SEC14L2",3.60524418896446e-05,1.31804068388757,0.694,0.654,0.380857996122206,"0","SEC14L2"
"CSTB",3.80804464124029e-05,0.437765899826314,1,1,0.402281835900625,"0","CSTB"
"CFAP44",3.97870511245145e-05,0.562418119306253,0.442,0.686,0.420310408079371,"0","CFAP44"
"PNPLA2",4.20943755143899e-05,0.84104663922718,0.932,0.987,0.444684982934015,"0","PNPLA2"
"CD151",4.23524056414326e-05,0.618007076053922,1,1,0.447410813196094,"0","CD151"
"SPRY4",4.46918781003003e-05,1.45119026186133,0.612,0.465,0.472125000251572,"0","SPRY4"
"GNL3",4.52760178919487e-05,0.466155424407889,0.959,0.994,0.478295853010546,"0","GNL3"
"MAFF",4.92868427339754e-05,0.85340086977526,0.925,0.969,0.520666206641716,"0","MAFF"
"GLUD1",5.09712908753901e-05,0.456193337766548,0.939,0.969,0.538460716807621,"0","GLUD1"
"VIL1",5.19007234836025e-05,0.338664387572452,0.245,0.491,0.548279242880776,"0","VIL1"
"RPL17-C18orf32",5.21895840888131e-05,0.434414442761394,0.959,0.918,0.551330766314222,"0","RPL17-C18orf32"
"PLAAT3",5.77571291395795e-05,0.661762500113979,0.884,0.918,0.610146312230518,"0","PLAAT3"
"ESYT2",5.82145064211836e-05,0.966643518599942,0.966,0.981,0.614978045833384,"0","ESYT2"
"CLPSL2",5.93421721677668e-05,0.285097368830998,0.15,0.384,0.626890706780288,"0","CLPSL2"
"RPL29",6.00063520053151e-05,0.431293497489833,1,1,0.633907102584149,"0","RPL29"
"DUSP2",6.08604245030952e-05,0.672162500719401,0.136,0.358,0.642929524450698,"0","DUSP2"
"STIMATE-MUSTN1",6.31184161626211e-05,0.264014777818097,0.354,0.667,0.666782948341929,"0","STIMATE-MUSTN1"
"RPL18A",6.76692051468919e-05,0.409584266959774,1,1,0.714857483171766,"0","RPL18A"
"FNBP1",7.26206739536384e-05,0.577209240039487,0.98,0.987,0.767164799646236,"0","FNBP1"
"DSTN",7.74989138050408e-05,0.307818207172128,1,1,0.818698525436451,"0","DSTN"
"H2BC15",7.77915860948738e-05,0.357753792782502,0.49,0.78,0.821790315506246,"0","H2BC15"
"TIGD5",7.83413315546475e-05,0.275368213889131,0.483,0.761,0.827597826543296,"0","TIGD5"
"CPEB2",8.00072142477237e-05,1.23910085674253,0.844,0.761,0.845196211312953,"0","CPEB2"
"UGCG",8.17889351882872e-05,0.789445315096336,0.966,0.987,0.864018311329066,"0","UGCG"
"PPM1J",8.4171223971253e-05,0.403142809263073,0.102,0.296,0.889184810032316,"0","PPM1J"
"SHROOM1",8.63910760203918e-05,0.314582871247036,0.503,0.767,0.912635327079419,"0","SHROOM1"
"RPS9",9.3292815037449e-05,0.336140817070799,0.966,0.994,0.985545298055611,"0","RPS9"
"VSIR",9.56014964184071e-05,1.64603700719621,0.701,0.673,1,"0","VSIR"
"SH3BP2",9.97191056790747e-05,0.899453678417341,0.946,0.994,1,"0","SH3BP2"
"CITED2",0.000102997024531648,1.17433980022078,0.844,0.868,1,"0","CITED2"
"SLC38A2",0.000108022205840053,0.962200449111792,0.986,1,1,"0","SLC38A2"
"ATP1A1",0.000122627334624426,1.09761247995017,0.973,0.981,1,"0","ATP1A1"
"CCDC85B",0.000125375874700184,1.09549768639692,0.878,0.956,1,"0","CCDC85B"
"SP100",0.000128779527779788,0.934434919935324,0.891,0.95,1,"0","SP100"
"PLD3",0.000136099896682618,0.599953679841512,0.946,0.956,1,"0","PLD3"
"RPS10-NUDT3",0.000136911819554886,0.503298316834284,0.98,0.962,1,"0","RPS10-NUDT3"
"TP53I3",0.000138774301567501,1.58367571921867,0.68,0.66,1,"0","TP53I3"
"PTGES",0.000140379277006053,1.51134483459439,0.707,0.654,1,"0","PTGES"
"DOCK9",0.000142316722326751,0.263867689000342,0.524,0.792,1,"0","DOCK9"
"TAX1BP3",0.000143902712358868,0.58944000215592,0.966,0.994,1,"0","TAX1BP3"
"NCKAP1",0.00014468362722316,0.48037351821775,0.884,0.975,1,"0","NCKAP1"
"TCF7L2",0.000148031094671763,0.794376123139325,0.959,0.962,1,"0","TCF7L2"
"BNIP3L",0.000148785907952753,0.677112206226518,0.925,0.987,1,"0","BNIP3L"
"PLA2G6",0.000152383945962509,0.893322308509505,0.844,0.887,1,"0","PLA2G6"
"ATF4",0.00015439496477665,0.493477955555537,0.986,0.994,1,"0","ATF4"
"ZNF799",0.00015661518643,0.258936655782863,0.218,0.472,1,"0","ZNF799"
"DNMBP",0.00016290536276431,1.09487085902247,0.748,0.73,1,"0","DNMBP"
"BCL2L1",0.000164719996381013,0.829802663566566,0.952,0.994,1,"0","BCL2L1"
"BACE2",0.000165307674339837,0.460377449448448,0.646,0.868,1,"0","BACE2"
"GNG11",0.00016753337512232,1.07671566499246,0.714,0.736,1,"0","GNG11"
"VAMP2",0.000167695383941124,0.67571618364312,0.952,0.975,1,"0","VAMP2"
"RPL11",0.000188870509031602,0.391761702659712,1,1,1,"0","RPL11"
"MCRIP1",0.000189210841232912,0.79745770815849,0.878,0.912,1,"0","MCRIP1"
"LASP1",0.000189837151325589,0.526158534544665,0.973,0.994,1,"0","LASP1"
"SH3BGRL3",0.000202921932384914,0.958715606526235,0.993,1,1,"0","SH3BGRL3"
"CTNS",0.00020374912854515,0.920322565565302,0.932,0.962,1,"0","CTNS"
"ASCC1",0.000216825248350316,0.714764082733631,0.973,0.981,1,"0","ASCC1"
"PTGFRN",0.000219142316626972,0.405256297339218,0.245,0.503,1,"0","PTGFRN"
"VCL",0.000222971167197494,0.662440703689847,0.966,0.981,1,"0","VCL"
"C6orf141",0.000225158548596458,0.581018833583518,0.361,0.597,1,"0","C6orf141"
"H1-0",0.000229299819870743,0.899284556303449,0.986,0.969,1,"0","H1-0"
"FKBP8",0.000231600899040174,0.640739946342562,0.959,0.975,1,"0","FKBP8"
"EEF1G",0.000231658700782011,0.496939302187451,1,0.994,1,"0","EEF1G"
"IFITM3",0.00023700421247308,0.448096519548558,0.993,0.994,1,"0","IFITM3"
"KLF2",0.000237092376749848,1.55023212785093,0.782,0.805,1,"0","KLF2"
"TRIM68",0.000243125645272448,0.475686420052187,0.224,0.459,1,"0","TRIM68"
"CSDE1",0.00024369414798131,0.388900117071132,0.986,0.994,1,"0","CSDE1"
"HIBCH",0.000258378663216711,0.474615339403456,0.633,0.843,1,"0","HIBCH"
"RPS4X",0.000265514568081437,0.478624108959512,1,1,1,"0","RPS4X"
"LEPROT",0.000271406508947747,0.612743159445257,0.939,0.969,1,"0","LEPROT"
"GABARAP",0.000290605020304646,0.422071029606242,1,1,1,"0","GABARAP"
"EHD1",0.000291296800161822,0.747396596587532,0.966,0.981,1,"0","EHD1"
"CAPN2",0.000300949190051858,0.439821970496422,1,1,1,"0","CAPN2"
"DEPP1",0.000301934461364839,1.52479384497324,0.469,0.308,1,"0","DEPP1"
"RHOBTB3",0.000305521064664305,1.07346128797253,0.707,0.61,1,"0","RHOBTB3"
"ANKRD13C-DT",0.000308827892128478,0.262886749967367,0.177,0.377,1,"0","ANKRD13C-DT"
"SERPINB1",0.000309823837493894,0.812948909896329,0.898,0.943,1,"0","SERPINB1"
"FTH1",0.000313192998500966,0.395916486199171,1,1,1,"0","FTH1"
"PSAP",0.000313192998500966,0.411228524821651,1,1,1,"0","PSAP"
"CTSS",0.000320467692705493,0.282558807402403,0.503,0.742,1,"0","CTSS"
"ARL6IP5",0.000321041517148846,0.798343332719921,0.959,0.987,1,"0","ARL6IP5"
"MAPK8IP3",0.000322614647764174,1.25395434034816,0.816,0.874,1,"0","MAPK8IP3"
"MYC",0.000330848490747382,0.886250219689054,0.83,0.792,1,"0","MYC"
"LRRFIP1",0.000339092314397993,0.406261274907819,0.993,1,1,"0","LRRFIP1"
"C2orf81",0.000344455183939372,0.252282366966802,0.224,0.44,1,"0","C2orf81"
"RPLP0",0.00035804600140632,0.510819085680081,0.993,1,1,"0","RPLP0"
"RGS5",0.000365795582016192,1.49553768044636,0.197,0.421,1,"0","RGS5"
"SPATA6",0.000373271194138607,0.525855156971102,0.197,0.403,1,"0","SPATA6"
"FBXL16",0.000398435487567676,0.676008217975919,0.184,0.403,1,"0","FBXL16"
"TIPARP",0.00040482077930637,0.770064347349067,0.973,0.975,1,"0","TIPARP"
"RTN4",0.000406855356524405,0.260946716333491,1,1,1,"0","RTN4"
"UBXN11",0.000408803270685265,0.823785299342996,0.973,0.975,1,"0","UBXN11"
"CATSPER2",0.000409958911052322,0.461355128087699,0.381,0.66,1,"0","CATSPER2"
"SARS1",0.000410845002199567,0.68931384270556,0.973,0.994,1,"0","SARS1"
"WNK4",0.00041639112883543,0.416225873180148,0.231,0.44,1,"0","WNK4"
"BTG2",0.000419086134471936,0.281461589513614,0.388,0.667,1,"0","BTG2"
"SLC39A13",0.000421960654728437,0.834285288537838,0.871,0.943,1,"0","SLC39A13"
"SH3RF2",0.00042892713210439,0.453249774303547,0.429,0.692,1,"0","SH3RF2"
"MAGED2",0.000435545854915009,0.395693885082729,0.959,0.975,1,"0","MAGED2"
"DYNC2I1",0.000444777875415969,0.823428697391276,0.905,0.931,1,"0","DYNC2I1"
"CD9",0.00044638081696835,0.386819371414141,1,1,1,"0","CD9"
"EMP1",0.000452164037513914,1.11506814987321,0.68,0.635,1,"0","EMP1"
"MINK1",0.000455140149005828,0.841014087591675,0.939,0.918,1,"0","MINK1"
"MX1",0.000473071523910008,0.502126545263219,0.558,0.774,1,"0","MX1"
"HERPUD1",0.000473160967408459,0.905738767120596,1,0.994,1,"0","HERPUD1"
"MED18",0.000475261877909265,0.376265225971,0.34,0.623,1,"0","MED18"
"LAMB2",0.000484514543533709,0.673438177486049,0.946,0.969,1,"0","LAMB2"
"ARHGAP30",0.000486035243045905,0.500780219708993,0.32,0.591,1,"0","ARHGAP30"
"CCDC12",0.000487639733201872,0.597761228268581,0.898,0.981,1,"0","CCDC12"
"NDUFV2",0.000506293705871519,0.291342375747706,0.986,0.994,1,"0","NDUFV2"
"TYW1",0.000507321914326342,0.543551982698117,0.952,0.969,1,"0","TYW1"
"RNF11",0.000525820854857972,0.64156604402485,0.912,0.931,1,"0","RNF11"
"PPP1R14B",0.000552528535926244,0.706888968341092,0.878,0.899,1,"0","PPP1R14B"
"PKP2",0.000556482778957923,1.43073508097118,0.776,0.774,1,"0","PKP2"
"SMARCD3",0.000556907261092447,0.349176412281221,0.286,0.522,1,"0","SMARCD3"
"HIGD2A",0.00055739181890746,0.556989985282042,0.973,1,1,"0","HIGD2A"
"SMIM3",0.000576357409132576,0.585311215558672,0.415,0.673,1,"0","SMIM3"
"PML",0.000583422697913338,1.47567754168996,0.823,0.855,1,"0","PML"
"H3C10",0.000584720713766097,0.793622774081411,0.238,0.453,1,"0","H3C10"
"REXO2",0.000601522762321727,0.529693123603162,0.959,0.969,1,"0","REXO2"
"IRS2",0.000645709173304976,1.06142565139262,0.66,0.497,1,"0","IRS2"
"SMIM26",0.000646180376397298,0.340310156647207,1,0.981,1,"0","SMIM26"
"FOSB",0.000647201778601584,0.395349515384583,0.673,0.893,1,"0","FOSB"
"YIPF3",0.000652311239416115,0.337878719762243,0.986,0.975,1,"0","YIPF3"
"WDR83OS",0.000706925128274305,0.395929316631491,0.993,1,1,"0","WDR83OS"
"TLCD5",0.000720608370315988,0.650767513251175,0.265,0.516,1,"0","TLCD5"
"CSNK1D",0.000723769315209788,0.254168537563729,1,1,1,"0","CSNK1D"
"CASKIN2",0.000752227850835016,0.352114258384034,0.483,0.723,1,"0","CASKIN2"
"PYGL",0.000766559810566614,1.19890963918213,0.707,0.66,1,"0","PYGL"
"EMC10",0.00077607696777708,0.417261606200186,0.776,0.925,1,"0","EMC10"
"PGLS",0.000782334092624515,0.593440621533431,0.912,0.95,1,"0","PGLS"
"IFNGR2",0.00079009081270609,0.628769504404514,0.952,0.925,1,"0","IFNGR2"
"OGA",0.00079493985903345,0.547691494901717,0.993,0.987,1,"0","OGA"
"CAT",0.000801582410807633,0.759657257070689,0.878,0.925,1,"0","CAT"
"NCOR2",0.000808012384971857,0.625082323913936,0.966,0.994,1,"0","NCOR2"
"TNFRSF10C",0.000817937430417186,0.573861363056356,0.238,0.472,1,"0","TNFRSF10C"
"PIK3IP1",0.000833627301110129,0.273462465635167,0.265,0.491,1,"0","PIK3IP1"
"APOBEC3F",0.000847905816314568,0.372750621691615,0.401,0.686,1,"0","APOBEC3F"
"RAB5A",0.000876536975695563,0.565978137845263,0.973,0.975,1,"0","RAB5A"
"LAMB3",0.000879037152271778,1.10843625231916,0.599,0.478,1,"0","LAMB3"
"KCNB1",0.000900124498199054,0.707528120039137,0.204,0.396,1,"0","KCNB1"
"TNNT1",0.000913467276375979,0.620639252122283,0.925,0.918,1,"0","TNNT1"
"TPCN1",0.000921138295935542,1.16031965758619,0.844,0.868,1,"0","TPCN1"
"TUBA8",0.000999325211466906,0.477165894900847,0.218,0.415,1,"0","TUBA8"
"BHLHE40",0.00100661232338628,0.906705734267624,0.952,0.975,1,"0","BHLHE40"
"SRP72",0.00101137054176514,0.402454022788212,0.959,0.981,1,"0","SRP72"
"CD59",0.00104932142008352,0.261784322620473,1,0.994,1,"0","CD59"
"SBF2",0.00106923695463434,0.624529190042906,0.857,0.912,1,"0","SBF2"
"ARCN1",0.00107605134739375,0.412619516348197,0.98,0.994,1,"0","ARCN1"
"AFF4",0.00107852655071738,0.428510081743526,1,0.994,1,"0","AFF4"
"CNN3",0.00110081032972986,1.00374616323658,0.952,0.994,1,"0","CNN3"
"ADAM8",0.0011261222223018,1.79905962287303,0.456,0.346,1,"0","ADAM8"
"NAMPT",0.00113904121424846,0.688219003742891,0.946,0.994,1,"0","NAMPT"
"PDZRN3",0.00115515978882019,0.273795212148128,0.19,0.371,1,"0","PDZRN3"
"CBX6",0.00120831867269833,0.567650814651118,0.966,0.975,1,"0","CBX6"
"EZR",0.00120849088610453,0.508323034940078,0.993,1,1,"0","EZR"
"SFXN3",0.00127649000458541,1.51093567436891,0.701,0.748,1,"0","SFXN3"
"SMIM30",0.00128611193719297,0.651398923019912,0.837,0.862,1,"0","SMIM30"
"LDLR",0.00129901979126812,0.510691730638631,0.952,1,1,"0","LDLR"
"FLNB",0.00129909906111991,0.487634361765325,0.993,0.987,1,"0","FLNB"
"SNU13",0.0013049563785017,0.401681875997728,0.973,1,1,"0","SNU13"
"RPL7A",0.00134068729127623,0.307989654670564,1,1,1,"0","RPL7A"
"SEC31A",0.00134672683853165,0.29509082715395,1,1,1,"0","SEC31A"
"CLYBL",0.00139009202904276,0.848335172472019,0.156,0.34,1,"0","CLYBL"
"POLR2L",0.00139595441457518,0.397384643095792,1,1,1,"0","POLR2L"
"RALGDS",0.00140044508439696,0.650033275813612,0.878,0.918,1,"0","RALGDS"
"CENATAC",0.00140842659658835,0.339826113759344,0.966,0.987,1,"0","CENATAC"
"LRRC61",0.00143149486210177,0.369006043631246,0.245,0.459,1,"0","LRRC61"
"CDPF1",0.0014388205205402,0.290062890807758,0.272,0.509,1,"0","CDPF1"
"NT5C",0.00144354879387132,0.418301989834687,0.98,0.981,1,"0","NT5C"
"SAMD15",0.00145340659580265,0.326439866641886,0.136,0.302,1,"0","SAMD15"
"SEMA3B",0.00146665485428654,1.38113754084514,0.748,0.767,1,"0","SEMA3B"
"RNH1",0.00147614431049048,0.359715697853057,0.966,0.994,1,"0","RNH1"
"LAMA5",0.00148609703506608,0.953923803307553,0.973,1,1,"0","LAMA5"
"TCIRG1",0.00150886598869082,0.775583645525533,0.905,0.937,1,"0","TCIRG1"
"LAMTOR5",0.00152637194561156,0.283205391327425,1,1,1,"0","LAMTOR5"
"RPS17",0.0015501880850517,0.481726099758687,0.918,0.931,1,"0","RPS17"
"TMBIM1",0.0016134696204424,0.506252619117375,0.98,0.994,1,"0","TMBIM1"
"PYGB",0.00162384008347982,1.29908179450763,0.946,0.981,1,"0","PYGB"
"FKBP2",0.0016242254592056,0.393481347299109,0.973,1,1,"0","FKBP2"
"MLPH",0.00165271717660054,0.536900978326539,0.973,0.95,1,"0","MLPH"
"SLC20A1",0.00168272975096251,0.649057763209687,0.986,1,1,"0","SLC20A1"
"ZFHX2",0.0016947897338371,0.309203232763858,0.34,0.541,1,"0","ZFHX2"
"TMEM184B",0.00169548401562514,0.531136277316582,0.939,0.937,1,"0","TMEM184B"
"DDX60",0.00172285864597392,0.686989601981295,0.34,0.585,1,"0","DDX60"
"PRLR",0.00178163734519823,0.276383595215181,0.381,0.61,1,"0","PRLR"
"EXOC6",0.00179586279385811,0.410233806716048,0.558,0.786,1,"0","EXOC6"
"LAT",0.00188126489751571,1.13948400183811,0.197,0.365,1,"0","LAT"
"GHITM",0.0018864574977886,0.255192501037055,0.993,1,1,"0","GHITM"
"TNFRSF10A",0.00189295084938501,1.2072813313453,0.755,0.799,1,"0","TNFRSF10A"
"OTUB1",0.00190719337800305,0.381140847196263,0.993,0.994,1,"0","OTUB1"
"UBXN1",0.00193580819506178,0.375958127062227,0.939,0.975,1,"0","UBXN1"
"TMEM139",0.0019983663428132,0.30503963730242,0.238,0.44,1,"0","TMEM139"
"SRI",0.00204014798801944,0.506664553177645,0.946,0.987,1,"0","SRI"
"GSDMB",0.00207726208102125,0.532521610423593,0.197,0.384,1,"0","GSDMB"
"EPOR",0.00209014002382024,1.62862565076717,0.51,0.415,1,"0","EPOR"
"RABGEF1",0.00211196756057763,0.494363589243878,0.946,0.975,1,"0","RABGEF1"
"SERINC3",0.00212179501997789,0.380258335874116,0.993,1,1,"0","SERINC3"
"CLIC4",0.00212636459054738,0.765088687472124,0.905,0.943,1,"0","CLIC4"
"PLIN3",0.00213560410704039,0.492678216383824,0.98,0.994,1,"0","PLIN3"
"WDR45",0.00216755770613886,0.320714322102058,0.912,0.931,1,"0","WDR45"
"MMP19",0.00218953962373902,1.70280988889423,0.585,0.509,1,"0","MMP19"
"FAT1",0.00223014817568301,0.687821253561802,0.878,0.906,1,"0","FAT1"
"FAM184B",0.00223967640138903,0.498114686957707,0.435,0.654,1,"0","FAM184B"
"HIBADH",0.00224862665089454,0.547097812970666,0.905,0.937,1,"0","HIBADH"
"WDR83",0.00225901186604438,0.389002419355782,0.993,0.994,1,"0","WDR83"
"ANXA5",0.00232312666104018,0.727350131449693,1,1,1,"0","ANXA5"
"LSS",0.00233287253442827,0.813824317862592,0.81,0.811,1,"0","LSS"
"COL16A1",0.0024064163017385,0.53095799594519,0.34,0.572,1,"0","COL16A1"
"PEBP1",0.00243543185994044,0.569810922028566,1,0.994,1,"0","PEBP1"
"ALS2CL",0.00244636103039232,0.30090660879548,0.367,0.597,1,"0","ALS2CL"
"NICOL1",0.00255268549664756,0.437663068585788,1,0.994,1,"0","NICOL1"
"ETV2",0.00268207896022978,0.482077505217786,0.19,0.384,1,"0","ETV2"
"SLC24A1",0.00269526335521336,0.657036821625769,0.361,0.585,1,"0","SLC24A1"
"RNF152",0.00269983267045914,0.55058250062684,0.422,0.686,1,"0","RNF152"
"EIF3A",0.00272090183744256,0.450028084739174,0.993,1,1,"0","EIF3A"
"CCND1",0.00276742750955505,0.458698753948122,0.986,0.994,1,"0","CCND1"
"SPTSSB",0.00278180703389795,1.98351060698555,0.32,0.566,1,"0","SPTSSB"
"DNAH2",0.00279766308345033,0.347232138918556,0.238,0.421,1,"0","DNAH2"
"CTDSP2",0.00281141986602829,0.666445761117443,0.912,0.962,1,"0","CTDSP2"
"RIOK3",0.00282657442990208,0.522943376941071,0.973,0.994,1,"0","RIOK3"
"CDCP1",0.00286031898698536,0.961240165684558,0.925,0.962,1,"0","CDCP1"
"CDC37",0.00286269795483052,0.367887696878793,0.986,1,1,"0","CDC37"
"CMTM6",0.00286865064095343,0.435556223056496,0.98,0.981,1,"0","CMTM6"
"PODXL",0.00288524608044405,1.94659701151949,0.748,0.849,1,"0","PODXL"
"PLCD3",0.00289235305580804,1.02210308568393,0.769,0.811,1,"0","PLCD3"
"IFIT1",0.00289480001616916,0.458259094568854,0.272,0.509,1,"0","IFIT1"
"GNG12",0.00300158556752139,0.696736277957249,0.646,0.585,1,"0","GNG12"
"ZNF18",0.0031113747118442,0.366905799417693,0.401,0.623,1,"0","ZNF18"
"REM2",0.0031700152480606,0.418703091569701,0.19,0.371,1,"0","REM2"
"SYNJ2",0.00319189623739446,0.682562426174806,0.918,0.987,1,"0","SYNJ2"
"SDCBP",0.00319976545781575,0.269875068403494,0.966,0.981,1,"0","SDCBP"
"FIS1",0.00326072479199269,0.402320135414266,0.973,0.994,1,"0","FIS1"
"MAP3K10",0.00327404510204538,0.495389819220703,0.245,0.434,1,"0","MAP3K10"
"IDS",0.00330187215717248,0.397125854501162,0.986,1,1,"0","IDS"
"ZDHHC7",0.00331558082359429,0.803799915447826,0.857,0.899,1,"0","ZDHHC7"
"BEST1",0.00331566197331612,0.412704056912789,1,0.981,1,"0","BEST1"
"ZNF718",0.00333654180357506,0.311967171676675,0.483,0.723,1,"0","ZNF718"
"CALB2",0.00336172548545721,1.40797477037858,0.49,0.39,1,"0","CALB2"
"ALDH2",0.00344304867334833,1.2819220365643,0.626,0.528,1,"0","ALDH2"
"TMEM167B",0.00344384748475401,0.817252016700226,0.789,0.799,1,"0","TMEM167B"
"NDUFS5",0.00345658935170623,0.374495563786722,1,0.994,1,"0","NDUFS5"
"SLC16A3",0.00348015008743263,0.680313741694964,0.912,0.95,1,"0","SLC16A3"
"CD14",0.00355767268277351,0.287932552125894,0.469,0.686,1,"0","CD14"
"P2RY11",0.00359752368844402,0.560865417600593,0.898,0.962,1,"0","P2RY11"
"CTSD",0.00369342315727694,0.526876938675848,1,1,1,"0","CTSD"
"SGSH",0.00370695818937739,0.711760241320012,0.837,0.881,1,"0","SGSH"
"ADA",0.00376872177031853,0.323947182443809,0.109,0.252,1,"0","ADA"
"DALRD3",0.00382511834488408,0.513460272199609,0.98,0.994,1,"0","DALRD3"
"HHAT",0.00392434313489066,0.271362665156934,0.347,0.566,1,"0","HHAT"
"EHMT1",0.00394319993929699,0.373637989496352,0.918,0.987,1,"0","EHMT1"
"CARD19",0.00400581275276313,1.04907020282299,0.898,0.975,1,"0","CARD19"
"KLHDC2",0.00402662782350993,0.284911649540827,0.98,1,1,"0","KLHDC2"
"CAMTA2",0.00404240122060329,0.646489339921893,0.905,0.899,1,"0","CAMTA2"
"HPX",0.00404837982285256,0.646475577671665,0.116,0.258,1,"0","HPX"
"ANXA1",0.0041323559406421,1.00143733798161,0.823,0.906,1,"0","ANXA1"
"SESN1",0.00415628583694363,0.784637362048309,0.293,0.503,1,"0","SESN1"
"CCNP",0.00419957208973857,0.608078928738285,0.306,0.528,1,"0","CCNP"
"TRMT11",0.0043367811699746,0.347259097952937,0.429,0.679,1,"0","TRMT11"
"PER1",0.00440942852189274,0.929818407357994,0.81,0.887,1,"0","PER1"
"LDLRAD4",0.00441474408686912,2.15320661786988,0.252,0.453,1,"0","LDLRAD4"
"TMEM50A",0.00446779724643909,0.33519601233581,0.98,0.994,1,"0","TMEM50A"
"ZNF248",0.0044951380841436,0.287081918047277,0.333,0.56,1,"0","ZNF248"
"PLIN2",0.004555212117761,0.651511219323993,0.884,0.994,1,"0","PLIN2"
"DBN1",0.00456373443726865,0.791104951422933,0.81,0.899,1,"0","DBN1"
"BAG3",0.00457602215953279,0.67396069446432,0.878,0.956,1,"0","BAG3"
"PHLDA1",0.00458826450012273,1.03040313610237,0.85,0.906,1,"0","PHLDA1"
"P4HA1",0.00462363343128414,1.21850224577153,0.83,0.887,1,"0","P4HA1"
"ZNF791",0.00464130415076047,0.662821396253617,0.85,0.899,1,"0","ZNF791"
"TGFB2",0.00465395146971215,1.56834636918825,0.551,0.535,1,"0","TGFB2"
"SYT12",0.00472683428177617,0.302743551750752,0.361,0.572,1,"0","SYT12"
"MAP4",0.00475688815511321,0.432139738109734,0.973,0.994,1,"0","MAP4"
"PXN",0.00477373543067072,0.563130167710328,0.912,0.987,1,"0","PXN"
"SAMD12",0.00488017328912243,0.584579953323932,0.531,0.742,1,"0","SAMD12"
"SLC4A7",0.00493874258797569,0.329456509603595,0.551,0.73,1,"0","SLC4A7"
"PEX11G",0.00493886426202536,0.496802746012887,0.293,0.528,1,"0","PEX11G"
"BDH2",0.00495815506599895,1.12286191845782,0.626,0.604,1,"0","BDH2"
"ATP6V0A1",0.00496010184317042,0.480308636719971,0.857,0.874,1,"0","ATP6V0A1"
"PARD3B",0.00506743005797932,0.426578786884704,0.435,0.654,1,"0","PARD3B"
"ENKD1",0.00512051440743873,0.394453039980632,0.231,0.415,1,"0","ENKD1"
"S100A4",0.005159940598636,1.74995284410138,0.769,0.843,1,"0","S100A4"
"MTPN",0.00523761847603721,0.503538198099981,0.966,0.975,1,"0","MTPN"
"ITCH",0.00525915919085973,0.312294219248662,1,1,1,"0","ITCH"
"SEC24C",0.0052939783405237,0.793729940852162,0.918,0.943,1,"0","SEC24C"
"ERGIC1",0.00532147935577898,0.451681597656864,0.946,0.981,1,"0","ERGIC1"
"CPNE1",0.00538650019190823,0.432352660685998,0.973,0.994,1,"0","CPNE1"
"PEX12",0.00539672251125853,0.786866274080318,0.211,0.409,1,"0","PEX12"
"SPAG4",0.00547705699182712,0.291894521352887,0.476,0.755,1,"0","SPAG4"
"EOGT",0.00550110760505213,0.324981359434052,0.497,0.786,1,"0","EOGT"
"ABCC11",0.00554225984209296,0.294388997572418,0.585,0.805,1,"0","ABCC11"
"NHEJ1",0.00560223530296772,0.282617115802129,0.34,0.597,1,"0","NHEJ1"
"TMEM223",0.00560510099948042,0.396054718951399,0.98,0.987,1,"0","TMEM223"
"GABARAPL2",0.0056274455373464,0.415308811613666,0.973,1,1,"0","GABARAPL2"
"CD58",0.00566851459519402,0.895024425827979,0.776,0.893,1,"0","CD58"
"TTC9B",0.00575047408052924,0.356293942315853,0.156,0.314,1,"0","TTC9B"
"MYL12A",0.00583177217965991,0.364772360568084,0.986,1,1,"0","MYL12A"
"OSTC",0.00593639938168988,0.380776501963099,0.993,0.994,1,"0","OSTC"
"MSN",0.00600427564443273,0.573282977788776,0.707,0.616,1,"0","MSN"
"RND1",0.00600911188256661,0.364687491278426,0.469,0.723,1,"0","RND1"
"EMP3",0.00603582354262566,0.608625901110628,0.673,0.604,1,"0","EMP3"
"TRAPPC1",0.00607809174413543,0.42204539603232,0.952,0.994,1,"0","TRAPPC1"
"S100A10",0.0061628531252238,0.457488670626745,0.986,1,1,"0","S100A10"
"MLKL",0.0061810790978889,1.4805282548345,0.476,0.384,1,"0","MLKL"
"LMBRD1",0.00627544664193769,0.839166604812,0.735,0.786,1,"0","LMBRD1"
"APBB2",0.00637918518530367,0.437936534803432,0.932,0.95,1,"0","APBB2"
"PTPRE",0.00648318034776518,1.04648887291101,0.748,0.818,1,"0","PTPRE"
"DDA1",0.00648529040670676,0.284051233617061,0.973,1,1,"0","DDA1"
"SLC7A8",0.00649279299486933,0.330974119431121,0.388,0.597,1,"0","SLC7A8"
"DUSP16",0.00672391044043124,0.427761994592505,0.544,0.73,1,"0","DUSP16"
"NPRL3",0.00676736005089684,0.59170259069249,0.946,0.962,1,"0","NPRL3"
"SLCO4A1",0.00683581629999752,1.32251214997584,0.823,0.906,1,"0","SLCO4A1"
"OXSM",0.00685864374412319,0.370569739818452,0.483,0.717,1,"0","OXSM"
"MORN1",0.00695565477308766,0.333662713102397,0.422,0.692,1,"0","MORN1"
"ARL2-SNX15",0.00695567325653434,0.729873546616704,0.789,0.906,1,"0","ARL2-SNX15"
"TMEM43",0.00699237040641409,0.817487870557327,0.871,0.918,1,"0","TMEM43"
"SYNE3",0.00711471627423887,1.40146277830598,0.558,0.516,1,"0","SYNE3"
"RERG",0.00714871661250662,0.522763687605051,0.347,0.566,1,"0","RERG"
"JAG1",0.0073991335544934,1.12152229610084,0.612,0.547,1,"0","JAG1"
"CCDC200",0.00742848358940768,0.604756344861268,0.429,0.667,1,"0","CCDC200"
"ANGPTL4",0.00743467545712706,1.72572171850804,0.639,0.686,1,"0","ANGPTL4"
"LTO1",0.00753030065368976,0.468847806734934,0.952,0.981,1,"0","LTO1"
"PKM",0.00760422039781661,0.675958623904069,1,1,1,"0","PKM"
"ERRFI1",0.00761688692905649,1.56027315199217,0.762,0.893,1,"0","ERRFI1"
"NAALADL2",0.00786359400819115,0.536316512528921,0.395,0.623,1,"0","NAALADL2"
"PLPP6",0.00787506366006374,0.318131841763652,0.286,0.491,1,"0","PLPP6"
"TPRG1L",0.00804222429753642,0.391780726666924,0.374,0.591,1,"0","TPRG1L"
"CALCOCO1",0.0081941030419046,0.686141221030171,0.83,0.83,1,"0","CALCOCO1"
"MC1R",0.00822064397491685,0.42187831585708,0.306,0.497,1,"0","MC1R"
"REC8",0.00825358582685253,0.310485881095563,0.49,0.692,1,"0","REC8"
"CYBRD1",0.00840037864438425,0.766475535713472,0.796,0.862,1,"0","CYBRD1"
"ZNF436",0.00842692457173729,0.689076776610001,0.333,0.56,1,"0","ZNF436"
"INKA2",0.00861599681781225,0.317984162374832,0.272,0.428,1,"0","INKA2"
"XYLB",0.00877900782969043,0.396823744931349,0.374,0.553,1,"0","XYLB"
"HHEX",0.00882374041340894,0.718620595730881,0.238,0.428,1,"0","HHEX"
"LEPR",0.00883237700840112,0.651587301630527,0.823,0.893,1,"0","LEPR"
"TAPT1",0.00890014655855583,0.25783251146974,0.435,0.642,1,"0","TAPT1"
"LGALS3",0.00894373024958806,0.281196441322706,0.98,0.994,1,"0","LGALS3"
"LMNA",0.00896074348601839,0.299960896975966,1,1,1,"0","LMNA"
"RHOT2",0.00902616980650683,0.410197231311196,0.952,0.962,1,"0","RHOT2"
"HIF1A",0.00904063339622718,0.743464976473359,0.871,0.918,1,"0","HIF1A"
"KIF9",0.00911423417585322,0.412907499625342,0.878,0.893,1,"0","KIF9"
"ARHGDIB",0.00912428513687602,0.678705348400586,0.728,0.73,1,"0","ARHGDIB"
"PPFIBP1",0.00917836597287813,0.547361982703883,0.871,0.918,1,"0","PPFIBP1"
"BCLAF3",0.00924351827054084,0.342376032046067,0.395,0.629,1,"0","BCLAF3"
"MBLAC2",0.00927655374629279,0.342101893804549,0.32,0.509,1,"0","MBLAC2"
"ZNF222",0.00928669321347852,0.270763488641185,0.272,0.459,1,"0","ZNF222"
"SLC35D1",0.0093392202421762,0.367882856467022,0.578,0.836,1,"0","SLC35D1"
"IZUMO4",0.00934156420214109,0.287853056093813,0.211,0.358,1,"0","IZUMO4"
"TSPAN12",0.00935384162805666,0.430253954964349,0.401,0.566,1,"0","TSPAN12"
"FLNA",0.00937577336409356,0.694027148867852,0.959,1,1,"0","FLNA"
"LAMA3",0.00945794233085314,0.544184886594964,0.578,0.824,1,"0","LAMA3"
"ST6GALNAC6",0.00947987214650103,0.802214065379022,0.816,0.792,1,"0","ST6GALNAC6"
"DLG4",0.00960220352960124,0.319676297180549,0.401,0.579,1,"0","DLG4"
"PRKAA1",0.00969129725045548,0.443629707386939,0.932,0.95,1,"0","PRKAA1"
"LDOC1",0.00973518220817793,0.897330945778697,0.782,0.761,1,"0","LDOC1"
"SLC2A10",0.00974609635684814,0.280787512210291,0.503,0.73,1,"0","SLC2A10"
"HSD17B4",0.00978535586314863,0.563770719439746,0.762,0.899,1,"0","HSD17B4"
"TNFRSF12A",0.00991831061203929,0.285928942132303,0.952,0.987,1,"0","TNFRSF12A"
"RAB31",0.00993254295632662,0.712461686241014,0.912,0.981,1,"0","RAB31"
"RTL8A",0.00999246141622967,0.323402161072814,0.946,0.987,1,"0","RTL8A"
"TRPV4",0,1.14583662891552,0.875,0.266,0,"1","TRPV4"
"IGSF3",0,1.18327858959589,0.909,0.303,0,"1","IGSF3"
"USP18",0,1.32703168430734,0.898,0.294,0,"1","USP18"
"ATG9B",0,1.12358378262519,0.841,0.239,0,"1","ATG9B"
"MRM1",0,1.39313154896574,0.841,0.248,0,"1","MRM1"
"ZNF691",0,0.617215142431649,0.75,0.165,0,"1","ZNF691"
"CDK20",0,1.01988281156106,0.784,0.206,0,"1","CDK20"
"PAK6",0,1.38856403601584,0.977,0.399,0,"1","PAK6"
"TRPM2",0,1.21206493618542,0.875,0.298,0,"1","TRPM2"
"ARHGEF10L",0,1.33391738099207,0.864,0.294,0,"1","ARHGEF10L"
"PTPN6",0,1.26519907356511,0.92,0.353,0,"1","PTPN6"
"MAPRE3",0,1.48337782432052,0.83,0.266,0,"1","MAPRE3"
"GRHL3",0,1.90311754816321,0.818,0.257,0,"1","GRHL3"
"ELAC1",0,1.21386657379388,0.807,0.248,0,"1","ELAC1"
"PACSIN1",0,1.17212288999316,0.761,0.202,0,"1","PACSIN1"
"FANCD2OS",0,1.82704554837379,0.795,0.243,0,"1","FANCD2OS"
"THAP8",0,1.23092880341796,0.761,0.211,0,"1","THAP8"
"AS3MT",0,1.27318531665788,0.909,0.362,0,"1","AS3MT"
"IL17RB",0,1.11167336323516,0.909,0.362,0,"1","IL17RB"
"POLQ",0,1.21374437549883,0.909,0.362,0,"1","POLQ"
"LPAR2",0,1.1746383957169,0.898,0.358,0,"1","LPAR2"
"SLC45A4",0,1.3188905894076,0.875,0.335,0,"1","SLC45A4"
"ZNF513",0,1.47837133448774,0.875,0.339,0,"1","ZNF513"
"IFT70A",0,1.38709077322752,0.795,0.261,0,"1","IFT70A"
"C1orf74",0,1.1445895030554,0.727,0.197,0,"1","C1orf74"
"CCNE1",0,1.4016303393773,0.852,0.326,0,"1","CCNE1"
"PPM1L",0,1.33675140678639,0.898,0.372,0,"1","PPM1L"
"ADCK1",0,1.51636720782988,0.693,0.17,0,"1","ADCK1"
"PLEKHG5",0,1.65133842394395,0.75,0.229,0,"1","PLEKHG5"
"PPARGC1B",0,1.32570569254543,0.807,0.289,0,"1","PPARGC1B"
"GREB1L",0,1.29560827408693,0.864,0.349,0,"1","GREB1L"
"FGFR2",0,1.44438096540137,0.75,0.239,0,"1","FGFR2"
"RDM1",0,1.32213374722525,0.602,0.092,0,"1","RDM1"
"VMAC",0,1.37944127442993,0.898,0.39,0,"1","VMAC"
"MYBL2",0,1.19469811688598,0.943,0.436,0,"1","MYBL2"
"CORO1A",0,1.38299435741191,0.841,0.335,0,"1","CORO1A"
"IRF5",0,1.16847688603336,0.886,0.385,0,"1","IRF5"
"EFR3B",0,1.19918218188985,0.841,0.344,0,"1","EFR3B"
"FUT1",0,1.46714767535608,0.864,0.367,0,"1","FUT1"
"PXYLP1",0,1.37065562379165,0.898,0.404,0,"1","PXYLP1"
"ATP2C2",0,1.28983321575507,0.886,0.394,0,"1","ATP2C2"
"SLC12A8",0,1.35297557148174,0.909,0.422,0,"1","SLC12A8"
"DNAJA4",0,1.510317337161,0.898,0.413,0,"1","DNAJA4"
"CHDH",0,1.49641262811023,0.932,0.454,0,"1","CHDH"
"LCN2",0,1.89121456200295,0.818,0.353,0,"1","LCN2"
"FUT2",0,1.26350432167554,0.932,0.491,0,"1","FUT2"
"POLA2",0,1.4826178419403,0.943,0.509,0,"1","POLA2"
"GPRC5B",0,1.63588458448148,0.92,0.491,0,"1","GPRC5B"
"SPTBN2",0,1.20321543100849,0.943,0.518,0,"1","SPTBN2"
"EXPH5",0,1.4644996349418,0.92,0.5,0,"1","EXPH5"
"MOCOS",0,1.24603925113155,0.932,0.514,0,"1","MOCOS"
"FAM234B",0,1.2724569701238,0.92,0.518,0,"1","FAM234B"
"DHTKD1",0,1.18499817037082,0.977,0.761,0,"1","DHTKD1"
"ATAD2",0,1.35175818910499,1,0.794,0,"1","ATAD2"
"SDC1",0,1.42392922838287,1,0.794,0,"1","SDC1"
"IDH2",0,1.38478473820376,1,0.798,0,"1","IDH2"
"TOR3A",0,1.24051585510013,1,0.826,0,"1","TOR3A"
"C1QTNF9B",2.22044604925031e-16,1.11680853160805,0.841,0.257,2.34567920642803e-12,"1","C1QTNF9B"
"OIP5",2.22044604925031e-16,1.22214366583558,0.932,0.376,2.34567920642803e-12,"1","OIP5"
"GPC3",2.22044604925031e-16,1.1860467050884,0.761,0.211,2.34567920642803e-12,"1","GPC3"
"NECTIN1",2.22044604925031e-16,1.16340733841388,0.898,0.349,2.34567920642803e-12,"1","NECTIN1"
"RAB6B",2.22044604925031e-16,1.22628686352349,0.83,0.289,2.34567920642803e-12,"1","RAB6B"
"GADD45G1",2.22044604925031e-16,0.670243307447286,0.705,0.179,2.34567920642803e-12,"1","GADD45G"
"FNDC10",2.22044604925031e-16,1.5231347262814,0.705,0.188,2.34567920642803e-12,"1","FNDC10"
"ESRP2",2.22044604925031e-16,1.0779622748747,0.932,0.417,2.34567920642803e-12,"1","ESRP2"
"ZNRF3",2.22044604925031e-16,1.32047247189977,0.898,0.39,2.34567920642803e-12,"1","ZNRF3"
"OTX1",2.22044604925031e-16,1.43567362632303,0.807,0.317,2.34567920642803e-12,"1","OTX1"
"VIT",2.22044604925031e-16,1.57756257367334,0.636,0.147,2.34567920642803e-12,"1","VIT"
"COLEC12",2.22044604925031e-16,1.32722033039334,0.875,0.394,2.34567920642803e-12,"1","COLEC12"
"LRRN2",2.22044604925031e-16,1.77149862553385,0.784,0.312,2.34567920642803e-12,"1","LRRN2"
"ABCB10",2.22044604925031e-16,1.51870088599861,0.875,0.427,2.34567920642803e-12,"1","ABCB10"
"CARD14",2.22044604925031e-16,1.07222279499483,0.898,0.45,2.34567920642803e-12,"1","CARD14"
"ZNF761",2.22044604925031e-16,1.44569400959977,0.898,0.468,2.34567920642803e-12,"1","ZNF761"
"PRKX",2.22044604925031e-16,1.38779195765722,0.943,0.56,2.34567920642803e-12,"1","PRKX"
"SLC16A14",4.44089209850063e-16,0.823365637555897,0.875,0.284,4.69135841285606e-12,"1","SLC16A14"
"CCDC74A",4.44089209850063e-16,1.37104966353215,0.875,0.321,4.69135841285606e-12,"1","CCDC74A"
"HSPA6",4.44089209850063e-16,0.955799872481588,0.773,0.229,4.69135841285606e-12,"1","HSPA6"
"TMEM1391",4.44089209850063e-16,0.764672586707329,0.727,0.188,4.69135841285606e-12,"1","TMEM139"
"XNDC1N",4.44089209850063e-16,0.816552482533412,0.864,0.339,4.69135841285606e-12,"1","XNDC1N"
"ZNF599",4.44089209850063e-16,1.3309433480675,0.75,0.243,4.69135841285606e-12,"1","ZNF599"
"APLP1",4.44089209850063e-16,1.52269477193619,0.818,0.312,4.69135841285606e-12,"1","APLP1"
"ZNF57",4.44089209850063e-16,1.36459418222723,0.875,0.372,4.69135841285606e-12,"1","ZNF57"
"KBTBD7",4.44089209850063e-16,1.15447598741938,0.886,0.385,4.69135841285606e-12,"1","KBTBD7"
"ETV7",4.44089209850063e-16,1.58734033398281,0.75,0.257,4.69135841285606e-12,"1","ETV7"
"PGCKA1",4.44089209850063e-16,1.1454999157447,0.864,0.376,4.69135841285606e-12,"1","PGCKA1"
"PRRG4",4.44089209850063e-16,0.954887426495768,0.977,0.505,4.69135841285606e-12,"1","PRRG4"
"DTL",4.44089209850063e-16,1.08197197663545,0.943,0.486,4.69135841285606e-12,"1","DTL"
"LHX4",4.44089209850063e-16,1.73198559761354,0.784,0.335,4.69135841285606e-12,"1","LHX4"
"VAMP5",4.44089209850063e-16,1.63116733406415,0.807,0.39,4.69135841285606e-12,"1","VAMP5"
"TTC13",4.44089209850063e-16,1.37118571658226,0.92,0.541,4.69135841285606e-12,"1","TTC13"
"SULF2",4.44089209850063e-16,1.26942489082435,0.977,0.661,4.69135841285606e-12,"1","SULF2"
"BRI3BP",4.44089209850063e-16,1.14496759793594,0.989,0.697,4.69135841285606e-12,"1","BRI3BP"
"ERCC6L",6.66133814775094e-16,0.991789867108904,0.864,0.312,7.03703761928409e-12,"1","ERCC6L"
"CDK18",6.66133814775094e-16,1.27038782699484,0.875,0.339,7.03703761928409e-12,"1","CDK18"
"LTC4S",6.66133814775094e-16,1.29566710545063,0.784,0.261,7.03703761928409e-12,"1","LTC4S"
"JADE3",6.66133814775094e-16,1.35974917155405,0.841,0.321,7.03703761928409e-12,"1","JADE3"
"ACOT4",6.66133814775094e-16,1.13514510949522,0.955,0.495,7.03703761928409e-12,"1","ACOT4"
"ZNF329",6.66133814775094e-16,1.55704341876141,0.864,0.491,7.03703761928409e-12,"1","ZNF329"
"FA2H",8.88178419700125e-16,0.973886149130605,0.875,0.294,9.38271682571212e-12,"1","FA2H"
"UPRT",8.88178419700125e-16,1.29250605125878,0.773,0.257,9.38271682571212e-12,"1","UPRT"
"CNNM4",8.88178419700125e-16,1.35947134702718,0.841,0.339,9.38271682571212e-12,"1","CNNM4"
"LRRC8B",8.88178419700125e-16,0.958531541221303,0.932,0.445,9.38271682571212e-12,"1","LRRC8B"
"RASGEF1B",8.88178419700125e-16,1.0065480689919,0.92,0.463,9.38271682571212e-12,"1","RASGEF1B"
"ZNF750",8.88178419700125e-16,1.42183015983958,0.841,0.422,9.38271682571212e-12,"1","ZNF750"
"CCDC191",1.11022302462516e-15,1.29249346537401,0.898,0.417,1.17283960321402e-11,"1","CCDC191"
"CCDC120",1.11022302462516e-15,1.21198209333584,0.875,0.394,1.17283960321402e-11,"1","CCDC120"
"MEIS3",1.11022302462516e-15,1.31993052176546,0.909,0.44,1.17283960321402e-11,"1","MEIS3"
"DUSP21",1.11022302462516e-15,0.580626323569644,0.58,0.119,1.17283960321402e-11,"1","DUSP2"
"HMMR",1.33226762955019e-15,1.06584581410145,0.841,0.303,1.40740752385682e-11,"1","HMMR"
"ZNF324B",1.33226762955019e-15,0.934855160223517,0.739,0.216,1.40740752385682e-11,"1","ZNF324B"
"PATZ1",1.33226762955019e-15,0.876167487601093,0.92,0.445,1.40740752385682e-11,"1","PATZ1"
"ZNF275",1.55431223447522e-15,0.93983714293316,0.83,0.303,1.64197544449962e-11,"1","ZNF275"
"PPFIA3",1.55431223447522e-15,1.32150422379018,0.852,0.326,1.64197544449962e-11,"1","PPFIA3"
"ME1",1.55431223447522e-15,1.12667189783568,0.864,0.358,1.64197544449962e-11,"1","ME1"
"ABCG1",1.77635683940025e-15,1.28490424856992,0.852,0.362,1.87654336514242e-11,"1","ABCG1"
"CLDN3",1.77635683940025e-15,1.31721875908839,0.932,0.495,1.87654336514242e-11,"1","CLDN3"
"AIF1L",1.77635683940025e-15,1.26328610405727,0.943,0.573,1.87654336514242e-11,"1","AIF1L"
"WASHC5",1.77635683940025e-15,1.21808249207378,0.977,0.739,1.87654336514242e-11,"1","WASHC5"
"TFCP2L1",1.99840144432528e-15,1.10252560131963,0.83,0.289,2.11111128578523e-11,"1","TFCP2L1"
"DEPTOR",2.22044604925031e-15,1.00077186092919,0.852,0.321,2.34567920642803e-11,"1","DEPTOR"
"NAPRT",2.22044604925031e-15,1.31388711462969,0.955,0.83,2.34567920642803e-11,"1","NAPRT"
"PRRG2",2.44249065417534e-15,0.82899590090223,0.83,0.289,2.58024712707083e-11,"1","PRRG2"
"HACD2",2.44249065417534e-15,1.16411259109267,1,0.789,2.58024712707083e-11,"1","HACD2"
"CEBPA",2.66453525910038e-15,0.86802950190042,0.875,0.358,2.81481504771364e-11,"1","CEBPA"
"NUDT8",2.66453525910038e-15,1.12431801614565,0.966,0.454,2.81481504771364e-11,"1","NUDT8"
"COL9A2",2.66453525910038e-15,1.30975134637346,0.875,0.367,2.81481504771364e-11,"1","COL9A2"
"PIGZ",2.66453525910038e-15,1.14563795836017,0.83,0.326,2.81481504771364e-11,"1","PIGZ"
"DGKE",2.66453525910038e-15,0.962756955997244,0.92,0.431,2.81481504771364e-11,"1","DGKE"
"LYSMD1",2.66453525910038e-15,0.996970483043276,0.932,0.45,2.81481504771364e-11,"1","LYSMD1"
"SPINT1",2.66453525910038e-15,1.16686154861161,0.932,0.569,2.81481504771364e-11,"1","SPINT1"
"CACNA1D",2.88657986402541e-15,0.635717448141243,0.943,0.417,3.04938296835644e-11,"1","CACNA1D"
"MROH6",2.88657986402541e-15,1.36783234319451,0.818,0.33,3.04938296835644e-11,"1","MROH6"
"LMF1",3.33066907387547e-15,0.868769117604521,0.92,0.372,3.51851880964205e-11,"1","LMF1"
"HMCES",3.33066907387547e-15,1.11953687296873,0.989,0.839,3.51851880964205e-11,"1","HMCES"
"ZNF710",3.5527136788005e-15,0.948853771079889,0.932,0.417,3.75308673028485e-11,"1","ZNF710"
"GATA2",3.5527136788005e-15,1.09193128908291,0.943,0.463,3.75308673028485e-11,"1","GATA2"
"NOS1AP",3.5527136788005e-15,1.0734214102548,0.932,0.468,3.75308673028485e-11,"1","NOS1AP"
"ZYG11A",3.5527136788005e-15,1.54337202033298,0.818,0.367,3.75308673028485e-11,"1","ZYG11A"
"SULT2B1",3.5527136788005e-15,1.24402586920427,0.898,0.459,3.75308673028485e-11,"1","SULT2B1"
"C11orf52",3.77475828372553e-15,1.20555586077537,0.875,0.353,3.98765465092765e-11,"1","C11orf52"
"LARGE1",3.77475828372553e-15,0.994437070321677,0.875,0.367,3.98765465092765e-11,"1","LARGE1"
"CFAP119",3.77475828372553e-15,1.07450920524294,0.932,0.44,3.98765465092765e-11,"1","CFAP119"
"LNX2",3.77475828372553e-15,1.19768044163221,0.898,0.459,3.98765465092765e-11,"1","LNX2"
"HPS6",3.99680288865056e-15,1.24345595493813,0.864,0.385,4.22222257157046e-11,"1","HPS6"
"HADH",3.99680288865056e-15,0.97102824659508,0.989,0.683,4.22222257157046e-11,"1","HADH"
"RAB15",4.21884749357559e-15,1.04729205941172,0.92,0.45,4.45679049221326e-11,"1","RAB15"
"MUC20",4.21884749357559e-15,1.26104646895539,0.875,0.427,4.45679049221326e-11,"1","MUC20"
"RSC1A1",4.44089209850063e-15,1.00455256882245,0.841,0.284,4.69135841285606e-11,"1","RSC1A1"
"MEGF8",4.44089209850063e-15,0.630064057864798,0.852,0.317,4.69135841285606e-11,"1","MEGF8"
"MYB",4.44089209850063e-15,0.988429411624646,0.83,0.321,4.69135841285606e-11,"1","MYB"
"TRIL",4.66293670342566e-15,0.796587945728704,0.932,0.399,4.92592633349886e-11,"1","TRIL"
"CDC50B",4.88498130835069e-15,1.01744489192532,0.909,0.44,5.16049425414167e-11,"1","CDC50B"
"DEPDC1B",5.10702591327572e-15,1.02392245397292,0.875,0.353,5.39506217478447e-11,"1","DEPDC1B"
"MB21D2",5.10702591327572e-15,1.01563630809413,0.92,0.45,5.39506217478447e-11,"1","MB21D2"
"PLCG2",5.10702591327572e-15,1.23265724282471,0.875,0.463,5.39506217478447e-11,"1","PLCG2"
"PCDH1",5.32907051820075e-15,1.24492858404584,0.875,0.404,5.62963009542727e-11,"1","PCDH1"
"ZNF74",5.32907051820075e-15,1.20992144804976,0.693,0.239,5.62963009542727e-11,"1","ZNF74"
"HOXB6",5.55111512312578e-15,1.33251694931069,0.898,0.491,5.86419801607008e-11,"1","HOXB6"
"NHSL1",5.55111512312578e-15,1.52259640565475,0.875,0.509,5.86419801607008e-11,"1","NHSL1"
"STOX1",5.77315972805081e-15,0.731735386063262,0.795,0.261,6.09876593671288e-11,"1","STOX1"
"MEGF6",5.77315972805081e-15,0.863388103765246,0.818,0.289,6.09876593671288e-11,"1","MEGF6"
"INMT-MINDY4",6.21724893790088e-15,1.22385197199065,0.852,0.376,6.56790177799849e-11,"1","INMT-MINDY4"
"FAM111B",6.21724893790088e-15,1.1337822542487,0.864,0.422,6.56790177799849e-11,"1","FAM111B"
"RIBC2",6.43929354282591e-15,1.06319635576648,0.886,0.381,6.80246969864129e-11,"1","RIBC2"
"SLFN13",6.66133814775094e-15,1.23299059484399,0.864,0.422,7.03703761928409e-11,"1","SLFN13"
"SLC1A4",6.88338275267597e-15,1.03012934504928,0.955,0.583,7.2716055399269e-11,"1","SLC1A4"
"SACK1D",7.32747196252603e-15,0.730373155549374,0.943,0.417,7.7407413812125e-11,"1","SACK1D"
"CARD9",7.32747196252603e-15,1.23440010736713,0.943,0.491,7.7407413812125e-11,"1","CARD9"
"MIS18A",7.32747196252603e-15,1.07636620105661,0.966,0.67,7.7407413812125e-11,"1","MIS18A"
"IKBKE",7.54951656745106e-15,1.00639965822546,0.909,0.349,7.97530930185530e-11,"1","IKBKE"
"VAMP8",7.7715611723761e-15,1.14931217254108,0.955,0.615,8.20987722249811e-11,"1","VAMP8"
"MVB12B",7.99360577730113e-15,1.16083391725426,0.795,0.294,8.44444514314091e-11,"1","MVB12B"
"TMEM64",8.21565038222616e-15,1.26080858992179,0.977,0.766,8.67901306378371e-11,"1","TMEM64"
"EPHA6",8.43769498715119e-15,1.57038529853755,0.591,0.133,8.91358098442652e-11,"1","EPHA6"
"PLEKHG6",8.43769498715119e-15,1.54654165575545,0.818,0.385,8.91358098442652e-11,"1","PLEKHG6"
"TARBP1",8.43769498715119e-15,1.01055588293058,0.932,0.5,8.91358098442652e-11,"1","TARBP1"
"THEM6",8.43769498715119e-15,1.12464303516514,0.989,0.775,8.91358098442652e-11,"1","THEM6"
"CLDN23",8.65973959207622e-15,1.31461355285753,0.852,0.376,9.14814890506932e-11,"1","CLDN23"
"TM7SF2",8.65973959207622e-15,1.39992032772203,0.898,0.601,9.14814890506932e-11,"1","TM7SF2"
"CLDN4",8.88178419700125e-15,1.18341715996621,0.932,0.633,9.38271682571212e-11,"1","CLDN4"
"KCNS3",9.10382880192628e-15,1.00445159499479,0.864,0.358,9.61728474635493e-11,"1","KCNS3"
"BEND3",9.10382880192628e-15,0.882872231588544,0.75,0.266,9.61728474635493e-11,"1","BEND3"
"C1orf226",9.32587340685131e-15,0.881086139572712,0.886,0.339,9.85185266699773e-11,"1","C1orf226"
"LRRC58",9.32587340685131e-15,1.02476973819505,1,0.844,9.85185266699773e-11,"1","LRRC58"
"GASK1A",1.04360964314765e-14,1.02830281971631,0.625,0.151,1.10246922702117e-10,"1","GASK1A"
"SLC25A5",1.06581410364015e-14,0.751937275804764,1,0.991,1.12592601908545e-10,"1","SLC25A5"
"HDHD3",1.08801856413265e-14,1.18167781321336,0.955,0.564,1.14938281114974e-10,"1","HDHD3"
"SQLE",1.08801856413265e-14,1.16176297376438,0.989,0.67,1.14938281114974e-10,"1","SQLE"
"ONECUT21",1.13242748511766e-14,0.425046313848336,0.83,0.284,1.1962963952783e-10,"1","ONECUT2"
"HLCS",1.19904086659517e-14,1.06574730809299,0.955,0.706,1.26666677147114e-10,"1","HLCS"
"ZNF816",1.26565424807268e-14,1.2435367737383,0.818,0.339,1.33703714766398e-10,"1","ZNF816"
"SRXN1",1.28785870856518e-14,1.08937453912309,0.92,0.5,1.36049393972826e-10,"1","SRXN1"
"TMEM86A",1.31006316905768e-14,0.93305007077727,0.784,0.266,1.38395073179254e-10,"1","TMEM86A"
"CDC42BPG",1.31006316905768e-14,1.0273458328938,0.773,0.289,1.38395073179254e-10,"1","CDC42BPG"
"ENPP4",1.37667655053519e-14,1.05298601612441,0.92,0.514,1.45432110798538e-10,"1","ENPP4"
"ANXA9",1.4210854715202e-14,1.84637852369759,0.705,0.275,1.50123469211394e-10,"1","ANXA9"
"CXCL16",1.4210854715202e-14,1.37684023879542,0.886,0.55,1.50123469211394e-10,"1","CXCL16"
"EXO1",1.4432899320127e-14,0.680404723313007,0.841,0.303,1.52469148417822e-10,"1","EXO1"
"ZNF407",1.4432899320127e-14,0.717187055752879,0.864,0.335,1.52469148417822e-10,"1","ZNF407"
"KCTD15",1.46549439250521e-14,0.577819133152126,0.83,0.294,1.5481482762425e-10,"1","KCTD15"
"SECTM1",1.48769885299771e-14,1.22718552498369,0.875,0.408,1.57160506830678e-10,"1","SECTM1"
"GOLGA7B",1.50990331349021e-14,1.28665062831042,0.636,0.183,1.59506186037106e-10,"1","GOLGA7B"
"LMNB1",1.55431223447522e-14,0.986881782807126,0.989,0.573,1.64197544449962e-10,"1","LMNB1"
"ADCY5",1.57651669496772e-14,1.07746230224422,0.92,0.399,1.6654322365639e-10,"1","ADCY5"
"TMPRSS2",1.57651669496772e-14,1.16725761004055,0.852,0.408,1.6654322365639e-10,"1","TMPRSS2"
"ERBB2",1.62092561595273e-14,0.860011438463768,1,1,1.71234582069246e-10,"1","ERBB2"
"CIB2",1.64313007644523e-14,0.917647973057356,0.807,0.275,1.73580261275674e-10,"1","CIB2"
"TLE2",1.66533453693773e-14,1.24157126967696,0.909,0.472,1.75925940482102e-10,"1","TLE2"
"MYORG",1.66533453693773e-14,1.1688960266371,0.92,0.537,1.75925940482102e-10,"1","MYORG"
"TONSL",1.70974345792274e-14,1.26461324464479,0.864,0.5,1.80617298894958e-10,"1","TONSL"
"TYW2",1.75415237890775e-14,1.09913482225977,0.852,0.339,1.85308657307814e-10,"1","TYW2"
"MYO5C",1.84297022087776e-14,1.14293284980575,0.943,0.697,1.94691374133527e-10,"1","MYO5C"
"PIK3C2B",1.93178806284777e-14,0.99686271157652,0.886,0.472,2.04074090959239e-10,"1","PIK3C2B"
"ZBTB2",1.99840144432528e-14,1.07811160782176,0.852,0.372,2.11111128578523e-10,"1","ZBTB2"
"ZNF473",2.06501482580279e-14,1.19868088365702,0.875,0.39,2.18148166197807e-10,"1","ZNF473"
"AAMP",2.06501482580279e-14,0.701490379101476,1,0.963,2.18148166197807e-10,"1","AAMP"
"RAP1GAP",2.08721928629529e-14,0.946451349766265,0.739,0.229,2.20493845404235e-10,"1","RAP1GAP"
"CDH3",2.08721928629529e-14,1.11689425130061,0.841,0.376,2.20493845404235e-10,"1","CDH3"
"RRM2",2.1538326677728e-14,0.789645945889437,0.955,0.45,2.27530883023519e-10,"1","RRM2"
"SLC37A1",2.1538326677728e-14,1.06885187927732,0.92,0.518,2.27530883023519e-10,"1","SLC37A1"
"ESRP1",2.24265050974282e-14,1.2504893317927,0.898,0.528,2.36913599849231e-10,"1","ESRP1"
"BLVRB",2.33146835171283e-14,1.01110815396538,0.989,0.876,2.46296316674943e-10,"1","BLVRB"
"KIF18B",2.46469511466785e-14,0.482469921919904,0.932,0.413,2.60370391913511e-10,"1","KIF18B"
"GGCT",2.46469511466785e-14,0.990224066398142,0.977,0.821,2.60370391913511e-10,"1","GGCT"
"ICA1L",2.57571741713036e-14,0.843735003731117,0.886,0.362,2.72098787945652e-10,"1","ICA1L"
"SMARCD2",2.57571741713036e-14,1.02964649000365,0.943,0.564,2.72098787945652e-10,"1","SMARCD2"
"SSTR2",2.59792187762287e-14,2.49408732034521,0.67,0.271,2.7444446715208e-10,"1","SSTR2"
"ENPP5",2.68673971959288e-14,1.20955518998379,0.864,0.353,2.83827183977792e-10,"1","ENPP5"
"NOD2",2.70894418008538e-14,1.02990508328457,0.557,0.124,2.8617286318422e-10,"1","NOD2"
"KIF20A",2.79776202205539e-14,0.436211940351931,0.898,0.321,2.95555580009932e-10,"1","KIF20A"
"TRIM62",2.8199664825479e-14,0.799763120674898,0.784,0.284,2.9790125921636e-10,"1","TRIM62"
"NEURL1B",2.8643754035329e-14,0.657190284958686,0.864,0.353,3.02592617629216e-10,"1","NEURL1B"
"ANKS1A",3.01980662698043e-14,0.915018250878401,0.841,0.367,3.19012372074212e-10,"1","ANKS1A"
"GLS2",3.01980662698043e-14,1.20706988737491,0.807,0.385,3.19012372074212e-10,"1","GLS2"
"BICDL2",3.01980662698043e-14,1.16901593383858,0.92,0.592,3.19012372074212e-10,"1","BICDL2"
"NECTIN4",3.10862446895044e-14,1.29091399595047,0.92,0.514,3.28395088899924e-10,"1","NECTIN4"
"ZBTB42",3.13082892944294e-14,1.07874456713331,0.864,0.349,3.30740768106352e-10,"1","ZBTB42"
"CNNM3",3.13082892944294e-14,0.893568857310271,0.898,0.472,3.30740768106352e-10,"1","CNNM3"
"FIZ1",3.15303338993544e-14,1.37284395772715,0.727,0.257,3.3308644731278e-10,"1","FIZ1"
"TANC1",3.15303338993544e-14,1.25315908976322,0.886,0.477,3.3308644731278e-10,"1","TANC1"
"EFHD1",3.15303338993544e-14,1.05824076085926,0.977,0.651,3.3308644731278e-10,"1","EFHD1"
"CPNE7",3.17523785042795e-14,0.919360749952365,0.864,0.353,3.35432126519208e-10,"1","CPNE7"
"STK35",3.21964677141295e-14,1.15864077689583,0.955,0.638,3.40123484932064e-10,"1","STK35"
"OCLN",3.26405569239796e-14,1.04885317297069,0.92,0.564,3.44814843344921e-10,"1","OCLN"
"TMEM52",3.30846461338297e-14,1.09863259105692,0.659,0.179,3.49506201757777e-10,"1","TMEM52"
"MEX3A",3.30846461338297e-14,1.19804443369233,0.705,0.225,3.49506201757777e-10,"1","MEX3A"
"LRATD1",3.35287353436797e-14,0.67107748479982,0.909,0.431,3.54197560170633e-10,"1","LRATD1"
"ABCD1",3.41948691584548e-14,1.07498899202438,0.898,0.39,3.61234597789917e-10,"1","ABCD1"
"PDGFB",3.59712259978551e-14,1.11830639327851,0.75,0.266,3.80000031441341e-10,"1","PDGFB"
"NUAK2",3.61932706027801e-14,1.96358731939334,0.648,0.22,3.82345710647769e-10,"1","NUAK2"
"PPP1R26",3.64153152077051e-14,1.10739941934341,0.852,0.33,3.84691389854197e-10,"1","PPP1R26"
"CRISPLD2",3.66373598126302e-14,1.08615980234342,0.875,0.417,3.87037069060625e-10,"1","CRISPLD2"
"SHANK2",3.90798504668055e-14,1.08365683855958,0.932,0.573,4.12839540331333e-10,"1","SHANK2"
"GRHL1",3.93018950717305e-14,1.1957383660112,0.898,0.523,4.15185219537761e-10,"1","GRHL1"
"ABCA1",3.95239396766556e-14,1.22434566250036,0.898,0.417,4.17530898744189e-10,"1","ABCA1"
"CAMSAP3",3.97459842815806e-14,1.48546623468927,0.705,0.252,4.19876577950618e-10,"1","CAMSAP3"
"RAB20",4.06341627012807e-14,1.18236321928526,0.909,0.555,4.2925929477633e-10,"1","RAB20"
"RMI2",4.08562073062058e-14,1.2404194070066,0.864,0.408,4.31604973982758e-10,"1","RMI2"
"MTAP",4.13002965160558e-14,0.769339078582897,0.886,0.399,4.36296332395614e-10,"1","MTAP"
"STX6",4.37427871702312e-14,1.05526018935683,1,0.683,4.62098803666322e-10,"1","STX6"
"NUDT18",4.50750547997814e-14,0.841462700803202,0.83,0.298,4.7617287890489e-10,"1","NUDT18"
"PAIP2B",4.52970994047064e-14,1.17493819146262,0.818,0.349,4.78518558111318e-10,"1","PAIP2B"
"RASSF2",4.55191440096314e-14,1.17181690180099,0.602,0.174,4.80864237317746e-10,"1","RASSF2"
"OAS3",4.59632332194815e-14,0.988969020084441,0.955,0.486,4.85555595730602e-10,"1","OAS3"
"B3GNT2",4.79616346638068e-14,1.13590330204457,0.943,0.606,5.06666708588455e-10,"1","B3GNT2"
"NAXE",4.84057238736568e-14,0.920847561713566,1,0.867,5.11358067001311e-10,"1","NAXE"
"FAM110A",4.90718576884319e-14,1.22977935045104,0.943,0.656,5.18395104620595e-10,"1","FAM110A"
"FAM171B",4.9960036108132e-14,1.18797738061485,0.898,0.555,5.27777821446307e-10,"1","FAM171B"
"PIR",5.06261699229071e-14,1.18083948796913,0.818,0.326,5.34814859065591e-10,"1","PIR"
"TP53BP1",5.17363929475323e-14,0.934755769092734,0.989,0.885,5.46543255097731e-10,"1","TP53BP1"
"KIFC1",5.26245713672324e-14,0.797527498567161,0.955,0.431,5.55925971923443e-10,"1","KIFC1"
"SERINC5",5.37347943918576e-14,1.32479445524535,0.943,0.739,5.67654367955583e-10,"1","SERINC5"
"CARMIL1",5.41788836017076e-14,1.10367665550979,0.966,0.67,5.72345726368440e-10,"1","CARMIL1"
"GFUS",5.44009282066327e-14,0.967151431245856,1,0.89,5.74691405574868e-10,"1","GFUS"
"TIMELESS",5.46229728115577e-14,1.01982263806649,0.932,0.596,5.77037084781296e-10,"1","TIMELESS"
"CLN6",5.50670620214078e-14,1.03831673757178,0.966,0.693,5.81728443194152e-10,"1","CLN6"
"RORC",5.55111512312578e-14,0.745400627367097,0.773,0.248,5.86419801607008e-10,"1","RORC"
"SOX12",5.7065463465733e-14,1.00191976528043,0.83,0.358,6.02839556052004e-10,"1","SOX12"
"PPM1H",5.72875080706581e-14,1.18904530251145,0.864,0.376,6.05185235258432e-10,"1","PPM1H"
"CCSER1",5.72875080706581e-14,1.1455681405058,0.773,0.289,6.05185235258432e-10,"1","CCSER1"
"MAGIX",5.75095526755831e-14,0.881734489798486,0.864,0.372,6.0753091446486e-10,"1","MAGIX"
"PHKG2",5.88418203051333e-14,0.904052441422005,0.989,0.849,6.21604989703428e-10,"1","PHKG2"
"RARRES1",5.95079541199084e-14,0.693107582589664,0.955,0.472,6.28642027322712e-10,"1","RARRES1"
"LGMN",6.21724893790088e-14,1.02066675313374,1,0.706,6.56790177799849e-10,"1","LGMN"
"KLHL9",6.3504757008559e-14,0.717890342257721,0.943,0.44,6.70864253038417e-10,"1","KLHL9"
"EEPD1",6.3726801613484e-14,0.712735385143102,0.511,0.096,6.73209932244845e-10,"1","EEPD1"
"ZNF28",6.3948846218409e-14,1.04000732648258,0.966,0.624,6.75555611451273e-10,"1","ZNF28"
"FIRRM",6.48370246381091e-14,1.01843756748101,0.943,0.619,6.84938328276985e-10,"1","FIRRM"
"BRCC3",6.48370246381091e-14,0.930725717410794,0.989,0.72,6.84938328276985e-10,"1","BRCC3"
"LYPD6",6.55031584528842e-14,1.11421088666144,0.75,0.261,6.91975365896269e-10,"1","LYPD6"
"ZNF256",6.68354260824344e-14,0.898275404588809,0.83,0.294,7.06049441134837e-10,"1","ZNF256"
"METTL13",6.68354260824344e-14,1.01026066318234,0.977,0.661,7.06049441134837e-10,"1","METTL13"
"PRR36",6.86117829218347e-14,1.07440263674007,0.886,0.381,7.24814874786261e-10,"1","PRR36"
"COPG1",6.86117829218347e-14,0.824719096139237,1,0.945,7.24814874786261e-10,"1","COPG1"
"XRCC1",6.92779167366098e-14,1.03344222419452,0.966,0.587,7.31851912405546e-10,"1","XRCC1"
"SNX27",6.97220059464598e-14,1.18600007842411,0.989,0.862,7.36543270818402e-10,"1","SNX27"
"MAMSTR",7.061018436616e-14,0.996160994079814,0.841,0.33,7.45925987644114e-10,"1","MAMSTR"
"ALDH5A1",7.0832228971085e-14,0.981390624948758,0.852,0.344,7.48271666850542e-10,"1","ALDH5A1"
"B3GALT6",7.17204073907851e-14,1.03611151111063,0.943,0.55,7.57654383676254e-10,"1","B3GALT6"
"EFNA3",7.21644966006352e-14,1.11386434076578,0.852,0.39,7.6234574208911e-10,"1","EFNA3"
"GINS2",7.39408534400354e-14,0.919963823478852,0.955,0.495,7.81111175740534e-10,"1","GINS2"
"GDPD5",7.43849426498855e-14,1.01571818513928,0.875,0.394,7.8580253415339e-10,"1","GDPD5"
"APP",7.48290318597356e-14,0.915383072938828,1,0.995,7.90493892566246e-10,"1","APP"
"TFR2",7.52731210695856e-14,0.825562116246871,0.818,0.335,7.95185250979102e-10,"1","TFR2"
"NOP9",7.57172102794357e-14,1.06423025627895,0.932,0.514,7.99876609391958e-10,"1","NOP9"
"PSMD11",7.57172102794357e-14,0.844462030911937,1,0.963,7.99876609391958e-10,"1","PSMD11"
"ZNF747",7.83817455385361e-14,0.8598380401042,0.898,0.45,8.28024759869095e-10,"1","ZNF747"
"PACSIN3",7.88258347483861e-14,1.08766025304576,0.955,0.716,8.32716118281951e-10,"1","PACSIN3"
"PRUNE1",7.97140131680862e-14,0.988817372716129,0.966,0.564,8.42098835107663e-10,"1","PRUNE1"
"RBPMS2",7.99360577730113e-14,1.10748602728297,0.83,0.33,8.44444514314091e-10,"1","RBPMS2"
"PEX11A",8.01581023779363e-14,1.02552218139013,0.92,0.505,8.46790193520519e-10,"1","PEX11A"
"LRP3",8.17124146124115e-14,0.766750835615667,0.761,0.252,8.63209947965515e-10,"1","LRP3"
"ABCB6",8.4821039081362e-14,1.27210070692544,0.898,0.518,8.96049456855508e-10,"1","ABCB6"
"DOC2A",8.59312621059871e-14,1.00116414943821,0.966,0.748,9.07777852887648e-10,"1","DOC2A"
"RPN1",8.72635297355373e-14,0.890741004675242,1,0.991,9.21851928126216e-10,"1","RPN1"
"BLM",8.74855743404623e-14,0.867845506197273,0.909,0.413,9.24197607332644e-10,"1","BLM"
"BOLA1",8.74855743404623e-14,1.05957114172588,0.966,0.573,9.24197607332644e-10,"1","BOLA1"
"ZNF34",8.79296635503124e-14,1.1211087800758,0.909,0.477,9.288889657455e-10,"1","ZNF34"
"GRB7",8.99280649946377e-14,1.10983577005738,0.909,0.454,9.50000078603352e-10,"1","GRB7"
"PCOLCE",9.2148511043888e-14,1.1766933121538,0.83,0.294,9.73456870667633e-10,"1","PCOLCE"
"FOXD2",9.30366894635881e-14,1.14689672573921,0.807,0.326,9.82839587493345e-10,"1","FOXD2"
"ID2",9.37028232783632e-14,0.864733803053873,0.977,0.628,9.89876625112629e-10,"1","ID2"
"PCOTH",9.57012247226885e-14,0.84520862838292,0.864,0.307,1.01098773797048e-09,"1","PCOTH"
"DSP",9.63673585374636e-14,1.11833530537646,0.977,0.771,1.01802477558977e-09,"1","DSP"
"KIF24",9.68114477473137e-14,0.876989994449032,0.92,0.633,1.02271613400262e-09,"1","KIF24"
"TMEM9",9.76996261670138e-14,1.02696236263177,1,0.862,1.03209885082833e-09,"1","TMEM9"
"HOMER2",9.9031893796564e-14,1.05648031234801,0.943,0.61,1.0461729260669e-09,"1","HOMER2"
"RUVBL1",9.9253938401489e-14,0.833517957761602,1,0.972,1.04851860527333e-09,"1","RUVBL1"
"EPB41L5",9.96980276113391e-14,1.03625467019894,0.955,0.61,1.05320996368619e-09,"1","EPB41L5"
"RPL39L",1.00586206031039e-13,0.874943985126376,0.989,0.757,1.0625926805119e-09,"1","RPL39L"
"DONSON",1.05693231944315e-13,0.909164609416708,1,0.849,1.11654330225974e-09,"1","DONSON"
"GPC4",1.06137321154165e-13,1.09870962483029,0.875,0.362,1.1212346606726e-09,"1","GPC4"
"REEP6",1.10356168647741e-13,1.29081597316324,0.886,0.532,1.16580256559473e-09,"1","REEP6"
"KIF4A",1.12132525487141e-13,0.888136361578359,0.932,0.376,1.18456799924616e-09,"1","KIF4A"
"CIDEB",1.12354570092066e-13,0.940268408952398,0.852,0.394,1.18691367845258e-09,"1","CIDEB"
"GDPD3",1.12576614696991e-13,1.28005064549232,0.784,0.294,1.18925935765901e-09,"1","GDPD3"
"DENND2D",1.13464793116691e-13,1.09401169120624,0.932,0.436,1.19864207448472e-09,"1","DENND2D"
"FKBPL",1.16795462190566e-13,1.0591635920679,0.898,0.372,1.23382726258114e-09,"1","FKBPL"
"SLCO3A1",1.16795462190566e-13,1.364558556225,0.841,0.459,1.23382726258114e-09,"1","SLCO3A1"
"SYK",1.17017506795491e-13,1.10574838011113,0.898,0.413,1.23617294178757e-09,"1","SYK"
"KCNQ1",1.21014309684142e-13,1.2819714626848,0.591,0.147,1.27839516750328e-09,"1","KCNQ1"
"ATP6V1A",1.23456800338317e-13,0.990897547365741,0.977,0.885,1.30419763877399e-09,"1","ATP6V1A"
"ATP6V1E2",1.25233157177718e-13,0.729929418009073,0.795,0.289,1.32296307242541e-09,"1","ATP6V1E2"
"ZNF304",1.25455201782643e-13,1.05295179928154,0.83,0.367,1.32530875163184e-09,"1","ZNF304"
"MYH14",1.29452004671293e-13,1.10531426900226,0.92,0.514,1.36753097734754e-09,"1","MYH14"
"GPAA1",1.31450406115619e-13,0.991819758944612,1,0.963,1.38864209020539e-09,"1","GPAA1"
"IQGAP3",1.32338584535319e-13,0.840713222709623,0.943,0.5,1.39802480703111e-09,"1","IQGAP3"
"HSD17B10",1.36779476633819e-13,0.797292939793225,1,0.94,1.44493839115967e-09,"1","HSD17B10"
"GINS1",1.3944401189292e-13,0.950586178644328,0.966,0.514,1.4730865416368e-09,"1","GINS1"
"UBOX5",1.44106948596345e-13,1.03806251487875,1,0.784,1.52234580497179e-09,"1","UBOX5"
"RFC3",1.4521717162097e-13,0.93207489293911,0.966,0.541,1.53407420100393e-09,"1","RFC3"
"ADGRB2",1.47881706880071e-13,0.923357642417779,0.795,0.289,1.56222235148107e-09,"1","ADGRB2"
"MMP25",1.48103751484996e-13,0.709454586315083,0.727,0.211,1.5645680306875e-09,"1","MMP25"
"RAB11FIP1",1.50324197534246e-13,1.03585040184627,0.989,0.876,1.58802482275178e-09,"1","RAB11FIP1"
"FANCD2",1.50768286744096e-13,0.914568376266889,0.977,0.702,1.59271618116463e-09,"1","FANCD2"
"ILF2",1.50990331349021e-13,0.71144165146246,1,0.991,1.59506186037106e-09,"1","ILF2"
"PSMB5",1.50990331349021e-13,0.537722315847866,1,0.991,1.59506186037106e-09,"1","PSMB5"
"PHF2",1.52100554373646e-13,0.748489372108305,0.898,0.459,1.6067902564032e-09,"1","PHF2"
"SMC1A",1.52988732793347e-13,0.757392956758205,1,0.876,1.61617297322891e-09,"1","SMC1A"
"MSX2",1.54987134237672e-13,0.930366097626036,0.943,0.486,1.63728408608677e-09,"1","MSX2"
"KIF14",1.56541446472147e-13,0.82914753056229,0.92,0.408,1.65370384053176e-09,"1","KIF14"
"PPFIBP2",1.56985535681997e-13,0.616377470882492,0.784,0.294,1.65839519894462e-09,"1","PPFIBP2"
"C8orf76",1.57429624891847e-13,0.964404411822847,1,0.794,1.66308655735747e-09,"1","C8orf76"
"RALGPS1",1.61648472385423e-13,0.949387788782723,0.909,0.431,1.70765446227961e-09,"1","RALGPS1"
"MPZL3",1.62314606200198e-13,0.773091403950862,0.875,0.362,1.71469149989889e-09,"1","MPZL3"
"FAM241B",1.62758695410048e-13,0.695028660147916,0.864,0.317,1.71938285831175e-09,"1","FAM241B"
"TP73",1.64313007644523e-13,0.696372894306729,0.761,0.294,1.73580261275674e-09,"1","TP73"
"KLC3",1.69642078162724e-13,1.21073977533277,0.818,0.39,1.79209891371102e-09,"1","KLC3"
"GCH1",1.71640479607049e-13,1.1218130515635,0.909,0.445,1.81321002656887e-09,"1","GCH1"
"FRAT2",1.7430501486615e-13,0.821901637781508,0.67,0.206,1.841358177046e-09,"1","FRAT2"
"SLC39A11",1.7430501486615e-13,1.16361093496547,0.977,0.807,1.841358177046e-09,"1","SLC39A11"
"C2CD2",1.81632486828676e-13,1.07129480178899,0.92,0.459,1.91876559085813e-09,"1","C2CD2"
"DPP3",1.81854531433601e-13,0.913899961202256,1,0.817,1.92111127006456e-09,"1","DPP3"
"SLC15A3",1.82298620643451e-13,0.657262633278498,0.602,0.151,1.92580262847741e-09,"1","SLC15A3"
"PIP5K1A",1.82964754458226e-13,0.788096609855558,1,0.894,1.9328396660967e-09,"1","PIP5K1A"
"CALM3",1.83186799063151e-13,0.677454746427196,1,0.982,1.93518534530313e-09,"1","CALM3"
"TUFT1",1.84297022087776e-13,0.831709838222057,0.989,0.858,1.94691374133527e-09,"1","TUFT1"
"CCNP1",1.85851334322251e-13,0.518272650709645,0.795,0.271,1.96333349578026e-09,"1","CCNP"
"LFNG",1.89182003396127e-13,0.821349642353711,0.864,0.381,1.99851868387668e-09,"1","LFNG"
"URB1",1.89848137210902e-13,1.00084237632124,0.955,0.573,2.00555572149597e-09,"1","URB1"
"ZNF367",1.90070181815827e-13,0.857059437114637,0.898,0.427,2.00790140070239e-09,"1","ZNF367"
"TMEM150C",1.92290627865077e-13,1.05914206851358,0.886,0.45,2.03135819276667e-09,"1","TMEM150C"
"AARS2",1.93178806284777e-13,0.863611412527673,0.943,0.459,2.04074090959239e-09,"1","AARS2"
"TCF19",1.94511073914327e-13,0.648506468030931,0.943,0.39,2.05481498483095e-09,"1","TCF19"
"ACSS1",1.94511073914327e-13,1.12798499387597,0.909,0.528,2.05481498483095e-09,"1","ACSS1"
"CYC1",1.95399252334028e-13,0.807695038884722,1,0.995,2.06419770165667e-09,"1","CYC1"
"SLC52A3",2.05613304160579e-13,0.721212559089022,0.886,0.399,2.17209894515236e-09,"1","SLC52A3"
"HOXB7",2.06945571790129e-13,0.974199770204262,0.943,0.491,2.18617302039092e-09,"1","HOXB7"
"FAAH",2.08055794814754e-13,1.16574101465627,0.864,0.372,2.19790141642306e-09,"1","FAAH"
"ARPC1A",2.1271873151818e-13,0.703768975017001,1,0.972,2.24716067975805e-09,"1","ARPC1A"
"IFITM1",2.23820961764432e-13,1.22801374442492,0.943,0.766,2.36444464007945e-09,"1","IFITM1"
"PAOX",2.24043006369357e-13,0.776213700776747,0.761,0.252,2.36679031928588e-09,"1","PAOX"
"AUTS2",2.25597318603832e-13,0.897381662742543,0.875,0.431,2.38321007373088e-09,"1","AUTS2"
"ZNF672",2.27151630838307e-13,0.900447884534517,0.977,0.706,2.39962982817588e-09,"1","ZNF672"
"OPLAH",2.28039809258007e-13,1.20629756725528,0.909,0.514,2.40901254500159e-09,"1","OPLAH"
"WDR4",2.28483898467857e-13,0.690732902312345,0.932,0.472,2.41370390341444e-09,"1","WDR4"
"SYTL1",2.29594121492482e-13,1.02790196967911,0.92,0.573,2.42543229944658e-09,"1","SYTL1"
"AARD",2.30926389122033e-13,0.96958647691175,0.864,0.44,2.43950637468515e-09,"1","AARD"
"RMI1",2.33146835171283e-13,1.15851771461971,0.943,0.587,2.46296316674943e-09,"1","RMI1"
"PASK",2.35589325825458e-13,0.592102201465791,0.898,0.44,2.48876563802014e-09,"1","PASK"
"COP1",2.38697950294409e-13,0.985610179032463,0.989,0.821,2.52160514691013e-09,"1","COP1"
"ZBTB46",2.40252262528884e-13,0.639271408630031,0.875,0.399,2.53802490135513e-09,"1","ZBTB46"
"NOL4L",2.44027020812609e-13,0.89765260309283,1,0.867,2.57790144786441e-09,"1","NOL4L"
"AURKA",2.45137243837235e-13,1.01589627470708,0.943,0.628,2.58962984389655e-09,"1","AURKA"
"MINDY4",2.49134046725885e-13,1.10191208813094,0.886,0.459,2.63185206961225e-09,"1","MINDY4"
"E2F2",2.4935609133081e-13,0.696435742666186,0.83,0.33,2.63419774881868e-09,"1","E2F2"
"SEMA4A",2.4980018054066e-13,1.16566971507385,0.841,0.358,2.63888910723153e-09,"1","SEMA4A"
"ZNF813",2.50466314355435e-13,0.943227900353309,0.864,0.399,2.64592614485082e-09,"1","ZNF813"
"SEL1L3",2.53352894219461e-13,0.9434343581541,0.886,0.404,2.67641997453438e-09,"1","SEL1L3"
"FDPS",2.68896016564213e-13,1.00734813886082,1,0.977,2.84061751898435e-09,"1","FDPS"
"OSBPL11",2.69784194983913e-13,0.975756008504308,0.955,0.647,2.85000023581006e-09,"1","OSBPL11"
"WNT9A",2.70228284193763e-13,1.35749303467328,0.875,0.477,2.85469159422291e-09,"1","WNT9A"
"RHOD",2.72670774847938e-13,1.08421813136025,0.955,0.587,2.88049406549362e-09,"1","RHOD"
"ZNF646",2.73336908662714e-13,0.758702598600594,0.852,0.39,2.88753110311291e-09,"1","ZNF646"
"CYFIP2",2.75557354711964e-13,1.19779854849283,0.852,0.417,2.91098789517719e-09,"1","CYFIP2"
"ABHD15",2.76667577736589e-13,1.0284740856998,0.807,0.39,2.92271629120933e-09,"1","ABHD15"
"PRPS2",2.76667577736589e-13,1.06681601924493,0.966,0.734,2.92271629120933e-09,"1","PRPS2"
"FAM20B",2.77111666946439e-13,1.12609252708429,0.955,0.789,2.92740764962218e-09,"1","FAM20B"
"TEDC2",2.83995049699115e-13,0.817335025587079,0.807,0.307,3.00012370502145e-09,"1","TEDC2"
"ELMO3",2.8599345114344e-13,0.752048394910692,0.875,0.353,3.0212348178793e-09,"1","ELMO3"
"HSPA12A",2.86215495748365e-13,0.681294402490326,0.864,0.317,3.02358049708573e-09,"1","HSPA12A"
"EHF",2.91100477056716e-13,1.01094680209158,0.875,0.413,3.07518543962715e-09,"1","EHF"
"RECQL4",2.91766610871491e-13,0.965941429497928,0.92,0.55,3.08222247724643e-09,"1","RECQL4"
"EFNA4-EFNA3",2.94653190735517e-13,1.10055698672698,0.886,0.427,3.11271630693e-09,"1","EFNA4-EFNA3"
"TMEM98",3.01314528883267e-13,1.13186847452718,0.818,0.339,3.18308668312284e-09,"1","TMEM98"
"NEK8",3.02202707302968e-13,0.865599248730923,0.955,0.624,3.19246939994855e-09,"1","NEK8"
"PRPF3",3.03534974932518e-13,0.822141233147888,1,0.798,3.20654347518712e-09,"1","PRPF3"
"CNFN",3.21964677141295e-13,1.04472946789297,0.886,0.427,3.40123484932064e-09,"1","CNFN"
"PTPMT1",3.21964677141295e-13,0.576900599119988,1,0.977,3.40123484932064e-09,"1","PTPMT1"
"GTF2E1",3.2218672174622e-13,0.949215244925697,0.92,0.491,3.40358052852707e-09,"1","GTF2E1"
"SNX10",3.25073301610246e-13,0.762473976616009,0.875,0.376,3.43407435821064e-09,"1","SNX10"
"CCNE2",3.26183524634871e-13,1.09182048590384,0.943,0.647,3.44580275424278e-09,"1","CCNE2"
"EFS",3.39062111720523e-13,1.05134007293505,0.841,0.335,3.5818521482156e-09,"1","EFS"
"TRPS1",3.39062111720523e-13,1.19424284287677,0.955,0.789,3.5818521482156e-09,"1","TRPS1"
"SIDT1",3.39284156325448e-13,0.814315140171233,0.898,0.44,3.58419782742203e-09,"1","SIDT1"
"SNX4",3.40172334745148e-13,0.949320211112492,1,0.78,3.59358054424774e-09,"1","SNX4"
"JMJD4",3.40838468559923e-13,0.891724321897739,0.977,0.752,3.60061758186703e-09,"1","JMJD4"
"TRAFD1",3.42614825399323e-13,0.964691903773433,0.989,0.794,3.61938301551845e-09,"1","TRAFD1"
"PPP1R37",3.43058914609173e-13,0.925982545074207,0.909,0.555,3.62407437393131e-09,"1","PPP1R37"
"LPCAT3",3.43947093028873e-13,0.966215692764804,1,0.839,3.63345709075702e-09,"1","LPCAT3"
"ARHGEF37",3.49276163547074e-13,0.901460838062099,0.898,0.417,3.68975339171129e-09,"1","ARHGEF37"
"RETREG1",3.57269769324375e-13,0.688813452658975,0.943,0.459,3.7741978431427e-09,"1","RETREG1"
"SDCBP2",3.5793590313915e-13,0.910150231060639,0.864,0.413,3.78123488076199e-09,"1","SDCBP2"
"NEK2",3.59712259978551e-13,0.931335326736733,0.864,0.385,3.80000031441341e-09,"1","NEK2"
"TMEM234",3.63264973657351e-13,0.972570762234618,0.932,0.454,3.83753118171626e-09,"1","TMEM234"
"CORO2A",3.66373598126302e-13,1.02667570913734,1,0.693,3.87037069060625e-09,"1","CORO2A"
"TICRR",3.67927910360777e-13,1.04954801935345,0.898,0.555,3.88679044505125e-09,"1","TICRR"
"MYO1D",3.68149954965702e-13,1.12057006228105,0.92,0.532,3.88913612425767e-09,"1","MYO1D"
"CA2",3.75921516138078e-13,0.634094746088572,0.818,0.298,3.97123489648266e-09,"1","CA2"
"ISYNA1",3.75921516138078e-13,0.8912130785633,1,0.885,3.97123489648266e-09,"1","ISYNA1"
"ALDH9A1",3.75921516138078e-13,0.764570807179866,1,0.927,3.97123489648266e-09,"1","ALDH9A1"
"ARRDC1",3.8924419243358e-13,0.817659834843516,1,0.954,4.11197564886834e-09,"1","ARRDC1"
"SCUBE3",3.9146463848283e-13,1.22328748813897,0.83,0.385,4.13543244093262e-09,"1","SCUBE3"
"MISP",3.99458244260131e-13,1.10283000264865,0.932,0.592,4.21987689236403e-09,"1","MISP"
"GAMT",4.02566868729082e-13,0.904871459733776,0.989,0.867,4.25271640125402e-09,"1","GAMT"
"KAZN",4.03233002543857e-13,0.990975401263445,0.795,0.372,4.2597534388733e-09,"1","KAZN"
"FARSB",4.05675493198032e-13,0.862476417260441,1,0.72,4.28555591014401e-09,"1","FARSB"
"SLC26A11",4.06563671617732e-13,0.984878839929356,0.989,0.546,4.29493862696972e-09,"1","SLC26A11"
"SOX13",4.12558875950708e-13,1.03724274526469,0.886,0.528,4.35827196554328e-09,"1","SOX13"
"MESP2",4.13669098975333e-13,0.785466230041927,0.818,0.303,4.37000036157542e-09,"1","MESP2"
"CCSAP",4.2588155224621e-13,1.09269058179644,0.932,0.482,4.49901271792896e-09,"1","CCSAP"
"PUF60",4.28324042900385e-13,0.714314235138509,1,0.995,4.52481518919967e-09,"1","PUF60"
"SOD1",4.28324042900385e-13,0.721766640322567,1,0.995,4.52481518919967e-09,"1","SOD1"
"MTUS1",4.34541291838286e-13,1.05658004396039,0.932,0.55,4.59049420697966e-09,"1","MTUS1"
"NEIL3",4.36317648677687e-13,0.929716154736639,0.795,0.275,4.60925964063108e-09,"1","NEIL3"
"BCL7A",4.37427871702312e-13,1.03648355060226,0.875,0.477,4.62098803666322e-09,"1","BCL7A"
"COXFA4L3",4.40980585381112e-13,1.20406297300685,0.909,0.532,4.65851890396607e-09,"1","COXFA4L3"
"MARVELD2",4.45643522084538e-13,0.976520785092413,0.943,0.638,4.70777816730106e-09,"1","MARVELD2"
"SLC5A6",4.46531700504238e-13,0.87543437004517,0.966,0.894,4.71716088412677e-09,"1","SLC5A6"
"S100A9",4.64961402713016e-13,0.893677804758513,0.83,0.394,4.9118522582603e-09,"1","S100A9"
"PRSS22",4.74509320724792e-13,0.684414758102945,0.886,0.385,5.0127164641367e-09,"1","PRSS22"
"EPAS1",4.77173855983892e-13,0.985939556488607,0.977,0.683,5.04086461461384e-09,"1","EPAS1"
"FBXO6",4.77395900588817e-13,0.78970333880739,0.852,0.381,5.04321029382027e-09,"1","FBXO6"
"DUSP8",4.78728168218368e-13,0.572406701901488,0.852,0.321,5.05728436905883e-09,"1","DUSP8"
"RNF115",4.78728168218368e-13,0.812811980817422,0.989,0.904,5.05728436905883e-09,"1","RNF115"
"FAM117B",4.87387907810444e-13,0.775696576436077,0.739,0.261,5.14876585810953e-09,"1","FAM117B"
"MAP7",4.88720175439994e-13,1.06317266090632,0.898,0.463,5.1628399333481e-09,"1","MAP7"
"RPP25",5.04041253179821e-13,0.891615309489406,1,0.743,5.32469179859163e-09,"1","RPP25"
"ZNF296",5.15809617240848e-13,1.10518715818983,0.841,0.436,5.44901279653232e-09,"1","ZNF296"
"CDKN2A",5.16919840265473e-13,1.04800277279762,0.886,0.436,5.46074119256446e-09,"1","CDKN2A"
"CDR2L",5.26023669067399e-13,1.01259241120522,0.977,0.674,5.556914040028e-09,"1","CDR2L"
"VASN",5.26911847487099e-13,1.0409723214039,0.864,0.404,5.56629675685372e-09,"1","VASN"
"TET3",5.28910248931425e-13,0.959281161264358,0.955,0.601,5.58740786971157e-09,"1","TET3"
"TRIM69",5.35571587079176e-13,0.87333978583451,0.818,0.353,5.65777824590441e-09,"1","TRIM69"
"TACSTD2",5.54889467707653e-13,0.680350195541543,0.989,0.89,5.86185233686365e-09,"1","TACSTD2"
"LIN7B",5.56443779942128e-13,0.996410244777155,0.909,0.55,5.87827209130865e-09,"1","LIN7B"
"TIMM17A",5.74651437545981e-13,0.75096508605521,1,0.972,6.07061778623574e-09,"1","TIMM17A"
"SLC7A81",5.79980508064182e-13,0.44864959569097,0.875,0.344,6.12691408719002e-09,"1","SLC7A8"
"UBE2O",5.81756864903582e-13,1.05223450167627,0.92,0.564,6.14567952084144e-09,"1","UBE2O"
"PDE7A",5.89528426075958e-13,1.21388863594272,0.852,0.45,6.22777829306642e-09,"1","PDE7A"
"RHPN1",5.97966121063109e-13,1.1354209301782,0.909,0.523,6.31691410291069e-09,"1","RHPN1"
"CRABP2",6.0418337000101e-13,1.19658088275207,0.977,0.711,6.38259312069067e-09,"1","CRABP2"
"PTGFRN1",6.17506046296512e-13,0.46912871152453,0.739,0.234,6.52333387307635e-09,"1","PTGFRN"
"KRTCAP3",6.24389429049188e-13,1.29618431847269,0.864,0.459,6.59604992847562e-09,"1","KRTCAP3"
"INPP4A",6.28386231937839e-13,0.901486746437073,0.841,0.362,6.63827215419133e-09,"1","INPP4A"
"ANGEL1",6.3815619455454e-13,0.896997019035256,0.92,0.463,6.74148203927416e-09,"1","ANGEL1"
"ANKRD16",6.55697718343617e-13,1.03319947425302,0.625,0.206,6.92679069658197e-09,"1","ANKRD16"
"LMBRD2",6.62359056491368e-13,0.907177985546945,0.92,0.505,6.99716107277482e-09,"1","LMBRD2"
"CYSRT1",6.65689725565244e-13,0.705335610638222,0.761,0.275,7.03234626087124e-09,"1","CYSRT1"
"CHADL",6.75903777391795e-13,0.842856422470214,0.818,0.376,7.14024750436693e-09,"1","CHADL"
"CHCHD6",6.85451695403572e-13,1.01533776677868,0.932,0.633,7.24111171024333e-09,"1","CHCHD6"
"NDRG2",6.94999613415348e-13,1.18333346885421,0.875,0.509,7.34197591611974e-09,"1","NDRG2"
"ZNF343",7.05213665241899e-13,0.789072473412324,0.852,0.39,7.44987715961543e-09,"1","ZNF343"
"TP53I11",7.087663789207e-13,0.853425255108452,0.909,0.486,7.48740802691827e-09,"1","TP53I11"
"NBEAL2",7.12763181809350e-13,0.90747054219522,0.92,0.472,7.52963025263398e-09,"1","NBEAL2"
"GDF15",7.37632177560954e-13,1.14741683339643,0.898,0.523,7.79234632375392e-09,"1","GDF15"
"MRPS14",7.4584782794318e-13,0.852633113367705,1,0.835,7.87913645439176e-09,"1","MRPS14"
"CDS1",7.48290318597356e-13,0.90670626297021,0.92,0.477,7.90493892566246e-09,"1","CDS1"
"USP43",7.54285522930331e-13,0.458116086255163,0.761,0.294,7.96827226423602e-09,"1","USP43"
"ZHX1-C8orf76",7.54507567535256e-13,1.0010880924628,0.989,0.807,7.97061794344245e-09,"1","ZHX1-C8orf76"
"WDR62",7.54951656745106e-13,0.59826310010291,0.977,0.463,7.9753093018553e-09,"1","WDR62"
"DTX3L",7.84927678409986e-13,0.988259971894895,0.966,0.794,8.29197599472309e-09,"1","DTX3L"
"PPM1N",7.91811061162662e-13,0.892957493737635,0.841,0.394,8.36469205012236e-09,"1","PPM1N"
"KLHDC9",7.97584220890712e-13,0.979764817002126,0.92,0.45,8.42567970948949e-09,"1","KLHDC9"
"PLK1",7.98028310100563e-13,0.5539625322785,0.943,0.436,8.43037106790234e-09,"1","PLK1"
"STK39",8.11573031000989e-13,1.13080800498759,0.955,0.624,8.57345749949445e-09,"1","STK39"
"TTF2",8.16235967704415e-13,0.670505403406515,0.977,0.532,8.62271676282944e-09,"1","TTF2"
"ZNF446",8.19566636778291e-13,0.995722406444479,0.955,0.578,8.65790195092586e-09,"1","ZNF446"
"PPP4C",8.28448420975292e-13,0.706988295446736,1,0.986,8.75172911918298e-09,"1","PPP4C"
"F11R",8.34443625308268e-13,1.01946773770991,0.989,0.83,8.81506245775654e-09,"1","F11R"
"CDCA8",8.35331803727968e-13,0.392110775799099,0.943,0.394,8.82444517458225e-09,"1","CDCA8"
"PDXDC1",8.35775892937818e-13,0.878814238136068,1,0.945,8.82913653299511e-09,"1","PDXDC1"
"NMRK1",8.44435632529894e-13,0.913985313776123,0.864,0.358,8.9206180220458e-09,"1","NMRK1"
"DNMT3A",8.67972360651947e-13,1.06466923878247,0.955,0.67,9.16926001792717e-09,"1","DNMT3A"
"COPA",8.81739126157299e-13,0.690555297445913,1,0.982,9.31469212872571e-09,"1","COPA"
"ATP8B1",8.8928864272475e-13,0.742738775615664,0.955,0.528,9.39444522174426e-09,"1","ATP8B1"
"DHRS13",8.94173624033101e-13,0.931990006379061,0.932,0.486,9.44605016428568e-09,"1","DHRS13"
"TOPBP1",9.01279051390702e-13,1.02120822929208,0.977,0.734,9.52111189889138e-09,"1","TOPBP1"
"REXO5",9.13935593871429e-13,0.739614256145524,0.886,0.376,9.65481561365777e-09,"1","REXO5"
"PARP9",9.25481913327530e-13,1.0995532672238,0.966,0.688,9.77679093239203e-09,"1","PARP9"
"ZNF418",9.30366894635881e-13,0.57234019351126,0.807,0.321,9.82839587493345e-09,"1","ZNF418"
"PYCR3",9.34807786734382e-13,0.967259193228623,0.989,0.729,9.87530945906201e-09,"1","PYCR3"
"GCAT",9.37694366598407e-13,0.795513903014962,0.932,0.472,9.90580328874557e-09,"1","GCAT"
"FAM229A",9.38804589623032e-13,0.659808796766011,0.75,0.257,9.91753168477771e-09,"1","FAM229A"
"SLC23A2",9.73443547991337e-13,0.808476083858095,0.943,0.61,1.02834576409805e-08,"1","SLC23A2"
"VRK2",9.9298347322474e-13,0.752289579852053,0.989,0.839,1.04898774111462e-08,"1","VRK2"
"ATXN7L1",9.99422766767566e-13,0.666586441114325,0.977,0.578,1.05579021081326e-08,"1","ATXN7L1"
"TMOD1",1.00786046175472e-12,0.822550664135927,0.864,0.404,1.06470379179768e-08,"1","TMOD1"
"URB2",1.01296748766799e-12,0.823258163141914,0.818,0.381,1.07009885397247e-08,"1","URB2"
"LYPD3",1.03006492224722e-12,0.897734599329635,0.92,0.486,1.08816058386196e-08,"1","LYPD3"
"KSR1",1.04516395538212e-12,0.935913848865614,0.795,0.335,1.10411120246567e-08,"1","KSR1"
"ITGB2",1.06026298851702e-12,0.357103280945749,0.75,0.28,1.12006182106938e-08,"1","ITGB2"
"BUB1",1.06492592522045e-12,0.72928511887592,0.92,0.399,1.12498774740288e-08,"1","BUB1"
"HR",1.06492592522045e-12,1.18392875956228,0.898,0.463,1.12498774740288e-08,"1","HR"
"C2CD4D",1.08446585045385e-12,0.927121920568945,0.682,0.202,1.14562972441945e-08,"1","C2CD4D"
"MLYCD",1.08446585045385e-12,0.718217930680344,0.875,0.422,1.14562972441945e-08,"1","MLYCD"
"CCNF",1.0884626533425e-12,0.686862964275804,0.92,0.528,1.14985194699102e-08,"1","CCNF"
"SNAP47",1.09157127781145e-12,0.852189647056883,0.989,0.904,1.15313589788002e-08,"1","SNAP47"
"ST14",1.10178532963801e-12,1.08046671300102,0.886,0.463,1.16392602222959e-08,"1","ST14"
"SLC40A1",1.13042908367333e-12,0.6999956768283,0.875,0.399,1.19418528399251e-08,"1","SLC40A1"
"MFNG",1.13575815419154e-12,0.885970057139556,0.534,0.128,1.19981491408794e-08,"1","MFNG"
"PLBD1",1.15418785640031e-12,0.772737233094426,0.966,0.651,1.21928405150129e-08,"1","PLBD1"
"ABCB8",1.15574216863479e-12,0.776266570216927,0.966,0.541,1.22092602694579e-08,"1","ABCB8"
"IPPK",1.17728049531252e-12,0.849562792701571,0.989,0.743,1.24367911524814e-08,"1","IPPK"
"UBA1",1.17772458452237e-12,0.699376231272722,1,0.954,1.24414825108943e-08,"1","UBA1"
"SLC6A8",1.18594023490459e-12,0.470192139469258,0.841,0.376,1.25282726415321e-08,"1","SLC6A8"
"KLHL35",1.19215748384249e-12,1.14401740769609,0.898,0.518,1.25939516593121e-08,"1","KLHL35"
"SKAP1",1.20170540185427e-12,1.11537076647355,0.875,0.454,1.26948158651885e-08,"1","SKAP1"
"BORA",1.21058718605127e-12,0.742095205664793,0.841,0.362,1.27886430334456e-08,"1","BORA"
"PJA1",1.2134737659153e-12,0.90213777620539,0.886,0.394,1.28191368631292e-08,"1","PJA1"
"SELENBP1",1.23456800338317e-12,1.02887160870695,0.955,0.624,1.30419763877399e-08,"1","SELENBP1"
"CBX2",1.24300569837033e-12,1.1065909449413,0.83,0.445,1.31311121975841e-08,"1","CBX2"
"RMND5B",1.28030919199773e-12,0.646493785354822,1,0.995,1.3525186304264e-08,"1","RMND5B"
"TMEM106C",1.28963506540458e-12,0.723192182951923,1,0.931,1.3623704830934e-08,"1","TMEM106C"
"TJP3",1.29407595750308e-12,1.12432647479618,0.875,0.45,1.36706184150626e-08,"1","TJP3"
"SGF29",1.29674049276218e-12,0.904665337037207,0.943,0.491,1.36987665655397e-08,"1","SGF29"
"TMCC1",1.31628041799559e-12,1.03296162115041,0.977,0.651,1.39051863357054e-08,"1","TMCC1"
"LIN9",1.32560629140244e-12,1.02327331484427,0.966,0.463,1.40037048623753e-08,"1","LIN9"
"CLCN2",1.33959510151271e-12,0.882946016094007,0.898,0.518,1.41514826523803e-08,"1","CLCN2"
"RAB1A",1.34803279649987e-12,0.73972111447399,1,0.995,1.42406184622246e-08,"1","RAB1A"
"JAG2",1.34914301952449e-12,1.10332726279727,0.818,0.381,1.42523468582567e-08,"1","JAG2"
"RAB4A",1.36624045410372e-12,0.879312614536494,0.989,0.894,1.44329641571517e-08,"1","RAB4A"
"CERS6",1.40931710745917e-12,1.00814622094546,0.955,0.665,1.48880259231987e-08,"1","CERS6"
"SEMA4D",1.41331391034782e-12,0.520462256190208,0.943,0.523,1.49302481489144e-08,"1","SEMA4D"
"MANEAL",1.41953115928573e-12,0.740166549041382,0.659,0.211,1.49959271666944e-08,"1","MANEAL"
"GSTO2",1.44928513634568e-12,0.797559866557707,0.966,0.55,1.53102481803558e-08,"1","GSTO2"
"GRINA",1.46216372343133e-12,0.902788575823312,1,0.95,1.54462975743286e-08,"1","GRINA"
"RAB26",1.47926115801056e-12,1.18098407187025,0.795,0.335,1.56269148732235e-08,"1","RAB26"
"ZSCAN29",1.50501833218186e-12,1.04690045707305,0.932,0.633,1.58990136611692e-08,"1","ZSCAN29"
"DSCC1",1.50635059981141e-12,0.605294269259121,0.852,0.349,1.59130877364078e-08,"1","DSCC1"
"SLC50A1",1.50812695665081e-12,0.915183676084279,1,0.867,1.59318531700592e-08,"1","SLC50A1"
"IPO9",1.52367007899556e-12,0.775809880091131,1,0.95,1.60960507145091e-08,"1","IPO9"
"PARD3B1",1.53921320134032e-12,0.433572845291359,0.875,0.417,1.62602482589591e-08,"1","PARD3B"
"SKIL",1.54609658409299e-12,1.00553305322781,1,0.876,1.63329643143584e-08,"1","SKIL"
"BAHD1",1.5611956172279e-12,1.00308743654898,0.886,0.472,1.64924705003955e-08,"1","BAHD1"
"ANO9",1.58295598851055e-12,0.930019468831641,0.875,0.404,1.67223470626254e-08,"1","ANO9"
"ZNF808",1.58806301442382e-12,0.666233112634997,0.875,0.5,1.67762976843733e-08,"1","ZNF808"
"ASS1",1.58917323744845e-12,1.21811408562454,0.886,0.564,1.67880260804054e-08,"1","ASS1"
"KPTN",1.59650070941098e-12,1.00716790225135,0.932,0.518,1.68654334942175e-08,"1","KPTN"
"MBOAT1",1.60049751229963e-12,0.962525462598639,0.977,0.619,1.69076557199332e-08,"1","MBOAT1"
"MTARC1",1.61604063464438e-12,0.907711786019455,0.898,0.477,1.70718532643832e-08,"1","MTARC1"
"PACC1",1.63780100592703e-12,1.02111609179311,0.932,0.5,1.73017298266132e-08,"1","PACC1"
"NHSL2",1.64046554118613e-12,0.890087603970336,0.875,0.459,1.73298779770903e-08,"1","NHSL2"
"PPM1G",1.65223390524716e-12,0.691998109472453,1,0.936,1.7454198975031e-08,"1","PPM1G"
"SNX18",1.66777702759191e-12,1.08943399576808,0.886,0.491,1.76183965194809e-08,"1","SNX18"
"TIMMDC1",1.67621472257906e-12,0.805901040721414,0.989,0.867,1.77075323293252e-08,"1","TIMMDC1"
"ENGASE",1.71085368094737e-12,0.661467874059489,0.818,0.344,1.8073458285528e-08,"1","ENGASE"
"TFAP2C",1.71507252844094e-12,1.0471669844007,0.977,0.761,1.81180261904501e-08,"1","TFAP2C"
"MACROH2A2",1.7483792191797e-12,0.973793087771288,0.898,0.472,1.84698780714143e-08,"1","MACROH2A2"
"PCNA",1.75126579904372e-12,0.759326054727914,1,0.858,1.85003719010979e-08,"1","PCNA"
"ZNRF2",1.77369230414115e-12,0.662560443005768,0.909,0.463,1.87372855009471e-08,"1","ZNRF2"
"ZC3H3",1.77990955307905e-12,1.03370035553537,0.966,0.706,1.88029645187271e-08,"1","ZC3H3"
"ABCA7",1.82520665248376e-12,1.09716564014494,0.875,0.459,1.92814830768384e-08,"1","ABCA7"
"CBX8",1.83453252589061e-12,0.895712297266478,0.898,0.486,1.93800016035084e-08,"1","CBX8"
"KHK",1.84940951442059e-12,0.960406005337441,0.761,0.298,1.95371621103391e-08,"1","KHK"
"ZDHHC23",1.86739512741951e-12,0.752138227173008,0.807,0.321,1.97271621260597e-08,"1","ZDHHC23"
"CDKN2B",1.91335836063899e-12,0.80065201602892,0.67,0.183,2.02127177217903e-08,"1","CDKN2B"
"FANK1",1.9231283232557e-12,0.775011295396089,0.739,0.289,2.03159276068732e-08,"1","FANK1"
"C1orf35",1.9817480989559e-12,0.843725807210903,1,0.817,2.09351869173702e-08,"1","C1orf35"
"CBX4",2.00106597958438e-12,0.978159263271697,0.955,0.683,2.11392610083294e-08,"1","CBX4"
"MGAT4A",2.04725125740879e-12,0.47332049352217,0.909,0.454,2.16271622832664e-08,"1","MGAT4A"
"DGAT1",2.08566497406082e-12,0.835006742419428,1,0.881,2.20329647859785e-08,"1","DGAT1"
"SAMD121",2.10298445324497e-12,0.354344994458791,0.932,0.523,2.22159277640799e-08,"1","SAMD12"
"CMYA5",2.1129764604666e-12,0.845458571556423,0.841,0.399,2.23214833283691e-08,"1","CMYA5"
"PCSK6",2.11941575400942e-12,0.865889682748158,0.875,0.505,2.23895080253556e-08,"1","PCSK6"
"PSMD8",2.18403073404261e-12,0.564396072272578,1,0.991,2.30721006744261e-08,"1","PSMD8"
"CHRNA5",2.20712337295481e-12,0.800927415985637,0.795,0.326,2.33160513118946e-08,"1","CHRNA5"
"ATP9A",2.20845564058436e-12,0.89787707952097,0.966,0.752,2.33301253871332e-08,"1","ATP9A"
"RBM38",2.20934381900406e-12,1.26967694088384,0.886,0.638,2.33395081039589e-08,"1","RBM38"
"IQCB1",2.21356266649764e-12,0.81463451306733,0.932,0.555,2.3384076008881e-08,"1","IQCB1"
"TENT5C",2.26774155009934e-12,0.874394528327064,0.955,0.537,2.39564217352495e-08,"1","TENT5C"
"PBXIP1",2.27728946811112e-12,0.861413097746419,1,0.784,2.40572859411259e-08,"1","PBXIP1"
"SRPRB",2.28972396598692e-12,0.809476332281699,0.989,0.876,2.41886439766859e-08,"1","SRPRB"
"AMZ1",2.34723351866251e-12,0.79120651663166,0.75,0.307,2.47961748911507e-08,"1","AMZ1"
"CDC25C",2.36344277482203e-12,0.816236565407467,0.932,0.528,2.496740947322e-08,"1","CDC25C"
"CCM2",2.36921593455008e-12,0.843176448260921,0.977,0.573,2.50283971325871e-08,"1","CCM2"
"SLC67A2",2.38675745833916e-12,1.13427775640239,0.773,0.344,2.52137057898949e-08,"1","SLC67A2"
"SCD5",2.38764563675886e-12,1.25238517905441,0.909,0.683,2.52230885067206e-08,"1","SCD5"
"PSMB4",2.39430697490661e-12,0.580482027184276,1,1,2.52934588829135e-08,"1","PSMB4"
"LSR",2.44138043115072e-12,1.18305351684551,0.909,0.55,2.57907428746762e-08,"1","LSR"
"GCHFR",2.47468712188947e-12,1.00646181021198,0.909,0.495,2.61425947556404e-08,"1","GCHFR"
"IMPA2",2.51643150761538e-12,0.870417926796764,0.943,0.592,2.65835824464489e-08,"1","IMPA2"
"GRIP1",2.55795384873636e-12,0.668046187398348,0.636,0.216,2.70222244580509e-08,"1","GRIP1"
"MTERF3",2.58726373658646e-12,1.13910992754454,0.909,0.661,2.73318541132994e-08,"1","MTERF3"
"TSHZ1",2.61501931220209e-12,1.02804133014221,0.83,0.399,2.76250640141029e-08,"1","TSHZ1"
"ZNF525",2.61679566904149e-12,0.959855685018001,0.875,0.463,2.76438294477543e-08,"1","ZNF525"
"CTDP1",2.65520938569352e-12,0.770147332785628,0.875,0.39,2.80496319504664e-08,"1","CTDP1"
"ABHD11",2.6691981958038e-12,0.914401752837882,1,0.807,2.81974097404714e-08,"1","ABHD11"
"APH1A",2.67830202460573e-12,0.694158855095033,1,0.991,2.82935825879349e-08,"1","APH1A"
"ALDH3B2",2.68740585340765e-12,0.773207641678177,0.75,0.28,2.83897554353985e-08,"1","ALDH3B2"
"ZNF77",2.69273492392585e-12,0.865765967228273,0.83,0.445,2.84460517363527e-08,"1","ZNF77"
"MPC1",2.70206079733271e-12,0.978843881348307,0.966,0.711,2.85445702630227e-08,"1","MPC1"
"MROH1",2.76623168815604e-12,0.941912873897109,0.989,0.812,2.92224715536804e-08,"1","MROH1"
"EPPK1",2.77045053564962e-12,1.00585551908955,0.943,0.583,2.92670394586025e-08,"1","EPPK1"
"LHFPL4",2.77577960616782e-12,0.717597141864228,0.545,0.133,2.93233357595568e-08,"1","LHFPL4"
"DCST1",2.78466139036482e-12,0.798431914460458,0.75,0.284,2.94171629278139e-08,"1","DCST1"
"NOTCH3",2.79598566521599e-12,0.657069585015107,0.909,0.5,2.95367925673418e-08,"1","NOTCH3"
"E2F8",2.80508949401792e-12,0.287353377045586,0.852,0.294,2.96329654148053e-08,"1","E2F8"
"REM21",2.81574763505432e-12,0.616458215417492,0.591,0.161,2.97455580167139e-08,"1","REM2"
"NSMCE2",2.82418533004147e-12,0.924098361930933,0.977,0.803,2.98346938265581e-08,"1","NSMCE2"
"GNPTAB",2.82596168688087e-12,0.868933910898116,0.977,0.67,2.98534592602095e-08,"1","GNPTAB"
"CNOT11",2.8297364451646e-12,1.00750514743616,0.977,0.638,2.98933358067188e-08,"1","CNOT11"
"ESPL1",2.85149681644725e-12,0.561735237977165,0.955,0.468,3.01232123689488e-08,"1","ESPL1"
"EEF1AKMT1",2.85216295026203e-12,1.21149760263766,0.636,0.216,3.01302494065681e-08,"1","EEF1AKMT1"
"HES6",2.91144885977701e-12,1.00119624701867,0.909,0.436,3.07565457546843e-08,"1","HES6"
"METTL25B",2.91167090438194e-12,0.551681295454778,0.966,0.638,3.07588914338908e-08,"1","METTL25B"
"PTP4A3",2.91411339503611e-12,0.857798297786928,0.932,0.408,3.07846939051615e-08,"1","PTP4A3"
"PBX1",2.93032265119564e-12,1.01324985961195,0.92,0.56,3.09559284872307e-08,"1","PBX1"
"FAM111A",2.93165491882519e-12,0.990052848796689,0.92,0.679,3.09700025624693e-08,"1","FAM111A"
"PAGR1",2.93320923105966e-12,0.785333727344383,1,0.959,3.09864223169143e-08,"1","PAGR1"
"PAQR5",2.93498558789906e-12,1.00146157358973,0.943,0.619,3.10051877505657e-08,"1","PAQR5"
"HOXB5",2.94919644261427e-12,0.554896161669702,0.83,0.344,3.11553112197771e-08,"1","HOXB5"
"PALM",3.01914049316565e-12,0.786531862607301,0.761,0.317,3.18942001698019e-08,"1","PALM"
"ZNF135",3.05000469325023e-12,1.04382420158947,0.955,0.656,3.22202495794954e-08,"1","ZNF135"
"CDAN1",3.05377945153396e-12,1.17152919146944,0.761,0.326,3.22601261260047e-08,"1","CDAN1"
"HAX1",3.05422354074381e-12,0.689975174416238,1,0.954,3.22648174844176e-08,"1","HAX1"
"LPIN3",3.06599190480483e-12,0.903935619361786,0.977,0.766,3.23891384823582e-08,"1","LPIN3"
"ZNF184",3.10174108619776e-12,0.644234311352262,0.909,0.399,3.27667928345932e-08,"1","ZNF184"
"PRR5",3.10440562145686e-12,0.861888882674433,0.693,0.266,3.27949409850703e-08,"1","PRR5"
"MIPEP",3.11994874380161e-12,1.01530589670502,0.932,0.569,3.29591385295203e-08,"1","MIPEP"
"MREG",3.15547588058962e-12,1.00766691822983,0.909,0.505,3.33344472025487e-08,"1","MREG"
"ZNF704",3.19655413250075e-12,1.00344465234756,0.932,0.592,3.37683978557379e-08,"1","ZNF704"
"AATK",3.23829851822666e-12,1.04399844157496,0.966,0.844,3.42093855465464e-08,"1","AATK"
"SLC38A10",3.25561799741081e-12,0.800898866562378,1,0.853,3.43923485246478e-08,"1","SLC38A10"
"ALDH1B1",3.28803650972986e-12,0.832043441144492,0.932,0.505,3.47348176887863e-08,"1","ALDH1B1"
"EPHX1",3.32334160191294e-12,1.12705665344833,0.966,0.807,3.51077806826083e-08,"1","EPHX1"
"ITPKB",3.38307160063778e-12,0.992541370037167,0.886,0.482,3.57387683891375e-08,"1","ITPKB"
"SH3PXD2B",3.43125527990651e-12,0.872023541168056,0.852,0.413,3.62477807769324e-08,"1","SH3PXD2B"
"ZNF234",3.43858275186903e-12,0.784895888534775,0.784,0.335,3.63251881907445e-08,"1","ZNF234"
"RAB3A",3.44324568857246e-12,1.55319726158651,0.42,0.078,3.63744474540795e-08,"1","RAB3A"
"ADAP2",3.47011308576839e-12,1.13361574109245,0.75,0.321,3.66582746380573e-08,"1","ADAP2"
"WNT3",3.49231754626089e-12,0.752392324461794,0.773,0.275,3.68928425587001e-08,"1","WNT3"
"IFIH1",3.55870888313348e-12,0.951658021601554,0.864,0.454,3.7594200641422e-08,"1","IFIH1"
"ZNF771",3.7185809986795e-12,0.819005412855666,1,0.826,3.92830896700502e-08,"1","ZNF771"
"GEN1",3.75632858151675e-12,0.399097753686441,0.932,0.463,3.9681855135143e-08,"1","GEN1"
"CCDC134",3.75832698296108e-12,0.480102865699992,0.67,0.206,3.97029662480008e-08,"1","CCDC134"
"SRBD1",3.79918319026729e-12,1.02512238986802,0.886,0.505,4.01345712219836e-08,"1","SRBD1"
"TBC1D24",3.79984932408206e-12,0.701940502790273,0.966,0.583,4.01416082596029e-08,"1","TBC1D24"
"FBXO32",3.83360010403067e-12,0.917767566795916,0.977,0.766,4.049815149898e-08,"1","FBXO32"
"TMC8",3.86335408109062e-12,1.2452402642136,0.727,0.298,4.08124725126413e-08,"1","TMC8"
"PSTPIP2",3.94217991583901e-12,0.604955273139758,0.875,0.385,4.16451886309233e-08,"1","PSTPIP2"
"PARP10",3.95039556622123e-12,1.02946114487249,0.966,0.693,4.17319787615611e-08,"1","PARP10"
"PTGR1",3.97237798210881e-12,0.929269363560278,0.977,0.757,4.19642010029975e-08,"1","PTGR1"
"PKP4",3.97326616052851e-12,0.850211573982463,0.989,0.775,4.19735837198232e-08,"1","PKP4"
"JTB",3.97748500802209e-12,0.815927200164131,1,0.991,4.20181516247453e-08,"1","JTB"
"TLR51",4.04254407726512e-12,0.444921330096138,0.807,0.312,4.27054356322287e-08,"1","TLR5"
"ZSCAN22",4.07851530326298e-12,0.693336976427872,0.864,0.463,4.30854356636701e-08,"1","ZSCAN22"
"ST3GAL1",4.14024370343213e-12,0.993470139085586,1,0.894,4.37375344830571e-08,"1","ST3GAL1"
"GLUL",4.28324042900385e-12,0.902422226417069,1,0.876,4.52481518919967e-08,"1","GLUL"
"TRAPPC9",4.29478674845996e-12,1.01334287196102,0.943,0.697,4.5370127210731e-08,"1","TRAPPC9"
"HGH1",4.31921165500171e-12,1.15844591893311,0.864,0.427,4.56281519234381e-08,"1","HGH1"
"FUZ",4.40403269408307e-12,0.865514487748325,0.977,0.647,4.65242013802936e-08,"1","FUZ"
"EPB41",4.59010607301025e-12,0.655154859314687,0.898,0.528,4.84898805552803e-08,"1","EPB41"
"PSMD2",4.62718752203273e-12,0.66049660211271,1,0.991,4.88816089827537e-08,"1","PSMD2"
"PELI3",4.69002614522651e-12,0.774299387144357,0.75,0.266,4.95454361981729e-08,"1","PELI3"
"PPIC",4.79238870809695e-12,0.901361366747685,0.977,0.867,5.06267943123362e-08,"1","PPIC"
"GTSE1",4.81548134700915e-12,0.623971077703949,0.943,0.436,5.08707449498047e-08,"1","GTSE1"
"PECR",4.82547335423078e-12,0.704733779831843,0.955,0.555,5.0976300514094e-08,"1","PECR"
"CGN",4.87831997020294e-12,0.80736351102741,0.898,0.44,5.15345721652238e-08,"1","CGN"
"RNF144B",4.87831997020294e-12,0.976472710557754,0.909,0.532,5.15345721652238e-08,"1","RNF144B"
"DNMT3B",4.91251483936139e-12,0.967141476396859,0.83,0.376,5.18958067630138e-08,"1","DNMT3B"
"MRAS",4.97180074887638e-12,1.01045539869362,0.795,0.376,5.252210311113e-08,"1","MRAS"
"TMEM63A",5.01487740223183e-12,0.836299502962087,1,0.821,5.29771648771771e-08,"1","TMEM63A"
"POLA1",5.03685981811941e-12,0.796139599869666,0.92,0.518,5.32093871186134e-08,"1","POLA1"
"TNRC6C",5.05062658362476e-12,0.84541928232214,0.966,0.688,5.3354819229412e-08,"1","TNRC6C"
"HILPDA",5.16431342134638e-12,1.00788881068307,0.943,0.633,5.45558069831031e-08,"1","HILPDA"
"SLC48A1",5.17230702712368e-12,0.848628384372412,1,0.775,5.46402514345345e-08,"1","SLC48A1"
"C14orf93",5.21627185889884e-12,0.417268976089213,0.83,0.307,5.51046959174073e-08,"1","C14orf93"
"C9orf152",5.39768230112259e-12,0.790781693785836,0.886,0.394,5.7021115829059e-08,"1","C9orf152"
"KLHL25",5.44075895447804e-12,0.76445604023825,0.795,0.317,5.7476177595106e-08,"1","KLHL25"
"SCYL3",5.50293144385705e-12,0.837943720466977,0.943,0.615,5.81329677729059e-08,"1","SCYL3"
"ZNF337",5.52313750290523e-12,0.788969358185301,0.909,0.55,5.83464245806908e-08,"1","ZNF337"
"PARD6B",5.52402568132493e-12,0.741879729924515,0.943,0.628,5.83558072975165e-08,"1","PARD6B"
"MRPS26",5.52602408276925e-12,0.788313658074603,1,0.927,5.83769184103744e-08,"1","MRPS26"
"INHBB",5.62550006577567e-12,0.819146349237188,0.898,0.427,5.94277826948542e-08,"1","INHBB"
"MRPS12",5.65125723994697e-12,0.653071120645897,1,0.95,5.96998814827998e-08,"1","MRPS12"
"TTLL12",5.68389779687095e-12,0.732679667293571,0.989,0.541,6.00446963261447e-08,"1","TTLL12"
"ETNK2",5.72297764733776e-12,0.737931622750744,0.92,0.491,6.04575358664761e-08,"1","ETNK2"
"ZNF250",5.89994719746301e-12,0.896984422289481,0.932,0.61,6.23270421939992e-08,"1","ZNF250"
"TUBGCP4",5.92326188098014e-12,0.822531635160395,0.989,0.839,6.25733385106741e-08,"1","TUBGCP4"
"SLC27A5",5.97166760485379e-12,0.873921576793919,0.966,0.67,6.30846965776755e-08,"1","SLC27A5"
"KCNMA1",5.99276184232167e-12,1.0087212625593,0.568,0.151,6.33075361022861e-08,"1","KCNMA1"
"TMEM79",6.01829697188805e-12,0.830324637336775,0.977,0.771,6.35772892110253e-08,"1","TMEM79"
"ELF3",6.0267346668752e-12,1.00298406805551,0.943,0.624,6.36664250208696e-08,"1","ELF3"
"TCF7L1",6.08513239797048e-12,1.04596961403382,0.92,0.528,6.42833386521602e-08,"1","TCF7L1"
"STK26",6.12643269448654e-12,0.857055314657938,0.932,0.463,6.47196349845558e-08,"1","STK26"
"B4GALNT1",6.21547258106148e-12,0.94374416981318,0.875,0.509,6.56602523463334e-08,"1","B4GALNT1"
"CENPM",6.23368023866533e-12,0.750279999462753,0.932,0.445,6.58525980412605e-08,"1","CENPM"
"ANKRD23",6.23479046168995e-12,0.942900210518575,0.977,0.578,6.58643264372927e-08,"1","ANKRD23"
"EMG1",6.24233997825741e-12,0.705834750286116,1,0.94,6.59440795303112e-08,"1","EMG1"
"KIF16B",6.26854124163856e-12,0.852796163191905,0.932,0.569,6.62208696766697e-08,"1","KIF16B"
"HMBOX1",6.29452046041479e-12,0.885667298597045,0.909,0.573,6.64953141438218e-08,"1","HMBOX1"
"SLC16A13",6.34647889796724e-12,1.12111922703771,0.489,0.115,6.7044203078126e-08,"1","SLC16A13"
"ZNF713",6.42996766941906e-12,0.784752373394457,0.83,0.404,6.79261784597429e-08,"1","ZNF713"
"SPTB",6.49125198037837e-12,1.21690601666334,0.739,0.303,6.85735859207171e-08,"1","SPTB"
"WDR53",6.49325038182269e-12,0.900435480467937,0.92,0.651,6.85946970335749e-08,"1","WDR53"
"PSD4",6.49857945234089e-12,0.976501345971237,0.932,0.573,6.86509933345292e-08,"1","PSD4"
"IRF2BP1",6.49968967536552e-12,0.834871726739141,0.886,0.44,6.86627217305613e-08,"1","IRF2BP1"
"RAB5IF",6.50923759337729e-12,0.672071781471836,1,0.986,6.87635859364377e-08,"1","RAB5IF"
"AUP1",6.5740746180154e-12,0.657238181584846,1,0.977,6.94485242647147e-08,"1","AUP1"
"JDP2",6.63735733041904e-12,0.806914071478825,0.83,0.404,7.01170428385467e-08,"1","JDP2"
"ACBD6",6.8791639051824e-12,0.799616255242758,1,0.881,7.26714874943468e-08,"1","ACBD6"
"CHAF1B",6.92779167366098e-12,0.788630101483909,0.966,0.624,7.31851912405546e-08,"1","CHAF1B"
"GPR37",6.9448891082402e-12,1.02531263638102,0.568,0.161,7.33658085394495e-08,"1","GPR37"
"MAL2",6.96753765794256e-12,1.00546296762361,0.898,0.509,7.36050678185052e-08,"1","MAL2"
"ZCCHC2",6.98130442344791e-12,0.672328339349076,0.807,0.307,7.37504999293037e-08,"1","ZCCHC2"
"BRCA1",7.03503921783977e-12,0.752245724722279,0.932,0.55,7.43181542972593e-08,"1","BRCA1"
"ISOC1",7.06967817620807e-12,0.767484743276816,1,0.743,7.46840802534621e-08,"1","ISOC1"
"MCM2",7.0903283244661e-12,0.855251043612959,0.989,0.596,7.49022284196599e-08,"1","MCM2"
"SCARB1",7.17981230025089e-12,0.973038019957043,0.955,0.541,7.58475371398504e-08,"1","SCARB1"
"LAMP1",7.18758386142326e-12,0.813777375066046,1,0.954,7.59296359120754e-08,"1","LAMP1"
"ANO1",7.20312698376802e-12,1.08960225779801,0.92,0.606,7.60938334565253e-08,"1","ANO1"
"PTPRU",7.21644966006352e-12,0.904125055239659,0.909,0.495,7.6234574208911e-08,"1","PTPRU"
"OVOL2",7.22688575649499e-12,0.748057180281683,0.977,0.748,7.63448211316131e-08,"1","OVOL2"
"MPND",7.23265891622304e-12,0.817355232148741,0.67,0.216,7.64058087909802e-08,"1","MPND"
"SIPA1L2",7.32525151647678e-12,0.604718076816353,0.705,0.243,7.73839570200607e-08,"1","SIPA1L2"
"ZSCAN21",7.4096284663483e-12,0.578103844561375,0.92,0.472,7.82753151185034e-08,"1","ZSCAN21"
"INAFM1",7.4442674247166e-12,0.723539171268182,0.818,0.394,7.86412410747062e-08,"1","INAFM1"
"TBC1D2B",7.45070671825943e-12,0.769388451698857,0.852,0.367,7.87092657716926e-08,"1","TBC1D2B"
"RABEP2",7.51021467237933e-12,0.895688871862516,0.955,0.628,7.93379077990153e-08,"1","RABEP2"
"SLC12A7",7.57727214306669e-12,0.75316241807557,0.909,0.422,8.00463029193565e-08,"1","SLC12A7"
"HDGF",7.71294139667589e-12,0.723475725484444,1,0.977,8.14795129144841e-08,"1","HDGF"
"SMYD2",7.81552600415125e-12,0.967990428066128,0.989,0.757,8.25632167078538e-08,"1","SMYD2"
"RBM47",7.88125120720906e-12,0.930360170562511,0.955,0.661,8.32575377529565e-08,"1","RBM47"
"MAGEE1",7.88258347483861e-12,0.816489029006988,0.398,0.064,8.32716118281951e-08,"1","MAGEE1"
"BTBD6",7.91544607636752e-12,0.800457305655807,0.909,0.495,8.36187723507464e-08,"1","BTBD6"
"C1orf54",7.96718246931505e-12,0.796618428708117,0.989,0.867,8.41653156058442e-08,"1","C1orf54"
"TGIF2-RAB5IF",8.00093324926365e-12,0.749878026239571,0.966,0.885,8.45218588452212e-08,"1","TGIF2-RAB5IF"
"UNKL",8.03201949395316e-12,0.298451137979426,1,0.711,8.48502539341212e-08,"1","UNKL"
"SEPHS2",8.1290529863054e-12,0.889896917972125,1,0.853,8.58753157473302e-08,"1","SEPHS2"
"FBP1",8.16435807848848e-12,0.935561691717341,0.932,0.578,8.62482787411523e-08,"1","FBP1"
"UBE2T",8.18922707424008e-12,0.783465726008929,0.989,0.679,8.65109948122722e-08,"1","UBE2T"
"ZMAT1",8.20121748290603e-12,0.93589374846965,0.716,0.275,8.66376614894193e-08,"1","ZMAT1"
"FAM53B",8.21698264985571e-12,0.78594681809346,0.92,0.454,8.68042047130757e-08,"1","FAM53B"
"CDC20",8.24385004705164e-12,0.590232506519323,0.909,0.376,8.70880318970535e-08,"1","CDC20"
"RPRD2",8.27937718383964e-12,0.852204639410524,1,0.835,8.7463340570082e-08,"1","RPRD2"
"CACNB3",8.46123171527324e-12,0.956954660772286,0.932,0.573,8.93844518401465e-08,"1","CACNB3"
"SRPK2",8.50741699309765e-12,0.842190603167383,0.989,0.913,8.98723531150836e-08,"1","SRPK2"
"CGREF1",8.62998561501627e-12,0.925367560906561,0.83,0.362,9.11671680370318e-08,"1","CGREF1"
"ZNF680",8.67839133888992e-12,0.891359643398864,0.852,0.381,9.16785261040332e-08,"1","ZNF680"
"NSFL1C",8.68771721229677e-12,0.616764450912626,1,0.959,9.17770446307031e-08,"1","NSFL1C"
"HPX1",8.76232419955159e-12,0.663943136200852,0.443,0.087,9.25651928440629e-08,"1","HPX"
"POP1",8.86379858400232e-12,1.09657769642071,0.864,0.472,9.36371682414006e-08,"1","POP1"
"MMEL1",9.11626329980209e-12,1.0598243020424,0.92,0.555,9.63042054991092e-08,"1","MMEL1"
"SYNJ1",9.193534822316e-12,0.76321702511818,0.852,0.422,9.71205018629462e-08,"1","SYNJ1"
"ALS2CL1",9.20263865111792e-12,0.348465788242952,0.83,0.349,9.72166747104097e-08,"1","ALS2CL"
"HSPA2",9.37827593361362e-12,0.969195320647671,0.898,0.505,9.90721069626943e-08,"1","HSPA2"
"TDRD7",9.39270883293375e-12,0.729796693308646,0.886,0.495,9.92245761111121e-08,"1","TDRD7"
"DCDC2B",9.43645162010398e-12,1.03303304234695,0.648,0.202,9.96866749147785e-08,"1","DCDC2B"
"CTSS1",9.45377109928813e-12,0.64452534199254,0.898,0.518,9.98696378928798e-08,"1","CTSS"
"VAV2",9.70468150285342e-12,0.932030277198415,0.966,0.716,1.02520255396144e-07,"1","VAV2"
"SLC16A6",9.75552971738125e-12,1.00998690776472,0.557,0.161,1.03057415934416e-07,"1","SLC16A6"
"DENND11",9.7675201260472e-12,0.394113778395678,0.852,0.372,1.03184082611563e-07,"1","DENND11"
"CEP70",9.87787629469494e-12,0.823092082697949,0.966,0.583,1.04349885177157e-07,"1","CEP70"
"ZNF416",9.89452964006432e-12,1.04148773634979,0.727,0.289,1.04525811117639e-07,"1","ZNF416"
"RNF149",9.92383952791442e-12,0.618887730004414,1,0.908,1.04835440772888e-07,"1","RNF149"
"FAXC",9.94471172077738e-12,1.10055838586271,0.625,0.225,1.05055934618292e-07,"1","FAXC"
"CRNKL1",9.96736027047973e-12,0.757997584442992,0.989,0.858,1.05295193897348e-07,"1","CRNKL1"
"TMEM121",1.00675023873009e-11,0.932355286753335,0.761,0.303,1.06353095219447e-07,"1","TMEM121"
"DOP1B",1.01427755083705e-11,0.922873878962046,0.955,0.683,1.07148280470426e-07,"1","DOP1B"
"MAPK11",1.01711972178009e-11,0.972945590102072,0.659,0.234,1.07448527408849e-07,"1","MAPK11"
"HACD3",1.02799990742142e-11,0.767946025264878,1,0.95,1.08597910219999e-07,"1","HACD3"
"GOLPH3L",1.03004271778673e-11,0.898181809331577,0.966,0.734,1.0881371270699e-07,"1","GOLPH3L"
"NUP210",1.03441699650375e-11,0.872948978433591,0.943,0.518,1.09275811510656e-07,"1","NUP210"
"ARF1",1.04971586978309e-11,0.607179968918803,1,1,1.10891984483885e-07,"1","ARF1"
"SERINC2",1.06108455355525e-11,1.01558523396869,0.92,0.555,1.12092972237576e-07,"1","SERINC2"
"NCAPH",1.07376330049647e-11,0.508420819146559,0.955,0.376,1.13432355064447e-07,"1","NCAPH"
"TTI2",1.07609476884818e-11,0.937479174290704,0.955,0.633,1.13678651381122e-07,"1","TTI2"
"SAMD1",1.08186792857623e-11,0.968132496804474,0.92,0.495,1.14288527974793e-07,"1","SAMD1"
"C20orf204",1.09210418486327e-11,0.965286294566454,0.83,0.353,1.15369886088956e-07,"1","C20orf204"
"CCDC28B",1.09245945623115e-11,0.724271064823284,0.955,0.509,1.15407416956259e-07,"1","CCDC28B"
"AAGAB",1.10782494289197e-11,0.867836318790334,0.977,0.849,1.17030626967107e-07,"1","AAGAB"
"ZNF319",1.11313180894967e-11,0.679186020729876,0.648,0.206,1.17591244297444e-07,"1","ZNF319"
"C21orf91",1.12561071574646e-11,1.10177383031809,0.898,0.514,1.18909516011456e-07,"1","C21orf91"
"TMEM183A",1.13440368210149e-11,0.701962404790969,0.989,0.913,1.19838404977202e-07,"1","TMEM183A"
"PTK7",1.13442588656198e-11,0.917615489852579,0.977,0.697,1.19840750656408e-07,"1","PTK7"
"CBLN3",1.15070175610299e-11,1.04393878286223,0.636,0.193,1.2156013351472e-07,"1","CBLN3"
"TP53INP1",1.15878417972226e-11,0.982437936764748,0.966,0.78,1.2241396074586e-07,"1","TP53INP1"
"HS6ST1",1.16053833210117e-11,0.860945312096015,0.92,0.459,1.22599269403167e-07,"1","HS6ST1"
"SLC39A6",1.1628031870714e-11,0.674870183861113,1,0.908,1.22838528682223e-07,"1","SLC39A6"
"TIMM10",1.16855414233896e-11,0.809115678592091,0.989,0.913,1.23446059596688e-07,"1","TIMM10"
"KPNA6",1.17044152148083e-11,0.785815420140711,1,0.995,1.23645442329234e-07,"1","KPNA6"
"KCTD18",1.17756915329892e-11,0.945227921488911,0.83,0.454,1.24398405354498e-07,"1","KCTD18"
"GPR137B",1.18227649892333e-11,1.00548475493682,0.864,0.472,1.2489568934626e-07,"1","GPR137B"
"DENND1C",1.18558496353671e-11,0.451571958037388,0.682,0.234,1.25245195548018e-07,"1","DENND1C"
"DSC2",1.19373400053746e-11,0.913024325656538,0.955,0.784,1.26106059816777e-07,"1","DSC2"
"BLTP3A",1.19690923838789e-11,0.793109062336193,0.989,0.867,1.26441491943297e-07,"1","BLTP3A"
"ARHGEF11",1.19728671421626e-11,0.969071254712075,0.977,0.67,1.26481368489806e-07,"1","ARHGEF11"
"RNF213",1.20494725308617e-11,0.834590402602743,1,0.959,1.27290627816024e-07,"1","RNF213"
"EEFSEC",1.209898847776e-11,0.941329709112118,0.932,0.578,1.27813714279057e-07,"1","EEFSEC"
"SMIM5",1.22972743099581e-11,0.946791784511186,0.784,0.33,1.29908405810397e-07,"1","SMIM5"
"ORC1",1.23818733044345e-11,0.741109336429256,0.682,0.252,1.30802109588046e-07,"1","ORC1"
"RND11",1.24373844556658e-11,0.662068800279227,0.909,0.477,1.31388529389653e-07,"1","RND1"
"TTC39A",1.24760202169227e-11,0.718281407222459,0.909,0.532,1.31796677571572e-07,"1","TTC39A"
"SLC2A11",1.25983667942364e-11,0.922284575314667,0.898,0.5,1.33089146814314e-07,"1","SLC2A11"
"NQO1",1.26592070159859e-11,0.898420945243057,0.989,0.963,1.33731862916875e-07,"1","NQO1"
"CYP2J2",1.26685328893927e-11,0.90212765849787,0.693,0.243,1.33830381443545e-07,"1","CYP2J2"
"UBAP2L",1.2792211734336e-11,0.627221762264696,1,0.986,1.35136924761525e-07,"1","UBAP2L"
"BRME1",1.31219479726497e-11,1.4020449635951,0.807,0.422,1.38620258383071e-07,"1","BRME1"
"RELCH",1.35305100457117e-11,0.94521593307232,0.932,0.532,1.42936308122898e-07,"1","RELCH"
"SLC25A10",1.35822464386592e-11,0.9478783510555,0.966,0.706,1.43482851377996e-07,"1","SLC25A10"
"XYLT2",1.37101441310961e-11,0.829226359673773,0.989,0.771,1.44833962600899e-07,"1","XYLT2"
"RORA",1.37354572160575e-11,1.08939183352606,0.83,0.5,1.45101370030432e-07,"1","RORA"
"ARHGEF25",1.3739898108156e-11,1.51738364505915,0.5,0.128,1.4514828361456e-07,"1","ARHGEF25"
"C21orf58",1.37616584794387e-11,0.394076499072543,0.92,0.422,1.4537816017679e-07,"1","C21orf58"
"MFHAS1",1.39277478439226e-11,0.77762434971749,0.932,0.518,1.47132728223198e-07,"1","MFHAS1"
"SPATA61",1.39439571000821e-11,0.360901672954695,0.602,0.183,1.47303962805267e-07,"1","SPATA6"
"PPP2R5A",1.40885081378883e-11,0.658246775447887,0.977,0.693,1.48830999968652e-07,"1","PPP2R5A"
"TMEM63C",1.42148515180907e-11,0.773566643691387,0.92,0.45,1.5016569143711e-07,"1","TMEM63C"
"RUSC1",1.4228618283596e-11,0.841716853796968,0.989,0.858,1.50311123547908e-07,"1","RUSC1"
"PPP1R3D",1.42601486174954e-11,0.941770651948014,0.841,0.408,1.50644209995221e-07,"1","PPP1R3D"
"LGALS9",1.43391964968487e-11,0.771851706283474,0.898,0.431,1.51479271792709e-07,"1","LGALS9"
"KLHL23",1.43629552695757e-11,0.92553946050817,0.909,0.546,1.51730259467797e-07,"1","KLHL23"
"SAPCD2",1.43667300278594e-11,0.938835054273643,0.886,0.482,1.51770136014306e-07,"1","SAPCD2"
"CNPY3",1.44517731115457e-11,0.791330270106295,1,0.876,1.52668531150368e-07,"1","CNPY3"
"TMEM8B",1.44830814008401e-11,0.724786626314923,0.989,0.927,1.52999271918475e-07,"1","TMEM8B"
"VASH1",1.45325973477384e-11,0.696729907190088,0.761,0.307,1.53522358381508e-07,"1","VASH1"
"IFT27",1.46767042963347e-11,0.713956964850955,0.966,0.541,1.5504470418648e-07,"1","IFT27"
"B4GALT4",1.48945300537662e-11,0.951150633879154,0.955,0.615,1.57345815487986e-07,"1","B4GALT4"
"USP31",1.51363366285295e-11,0.960694169049626,0.955,0.628,1.59900260143786e-07,"1","USP31"
"ATP11A",1.522382220287e-11,0.856641802139426,0.909,0.569,1.60824457751119e-07,"1","ATP11A"
"MAPK10",1.52646784101762e-11,0.92848827654736,0.864,0.509,1.61256062725101e-07,"1","MAPK10"
"EMP2",1.52722279267437e-11,0.804999660047217,1,0.977,1.6133581581812e-07,"1","EMP2"
"SLC22A5",1.53679291514663e-11,0.629764191372935,0.955,0.638,1.6234680355609e-07,"1","SLC22A5"
"DAPP1",1.54769530524845e-11,0.499108600112185,0.693,0.271,1.63498532046447e-07,"1","DAPP1"
"PSMC4",1.55706558757629e-11,0.6135365818589,1,0.963,1.64488408671559e-07,"1","PSMC4"
"ZNF768",1.56685775465348e-11,0.803908650523289,0.909,0.495,1.65522853201594e-07,"1","ZNF768"
"MPP7",1.57511781395669e-11,1.0388233483943,0.83,0.44,1.66395445866385e-07,"1","MPP7"
"SHARPIN",1.58846269471269e-11,0.84790613426893,1,0.977,1.67805199069448e-07,"1","SHARPIN"
"ARHGAP39",1.59254831544331e-11,1.03615198470363,0.92,0.564,1.68236804043431e-07,"1","ARHGAP39"
"MMUT",1.61985980184909e-11,0.862910860774733,0.977,0.807,1.71121989467338e-07,"1","MMUT"
"IQSEC1",1.62252433710819e-11,0.898011335945273,0.943,0.656,1.71403470972109e-07,"1","IQSEC1"
"VPS18",1.62392321811922e-11,0.764848636080314,0.966,0.569,1.71551248762114e-07,"1","VPS18"
"TOMM40L",1.62669877568078e-11,0.887420892030475,0.864,0.362,1.71844458662918e-07,"1","TOMM40L"
"FBF1",1.63058455626697e-11,0.77290693450101,0.886,0.44,1.72254952524042e-07,"1","FBF1"
"MX11",1.65911728799983e-11,0.358117431084509,0.92,0.569,1.75269150304302e-07,"1","MX1"
"TUBG1",1.66486824326739e-11,0.648959331145659,1,0.936,1.75876681218767e-07,"1","TUBG1"
"GLMP",1.66926472644491e-11,0.759658018231818,1,0.849,1.7634112570164e-07,"1","GLMP"
"ABLIM1",1.66975322457574e-11,0.83403154822313,0.966,0.78,1.76392730644181e-07,"1","ABLIM1"
"DHCR7",1.67543756646182e-11,0.737781141520915,0.989,0.739,1.76993224521027e-07,"1","DHCR7"
"ZNF497",1.69204650291022e-11,0.681132017942812,0.841,0.417,1.78747792567435e-07,"1","ZNF497"
"NSMCE3",1.72539760256996e-11,0.913378515990058,0.886,0.463,1.8227100273549e-07,"1","NSMCE3"
"SNAPIN",1.72577507839833e-11,0.722348676895041,1,0.913,1.82310879281999e-07,"1","SNAPIN"
"CDIP1",1.7273515950933e-11,0.60432938797256,0.852,0.413,1.82477422505656e-07,"1","CDIP1"
"SLC66A3",1.7439383270812e-11,0.772029543127581,0.989,0.798,1.84229644872858e-07,"1","SLC66A3"
"SLC29A2",1.75948144942595e-11,0.832670143336804,0.932,0.601,1.85871620317357e-07,"1","SLC29A2"
"NANS",1.7693846388056e-11,0.768379506280334,1,0.972,1.86917793243424e-07,"1","NANS"
"LRRC24",1.77498016284972e-11,0.71634805686273,0.966,0.651,1.87508904403444e-07,"1","LRRC24"
"CEP68",1.77782233379276e-11,0.806837265063767,0.955,0.642,1.87809151341867e-07,"1","CEP68"
"ZNF630",1.78397296934918e-11,0.672327896918659,0.716,0.28,1.88458904482047e-07,"1","ZNF630"
"DBP",1.78992376476117e-11,0.770782569675318,0.852,0.468,1.8908754650937e-07,"1","DBP"
"EFNB1",1.79645187614597e-11,0.934807321244761,0.716,0.252,1.8977717619606e-07,"1","EFNB1"
"SCRIB",1.8540946555845e-11,0.842471005204913,0.966,0.606,1.95866559415947e-07,"1","SCRIB"
"SPIRE2",1.85849113876202e-11,0.771330650856988,0.886,0.528,1.9633100389882e-07,"1","SPIRE2"
"TRAPPC6A",1.87843074428429e-11,0.918426138029722,0.966,0.578,1.98437423826192e-07,"1","TRAPPC6A"
"SLC49A3",1.90665261357026e-11,0.942841966475453,0.875,0.454,2.01418782097562e-07,"1","SLC49A3"
"KALRN1",1.90982785142069e-11,0.455345810905582,0.659,0.229,2.01754214224081e-07,"1","KALRN"
"ST7",1.94826377253321e-11,0.693310772992019,0.977,0.642,2.05814584930408e-07,"1","ST7"
"TMEM401",1.94979588030719e-11,0.533535439107883,0.648,0.243,2.05976436795652e-07,"1","TMEM40"
"PHKA1",1.95268246017122e-11,0.568683652914564,0.807,0.362,2.06281375092487e-07,"1","PHKA1"
"KRT19",1.95288230031565e-11,0.936501238813687,0.989,0.885,2.06302486205345e-07,"1","KRT19"
"LIMK2",1.96693772380740e-11,0.70690070998204,0.955,0.601,2.07787301143014e-07,"1","LIMK2"
"RCAN1",1.97379890209959e-11,1.2071193927817,0.932,0.716,2.08512116017801e-07,"1","RCAN1"
"E2F5",1.98379090932121e-11,0.809533720691229,1,0.927,2.09567671660693e-07,"1","E2F5"
"BSDC1",1.98399074946565e-11,0.694196076479044,0.989,0.839,2.09588782773551e-07,"1","BSDC1"
"CYP27A1",1.99014138502207e-11,1.08951605349843,0.943,0.706,2.10238535913732e-07,"1","CYP27A1"
"ADSS1",1.99162908387507e-11,0.813778976086503,0.83,0.358,2.10395696420562e-07,"1","ADSS1"
"CERS4",1.9974466525241e-11,1.01628424695105,0.841,0.431,2.11010264372646e-07,"1","CERS4"
"TOP1MT",2.00406358175087e-11,0.806281889082799,0.966,0.564,2.11709276776162e-07,"1","TOP1MT"
"KPNA1",2.02602379317796e-11,0.726257826413461,1,0.94,2.14029153511319e-07,"1","KPNA1"
"SCARA3",2.02828864814819e-11,1.49711335447793,0.761,0.317,2.14268412790375e-07,"1","SCARA3"
"DSTYK",2.03890238026361e-11,0.886345298737767,0.989,0.716,2.15389647451047e-07,"1","DSTYK"
"ESPN",2.04645189683106e-11,0.512303476324914,0.841,0.339,2.16187178381233e-07,"1","ESPN"
"EGFL7",2.05548911225151e-11,0.94166879746731,0.943,0.716,2.17141869818249e-07,"1","EGFL7"
"RBBP5",2.08044692584508e-11,0.868157386332439,0.977,0.803,2.19778413246274e-07,"1","RBBP5"
"CCDC15",2.1002311001439e-11,0.594565020272763,0.784,0.312,2.21868413419202e-07,"1","CCDC15"
"POMGNT2",2.11215489542838e-11,0.664015448579307,0.955,0.495,2.23128043153054e-07,"1","POMGNT2"
"RIDA",2.12991846382238e-11,0.867692478882752,0.955,0.606,2.25004586518196e-07,"1","RIDA"
"SESTD1",2.13120632253094e-11,0.754698710682968,0.909,0.5,2.25140635912169e-07,"1","SESTD1"
"METTL18",2.13715711794293e-11,0.747364682182307,0.898,0.436,2.25769277939492e-07,"1","METTL18"
"CCNB2",2.14832596157066e-11,0.562925617344863,0.955,0.491,2.26949154580325e-07,"1","CCNB2"
"TBC1D16",2.14832596157066e-11,0.794299816770399,0.909,0.509,2.26949154580325e-07,"1","TBC1D16"
"ASPM",2.1810997452576e-11,0.459203368393425,0.943,0.417,2.30411377089013e-07,"1","ASPM"
"FBXO44",2.19044782312494e-11,0.766002313913541,0.864,0.422,2.31398908034919e-07,"1","FBXO44"
"GARIN5A",2.19604334716905e-11,0.537562481475135,0.83,0.385,2.31990019194939e-07,"1","GARIN5A"
"PARP1",2.22128981874903e-11,0.722562260479554,1,0.904,2.34657056452647e-07,"1","PARP1"
"FAM222A",2.25670593323457e-11,0.746840344743035,0.602,0.193,2.383984147869e-07,"1","FAM222A"
"MAPK3",2.26940688463628e-11,0.895243767146017,0.977,0.706,2.39740143292977e-07,"1","MAPK3"
"FOXH1",2.28248531186637e-11,0.995730169553034,0.932,0.615,2.41121748345563e-07,"1","FOXH1"
"APOBEC3A",2.2927437726139e-11,0.620014959572724,0.818,0.372,2.42205452138933e-07,"1","APOBEC3A"
"ZFHX21",2.36939357023402e-11,0.675806237340902,0.75,0.321,2.50302736759522e-07,"1","ZFHX2"
"PAFAH1B3",2.37405650693745e-11,0.707135315978588,0.989,0.885,2.50795329392872e-07,"1","PAFAH1B3"
"IGSF8",2.37476704967321e-11,0.925300577609732,0.943,0.495,2.50870391127478e-07,"1","IGSF8"
"RHOT1",2.38840058841561e-11,0.747644572926879,0.989,0.679,2.52310638160225e-07,"1","RHOT1"
"ZNF552",2.39690489678424e-11,0.826378780275264,0.989,0.711,2.53209033296287e-07,"1","ZNF552"
"TFRC",2.43596254279055e-11,0.654327422389937,0.989,0.876,2.57335083020394e-07,"1","TFRC"
"EEF1A2",2.45048425995265e-11,0.761662856766367,0.886,0.431,2.58869157221397e-07,"1","EEF1A2"
"FBLN7",2.46014320026688e-11,0.601066351262173,0.841,0.394,2.59889527676194e-07,"1","FBLN7"
"SMG8",2.48170373140510e-11,0.806157091650101,0.898,0.477,2.62167182185635e-07,"1","SMG8"
"ZNF670",2.48925324797256e-11,0.603541604243283,0.818,0.339,2.62964713115821e-07,"1","ZNF670"
"PNPLA4",2.50377496513465e-11,0.931664157679197,0.932,0.592,2.64498787316825e-07,"1","PNPLA4"
"NT5M",2.51372256343529e-11,0.526979000525194,0.58,0.174,2.65549651601305e-07,"1","NT5M"
"BAMBI",2.51763054848197e-11,0.805095846226524,0.932,0.532,2.65962491141636e-07,"1","BAMBI"
"MCM6",2.53463916521923e-11,0.835137870188059,0.989,0.693,2.6775928141376e-07,"1","MCM6"
"RNPEP",2.56636933926302e-11,0.924515678886569,0.989,0.885,2.71111256999745e-07,"1","RNPEP"
"DVL3",2.56799026487897e-11,0.869651413552727,1,0.899,2.71282491581815e-07,"1","DVL3"
"MID2",2.57756038735124e-11,0.581574904565655,0.75,0.275,2.72293479319785e-07,"1","MID2"
"C5orf34",2.57831533900799e-11,0.954703726370953,0.716,0.271,2.72373232412804e-07,"1","C5orf34"
"CLIC3",2.57853738361291e-11,1.10089099704187,0.852,0.523,2.72396689204868e-07,"1","CLIC3"
"HSPB1",2.58970622724064e-11,0.589358613733399,1,1,2.73576565845701e-07,"1","HSPB1"
"PMS2",2.58977284062212e-11,0.581407088673277,0.898,0.44,2.73583602883321e-07,"1","PMS2"
"DDI2",2.59332555430092e-11,0.784120056886916,0.966,0.564,2.73958911556349e-07,"1","DDI2"
"SMPD2",2.59774424193893e-11,0.47590583167911,0.886,0.344,2.74425701718428e-07,"1","SMPD2"
"SLC16A1",2.60684807074085e-11,1.07396644850388,0.568,0.179,2.75387430193064e-07,"1","SLC16A1"
"SLX4IP",2.60935717477651e-11,0.573465906605597,0.955,0.56,2.7565249194339e-07,"1","SLX4IP"
"CXADR",2.61692889580445e-11,0.999432542074679,0.886,0.555,2.76452368552782e-07,"1","CXADR"
"TOP2A",2.6615154524734e-11,0.700395873687,0.955,0.56,2.81162492399289e-07,"1","TOP2A"
"MOSPD2",2.66515698399417e-11,1.04232753748574,0.807,0.344,2.81547183789144e-07,"1","MOSPD2"
"MSRB1",2.66631161593978e-11,0.812743791478455,0.989,0.674,2.81669159107878e-07,"1","MSRB1"
"SEPTIN8",2.66724420328046e-11,0.828098682773163,0.989,0.766,2.81767677634548e-07,"1","SEPTIN8"
"COMMD5",2.6706858946568e-11,0.799853154114174,0.989,0.931,2.82131257911544e-07,"1","COMMD5"
"PLEKHO1",2.68527422520037e-11,0.837226839268343,0.886,0.523,2.83672369150167e-07,"1","PLEKHO1"
"COX5B",2.7186697337811e-11,0.686450958278961,1,1,2.87200270676635e-07,"1","COX5B"
"ZNF606",2.74165135039084e-11,1.05077189419997,0.909,0.578,2.89628048655288e-07,"1","ZNF606"
"SLC25A11",2.75062195242981e-11,0.722755058086598,1,0.835,2.90575703054685e-07,"1","SLC25A11"
"ILRUN",2.77180500773966e-11,0.757736552102262,1,0.78,2.92813481017618e-07,"1","ILRUN"
"SAP130",2.79061218577681e-11,0.783970917854401,0.977,0.752,2.94800271305462e-07,"1","SAP130"
"MTARC2",2.83510992460378e-11,0.838722617921736,0.909,0.459,2.99501012435144e-07,"1","MTARC2"
"KITLG",2.85336199112862e-11,0.549621120036977,0.841,0.372,3.01429160742828e-07,"1","KITLG"
"RAD54L",2.86752843692284e-11,0.519697162278784,0.83,0.417,3.02925704076529e-07,"1","RAD54L"
"STRBP",2.86959345174864e-11,0.962614826880546,0.932,0.683,3.03143852242727e-07,"1","STRBP"
"IQCC",2.89408497167187e-11,0.709676048744913,0.864,0.436,3.05731136407417e-07,"1","IQCC"
"VPS16",2.92976753968333e-11,0.812411337697534,0.955,0.761,3.09500642892147e-07,"1","VPS16"
"RAPGEF5",2.93352009350656e-11,0.738660077821929,0.773,0.312,3.09897062678033e-07,"1","RAPGEF5"
"COL16A11",2.94668733857861e-11,0.321753472858065,0.807,0.321,3.11288050447445e-07,"1","COL16A1"
"ZNF776",2.95226065816223e-11,0.876531796789762,0.943,0.716,3.11876815928258e-07,"1","ZNF776"
"PARP16",2.95536928263118e-11,0.802928074130701,0.864,0.376,3.12205211017158e-07,"1","PARP16"
"ARL6IP1",2.96673796640334e-11,0.557398702775062,1,0.986,3.13406198770849e-07,"1","ARL6IP1"
"PON3",2.97302182872272e-11,0.47838627538833,0.841,0.362,3.14070025986268e-07,"1","PON3"
"EIF4EBP3",3.00552915888375e-11,0.83665967840794,0.83,0.404,3.17504100344479e-07,"1","EIF4EBP3"
"TBX1",3.0115909765982e-11,0.814616670879648,0.682,0.234,3.18144470767834e-07,"1","TBX1"
"THBS3",3.07271985633406e-11,0.500549196427084,0.955,0.518,3.2460212562313e-07,"1","THBS3"
"SH3BP5",3.07347480799081e-11,0.780635928906364,0.966,0.642,3.24681878716149e-07,"1","SH3BP5"
"NUDCD3",3.11450865098095e-11,0.730046081278573,1,0.894,3.29016693889628e-07,"1","NUDCD3"
"ZDHHC24",3.24298365939057e-11,0.721773317287894,0.977,0.83,3.4258879377802e-07,"1","ZDHHC24"
"MPZL2",3.25794946576252e-11,0.898447857496221,0.875,0.39,3.44169781563153e-07,"1","MPZL2"
"ZNF814",3.28137517158211e-11,0.710316384983877,0.977,0.885,3.46644473125934e-07,"1","ZNF814"
"LIN54",3.29023475131862e-11,0.834870584309699,1,0.711,3.47580399129299e-07,"1","LIN54"
"EBP",3.3320679548865e-11,0.70230264698133,1,0.977,3.5199965875421e-07,"1","EBP"
"FAM81A",3.3619773631699e-11,0.685614055075891,0.932,0.454,3.55159288645268e-07,"1","FAM81A"
"ZKSCAN5",3.37683214723938e-11,0.785628663817797,0.886,0.5,3.56728548034368e-07,"1","ZKSCAN5"
"TFPT",3.37894157098617e-11,0.742033710195425,0.989,0.624,3.56951387558979e-07,"1","TFPT"
"TTC21A",3.43742811992342e-11,0.392015828316845,0.761,0.271,3.63129906588711e-07,"1","TTC21A"
"TTYH3",3.45397044299034e-11,0.84731854550852,0.989,0.661,3.64877437597499e-07,"1","TTYH3"
"SLC35F6",3.45785622357653e-11,0.854198000595976,1,0.94,3.65287931458624e-07,"1","SLC35F6"
"CCDC78",3.46171979970222e-11,0.863789489058001,0.455,0.106,3.65696079640543e-07,"1","CCDC78"
"WDR76",3.47557538304955e-11,0.996027268754184,0.955,0.651,3.67159783465354e-07,"1","WDR76"
"ZNF517",3.50215412225907e-11,0.843449080586838,0.75,0.326,3.69967561475448e-07,"1","ZNF517"
"ANKRD36",3.51534357179162e-11,0.742015271595322,0.966,0.853,3.71360894924067e-07,"1","ANKRD36"
"ARVCF",3.52478046750093e-11,0.370068489248421,0.682,0.234,3.72357808586798e-07,"1","ARVCF"
"DCTPP1",3.52520235225029e-11,0.801540761776433,0.977,0.853,3.72402376491721e-07,"1","DCTPP1"
"MTSS1",3.5399683184778e-11,0.810872689653689,0.989,0.771,3.73962253163995e-07,"1","MTSS1"
"MAP3K1",3.55802054485821e-11,0.956650621074598,0.92,0.601,3.75869290358821e-07,"1","MAP3K1"
"SLC25A39",3.56361606890232e-11,0.71365735228483,1,0.959,3.76460401518841e-07,"1","SLC25A39"
"DHRS3",3.60120822051613e-11,0.887293388666648,0.989,0.872,3.80431636415324e-07,"1","DHRS3"
"ZNF551",3.62030405653968e-11,0.841444302565799,0.898,0.472,3.82448920532852e-07,"1","ZNF551"
"TBCCD1",3.62130325726184e-11,0.98029881083256,0.943,0.716,3.82554476097141e-07,"1","TBCCD1"
"WNT4",3.64375196681976e-11,2.20620367506851,0.523,0.151,3.8492595777484e-07,"1","WNT4"
"GJD3",3.65572017102522e-11,1.04830324467247,0.466,0.11,3.86190278867105e-07,"1","GJD3"
"GATA3",3.67039731941077e-11,0.739314155987421,0.955,0.757,3.87740772822553e-07,"1","GATA3"
"DHRS12",3.67572638992897e-11,0.534656803798864,0.909,0.45,3.88303735832096e-07,"1","DHRS12"
"ZNF347",3.73725494995369e-11,1.18984443604731,0.886,0.555,3.94803612913108e-07,"1","ZNF347"
"CD141",3.78790332433709e-11,0.368785627655917,0.955,0.431,4.00154107182971e-07,"1","CD14"
"INPP5B",3.79398734651204e-11,0.664994483769645,0.966,0.573,4.00796823285532e-07,"1","INPP5B"
"EBF4",3.83175713380979e-11,0.715186246387828,0.841,0.339,4.04786823615666e-07,"1","EBF4"
"MYO5B",3.90507626235603e-11,0.729354148445124,0.898,0.482,4.12532256355291e-07,"1","MYO5B"
"SHROOM3",3.91575660785293e-11,0.906049731197262,0.92,0.624,4.13660528053583e-07,"1","SHROOM3"
"ABCC5",3.94146937310325e-11,0.813060844311235,0.966,0.743,4.16376824574627e-07,"1","ABCC5"
"ZNF805",3.9489966852102e-11,0.773273491875626,0.966,0.587,4.17172009825606e-07,"1","ZNF805"
"CASZ1",3.9507730420496e-11,0.684228829499369,0.92,0.537,4.1735966416212e-07,"1","CASZ1"
"CFAP92",3.95594668134436e-11,0.908863396209652,0.977,0.72,4.17906207417218e-07,"1","CFAP92"
"OAZ1",4.04192235237133e-11,0.38093300130647,1,1,4.26988677304507e-07,"1","OAZ1"
"CHCHD2",4.08104661175912e-11,0.576127078474878,1,1,4.31121764066233e-07,"1","CHCHD2"
"BIK",4.10373957038246e-11,0.917908489553621,0.864,0.468,4.33519048215203e-07,"1","BIK"
"ASH1L",4.10977918363642e-11,0.832463138584412,0.989,0.936,4.34157072959351e-07,"1","ASH1L"
"SH3BGRL",4.12014866668642e-11,0.852307100966884,1,0.977,4.35252505148753e-07,"1","SH3BGRL"
"COG2",4.12230249935419e-11,0.792355473987238,0.989,0.729,4.35480036031777e-07,"1","COG2"
"NEBL",4.12985201592164e-11,1.01066271063349,0.909,0.541,4.36277566961962e-07,"1","NEBL"
"UCP2",4.1661118999059e-11,0.802608863183611,1,0.899,4.40108061106059e-07,"1","UCP2"
"IFITM2",4.1788350557681e-11,0.673001993377692,0.966,0.977,4.41452135291343e-07,"1","IFITM2"
"UHMK1",4.1989745014348e-11,0.654171149643078,1,0.963,4.43579666331573e-07,"1","UHMK1"
"IER5",4.24444923652345e-11,0.834370713387426,1,0.78,4.48383617346337e-07,"1","IER5"
"SLC12A9",4.24766888329486e-11,0.847221625599383,0.932,0.537,4.48723740831269e-07,"1","SLC12A9"
"FZD5",4.24884571970097e-11,0.896018325841692,0.841,0.445,4.4884806182921e-07,"1","FZD5"
"SFN",4.26687574162088e-11,0.881703440625141,0.966,0.798,4.5075275334483e-07,"1","SFN"
"KIF2C",4.27966551086456e-11,0.315961917224412,0.932,0.372,4.52103864567732e-07,"1","KIF2C"
"CCNB1",4.28757029879989e-11,0.467779467560916,0.955,0.578,4.52938926365221e-07,"1","CCNB1"
"BCAS4",4.30404600848533e-11,0.902446153183322,0.989,0.812,4.5467942033639e-07,"1","BCAS4"
"NUP62",4.30724345079625e-11,0.754845733895771,1,0.922,4.55017198142116e-07,"1","NUP62"
"CNOT9",4.32323066235085e-11,0.675272307052861,1,0.977,4.56706087170744e-07,"1","CNOT9"
"SEC61A1",4.36533031944464e-11,0.538113336971644,1,0.986,4.61153494946132e-07,"1","SEC61A1"
"EXOSC4",4.39075442670855e-11,0.753340792386012,1,0.858,4.63839297637492e-07,"1","EXOSC4"
"SDR42E1",4.42346159701401e-11,0.647457591147107,0.83,0.385,4.6729448310856e-07,"1","SDR42E1"
"JPH1",4.42417213974977e-11,1.49950068031041,0.591,0.197,4.67369544843166e-07,"1","JPH1"
"CCDC149",4.44211334382771e-11,0.61585656895716,0.818,0.367,4.6926485364196e-07,"1","CCDC149"
"KLHL22",4.48576731315597e-11,0.561875406646462,0.909,0.468,4.73876458961797e-07,"1","KLHL22"
"SNN",4.48843184841508e-11,0.814026405788406,0.875,0.491,4.74157940466569e-07,"1","SNN"
"SLC3A1",4.51541026791347e-11,0.847819610798886,0.841,0.422,4.77007940702379e-07,"1","SLC3A1"
"CREB3L4",4.53201920436186e-11,0.854248894821842,0.955,0.61,4.78762508748787e-07,"1","CREB3L4"
"DAB1",4.58975080164237e-11,0.976042237500445,0.682,0.239,4.848612746855e-07,"1","DAB1"
"SH3BP5L",4.59121629603487e-11,0.672300187225579,0.932,0.491,4.85016089513124e-07,"1","SH3BP5L"
"ZSCAN25",4.64657201604268e-11,0.791454268497205,0.932,0.592,4.90863867774749e-07,"1","ZSCAN25"
"CLSPN",4.65383287462373e-11,0.53560583306837,0.909,0.505,4.91630904875251e-07,"1","CLSPN"
"NR6A1",4.68389771413058e-11,0.86705546044672,0.898,0.573,4.94806954520755e-07,"1","NR6A1"
"HOXB2",4.85596007848699e-11,0.935418096602962,0.932,0.5,5.12983622691365e-07,"1","HOXB2"
"ZNF816-ZNF321P",4.86022333490155e-11,0.93563291628545,0.852,0.427,5.13433993099e-07,"1","ZNF816-ZNF321P"
"SLC66A2",4.93993734806963e-11,0.572114617609294,0.886,0.427,5.21854981450076e-07,"1","SLC66A2"
"TSPAN13",4.96478413936075e-11,0.999876355930757,0.955,0.628,5.24479796482069e-07,"1","TSPAN13"
"WDR24",5.04631891828922e-11,0.743658776619785,0.852,0.399,5.33093130528073e-07,"1","WDR24"
"CTPS2",5.06339414840795e-11,0.694648025051984,0.932,0.505,5.34896957837816e-07,"1","CTPS2"
"IRX5",5.11437558969874e-11,0.395238730435143,0.58,0.174,5.40282637295775e-07,"1","IRX5"
"ULK2",5.1251447530376e-11,0.446556486301179,0.886,0.417,5.41420291710892e-07,"1","ULK2"
"DNAJB2",5.13356024356426e-11,0.695301127665978,0.966,0.693,5.42309304130129e-07,"1","DNAJB2"
"PCCA",5.18800558069188e-11,0.885779657245048,0.898,0.615,5.4806090954429e-07,"1","PCCA"
"ZNF823",5.19828624589991e-11,0.611627514323872,0.784,0.339,5.49146959016866e-07,"1","ZNF823"
"TNFRSF25",5.21083176607817e-11,0.59933363708258,0.761,0.335,5.50472267768498e-07,"1","TNFRSF25"
"EPHB4",5.21560572508406e-11,0.682897606749219,0.92,0.573,5.5097658879788e-07,"1","EPHB4"
"DHRS11",5.22670795533031e-11,0.844825707951128,0.852,0.417,5.52149428401094e-07,"1","DHRS11"
"PPP1R21",5.23137089203374e-11,1.15227555989058,0.932,0.628,5.52642021034444e-07,"1","PPP1R21"
"ARHGAP4",5.27315968668063e-11,0.747533999111745,0.966,0.807,5.57056589300942e-07,"1","ARHGAP4"
"METRN",5.27904386871114e-11,0.779407099652626,0.955,0.523,5.57678194290645e-07,"1","METRN"
"GEMIN8",5.32800470409711e-11,0.808845771085632,0.943,0.482,5.62850416940819e-07,"1","GEMIN8"
"BTG21",5.34776667393544e-11,0.343868807856738,0.92,0.376,5.6493807143454e-07,"1","BTG2"
"GNAL",5.39355227147098e-11,0.947801923280486,0.943,0.596,5.69774861958194e-07,"1","GNAL"
"PIK3R3",5.41893196981391e-11,1.01484433073733,0.932,0.573,5.72455973291142e-07,"1","PIK3R3"
"MGMT",5.4349635902895e-11,0.908175497090142,0.898,0.445,5.74149553678183e-07,"1","MGMT"
"ELL3",5.45592460099442e-11,0.693570111866896,0.864,0.422,5.76363874849051e-07,"1","ELL3"
"FIBCD1",5.46958034419731e-11,0.796400689591989,0.943,0.633,5.77806467561004e-07,"1","FIBCD1"
"KCNMB3",5.49713607966851e-11,0.864956475722014,0.898,0.601,5.80717455456181e-07,"1","KCNMB3"
"TAF12",5.51678702720437e-11,0.772299933533393,0.943,0.528,5.8279338155387e-07,"1","TAF12"
"NUSAP1",5.56212853553006e-11,0.678937990659583,0.977,0.624,5.87583258493396e-07,"1","NUSAP1"
"TRAF5",5.57580648319345e-11,0.759007213003886,0.977,0.739,5.89028196884556e-07,"1","TRAF5"
"P3R3URF-PIK3R3",5.59241541964184e-11,1.10044377432696,0.841,0.381,5.90782764930964e-07,"1","P3R3URF-PIK3R3"
"DNPH1",5.65802960039719e-11,0.686958936288566,0.977,0.876,5.97714246985959e-07,"1","DNPH1"
"ZNF587",5.65802960039719e-11,0.753310048361555,0.977,0.876,5.97714246985959e-07,"1","ZNF587"
"RWDD2A",5.66473534746592e-11,0.382393689547507,0.784,0.326,5.984226421063e-07,"1","RWDD2A"
"PIK3R4",5.77073944185713e-11,0.813221098276144,0.966,0.573,6.09620914637787e-07,"1","PIK3R4"
"DNAJA1",5.81994452630852e-11,0.532995067808084,1,1,6.14818939759232e-07,"1","DNAJA1"
"PLEKHA6",5.82163206530595e-11,0.53432923721619,0.932,0.532,6.1499721137892e-07,"1","PLEKHA6"
"SGSM3",5.83870729542468e-11,0.802540407090596,0.966,0.647,6.16801038688664e-07,"1","SGSM3"
"POLR2K",5.93212146071664e-11,0.721714629684485,1,0.986,6.26669311110106e-07,"1","POLR2K"
"ZFTRAF1",5.96525051577146e-11,0.781436938137096,1,0.775,6.30169064486097e-07,"1","ZFTRAF1"
"ADAM15",6.02404792715561e-11,0.746949646926342,1,0.922,6.36380423024718e-07,"1","ADAM15"
"NHSL3",6.13695760875999e-11,0.915567166749659,0.977,0.739,6.48308201789405e-07,"1","NHSL3"
"ABHD12",6.1440186271966e-11,0.631259998417076,1,0.927,6.49054127777049e-07,"1","ABHD12"
"ARV1",6.17759177146127e-11,1.01862545993815,0.909,0.61,6.52600794737168e-07,"1","ARV1"
"COA3",6.22168982999938e-11,0.617422984627725,1,0.977,6.57259313641134e-07,"1","COA3"
"NAGLU",6.23474605276897e-11,0.718257624515664,0.955,0.615,6.58638573014514e-07,"1","NAGLU"
"MISP3",6.24438278862272e-11,0.865291382809436,0.682,0.252,6.59656597790104e-07,"1","MISP3"
"ZDHHC12",6.29096774673599e-11,0.649160507990752,1,0.899,6.6457783276519e-07,"1","ZDHHC12"
"KMT5C",6.29258867235194e-11,0.694767723023001,0.898,0.468,6.64749067347259e-07,"1","KMT5C"
"MESP1",6.33519903203705e-11,1.03057004105308,0.92,0.619,6.69250425744394e-07,"1","MESP1"
"PLPBP",6.41648956190011e-11,0.826849546926719,0.977,0.798,6.77837957319127e-07,"1","PLPBP"
"STARD7",6.52615739227258e-11,0.650750366683249,1,0.995,6.89423266919675e-07,"1","STARD7"
"CTU1",6.53488374524613e-11,0.888365652061577,0.602,0.188,6.90345118847802e-07,"1","CTU1"
"POU2F3",6.58675336495662e-11,2.64299517362393,0.489,0.156,6.95824625474017e-07,"1","POU2F3"
"GSDMD",6.59057253216133e-11,0.725737333854249,0.989,0.899,6.96228082297523e-07,"1","GSDMD"
"PABIR2",6.60924648343553e-11,0.520470223985646,0.932,0.491,6.98200798510129e-07,"1","PABIR2"
"UHRF1",6.64233112956936e-11,0.756393909005629,0.989,0.67,7.01695860527707e-07,"1","UHRF1"
"JMJD7-PLA2G4B",6.67046418101336e-11,0.866228077190891,0.955,0.615,7.04667836082251e-07,"1","JMJD7-PLA2G4B"
"FLAD1",6.74067468509065e-11,0.755389257924912,0.966,0.83,7.12084873732977e-07,"1","FLAD1"
"RASSF5",6.75350886325532e-11,0.515716265599415,0.591,0.183,7.13440676314292e-07,"1","RASSF5"
"PUM2",6.84081680191184e-11,0.728160707415546,1,0.959,7.22663886953967e-07,"1","PUM2"
"SLC2A8",6.84401424422276e-11,0.988814277444474,0.955,0.624,7.23001664759693e-07,"1","SLC2A8"
"FGD4",6.84816647833486e-11,0.758084603135811,0.898,0.514,7.23440306771295e-07,"1","FGD4"
"IDH1",6.95841162468014e-11,0.702950515411196,1,0.794,7.3508660403121e-07,"1","IDH1"
"PLS1",7.00968172395733e-11,0.800282993716125,0.943,0.505,7.40502777318852e-07,"1","PLS1"
"ALG10",7.02411462327746e-11,0.724235947587377,0.739,0.303,7.4202746880303e-07,"1","ALG10"
"FAM43A",7.07627290097435e-11,0.509621306142209,0.886,0.436,7.4753746925893e-07,"1","FAM43A"
"S1PR2",7.08373359969983e-11,0.779398337350988,0.932,0.528,7.4832561747229e-07,"1","S1PR2"
"HDHD2",7.10733694120336e-11,0.671244144274145,0.92,0.463,7.50819074468723e-07,"1","HDHD2"
"ZWILCH",7.14694969872198e-11,0.739259304524861,0.966,0.619,7.5500376617299e-07,"1","ZWILCH"
"TMEM132A",7.32607308151501e-11,0.860673686822341,0.92,0.56,7.73926360331245e-07,"1","TMEM132A"
"NR2F2",7.37627736668856e-11,0.753874091668798,1,0.945,7.79229941016979e-07,"1","NR2F2"
"ABRACL",7.40107974905868e-11,0.703438602367346,0.977,0.807,7.81850064690559e-07,"1","ABRACL"
"DNAJC27",7.45488115683202e-11,0.983101960064991,0.864,0.399,7.87533645407734e-07,"1","DNAJC27"
"RINT1",7.46389616779197e-11,0.73538602770921,0.943,0.61,7.88485991165544e-07,"1","RINT1"
"ZNF670-ZNF695",7.54625251175867e-11,0.979323911972708,0.807,0.385,7.97186115342186e-07,"1","ZNF670-ZNF695"
"SLC25A29",7.57194307254849e-11,0.725578403461127,0.955,0.596,7.99900066184023e-07,"1","SLC25A29"
"IDI1",7.59377005721262e-11,0.696428284006735,1,0.954,8.02205868843942e-07,"1","IDI1"
"ATP6V0B",7.67195196260673e-11,0.496335823247252,1,0.991,8.10465005329775e-07,"1","ATP6V0B"
"PSMD4",7.74322828078766e-11,0.575231205315546,1,0.968,8.17994635582409e-07,"1","PSMD4"
"PTPRF",7.74771358180715e-11,0.709538607554595,0.989,0.899,8.18468462782107e-07,"1","PTPRF"
"PDIA5",7.80067122008177e-11,0.737553004828184,1,0.794,8.24062907689438e-07,"1","PDIA5"
"RAB11FIP4",7.80597808613948e-11,0.856693162468242,0.898,0.505,8.24623525019774e-07,"1","RAB11FIP4"
"SMCO4",7.85960185822887e-11,0.374192847289497,0.875,0.417,8.30288340303298e-07,"1","SMCO4"
"URGCP",7.86457565737919e-11,0.88673073239673,0.955,0.61,8.30813772445538e-07,"1","URGCP"
"ZNF530",8.03581645669738e-11,0.670794641396803,0.864,0.427,8.48903650485511e-07,"1","ZNF530"
"LITAF",8.04289967959448e-11,0.887047684509027,1,0.968,8.49651922152361e-07,"1","LITAF"
"RELT",8.08813016561771e-11,0.656143361594302,0.864,0.431,8.54430070695855e-07,"1","RELT"
"ACOT1",8.13036304947445e-11,0.782703981344217,0.943,0.573,8.58891552546481e-07,"1","ACOT1"
"EFNA4",8.13902278906653e-11,0.939211503015424,0.886,0.468,8.59806367436988e-07,"1","EFNA4"
"LRRCC1",8.2081230701192e-11,0.980362972891851,0.886,0.564,8.67106121127392e-07,"1","LRRCC1"
"LRRC26",8.21420709229415e-11,0.807424947547288,0.898,0.45,8.67748837229954e-07,"1","LRRC26"
"PRDX1",8.2771345333299e-11,0.438263403142642,1,1,8.74396492100971e-07,"1","PRDX1"
"TOB1",8.35522762088203e-11,0.99225780837595,1,0.977,8.82646245869978e-07,"1","TOB1"
"DCAF12",8.41064995427132e-11,0.648845329414751,0.977,0.812,8.88501061169222e-07,"1","DCAF12"
"PREB",8.45299386043052e-11,0.749781990740447,1,0.78,8.92974271415881e-07,"1","PREB"
"CASP7",8.45443715036254e-11,0.80051328193551,0.932,0.587,8.93126740564298e-07,"1","CASP7"
"LYRM9",8.45556957784765e-11,0.477332038633015,0.852,0.372,8.93246370203826e-07,"1","LYRM9"
"LCMT2",8.46944736565547e-11,0.579323521371552,0.898,0.459,8.94712419707844e-07,"1","LCMT2"
"LIPE",8.47613090826371e-11,0.453864901119223,0.852,0.381,8.95418469148979e-07,"1","LIPE"
"FGD1",8.51305692606275e-11,0.636967847553178,0.864,0.454,8.99319333669268e-07,"1","FGD1"
"ZNF224",8.61493099080235e-11,0.78210306487156,0.864,0.5,9.1008130986836e-07,"1","ZNF224"
"S1PR3",8.83664252881999e-11,0.771006566331772,0.693,0.303,9.33502916744544e-07,"1","S1PR3"
"ELOVL7",8.98592311671109e-11,0.875390148487053,0.795,0.381,9.4927291804936e-07,"1","ELOVL7"
"ADIPOR1",9.0048635215112e-11,0.664624083133666,0.989,0.954,9.51273782412443e-07,"1","ADIPOR1"
"MYZAP",9.07811603667597e-11,0.867535362794597,0.511,0.151,9.59012178114449e-07,"1","MYZAP"
"ATAD5",9.13209508013324e-11,0.748547514365605,0.966,0.601,9.64714524265275e-07,"1","ATAD5"
"MGAT5B",9.1618268527327e-11,0.890496029170828,0.875,0.431,9.67855388722683e-07,"1","MGAT5B"
"ZNF468",9.25326482104083e-11,0.916031409012115,0.943,0.656,9.77514895694753e-07,"1","ZNF468"
"NEO1",9.25373111471117e-11,0.71640485782199,0.841,0.367,9.77564154958088e-07,"1","NEO1"
"FASTKD1",9.3117069610571e-11,0.471425015655182,0.852,0.339,9.83688723366072e-07,"1","FASTKD1"
"HSD17B6",9.48590095362079e-11,0.810594601616277,0.932,0.523,1.0020905767405e-06,"1","HSD17B6"
"LDAH",9.51443368535365e-11,0.914991445841889,0.784,0.326,1.00510477452076e-06,"1","LDAH"
"RPUSD2",9.5255359155999e-11,0.785570555652315,0.795,0.353,1.00627761412397e-06,"1","RPUSD2"
"LRRC45",9.59996526717077e-11,0.955052468665355,0.92,0.656,1.01414033082392e-06,"1","LRRC45"
"ANKRD39",9.64317514728918e-11,0.840757327729004,0.977,0.661,1.01870502255963e-06,"1","ANKRD39"
"SNRNP200",9.70967750646423e-11,0.585768374764172,1,0.945,1.02573033178288e-06,"1","SNRNP200"
"PLEKHH1",9.82165460072792e-11,0.676570798865819,0.886,0.518,1.0375595920209e-06,"1","PLEKHH1"
"ZKSCAN1",9.8486774291473e-11,0.784709229544846,0.977,0.917,1.04041428361512e-06,"1","ZKSCAN1"
"PITX1",9.98152671627395e-11,1.11142013185842,0.955,0.803,1.05444848230718e-06,"1","PITX1"
"PLEKHH3",9.99564875314718e-11,0.821305754630749,0.966,0.619,1.05594033428247e-06,"1","PLEKHH3"
"FBXO45",1.00089714294427e-10,0.968251384035594,0.932,0.716,1.05734774180632e-06,"1","FBXO45"
"GADD45B",1.00527142166129e-10,0.529077569780342,1,0.917,1.06196872984299e-06,"1","GADD45B"
"RADIL",1.00964792082436e-10,0.741652359718402,0.83,0.408,1.06659206355886e-06,"1","RADIL"
"SUSD6",1.01153529996623e-10,0.772595760628946,0.989,0.716,1.06858589088432e-06,"1","SUSD6"
"KRCC1",1.01527675155921e-10,0.863561709396681,0.92,0.651,1.07253836034715e-06,"1","KRCC1"
"SAE1",1.01821662212842e-10,0.578632052269428,1,0.95,1.07564403961646e-06,"1","SAE1"
"TRIM4",1.03757225033974e-10,0.772833402532294,0.932,0.665,1.0960913252589e-06,"1","TRIM4"
"PHKA2",1.03937747297778e-10,0.6985542628235,0.943,0.583,1.09799836245372e-06,"1","PHKA2"
"CLN8",1.05111919168621e-10,0.887129076434131,0.977,0.711,1.11040231409731e-06,"1","CLN8"
"PDZRN31",1.05162989427754e-10,0.826350542986709,0.557,0.174,1.11094182031479e-06,"1","PDZRN3"
"HELB",1.05244035708552e-10,1.13656018392554,0.625,0.266,1.11179799322514e-06,"1","HELB"
"DDRGK1",1.05303987751881e-10,0.645001542961659,1,0.913,1.11243132661087e-06,"1","DDRGK1"
"VWA8",1.05373709757828e-10,0.971662448263371,0.784,0.362,1.11316786988169e-06,"1","VWA8"
"NUDT17",1.06112674203018e-10,0.731860435421175,0.989,0.706,1.12097429028069e-06,"1","NUDT17"
"COX5A",1.06844311176246e-10,0.722290582312054,1,1,1.12870330326587e-06,"1","COX5A"
"SYTL3",1.08384856645216e-10,0.815765357116203,0.5,0.133,1.14497762560006e-06,"1","SYTL3"
"TBC1D9",1.08939302023714e-10,0.86442894589618,0.977,0.729,1.15083478657851e-06,"1","TBC1D9"
"DUSP23",1.09551478999492e-10,0.708083560752066,0.989,0.812,1.15730182415064e-06,"1","DUSP23"
"SETMAR",1.0955814033764e-10,0.756179173173833,0.92,0.532,1.15737219452683e-06,"1","SETMAR"
"ARPC1B",1.09898756761595e-10,0.676555276906622,1,0.977,1.16097046642949e-06,"1","ARPC1B"
"CP",1.14568576847773e-10,0.382610000177802,0.864,0.408,1.21030244581988e-06,"1","CP"
"SPEF2",1.17216680806109e-10,0.743577380363508,0.773,0.367,1.23827701603574e-06,"1","SPEF2"
"THAP10",1.17442722213923e-10,1.12120548942722,0.67,0.257,1.24066491746788e-06,"1","THAP10"
"SELENON",1.17680087896588e-10,0.893641631921889,0.932,0.606,1.24317244853955e-06,"1","SELENON"
"CHMP4C",1.17685639011711e-10,0.79383399650363,0.943,0.606,1.24323109051971e-06,"1","CHMP4C"
"CLMB",1.20217169552461e-10,0.923458947792168,0.875,0.537,1.2699741791522e-06,"1","CLMB"
"SEPTIN6",1.20983223439453e-10,0.724841687977771,0.886,0.44,1.27806677241438e-06,"1","SEPTIN6"
"PHLDB3",1.21177512468762e-10,0.791690664421888,0.886,0.5,1.28011924172e-06,"1","PHLDB3"
"C1R",1.2131584625763e-10,0.961636366459889,0.886,0.422,1.28158059986561e-06,"1","C1R"
"UBE2L6",1.21698207067311e-10,0.984384562335785,0.955,0.812,1.28561985945908e-06,"1","UBE2L6"
"QTRT2",1.22211130104688e-10,0.711258125325798,0.977,0.766,1.29103837842592e-06,"1","QTRT2"
"CITED4",1.22849730388452e-10,0.571897490960042,0.83,0.358,1.29778455182361e-06,"1","CITED4"
"POLR3C",1.23185683875704e-10,0.638244525654398,0.989,0.885,1.30133356446294e-06,"1","POLR3C"
"ZNF200",1.23428378628887e-10,0.807660703799191,0.83,0.417,1.30389739183556e-06,"1","ZNF200"
"ADM5",1.24138921364647e-10,1.53167581905025,0.511,0.156,1.31140356529613e-06,"1","ADM5"
"TMEM198",1.2490142253796e-10,0.790563779459679,0.841,0.463,1.31945862769101e-06,"1","TMEM198"
"MED12L",1.25606858247806e-10,0.923215897702236,0.841,0.445,1.32691085052983e-06,"1","MED12L"
"DOCK8",1.25742527501416e-10,0.897162077818272,0.83,0.427,1.32834406052496e-06,"1","DOCK8"
"TENT5A",1.2648393443726e-10,0.652942318956793,0.977,0.61,1.33617628339522e-06,"1","TENT5A"
"TMEM186",1.2715117847506e-10,0.748959702074429,0.898,0.518,1.34322504941053e-06,"1","TMEM186"
"POLR3B",1.27710508834866e-10,0.682038991886139,0.898,0.408,1.34913381533153e-06,"1","POLR3B"
"CNP",1.27712285191706e-10,0.629135818915638,1,0.963,1.34915258076518e-06,"1","CNP"
"ZNF623",1.27856836229512e-10,0.952161280388296,0.886,0.592,1.35067961792856e-06,"1","ZNF623"
"FRRS1",1.28341337557458e-10,0.861006867978404,0.841,0.431,1.35579788995699e-06,"1","FRRS1"
"ANKRD6",1.29229960066368e-10,0.32490106598666,0.773,0.317,1.36518529814111e-06,"1","ANKRD6"
"CILP2",1.30110811014106e-10,0.512646426046092,0.386,0.078,1.37449060755301e-06,"1","CILP2"
"FAM50B",1.30372601603312e-10,0.871115863203261,0.739,0.303,1.37725616333739e-06,"1","FAM50B"
"GABPA",1.31397337455041e-10,0.576047729368825,1,0.977,1.38808147287506e-06,"1","GABPA"
"RIPOR3",1.31468391728617e-10,0.89105136948032,0.75,0.349,1.38883209022111e-06,"1","RIPOR3"
"MCM10",1.31763711053168e-10,0.648065849536315,0.841,0.436,1.39195184356566e-06,"1","MCM10"
"NDUFS2",1.35153888081163e-10,0.498985651447692,1,0.982,1.42776567368941e-06,"1","NDUFS2"
"DCAF6",1.35159217151681e-10,0.640018722423298,1,0.991,1.42782196999036e-06,"1","DCAF6"
"PROM2",1.35595978889569e-10,0.846465988194237,0.909,0.528,1.43243592098941e-06,"1","PROM2"
"FAM8A1",1.36859634736197e-10,0.856596037725099,0.943,0.564,1.44578518135319e-06,"1","FAM8A1"
"LIPT2",1.37037270420137e-10,0.314465037210506,0.795,0.326,1.44766172471833e-06,"1","LIPT2"
"EFNA1",1.37564182267624e-10,0.558119899288812,0.92,0.518,1.45322802147518e-06,"1","EFNA1"
"CSAD",1.38062672405681e-10,0.713861233591686,0.955,0.706,1.45849407129361e-06,"1","CSAD"
"HMGB3",1.38704825403124e-10,0.801627737128297,0.989,0.807,1.4652777755586e-06,"1","HMGB3"
"HPS3",1.39608324900564e-10,0.848777626995969,0.989,0.743,1.47482234424956e-06,"1","HPS3"
"CXXC5",1.40083944444314e-10,0.754901719703332,0.966,0.812,1.47984678910973e-06,"1","CXXC5"
"DHX9",1.40147449201322e-10,0.681276307050728,1,0.945,1.48051765336277e-06,"1","DHX9"
"XPR1",1.40188749497838e-10,0.760169414685015,0.989,0.711,1.48095394969516e-06,"1","XPR1"
"SPIN4",1.42045264439616e-10,0.458590677509425,0.955,0.495,1.50056617354011e-06,"1","SPIN4"
"DLG3",1.42176714845732e-10,0.882454626449526,0.955,0.683,1.50195481563031e-06,"1","DLG3"
"ZBTB45",1.43462131063643e-10,0.788667673591949,0.989,0.716,1.51553395255632e-06,"1","ZBTB45"
"NR2F6",1.43864031798557e-10,0.818061516743088,0.909,0.55,1.51977963191996e-06,"1","NR2F6"
"INTS8",1.45135015117148e-10,0.848203632093518,0.977,0.821,1.53320629969755e-06,"1","INTS8"
"RCC2",1.45574441390295e-10,0.734538826048773,1,0.844,1.53784839884707e-06,"1","RCC2"
"MELK",1.45826906106095e-10,0.73595475465677,0.966,0.615,1.54051543610478e-06,"1","MELK"
"ADCK5",1.46445078286206e-10,0.839451207911687,0.92,0.56,1.54704580701548e-06,"1","ADCK5"
"POLR3K",1.4689338634355e-10,0.798842970940621,0.977,0.739,1.55178173333326e-06,"1","POLR3K"
"TP53BP2",1.48369982966301e-10,0.837651044945651,0.977,0.757,1.567380500056e-06,"1","TP53BP2"
"C7orf25",1.49618761824399e-10,0.702513941445282,0.864,0.399,1.58057259991295e-06,"1","C7orf25"
"ADAR",1.49774637137057e-10,0.804453731049464,1,0.963,1.58221926671587e-06,"1","ADAR"
"EPB41L1",1.503581703588e-10,0.412164142972494,0.932,0.573,1.58838371167036e-06,"1","EPB41L1"
"ZNF609",1.50642831542314e-10,0.752315747385587,0.932,0.601,1.591390872413e-06,"1","ZNF609"
"BCAM",1.51531676095829e-10,0.897259992740743,0.977,0.78,1.60078062627633e-06,"1","BCAM"
"LIPH",1.52763579563953e-10,0.432033736580957,0.909,0.546,1.6137944545136e-06,"1","LIPH"
"IQCH",1.53108414835401e-10,0.342510308641181,0.659,0.211,1.61743729432118e-06,"1","IQCH"
"PPARA",1.54480428449233e-10,0.882250035831327,0.864,0.45,1.6319312461377e-06,"1","PPARA"
"FAM98C",1.55848889349386e-10,0.690118327178292,0.989,0.725,1.64638766708691e-06,"1","FAM98C"
"TMEM141",1.5699330724317e-10,0.829059508179765,0.977,0.826,1.65847729771684e-06,"1","TMEM141"
"TUFM",1.56995083600009e-10,0.427570165855029,1,0.982,1.65849606315049e-06,"1","TUFM"
"MYO1E",1.57364787867209e-10,0.614051451376772,1,0.743,1.6624016190292e-06,"1","MYO1E"
"SLC22A17",1.58126400862102e-10,0.747428132509294,0.807,0.349,1.67044729870724e-06,"1","SLC22A17"
"NIPA1",1.5908030448486e-10,0.830504669183088,0.807,0.394,1.68052433657806e-06,"1","NIPA1"
"TFCP2",1.60356838918574e-10,0.735268161163738,0.909,0.491,1.69400964633581e-06,"1","TFCP2"
"COQ2",1.60494950662837e-10,0.615873342969206,0.977,0.697,1.69546865880221e-06,"1","COQ2"
"PAK2",1.61440416590608e-10,0.661423434034988,1,0.972,1.70545656086318e-06,"1","PAK2"
"TDRKH",1.66022973147051e-10,0.733243719573097,0.932,0.541,1.75386668832545e-06,"1","TDRKH"
"FN3K",1.66841651605409e-10,0.578625673445944,0.909,0.541,1.76251520755955e-06,"1","FN3K"
"DDX23",1.67943658979652e-10,0.723940619206787,1,0.807,1.77415681346105e-06,"1","DDX23"
"GPLD1",1.67976743625786e-10,1.17088604415556,0.784,0.358,1.77450631966281e-06,"1","GPLD1"
"TMEM201",1.70079728079031e-10,0.594834209618731,0.83,0.413,1.79672224742689e-06,"1","TMEM201"
"PIGX",1.73181691209834e-10,0.873940709215832,0.989,0.821,1.82949138594068e-06,"1","PIGX"
"NF2",1.74587899692824e-10,0.804048204596016,1,0.757,1.84434657235499e-06,"1","NF2"
"UBE2C",1.75229164511848e-10,0.564920734704501,0.977,0.596,1.85112089390316e-06,"1","UBE2C"
"HMGCS1",1.75332637297743e-10,0.762463369118263,0.989,0.945,1.85221398041335e-06,"1","HMGCS1"
"NDUFB11",1.77255099487184e-10,0.564884351753106,1,0.991,1.87252287098261e-06,"1","NDUFB11"
"NCBP2AS2",1.79949388723344e-10,0.641302335870034,0.989,0.927,1.9009853424734e-06,"1","NCBP2AS2"
"CRAMP1",1.81283654754338e-10,0.557546799686217,0.886,0.454,1.91508052882483e-06,"1","CRAMP1"
"SUSD1",1.82556192385164e-10,0.884231427466452,0.807,0.404,1.92852361635687e-06,"1","SUSD1"
"DNAH14",1.82939219328659e-10,0.799746573207689,0.955,0.619,1.93256991298796e-06,"1","DNAH14"
"ZKSCAN3",1.83386861252188e-10,0.836798682442368,0.682,0.317,1.93729880226812e-06,"1","ZKSCAN3"
"HSPE1-MOB4",1.83986381685486e-10,0.691507329427715,1,0.995,1.94363213612547e-06,"1","HSPE1-MOB4"
"CASP2",1.85283122178248e-10,0.714174504979363,0.989,0.775,1.95733090269101e-06,"1","CASP2"
"SPDYA",1.85335080615801e-10,0.734698258732648,0.989,0.89,1.95787979162532e-06,"1","SPDYA"
"PLXNB1",1.85962356624714e-10,0.827193745716603,0.886,0.528,1.96450633538348e-06,"1","PLXNB1"
"ZNF138",1.87149185038038e-10,0.831007867711266,0.875,0.44,1.97704399074183e-06,"1","ZNF138"
"ENDOG",1.87978077548223e-10,0.650371098703428,0.977,0.752,1.98580041121943e-06,"1","ENDOG"
"EVL",1.89259052874036e-10,0.497227884229541,0.943,0.546,1.99933263456131e-06,"1","EVL"
"PYCARD",1.89322557631044e-10,0.93797863379497,0.898,0.601,2.00000349881435e-06,"1","PYCARD"
"PAN3",1.91647364644609e-10,1.00255228792811,0.966,0.835,2.02456276010565e-06,"1","PAN3"
"SUCLA2",1.92366789164566e-10,0.708258178631342,0.989,0.89,2.03216276073448e-06,"1","SUCLA2"
"ERP29",1.92721838487842e-10,0.482414160446567,1,0.972,2.03591350178556e-06,"1","ERP29"
"PRICKLE4",1.9364509995512e-10,0.556096443510328,0.75,0.257,2.04566683592589e-06,"1","PRICKLE4"
"MPZL1",1.94165128419854e-10,0.711278405046556,0.989,0.89,2.05116041662734e-06,"1","MPZL1"
"DIP2B",1.94382954177286e-10,0.87469326833155,0.966,0.807,2.05346152792885e-06,"1","DIP2B"
"ZNF785",1.96846983158139e-10,0.83346415505997,0.841,0.436,2.07949153008258e-06,"1","ZNF785"
"RALGAPA2",1.96944904828911e-10,0.89249701477376,0.852,0.413,2.08052597461261e-06,"1","RALGAPA2"
"CDHR3",1.97221572406647e-10,0.782451517670492,0.75,0.33,2.08344869090382e-06,"1","CDHR3"
"PRADC1",1.98035809972907e-10,0.853574884722665,0.932,0.651,2.09205029655379e-06,"1","PRADC1"
"MMP17",1.99591010385802e-10,1.15495633700079,0.614,0.229,2.10847943371562e-06,"1","MMP17"
"GYS1",2.00730543298278e-10,0.866420545132906,0.966,0.661,2.120517459403e-06,"1","GYS1"
"CATSPERG",2.00750971401931e-10,0.731879313659973,0.739,0.33,2.12073326189e-06,"1","CATSPERG"
"RTN4RL2",2.01263672394703e-10,0.742229170582863,0.795,0.353,2.12614943517764e-06,"1","RTN4RL2"
"FASN",2.01333838489859e-10,0.678005786493359,0.989,0.862,2.12689066980687e-06,"1","FASN"
"EIF2AK1",2.01914707176343e-10,0.604553801698469,1,0.982,2.13302696661088e-06,"1","EIF2AK1"
"LIG1",2.03221217631722e-10,0.555270660685655,0.977,0.624,2.14682894306151e-06,"1","LIG1"
"MED30",2.03645988960943e-10,0.73667759595628,0.966,0.807,2.1513162273834e-06,"1","MED30"
"TRIM11",2.03908001594755e-10,0.754123300163755,1,0.748,2.15408412884699e-06,"1","TRIM11"
"CENPF",2.05237604689046e-10,0.59856490461669,0.977,0.541,2.16813005593508e-06,"1","CENPF"
"PCLAF",2.07629469173298e-10,0.680608226370783,0.955,0.606,2.19339771234672e-06,"1","PCLAF"
"APOOL",2.08495665177111e-10,0.804051164117344,0.989,0.849,2.202548206931e-06,"1","APOOL"
"PCED1B",2.09100292636322e-10,0.746523229463492,0.761,0.321,2.2089354914101e-06,"1","PCED1B"
"MOB4",2.09307682297322e-10,0.661267688854292,1,0.945,2.21112635578891e-06,"1","MOB4"
"KIF22",2.0969626035594e-10,0.682843234702958,0.989,0.835,2.21523129440016e-06,"1","KIF22"
"HASPIN",2.09985806520763e-10,0.501884417571384,0.693,0.266,2.21829006008534e-06,"1","HASPIN"
"CGNL1",2.11787032355915e-10,1.14594461340464,0.648,0.248,2.23731820980788e-06,"1","CGNL1"
"TMEM102",2.1252488657808e-10,0.783213083123625,0.716,0.275,2.24511290181084e-06,"1","TMEM102"
"SLC1A2",2.12994510917497e-10,0.951050877608533,0.614,0.248,2.25007401333244e-06,"1","SLC1A2"
"ISG20L2",2.13394413250967e-10,0.777640991991992,1,0.844,2.25429858158321e-06,"1","ISG20L2"
"MR1",2.14042783497348e-10,0.697624681018878,0.943,0.583,2.26114796486598e-06,"1","MR1"
"ADA1",2.14341655535577e-10,0.617837248863128,0.42,0.087,2.26430524907784e-06,"1","ADA"
"NAAA",2.18727036482846e-10,0.796983833011261,0.966,0.752,2.31063241340479e-06,"1","NAAA"
"PRLR1",2.19148699187599e-10,0.354838324600197,0.83,0.367,2.3150868582178e-06,"1","PRLR"
"MAPK15",2.20549800644676e-10,0.775482039203037,0.83,0.353,2.32988809401036e-06,"1","MAPK15"
"MBOAT2",2.20786056104316e-10,0.671992349185336,0.977,0.716,2.332383896686e-06,"1","MBOAT2"
"XAF1",2.21843654557574e-10,0.94328641905908,0.875,0.564,2.34355636674621e-06,"1","XAF1"
"NHERF1",2.25180318835783e-10,0.683103832326859,1,0.826,2.37880488818121e-06,"1","NHERF1"
"SYCE2",2.28243646205328e-10,0.646061065663138,0.636,0.229,2.41116587851309e-06,"1","SYCE2"
"TRMT2B",2.29124941242276e-10,0.725593874884707,0.955,0.647,2.4204758792834e-06,"1","TRMT2B"
"UXS1",2.29921415240142e-10,0.777291121613309,0.989,0.72,2.42888983059686e-06,"1","UXS1"
"OSTF1",2.32931229859901e-10,0.698783527936706,1,0.798,2.46068551223999e-06,"1","OSTF1"
"LMCD1",2.38146835584985e-10,0.551366505440821,0.943,0.601,2.51578317111978e-06,"1","LMCD1"
"UFSP1",2.39952058223025e-10,1.38807019704241,0.443,0.101,2.53485354306804e-06,"1","UFSP1"
"ZNF554",2.40189645950295e-10,0.72756278842133,0.784,0.445,2.53736341981892e-06,"1","ZNF554"
"PLPP61",2.41326514327511e-10,0.44784539680778,0.727,0.257,2.54937329735583e-06,"1","PLPP6"
"EIF4E3",2.43146835998687e-10,0.589377833980272,0.875,0.39,2.56860317549013e-06,"1","EIF4E3"
"LAGE3",2.43948194977861e-10,0.88733340169373,0.977,0.844,2.57706873174612e-06,"1","LAGE3"
"RPP38",2.44114284342345e-10,0.718268887111368,0.977,0.798,2.57882329979253e-06,"1","RPP38"
"PIAS2",2.44267495119743e-10,0.544111245879905,0.943,0.67,2.58044181844497e-06,"1","PIAS2"
"FMO5",2.4614288385294e-10,0.524984144829628,0.841,0.445,2.60025342502246e-06,"1","FMO5"
"PNPLA7",2.46769049638829e-10,0.286853561240827,0.807,0.321,2.60686824038459e-06,"1","PNPLA7"
"OAS1",2.47499354344427e-10,0.530437620675605,0.932,0.569,2.61458317929453e-06,"1","OAS1"
"SOX4",2.48680187553418e-10,0.530294562690141,1,0.789,2.62705750131431e-06,"1","SOX4"
"ZMYND10",2.49515297312541e-10,0.69313920865587,0.648,0.239,2.63587960080969e-06,"1","ZMYND10"
"CCT3",2.49897436077617e-10,0.583586609772329,1,0.982,2.63991651472395e-06,"1","CCT3"
"CEP128",2.51974441312086e-10,0.295284535856619,0.739,0.275,2.66185799802088e-06,"1","CEP128"
"PEX13",2.52021736812935e-10,0.767321313062657,0.989,0.803,2.66235762769185e-06,"1","PEX13"
"DHX34",2.524078723809e-10,0.753077601686237,0.886,0.505,2.66643676383183e-06,"1","DHX34"
"PGRMC1",2.53863152721578e-10,0.683721095175234,1,0.858,2.68181034535075e-06,"1","PGRMC1"
"PPM1B",2.56313859026136e-10,0.837703322807797,0.977,0.775,2.7076996067521e-06,"1","PPM1B"
"NUP133",2.60485633063468e-10,0.701572444609237,0.989,0.761,2.75177022768247e-06,"1","NUP133"
"COPB2",2.61715982219357e-10,0.631203489910074,1,0.982,2.76476763616529e-06,"1","COPB2"
"CNDP2",2.65264699095269e-10,0.716016726208023,1,0.78,2.80225628124242e-06,"1","CNDP2"
"PSMD10",2.65984567704436e-10,0.71934670001368,1,0.766,2.80986097322966e-06,"1","PSMD10"
"CPT1B",2.66486388511566e-10,0.365211696833628,0.864,0.39,2.81516220823619e-06,"1","CPT1B"
"DUS4L",2.71703104459675e-10,0.587145580230931,0.886,0.459,2.87027159551201e-06,"1","DUS4L"
"ANKEF1",2.71951350327981e-10,0.790538648729691,0.92,0.523,2.87289406486479e-06,"1","ANKEF1"
"RAB3D",2.72299960357714e-10,0.75467528386672,0.989,0.94,2.87657678121889e-06,"1","RAB3D"
"FKBP4",2.73314704202221e-10,0.804747128937422,0.989,0.844,2.88729653519226e-06,"1","FKBP4"
"UCHL5",2.73665756722608e-10,0.736652627271936,1,0.94,2.89100505401763e-06,"1","UCHL5"
"BCKDHA",2.74971156954962e-10,0.685718642605206,1,0.771,2.90479530207222e-06,"1","BCKDHA"
"ERMP1",2.76401124210679e-10,0.748304418321865,0.852,0.44,2.91990147616161e-06,"1","ERMP1"
"TSEN34",2.77315281849155e-10,0.814069459538714,0.966,0.839,2.92955863745448e-06,"1","TSEN34"
"PUM1",2.78762124494847e-10,0.579295630505013,1,0.94,2.94484308316356e-06,"1","PUM1"
"CSTF1",2.80962808574259e-10,0.651813122697381,0.989,0.817,2.96809110977847e-06,"1","CSTF1"
"DYNC2I2",2.81638046217836e-10,0.696693588005894,1,0.959,2.97522432024522e-06,"1","DYNC2I2"
"ZNF260",2.82275092189366e-10,0.672537143164645,0.989,0.693,2.98195407388846e-06,"1","ZNF260"
"TSTD1",2.8238122951052e-10,0.856053171743559,0.989,0.853,2.98307530854913e-06,"1","TSTD1"
"MAGEF1",2.83609136175755e-10,0.749613259277024,0.966,0.752,2.99604691456068e-06,"1","MAGEF1"
"FOXRED2",2.8377256100498e-10,0.701072112118226,0.989,0.771,2.99777333445661e-06,"1","FOXRED2"
"PFN2",2.83810530632422e-10,0.917479871937015,0.955,0.72,2.99817444560091e-06,"1","PFN2"
"RDH14",2.84740231393243e-10,0.768538920386403,0.977,0.679,3.00799580443822e-06,"1","RDH14"
"PILRB",2.85735879401727e-10,0.771291256389595,0.989,0.761,3.01851382999985e-06,"1","PILRB"
"PLA2G4B",2.85931056609456e-10,0.52457809775526,0.795,0.404,3.0205756820223e-06,"1","PLA2G4B"
"MFAP1",2.86244361547006e-10,0.78066600562951,0.966,0.752,3.02388543538257e-06,"1","MFAP1"
"GSE1",2.87408097321418e-10,0.662139837640586,0.977,0.739,3.03617914010346e-06,"1","GSE1"
"ARSD",2.87894597050808e-10,0.694762444809607,0.943,0.615,3.04131852324474e-06,"1","ARSD"
"OAZ3",2.88161272621323e-10,0.667955713100955,0.989,0.826,3.04413568397166e-06,"1","OAZ3"
"ZNF79",2.89277934939491e-10,0.726920938188965,0.795,0.33,3.05593210470079e-06,"1","ZNF79"
"NIPAL1",2.89824164667607e-10,0.644148969676261,0.886,0.468,3.0617024755486e-06,"1","NIPAL1"
"SLC71A2",2.90009793957324e-10,0.595626592109706,0.989,0.872,3.06366346336517e-06,"1","SLC71A2"
"SLC4A3",2.92649238176068e-10,0.748574221922162,0.705,0.284,3.09154655209198e-06,"1","SLC4A3"
"CLMN",2.92813329139108e-10,0.857337485706445,0.943,0.771,3.09328000902553e-06,"1","CLMN"
"CLDN7",2.95854896137371e-10,0.82478928582216,0.989,0.908,3.12541112279519e-06,"1","CLDN7"
"CHMP2A",2.97800673010329e-10,0.554762651649389,1,0.995,3.14596630968111e-06,"1","CHMP2A"
"CISD3",3.02459390866261e-10,0.60906705547043,0.977,0.936,3.19518100511118e-06,"1","CISD3"
"EYA3",3.03387093225638e-10,0.801491588685275,0.932,0.628,3.20498125283564e-06,"1","EYA3"
"UTP14C",3.07462943993642e-10,0.928871075320842,0.955,0.761,3.24803854034883e-06,"1","UTP14C"
"DPY30",3.11799253083223e-10,0.525157344300259,1,0.977,3.29384730957116e-06,"1","DPY30"
"USP9X",3.14100079279456e-10,0.783249097349217,1,0.936,3.31815323750817e-06,"1","USP9X"
"ZDHHC13",3.15618420287933e-10,0.633526135415567,0.943,0.628,3.33419299192173e-06,"1","ZDHHC13"
"NFATC4",3.18412407551705e-10,0.335885227378175,0.693,0.229,3.36370867337621e-06,"1","NFATC4"
"CTSH",3.1846991710438e-10,0.841930664251445,0.955,0.615,3.36431620429067e-06,"1","CTSH"
"SLA2",3.22741389169323e-10,0.652600566137049,0.977,0.94,3.40944003518473e-06,"1","SLA2"
"NAPA",3.2346036960007e-10,0.662828410763054,1,0.972,3.41703534445514e-06,"1","NAPA"
"NDUFAB1",3.23502780119611e-10,0.560868023832395,1,0.986,3.41748336918357e-06,"1","NDUFAB1"
"LRATD2",3.24776872062671e-10,0.588677206781631,0.955,0.642,3.43094287647006e-06,"1","LRATD2"
"MMACHC",3.26493720947951e-10,0.537255918330644,1,0.991,3.44907966809416e-06,"1","MMACHC"
"B3GALT4",3.36447314452926e-10,0.770583647558726,0.943,0.546,3.55422942988071e-06,"1","B3GALT4"
"PCYOX1L",3.38415295786376e-10,0.454368475929229,0.795,0.335,3.57501918468728e-06,"1","PCYOX1L"
"ACOX3",3.39275718630461e-10,0.640656906977613,0.966,0.601,3.58410869161219e-06,"1","ACOX3"
"PCED1A",3.40275585486438e-10,0.730281558585962,0.989,0.739,3.59467128507873e-06,"1","PCED1A"
"RTKN",3.44451800415868e-10,0.796246449636978,0.943,0.67,3.63878881959323e-06,"1","RTKN"
"INTS15",3.45809159085775e-10,0.848480193615963,0.909,0.541,3.65312795658213e-06,"1","INTS15"
"WDHD1",3.50072859589545e-10,0.754989142440094,0.864,0.523,3.69816968870396e-06,"1","WDHD1"
"ZNF217",3.50169893081897e-10,0.743557470050305,1,0.922,3.69919475051717e-06,"1","ZNF217"
"TGFBRAP1",3.51017215294291e-10,0.617693958745817,0.909,0.523,3.70814586236889e-06,"1","TGFBRAP1"
"SYNGR1",3.5204417159207e-10,0.647748743513841,0.966,0.509,3.71899462869862e-06,"1","SYNGR1"
"ZBTB7B",3.56126905742826e-10,0.449261190833341,0.898,0.436,3.76212463226722e-06,"1","ZBTB7B"
"EDEM2",3.56305429605186e-10,0.792262919090922,0.989,0.739,3.76401055834918e-06,"1","EDEM2"
"TSSK6",3.5639668993781e-10,0.739028510724639,0.614,0.229,3.76497463250303e-06,"1","TSSK6"
"PTPRS",3.57692320207548e-10,0.854532372359972,1,0.89,3.77866167067253e-06,"1","PTPRS"
"PGP",3.57948337637026e-10,0.815488759939914,1,0.734,3.78136623879755e-06,"1","PGP"
"PDZD2",3.58965079882978e-10,0.817435274779558,0.943,0.683,3.79210710388378e-06,"1","PDZD2"
"CLSTN3",3.59807961203273e-10,0.784185506970761,0.886,0.546,3.80101130215138e-06,"1","CLSTN3"
"PPP1R9A",3.60915963781849e-10,0.585115516604783,0.932,0.55,3.81271624139146e-06,"1","PPP1R9A"
"ZNF83",3.60987462144635e-10,0.68137645860816,0.955,0.908,3.81347155009593e-06,"1","ZNF83"
"FNTB",3.61977114948786e-10,0.641866927177129,0.977,0.61,3.82392624231898e-06,"1","FNTB"
"LPAR5",3.62522456498482e-10,0.724405205044008,0.545,0.17,3.82968723044996e-06,"1","LPAR5"
"CYB5R2",3.64129393304324e-10,0.987758568685261,0.659,0.261,3.84666291086688e-06,"1","CYB5R2"
"MOCS3",3.64536179020547e-10,0.779495972146203,0.898,0.587,3.85096019517306e-06,"1","MOCS3"
"RNF139",3.6705971595552e-10,0.743367691323977,0.955,0.702,3.87761883935411e-06,"1","RNF139"
"CIMIP2C",3.70959707396423e-10,0.491105640969508,0.602,0.183,3.91881834893582e-06,"1","CIMIP2C"
"NRBP2",3.76439546201368e-10,0.894371300513244,0.932,0.67,3.97670736607125e-06,"1","NRBP2"
"COASY",3.77387010530583e-10,0.553540313349656,1,0.936,3.98671637924508e-06,"1","COASY"
"OXCT1",3.7763348004205e-10,0.458018787630236,0.989,0.569,3.98932008316422e-06,"1","OXCT1"
"RAD54B",3.77907261039923e-10,0.40451885725457,0.898,0.445,3.99221230562574e-06,"1","RAD54B"
"NENF",3.77919251448589e-10,0.654131591413355,1,0.959,3.99233897230289e-06,"1","NENF"
"SLC12A2",3.78536313405675e-10,0.628174276864957,0.955,0.849,3.99885761481755e-06,"1","SLC12A2"
"TADA1",3.7903924443583e-10,0.706927365677372,0.898,0.583,4.00417057822011e-06,"1","TADA1"
"RMND5A",3.8060865570344e-10,0.823304581584289,1,0.839,4.02074983885115e-06,"1","RMND5A"
"EPS8L1",3.81580100849988e-10,0.674079405629355,0.955,0.592,4.03101218537927e-06,"1","EPS8L1"
"RASEF",3.83695297756503e-10,0.83263615892836,0.955,0.642,4.0533571254997e-06,"1","RASEF"
"HID1",3.84839271561077e-10,0.783755780206987,0.966,0.661,4.06544206477122e-06,"1","HID1"
"MBD4",3.85267151514768e-10,0.88548992680108,0.966,0.803,4.06996218860201e-06,"1","MBD4"
"MCIDAS",3.89175136561448e-10,0.495953622963058,0.682,0.266,4.11124614263514e-06,"1","MCIDAS"
"MBTD1",3.92931021053755e-10,0.983768209527144,0.841,0.454,4.15092330641187e-06,"1","MBTD1"
"TIMM29",3.95421917431804e-10,0.729851727109725,1,0.688,4.17723713574958e-06,"1","TIMM29"
"ABHD10",3.95490529214726e-10,0.777347437537028,0.955,0.725,4.17796195062436e-06,"1","ABHD10"
"BCL9",3.98428623427094e-10,0.744039619710968,0.92,0.509,4.20899997788382e-06,"1","BCL9"
"TAGLN2",3.99451804966588e-10,0.609618141871699,1,1,4.21980886766704e-06,"1","TAGLN2"
"C10orf95",3.996236674908e-10,0.31329387506655,0.727,0.307,4.22162442337282e-06,"1","C10orf95"
"TREX2",4.00788513488237e-10,0.732998708398657,0.841,0.372,4.23392985648974e-06,"1","TREX2"
"EDEM3",4.01775723801734e-10,0.625338135781477,0.966,0.67,4.24435874624152e-06,"1","EDEM3"
"PIGS",4.03628463985228e-10,0.68295529560153,1,0.867,4.26393109353995e-06,"1","PIGS"
"MRTFB",4.10919742677152e-10,0.312206813234463,0.966,0.656,4.34095616164143e-06,"1","MRTFB"
"SOCS1",4.11173317615976e-10,0.385558530372986,0.705,0.248,4.34363492729517e-06,"1","SOCS1"
"SPICE1",4.1207925960407e-10,0.813285016188892,0.909,0.638,4.3532052984574e-06,"1","SPICE1"
"DDIAS",4.15976364465109e-10,0.309760967724098,0.818,0.312,4.39437431420941e-06,"1","DDIAS"
"MTNAP1",4.1920178439625e-10,0.837769757940604,0.955,0.766,4.42844765036199e-06,"1","MTNAP1"
"TXLNG",4.20351087271342e-10,0.723875492067392,0.989,0.739,4.44058888593446e-06,"1","TXLNG"
"VARS2",4.20791623767514e-10,0.592452413332017,0.943,0.44,4.44524271348001e-06,"1","VARS2"
"TMEM268",4.21867873967585e-10,0.428530410691207,0.909,0.578,4.45661222059357e-06,"1","TMEM268"
"SLC27A3",4.22372803399185e-10,0.928319643630165,0.886,0.56,4.46194629510899e-06,"1","SLC27A3"
"GNAZ",4.28597157764443e-10,1.24534398980281,0.455,0.119,4.52770037462358e-06,"1","GNAZ"
"PRSS53",4.30212088176063e-10,0.769935496195762,0.58,0.202,4.54476049949193e-06,"1","PRSS53"
"SPACA9",4.32371027869749e-10,0.515414601878299,0.886,0.491,4.56756753841603e-06,"1","SPACA9"
"CLEC16A",4.36268354775393e-10,0.67842645014268,0.977,0.651,4.60873889984725e-06,"1","CLEC16A"
"INPP5J",4.38954428361171e-10,0.315122499601352,0.568,0.183,4.63711458120741e-06,"1","INPP5J"
"DHCR24",4.39672076524289e-10,0.646054112909822,1,0.853,4.64469581640259e-06,"1","DHCR24"
"DHX58",4.43493242130444e-10,0.711956151380819,0.818,0.376,4.68506260986601e-06,"1","DHX58"
"GTF2IRD1",4.45383063762961e-10,0.748167356155048,0.943,0.615,4.70502668559192e-06,"1","GTF2IRD1"
"ZMAT2",4.45655512493204e-10,0.622455482356271,1,0.972,4.7079048339782e-06,"1","ZMAT2"
"KIFC2",4.46837677969825e-10,0.84501217457292,0.966,0.693,4.72039323007323e-06,"1","KIFC2"
"GNL3L",4.49027925952805e-10,0.759834529144629,1,0.885,4.74353100976543e-06,"1","GNL3L"
"DOLK",4.52324844246732e-10,0.723808749633525,0.966,0.523,4.77835965462248e-06,"1","DOLK"
"VRK3",4.54201343202953e-10,0.59067740457043,0.966,0.794,4.798182989596e-06,"1","VRK3"
"ZNF213",4.5585402119741e-10,0.930715099999891,0.705,0.317,4.81564187992944e-06,"1","ZNF213"
"GGCX",4.58043603046576e-10,0.531994064236094,1,0.977,4.83877262258403e-06,"1","GGCX"
"STAP2",4.6200132608476e-10,0.889717156136804,0.943,0.674,4.8805820087594e-06,"1","STAP2"
"PGBD2",4.62127447420357e-10,1.11073220185699,0.716,0.344,4.88191435454866e-06,"1","PGBD2"
"RRM1",4.62307081505742e-10,0.601103439295687,1,0.844,4.88381200902666e-06,"1","RRM1"
"C9orf40",4.6328896274872e-10,0.82622417392575,0.784,0.33,4.89418460247748e-06,"1","C9orf40"
"SYT17",4.63865168498501e-10,0.917370267574455,0.852,0.482,4.90027164001816e-06,"1","SYT17"
"P3H4",4.64311700199005e-10,0.730878573067911,1,0.821,4.90498880090229e-06,"1","P3H4"
"PRMT6",4.65271821070701e-10,0.381801860492904,0.943,0.477,4.91513151779088e-06,"1","PRMT6"
"SAYSD1",4.66392702236362e-10,0.663787765461484,0.943,0.55,4.92697250642493e-06,"1","SAYSD1"
"KIF23",4.67764493805589e-10,0.739124221245381,0.977,0.587,4.94146411256224e-06,"1","KIF23"
"PARM1",4.75607331296146e-10,0.544866540379038,0.909,0.413,5.02431584781249e-06,"1","PARM1"
"KBTBD6",4.78563633166118e-10,0.58216996498309,0.886,0.5,5.05554622076687e-06,"1","KBTBD6"
"SLC39A4",4.80943951330914e-10,0.66791692618615,1,0.729,5.08069190185978e-06,"1","SLC39A4"
"MSANTD7",4.88589835256903e-10,0.724508011760365,0.977,0.706,5.16146301965392e-06,"1","MSANTD7"
"POGK",4.93125318357102e-10,0.792905020866771,0.966,0.803,5.20937586312442e-06,"1","POGK"
"KDM7A",4.97703656066051e-10,0.832104380891883,0.818,0.431,5.25774142268176e-06,"1","KDM7A"
"PTPN4",4.99611463311567e-10,0.5014161474419,0.841,0.477,5.27789549842339e-06,"1","PTPN4"
"SNRNP40",5.00225638688789e-10,0.615575869893905,1,0.881,5.28438364710837e-06,"1","SNRNP40"
"TMEM39A",5.00655961133134e-10,0.687642800762209,0.989,0.817,5.28892957341043e-06,"1","TMEM39A"
"ZC3H6",5.02211383590634e-10,0.45501669355603,0.92,0.482,5.30536105625146e-06,"1","ZC3H6"
"OAT",5.03945329910493e-10,0.799354495670177,0.977,0.922,5.32367846517445e-06,"1","OAT"
"MEAK7",5.05930186633918e-10,0.769426542105784,0.943,0.592,5.34464649160071e-06,"1","MEAK7"
"TFDP1",5.09531750125802e-10,0.696988766235674,0.989,0.904,5.38269340832898e-06,"1","TFDP1"
"ZNF550",5.18517451197908e-10,0.418788586436603,0.727,0.321,5.47761835445471e-06,"1","ZNF550"
"ARHGAP33",5.21787946183849e-10,0.681664215711138,0.909,0.472,5.51216786348618e-06,"1","ARHGAP33"
"ERBB3",5.22631493637959e-10,0.687502075712875,0.92,0.606,5.5210790987914e-06,"1","ERBB3"
"PKMYT1",5.2270321404535e-10,0.605599405085498,1,0.771,5.52183675317508e-06,"1","PKMYT1"
"MRPL13",5.25005816598423e-10,0.732716968672035,1,0.972,5.54616144654574e-06,"1","MRPL13"
"IFNAR2-IL10RB",5.25372190196549e-10,0.805758035321787,0.966,0.789,5.55003181723634e-06,"1","IFNAR2-IL10RB"
"CCDC183",5.28443289127267e-10,0.50948539184775,0.852,0.413,5.58247490634045e-06,"1","CCDC183"
"CAMKMT",5.4041704444785e-10,0.466515404215969,0.83,0.367,5.70896565754708e-06,"1","CAMKMT"
"PTPN18",5.4334714505444e-10,0.623113769891324,0.966,0.688,5.73991924035511e-06,"1","PTPN18"
"BBLN",5.44236877786375e-10,0.647378771821351,1,0.959,5.74931837693526e-06,"1","BBLN"
"ARFGEF3",5.44712053240914e-10,0.68778940226779,0.977,0.761,5.75433813043702e-06,"1","ARFGEF3"
"RNASEH2A",5.45383738170813e-10,0.600348174957371,1,0.734,5.76143381003646e-06,"1","RNASEH2A"
"DOK4",5.45742562252371e-10,0.591805832332545,0.693,0.307,5.76522442763405e-06,"1","DOK4"
"ARNT",5.46795275724321e-10,0.739682615436744,1,0.835,5.77634529275173e-06,"1","ARNT"
"LRRC14",5.50007595023772e-10,0.72612937740443,0.989,0.784,5.81028023383112e-06,"1","LRRC14"
"SCMH1",5.55317125616739e-10,0.612909019956589,0.932,0.564,5.86637011501523e-06,"1","SCMH1"
"HSPH1",5.58725510302338e-10,0.910581259549474,0.977,0.835,5.9023762908339e-06,"1","HSPH1"
"TRMT1L",5.58879609258156e-10,0.605539989547667,0.909,0.56,5.90400419220316e-06,"1","TRMT1L"
"ZNF587B",5.64686297721551e-10,0.61004491420732,0.977,0.72,5.96534604913046e-06,"1","ZNF587B"
"CSTF2",5.65048452472183e-10,0.739097014535785,0.92,0.523,5.96917185191614e-06,"1","CSTF2"
"PODXL2",5.66857449868508e-10,0.726650418395303,0.92,0.528,5.98828210041091e-06,"1","PODXL2"
"ANKUB1",5.69465363753352e-10,0.82317810005286,0.943,0.789,6.01583210269041e-06,"1","ANKUB1"
"CDCA2",5.73137981518812e-10,0.410588303742126,0.943,0.459,6.05462963676473e-06,"1","CDCA2"
"DMTN",5.74013947485241e-10,0.384103695215783,0.716,0.28,6.06388334123409e-06,"1","DMTN"
"LY6E",5.86300341609558e-10,1.02886641559362,0.977,0.826,6.19367680876337e-06,"1","LY6E"
"ZNF678",5.88212145657963e-10,0.806671448942692,0.864,0.482,6.21387310673072e-06,"1","ZNF678"
"COX14",5.90675730549606e-10,0.618764036240064,1,0.968,6.23989841752604e-06,"1","COX14"
"NDUFV3",5.91242832470584e-10,0.578530371777671,0.989,0.899,6.24588928221925e-06,"1","NDUFV3"
"LONP1",5.91342308453591e-10,0.730709610250332,0.977,0.803,6.24694014650373e-06,"1","LONP1"
"ZBTB33",5.92031312862673e-10,0.75222962053728,0.864,0.468,6.25421878908128e-06,"1","ZBTB33"
"SAMD11",5.95840710104767e-10,0.756386851903776,0.955,0.661,6.29446126154676e-06,"1","SAMD11"
"KBTBD11-OT1",5.95941962444613e-10,0.794327604021285,0.955,0.674,6.29553089126489e-06,"1","KBTBD11-OT1"
"JOSD2",5.99825522584752e-10,0.618646514718282,1,0.881,6.33655682058532e-06,"1","JOSD2"
"CBR3",6.01028560254235e-10,0.692680507592621,0.989,0.812,6.34926571052574e-06,"1","CBR3"
"N4BP2L1",6.07245365102926e-10,0.771326392157568,0.761,0.33,6.41494003694731e-06,"1","N4BP2L1"
"BCL2L12",6.09613470814452e-10,0.668870818277359,0.989,0.867,6.43995670568387e-06,"1","BCL2L12"
"CDC45",6.09809536200601e-10,0.604766160679077,0.886,0.399,6.44202794042315e-06,"1","CDC45"
"CLPSL21",6.13173067876005e-10,0.531185676233894,0.545,0.161,6.47756028904212e-06,"1","CLPSL2"
"ZFP3",6.23286977585735e-10,0.815045809808662,0.739,0.349,6.58440363121571e-06,"1","ZFP3"
"PGD",6.23930684895413e-10,0.750402745214219,0.966,0.867,6.59120375523514e-06,"1","PGD"
"NSUN3",6.24125862103142e-10,0.493208330725258,0.977,0.72,6.59326560725759e-06,"1","NSUN3"
"SLC46A1",6.26653395841004e-10,0.334205457218818,0.909,0.431,6.61996647366436e-06,"1","SLC46A1"
"SPATA24",6.31466656741964e-10,0.848568373247576,0.739,0.284,6.6708137618221e-06,"1","SPATA24"
"PTPRCAP",6.33643360004044e-10,0.458095795793497,0.523,0.151,6.69380845508272e-06,"1","PTPRCAP"
"UCK1",6.34931662801819e-10,0.764958287764648,0.977,0.725,6.70741808583841e-06,"1","UCK1"
"TRAF3IP1",6.36354080540968e-10,0.462346731700981,0.864,0.44,6.72244450683479e-06,"1","TRAF3IP1"
"TESK1",6.38196828717241e-10,0.596892343952702,0.909,0.509,6.74191129856894e-06,"1","TESK1"
"SORL1",6.38938235653086e-10,0.729769208592917,0.852,0.468,6.7497435214392e-06,"1","SORL1"
"PIMREG",6.4082250617048e-10,0.257658142813313,0.898,0.399,6.76964895518495e-06,"1","PIMREG"
"APOBEC3B",6.41290798242267e-10,0.756655363625437,0.909,0.472,6.7745959926313e-06,"1","APOBEC3B"
"WDR5B",6.51058540412919e-10,1.05960339795761,0.727,0.339,6.87778242092207e-06,"1","WDR5B"
"ABCA2",6.51563469844518e-10,0.548343515317217,0.886,0.5,6.88311649543749e-06,"1","ABCA2"
"DARS2",6.52623066699221e-10,0.644291512660532,0.966,0.752,6.89431007661057e-06,"1","DARS2"
"FIGNL1",6.55979937036477e-10,0.724977820960119,0.886,0.436,6.92977205485334e-06,"1","FIGNL1"
"B3GNT3",6.57661258784970e-10,0.637461517198723,0.898,0.495,6.94753353780442e-06,"1","B3GNT3"
"ORMDL3",6.60032029031754e-10,0.711199287839245,1,0.697,6.97257835469145e-06,"1","ORMDL3"
"MRM2",6.63053612015574e-10,0.697557523641066,0.966,0.771,7.00449835733252e-06,"1","MRM2"
"ZNF764",6.65784316566942e-10,0.428887510108354,0.841,0.413,7.03334552021317e-06,"1","ZNF764"
"POLR2C",6.73711753051975e-10,0.704427436203535,0.989,0.881,7.11709095924107e-06,"1","POLR2C"
"ANKRD46",6.79125866653862e-10,0.877541587046357,0.909,0.532,7.1742856553314e-06,"1","ANKRD46"
"PLEKHF2",6.81706469052301e-10,0.850520907943321,0.989,0.89,7.20154713906851e-06,"1","PLEKHF2"
"PMEPA1",6.82320200340314e-10,0.863719665501947,0.92,0.706,7.20803059639508e-06,"1","PMEPA1"
"ARF5",6.82793377393409e-10,0.577361265476551,1,0.991,7.21302923878397e-06,"1","ARF5"
"KIAA1549",6.82847556277011e-10,0.578034150789636,0.818,0.44,7.21360158451034e-06,"1","KIAA1549"
"ALDH16A1",6.83816114843694e-10,0.579752260526756,1,0.784,7.22383343720878e-06,"1","ALDH16A1"
"COX17",6.83982204208178e-10,0.764204137316436,0.989,0.931,7.22558800525519e-06,"1","COX17"
"IRF2BP2",6.8533800856585e-10,0.580993034546207,1,0.807,7.23991072248964e-06,"1","IRF2BP2"
"MAPK13",6.90178136864006e-10,0.732060305388095,0.977,0.716,7.29104183783136e-06,"1","MAPK13"
"CLCN5",6.90390189461709e-10,0.93114159290415,0.602,0.225,7.2932819614735e-06,"1","CLCN5"
"RNF6",6.96230850749657e-10,0.749720561349711,0.989,0.794,7.35498270731938e-06,"1","RNF6"
"HSPA1A",6.96966484525774e-10,1.06783526161305,0.932,0.725,7.36275394253028e-06,"1","HSPA1A"
"ARMCX3",7.01180669082646e-10,0.699077800693806,0.92,0.606,7.40727258818907e-06,"1","ARMCX3"
"FASTKD5",7.04364566672666e-10,0.726962532514818,1,0.748,7.44090728233004e-06,"1","FASTKD5"
"PIGM",7.06584790677312e-10,0.62274535763781,0.977,0.661,7.46436172871512e-06,"1","PIGM"
"F3",7.14970749271515e-10,0.786356608350784,0.886,0.702,7.55295099530429e-06,"1","F3"
"OMA1",7.17536696726029e-10,0.664619109403471,0.841,0.445,7.58005766421377e-06,"1","OMA1"
"NLK",7.19787118796944e-10,0.466963543311936,0.909,0.523,7.60383112297092e-06,"1","NLK"
"GLI4",7.26957827268393e-10,0.85709068356432,0.898,0.564,7.6795824872633e-06,"1","GLI4"
"EME1",7.27850668624797e-10,0.346473296576836,0.989,0.803,7.68901446335235e-06,"1","EME1"
"CDCA3",7.28666904592501e-10,0.319021531627019,0.932,0.436,7.69763718011518e-06,"1","CDCA3"
"CENPS-CORT",7.32396143732217e-10,0.461514421698769,0.955,0.509,7.73703286238714e-06,"1","CENPS-CORT"
"TATDN3",7.36069871720701e-10,0.669672957374865,0.966,0.56,7.77584212485749e-06,"1","TATDN3"
"KLHL26",7.40351113748261e-10,0.351708463605656,0.818,0.417,7.82106916563663e-06,"1","KLHL26"
"ENG",7.45883799169178e-10,0.8445627840957,0.943,0.656,7.8795164544232e-06,"1","ENG"
"FMR1",7.46043005150909e-10,0.75421848776679,0.932,0.656,7.88119830641421e-06,"1","FMR1"
"LAMTOR2",7.53884288329232e-10,0.648668757001557,1,0.972,7.96403362191e-06,"1","LAMTOR2"
"ZNF703",7.54104112488108e-10,0.362531095240643,0.977,0.587,7.96635584432437e-06,"1","ZNF703"
"CKAP2L",7.57280682606165e-10,0.527497731903082,0.932,0.454,7.99991313105153e-06,"1","CKAP2L"
"ENAH",7.65947971714809e-10,0.83038644546471,0.989,0.936,8.09147437319524e-06,"1","ENAH"
"DCXR",7.66044117028741e-10,0.882365730582512,1,0.858,8.09249005229162e-06,"1","DCXR"
"ITPKC",7.69037056258526e-10,0.638411712503808,0.841,0.408,8.12410746231507e-06,"1","ITPKC"
"ZFX",7.75289388244005e-10,0.68862882133005,0.989,0.803,8.19015709740967e-06,"1","ZFX"
"ME2",7.80610465156428e-10,0.831603405330238,0.932,0.615,8.24636895391251e-06,"1","ME2"
"TXNDC11",7.81440467889638e-10,0.725911244700512,1,0.862,8.25513710278614e-06,"1","TXNDC11"
"IRAK1",7.82680364963539e-10,0.69520235723663,0.989,0.798,8.26823537547483e-06,"1","IRAK1"
"SETD4",7.85867149133423e-10,0.811134498744646,0.932,0.638,8.30190056344549e-06,"1","SETD4"
"ZNF576",7.94593724151582e-10,0.757060645067897,0.977,0.628,8.39408810193731e-06,"1","ZNF576"
"CSE1L",7.94903698420057e-10,0.680961356474129,1,0.945,8.39736267010949e-06,"1","CSE1L"
"TBC1D20",8.10808531426233e-10,0.728341763099085,0.977,0.748,8.56538132598672e-06,"1","TBC1D20"
"SLC2A101",8.11364087027755e-10,0.526738195874322,0.909,0.505,8.5712502153612e-06,"1","SLC2A10"
"STEEP1",8.1838225085562e-10,0.673341221412305,0.989,0.775,8.64539009803877e-06,"1","STEEP1"
"LONRF1",8.18621392895125e-10,0.761859014103407,0.682,0.261,8.6479163945441e-06,"1","LONRF1"
"LRRC611",8.22240053821588e-10,0.272847339833026,0.659,0.234,8.68614392857125e-06,"1","LRRC61"
"ASAP1",8.24230239615531e-10,0.648556457188358,1,0.95,8.70716825129847e-06,"1","ASAP1"
"SUMF1",8.36343883037216e-10,0.714893332566939,0.989,0.881,8.83513678040515e-06,"1","SUMF1"
"ROGDI",8.37675928622161e-10,0.568691772939132,0.92,0.422,8.84920850996451e-06,"1","ROGDI"
"MECR",8.43034975162027e-10,0.738523333601146,0.966,0.683,8.90582147761165e-06,"1","MECR"
"IMP4",8.50206571811896e-10,0.635441730552275,1,0.872,8.98158222462087e-06,"1","IMP4"
"ANKHD1-EIF4EBP3",8.52327763922744e-10,0.64149813545387,0.989,0.927,9.00399049807987e-06,"1","ANKHD1-EIF4EBP3"
"ZFP64",8.68327854064432e-10,0.709977076099089,0.932,0.56,9.17301545033666e-06,"1","ZFP64"
"BCAP31",8.70629124349875e-10,0.4967238884766,1,0.991,9.19732606963208e-06,"1","BCAP31"
"GTF3C1",8.7101570400705e-10,0.786418731172038,0.989,0.771,9.20140989713047e-06,"1","GTF3C1"
"BLOC1S3",8.7520590774659e-10,0.753060928339038,0.977,0.739,9.24567520943498e-06,"1","BLOC1S3"
"LBR",8.78801476034141e-10,0.721513799136547,0.977,0.812,9.28365879282467e-06,"1","LBR"
"PSCA",8.84352813201872e-10,0.482740578698253,0.932,0.56,9.34230311866457e-06,"1","PSCA"
"FN3KRP",8.85450157639411e-10,0.614967001101171,0.966,0.702,9.35389546530274e-06,"1","FN3KRP"
"ZHX2",8.9239948763975e-10,0.726008808004305,0.955,0.628,9.42730818742632e-06,"1","ZHX2"
"TYSND1",8.95147289625697e-10,0.611350946102868,0.977,0.615,9.45633596760587e-06,"1","TYSND1"
"ZNF665",9.03334518298493e-10,0.608385384530395,0.761,0.381,9.54282585130528e-06,"1","ZNF665"
"SPPL2B",9.06883235174405e-10,0.800984350120548,1,0.853,9.58031449638241e-06,"1","SPPL2B"
"SOCS7",9.14310183119937e-10,0.717076369212538,0.92,0.583,9.65877277447902e-06,"1","SOCS7"
"ARF3",9.18452647269419e-10,0.569972221251144,1,0.963,9.70253376575414e-06,"1","ARF3"
"SLC33A2",9.42253608471333e-10,0.741796257794151,0.943,0.633,9.95396711989116e-06,"1","SLC33A2"
"ZSCAN26",9.42850464369371e-10,0.606357987879237,0.875,0.454,9.96027230559804e-06,"1","ZSCAN26"
"NSDHL",9.48794154354005e-10,0.749975338343376,0.955,0.679,1.00230614465957e-05,"1","NSDHL"
"NSUN2",9.50860057358227e-10,0.588501163794333,0.989,0.89,1.00448856459323e-05,"1","NSUN2"
"FAM13A",9.51847489716329e-10,0.490877192060905,0.943,0.638,1.00553168813633e-05,"1","FAM13A"
"STK3",9.53847445472888e-10,0.772906514616607,0.989,0.798,1.00764444139756e-05,"1","STK3"
"SMC4",9.74100133888101e-10,0.557826606353373,1,0.876,1.02903938143939e-05,"1","SMC4"
"MACROH2A1",9.78160663578365e-10,0.458013617097726,1,0.982,1.03332892500418e-05,"1","MACROH2A1"
"SAMD10",9.83974457469117e-10,0.578874821252521,0.773,0.339,1.03947061687037e-05,"1","SAMD10"
"ZNF830",9.84212045196386e-10,0.552241925297142,0.989,0.592,1.03972160454546e-05,"1","ZNF830"
"CCDC150",9.96979609979576e-10,0.264844414102281,0.818,0.376,1.05320925998242e-05,"1","CCDC150"
"OSGIN2",1.01520480910722e-09,0.875975396553045,0.932,0.578,1.07246236034086e-05,"1","OSGIN2"
"BAHCC1",1.02360253606548e-09,0.755556382342446,0.682,0.289,1.08133371909958e-05,"1","BAHCC1"
"EIF2AK3",1.02432862192359e-09,0.802741757734501,0.977,0.638,1.08210075620008e-05,"1","EIF2AK3"
"PHF8",1.02615715924514e-09,0.631942652966444,0.966,0.739,1.08403242302657e-05,"1","PHF8"
"TMEM177",1.02971631221749e-09,0.658843734771539,0.83,0.381,1.08779231222655e-05,"1","TMEM177"
"DDX31",1.03323727351778e-09,0.339262887568697,0.943,0.642,1.09151185574419e-05,"1","DDX31"
"ZNF616",1.0385714510619e-09,1.34586630243734,0.58,0.211,1.09714688090179e-05,"1","ZNF616"
"LTAP1",1.04137609646671e-09,0.465425091475343,1,0.991,1.10010970830743e-05,"1","LTAP1"
"SRSF2",1.0413803153142e-09,0.412883097807686,1,1,1.10011416509792e-05,"1","SRSF2"
"SURF1",1.05778119596778e-09,0.654768372461262,0.989,0.936,1.11744005542036e-05,"1","SURF1"
"VPS45",1.05887631995927e-09,0.611864684185615,0.977,0.734,1.11859694440497e-05,"1","VPS45"
"ADGRL1",1.06629993723573e-09,0.581680319131944,0.943,0.674,1.12643925369582e-05,"1","ADGRL1"
"LENG9",1.06847464209636e-09,0.531497588377638,0.875,0.514,1.1287366119106e-05,"1","LENG9"
"EIF4EBP1",1.07434994234268e-09,0.644684212101263,1,0.913,1.13494327909081e-05,"1","EIF4EBP1"
"DDOST",1.07923447956182e-09,0.507493142794999,1,0.986,1.14010330420911e-05,"1","DDOST"
"UNG",1.08572795198825e-09,0.740903071031007,0.966,0.743,1.14696300848038e-05,"1","UNG"
"METTL21A",1.09068576392701e-09,0.711757630158613,0.955,0.55,1.1522004410125e-05,"1","METTL21A"
"PIP4K2C",1.09458397901108e-09,0.691163892886225,0.977,0.83,1.1563185154273e-05,"1","PIP4K2C"
"STOM",1.10638498362903e-09,0.66692069027374,1,0.858,1.1687850967057e-05,"1","STOM"
"KIF15",1.1084804185657e-09,0.342922724474388,0.932,0.436,1.17099871417281e-05,"1","KIF15"
"TMEM184A",1.11216569287365e-09,0.724370662717119,0.977,0.881,1.17489183795172e-05,"1","TMEM184A"
"PPP1R13B",1.11920894774187e-09,0.89416505311885,0.955,0.862,1.18233233239451e-05,"1","PPP1R13B"
"ZNF273",1.12096376625459e-09,0.6882252429602,0.761,0.339,1.18418612267135e-05,"1","ZNF273"
"FANCM",1.12993858714105e-09,0.406489513314043,0.875,0.417,1.19366712345581e-05,"1","FANCM"
"RHPN2",1.13321463324212e-09,0.571144788387736,0.943,0.619,1.19712793855697e-05,"1","RHPN2"
"AFTPH",1.13343157082113e-09,0.749983544400938,0.989,0.917,1.19735711141544e-05,"1","AFTPH"
"ZNF765",1.13768927612057e-09,0.719865871883589,0.875,0.564,1.20185495129377e-05,"1","ZNF765"
"SKA3",1.14522991090382e-09,0.406441349826723,0.909,0.394,1.2098208778788e-05,"1","SKA3"
"ARHGAP19-SLIT1",1.15089182628481e-09,0.300922475535031,0.727,0.28,1.21580212528727e-05,"1","ARHGAP19-SLIT1"
"NTAQ1",1.15960174795759e-09,0.737095648665334,0.966,0.656,1.2250032865424e-05,"1","NTAQ1"
"EMILIN3",1.18368004287106e-09,0.898410479343713,0.898,0.537,1.25043959728899e-05,"1","EMILIN3"
"HROB",1.18519993819177e-09,0.313767158568697,0.886,0.394,1.25204521470579e-05,"1","HROB"
"NEMP1",1.18540999238803e-09,0.676944331952824,0.909,0.486,1.25226711595872e-05,"1","NEMP1"
"ZNF543",1.18636367396618e-09,0.807568675212309,0.83,0.482,1.25327458517788e-05,"1","ZNF543"
"CPSF3",1.20342558140862e-09,0.605079949788132,0.989,0.743,1.27129878420007e-05,"1","CPSF3"
"CLDN15",1.21283760812219e-09,0.489699244417482,0.727,0.317,1.28124164922028e-05,"1","CLDN15"
"CEP131",1.21287668797265e-09,0.660519538311476,0.932,0.546,1.28128293317431e-05,"1","CEP131"
"RHOV",1.21471943614893e-09,0.78498282504432,0.909,0.482,1.28322961234772e-05,"1","RHOV"
"FBXO41",1.21766619010089e-09,0.451477549523102,0.875,0.417,1.28634256322258e-05,"1","FBXO41"
"TMEM143",1.23407395413722e-09,1.08942661624775,0.591,0.225,1.30367572515055e-05,"1","TMEM143"
"CHD1L",1.24723320560349e-09,0.697340161475585,0.977,0.647,1.31757715839953e-05,"1","CHD1L"
"HERC6",1.25001409223557e-09,0.657349009398342,0.898,0.523,1.32051488703766e-05,"1","HERC6"
"ACAD9",1.26330368388494e-09,0.722644262468751,1,0.798,1.33455401165605e-05,"1","ACAD9"
"THRB",1.26487043061729e-09,0.92087332905497,0.773,0.394,1.33620912290411e-05,"1","THRB"
"PEA15",1.26667609734454e-09,0.622082183651139,1,0.968,1.33811662923478e-05,"1","PEA15"
"BCKDK",1.26911636755267e-09,0.554179955627547,1,0.867,1.34069453068264e-05,"1","BCKDK"
"ZNF514",1.26944055267586e-09,0.702330562794465,0.841,0.422,1.34103699984678e-05,"1","ZNF514"
"PDK3",1.28241750552149e-09,0.680597993673864,0.955,0.638,1.35474585283291e-05,"1","PDK3"
"CLEC11A",1.29081301203371e-09,0.403944603446059,0.795,0.33,1.36361486591241e-05,"1","CLEC11A"
"ACOT13",1.29831301265426e-09,0.69208547631847,0.989,0.936,1.37153786656796e-05,"1","ACOT13"
"ADAMTSL4",1.32938815511352e-09,0.71291817728485,0.591,0.225,1.40436564706192e-05,"1","ADAMTSL4"
"STON2",1.33489463927106e-09,0.498850689421319,0.83,0.422,1.41018269692594e-05,"1","STON2"
"TMEM127",1.33904531907092e-09,0.544880672458733,0.989,0.775,1.41456747506652e-05,"1","TMEM127"
"LSG1",1.34007049901186e-09,0.713495372126311,1,0.904,1.41565047515613e-05,"1","LSG1"
"TASP1",1.34978050958523e-09,0.766085344067411,0.92,0.564,1.42590813032584e-05,"1","TASP1"
"SPTBN1",1.37238642672344e-09,0.575649041199124,1,1,1.44978902119064e-05,"1","SPTBN1"
"SRPK3",1.37336453320813e-09,0.496418322923668,0.864,0.427,1.45082229288107e-05,"1","SRPK3"
"GK5",1.38485289902235e-09,0.62000912644107,0.955,0.592,1.46295860252721e-05,"1","GK5"
"FAM217B",1.38497457946585e-09,0.628095499647454,0.966,0.693,1.46308714574772e-05,"1","FAM217B"
"ISG15",1.38782874081755e-09,0.883815071941424,0.955,0.835,1.46610228179966e-05,"1","ISG15"
"LRRC75B",1.39303080182174e-09,0.818023527425907,0.739,0.303,1.47159773904448e-05,"1","LRRC75B"
"MCC",1.39374489727118e-09,0.537030516988885,0.932,0.578,1.47235210947727e-05,"1","MCC"
"TIGD51",1.40803702031178e-09,0.414684115038117,0.886,0.523,1.48745030825737e-05,"1","TIGD5"
"PALB2",1.40890388244941e-09,0.692605785940956,0.898,0.477,1.48836606141955e-05,"1","PALB2"
"MIGA2",1.44344780572681e-09,0.721532439760357,0.977,0.615,1.5248582619698e-05,"1","MIGA2"
"MRPL57",1.44689549230748e-09,0.747614277279821,1,0.963,1.52850039807362e-05,"1","MRPL57"
"H4C8",1.48764289775727e-09,0.262726319513407,0.841,0.431,1.57154595719078e-05,"1","H4C8"
"PAPLN",1.49266510263146e-09,0.549240073043147,0.864,0.45,1.57685141441988e-05,"1","PAPLN"
"TRIM14",1.49945011962416e-09,0.656287354665611,1,0.977,1.58401910637096e-05,"1","TRIM14"
"ANKRD13B",1.50284829025793e-09,0.674345415241825,0.602,0.225,1.58760893382848e-05,"1","ANKRD13B"
"SLC49A4",1.50362056139386e-09,0.854821946890954,0.852,0.468,1.58842476105647e-05,"1","SLC49A4"
"PIF1",1.50418988376089e-09,0.414580196013784,0.636,0.248,1.589026193205e-05,"1","PIF1"
"CYP27B1",1.5071208725459e-09,0.408086054835037,0.943,0.491,1.59212248975749e-05,"1","CYP27B1"
"USP50",1.51453782848421e-09,0.984857209495641,0.898,0.514,1.59995776201072e-05,"1","USP50"
"TMEM70",1.5195238400878e-09,0.737652530889699,0.966,0.725,1.60522498466875e-05,"1","TMEM70"
"JMJD7",1.51998946762433e-09,0.829050732424113,0.92,0.541,1.60571687359834e-05,"1","JMJD7"
"USF3",1.54129842222517e-09,0.772547745288211,0.966,0.693,1.62822765323867e-05,"1","USF3"
"COBL",1.543121186387e-09,0.620129946413721,0.807,0.362,1.63015322129922e-05,"1","COBL"
"ULK4",1.550397810135e-09,0.279273780140995,0.83,0.372,1.63784024662661e-05,"1","ULK4"
"DMXL2",1.55616985964002e-09,0.695719588278276,0.886,0.523,1.64393783972372e-05,"1","DMXL2"
"SHPK",1.56423229924485e-09,0.583873283113648,0.943,0.569,1.65245500092226e-05,"1","SHPK"
"RAB13",1.57412438639426e-09,0.621118517372546,0.989,0.977,1.6629050017869e-05,"1","RAB13"
"POLR2H",1.5935712749382e-09,0.530567525732152,1,0.945,1.68344869484471e-05,"1","POLR2H"
"BAIAP2L1",1.5967946964679e-09,0.69294638821249,0.977,0.853,1.68685391734869e-05,"1","BAIAP2L1"
"FSAF1",1.6007533076845e-09,0.800821997177326,0.955,0.688,1.69103579423791e-05,"1","FSAF1"
"METRNL",1.60186042208466e-09,0.722087682190513,0.932,0.638,1.69220534989023e-05,"1","METRNL"
"RNF13",1.60673718774262e-09,0.619245008758041,0.989,0.862,1.69735716513131e-05,"1","RNF13"
"ARPIN",1.61001856291421e-09,0.678578731660815,0.989,0.812,1.70082360986257e-05,"1","ARPIN"
"TAPBPL",1.61301527690227e-09,0.524405307705298,0.955,0.578,1.70398933851956e-05,"1","TAPBPL"
"ZBTB41",1.6170424999018e-09,0.763864308306668,0.92,0.706,1.70824369689626e-05,"1","ZBTB41"
"FAM91A1",1.6186296747378e-09,0.749843668379587,0.989,0.927,1.70992038839302e-05,"1","FAM91A1"
"CIPC",1.62065649789156e-09,0.667838856001057,0.977,0.665,1.71206152437264e-05,"1","CIPC"
"NUDT19",1.62993840646664e-09,0.842950234135754,0.989,0.959,1.72186693259135e-05,"1","NUDT19"
"VAV3",1.63006541598065e-09,0.324140743393094,0.795,0.358,1.72200110544196e-05,"1","VAV3"
"ZBTB14",1.63545599285442e-09,0.623737677700001,0.659,0.266,1.72769571085141e-05,"1","ZBTB14"
"SNTA1",1.64891389431432e-09,0.568372493426173,0.932,0.523,1.74191263795365e-05,"1","SNTA1"
"EHHADH",1.66220637254355e-09,1.02445406229077,0.693,0.321,1.75595481195501e-05,"1","EHHADH"
"C17orf67",1.66731628503669e-09,0.434554688359759,0.659,0.239,1.76135292351276e-05,"1","C17orf67"
"RDH10",1.687762818392e-09,1.27366205340851,0.784,0.39,1.78295264134931e-05,"1","RDH10"
"IL13RA1",1.69924807558175e-09,0.59521656123055,1,0.803,1.79508566704456e-05,"1","IL13RA1"
"CREG1",1.70536318400138e-09,0.566353417020482,0.989,0.716,1.80154566757906e-05,"1","CREG1"
"TSSK3",1.70770064755743e-09,1.02068430839874,0.432,0.115,1.80401496407967e-05,"1","TSSK3"
"TRANK1",1.71198544229867e-09,0.657514477729177,0.557,0.183,1.80854142124431e-05,"1","TRANK1"
"C1RL",1.72404579501517e-09,0.770115243886639,0.943,0.601,1.82128197785403e-05,"1","C1RL"
"NFATC2IP",1.73045644480396e-09,0.673197306793469,0.989,0.872,1.82805418829091e-05,"1","NFATC2IP"
"ZFP41",1.73368963629628e-09,0.662165229430179,0.92,0.596,1.83146973178339e-05,"1","ZFP41"
"HES2",1.74331016289386e-09,0.60175942683885,0.841,0.45,1.84163285608108e-05,"1","HES2"
"ASB3",1.75414083258829e-09,0.721389003277205,0.932,0.729,1.85307437554627e-05,"1","ASB3"
"DAAM1",1.75747572050966e-09,0.726715289123388,0.977,0.835,1.85659735114641e-05,"1","DAAM1"
"IDE",1.76933379059108e-09,0.536849745925885,0.943,0.651,1.86912421638041e-05,"1","IDE"
"ZNF443",1.76939618512506e-09,0.960295388658108,0.545,0.188,1.86919012996611e-05,"1","ZNF443"
"LGALS3BP",1.79437265046545e-09,0.635011713433233,0.955,0.922,1.8955752679517e-05,"1","LGALS3BP"
"HAGHL",1.81030079815514e-09,0.505876008658484,0.989,0.693,1.91240176317109e-05,"1","HAGHL"
"MORC2",1.82005566173871e-09,0.564152820138906,1,0.812,1.92270680106077e-05,"1","MORC2"
"STK38",1.82284365379815e-09,0.672750088827067,1,0.894,1.92565203587236e-05,"1","STK38"
"MRPS21",1.82593073994042e-09,0.684277090176147,0.989,0.94,1.92891323367306e-05,"1","MRPS21"
"GAN",1.83299531109071e-09,0.974800416981648,0.955,0.817,1.93637624663623e-05,"1","GAN"
"TMEM62",1.84902471112025e-09,0.779864268744806,0.943,0.638,1.95330970482743e-05,"1","TMEM62"
"RHBDD1",1.85054793711004e-09,0.375720992818655,0.875,0.413,1.95491884076304e-05,"1","RHBDD1"
"PDIA3",1.85348381087636e-09,0.508586863051042,1,1,1.95802029780978e-05,"1","PDIA3"
"DNA2",1.85510651284915e-09,0.354258121364509,0.795,0.339,1.95973452017384e-05,"1","DNA2"
"FAM174B",1.85838611166389e-09,0.792404136376,0.932,0.651,1.96319908836173e-05,"1","FAM174B"
"TPMT",1.85886950276881e-09,0.771001471355651,0.943,0.67,1.96370974272497e-05,"1","TPMT"
"GMPS",1.86320825434905e-09,0.548028707045362,1,0.853,1.96829319989433e-05,"1","GMPS"
"ENDOD1",1.8674350954484e-09,0.83124348607643,0.989,0.844,1.97275843483169e-05,"1","ENDOD1"
"TSNARE1",1.87683246721804e-09,0.699558069970985,0.864,0.477,1.98268581836913e-05,"1","TSNARE1"
"RHBDD3",1.88221660479826e-09,0.619660430932405,0.966,0.628,1.98837362130888e-05,"1","RHBDD3"
"IWS1",1.90578708370026e-09,0.699510046560528,0.989,0.807,2.01327347522096e-05,"1","IWS1"
"UGGT1",1.92347138217031e-09,0.707241352058452,1,0.867,2.03195516812471e-05,"1","UGGT1"
"FBXL6",1.93344695809117e-09,0.645100059513541,1,0.936,2.04249336652751e-05,"1","FBXL6"
"MPHOSPH8",1.93663751701934e-09,0.678878885871741,0.977,0.899,2.04586387297923e-05,"1","MPHOSPH8"
"RBM12B",1.95103799782714e-09,0.501806586810428,0.955,0.647,2.06107654090459e-05,"1","RBM12B"
"KBTBD11",1.95170701822178e-09,0.497989773476723,0.534,0.174,2.06178329404949e-05,"1","KBTBD11"
"STRN",1.96476945824031e-09,0.786059909062898,0.909,0.606,2.07558245568507e-05,"1","STRN"
"NR4A1",1.96873028990296e-09,0.740724569475153,0.989,0.844,2.07976667825349e-05,"1","NR4A1"
"PREPL",1.98376626237007e-09,0.665054718384587,0.943,0.633,2.09565067956774e-05,"1","PREPL"
"MDK",1.98797711625787e-09,0.720934784464974,0.977,0.972,2.10009902561481e-05,"1","MDK"
"RAB43",1.98954497321324e-09,0.686132417546617,0.773,0.358,2.10175530970247e-05,"1","RAB43"
"KCNK6",2.02938621463034e-09,0.584963648195066,0.955,0.651,2.14384359713549e-05,"1","KCNK6"
"PRR19",2.03241645735375e-09,0.712261874403627,0.989,0.83,2.1470447455485e-05,"1","PRR19"
"RAE1",2.04157846184216e-09,0.572171220531771,0.989,0.982,2.15672348709006e-05,"1","RAE1"
"CAPS",2.04749150967132e-09,0.829795010927571,0.932,0.821,2.16297003081678e-05,"1","CAPS"
"AIFM1",2.06726724627515e-09,0.752524083939856,0.977,0.748,2.18386111896507e-05,"1","AIFM1"
"DLGAP5",2.07790606943092e-09,0.265441435052153,0.898,0.372,2.19509997174683e-05,"1","DLGAP5"
"RPS6KA1",2.09634354320087e-09,0.782651494969258,0.568,0.188,2.2145773190374e-05,"1","RPS6KA1"
"PCLO",2.13537609816683e-09,0.62595428400305,0.682,0.275,2.25581131010344e-05,"1","PCLO"
"ADCY6",2.13657824765789e-09,0.683463453454131,0.875,0.523,2.2570812608258e-05,"1","ADCY6"
"ZNF142",2.13785056324411e-09,0.671643333377199,0.977,0.67,2.25842533501108e-05,"1","ZNF142"
"TRIM46",2.14888817851033e-09,1.08059416709257,0.693,0.353,2.27008547177832e-05,"1","TRIM46"
"DNAJC17",2.1575428110765e-09,0.745459674478032,0.989,0.771,2.27922822562121e-05,"1","DNAJC17"
"UBL3",2.18222129255707e-09,0.536235059929543,0.932,0.578,2.30529857345729e-05,"1","UBL3"
"GPR180",2.1892108126309e-09,0.878503053620344,0.932,0.72,2.31268230246329e-05,"1","GPR180"
"TPX2",2.20305240716812e-09,0.299363347666946,0.977,0.541,2.3273045629324e-05,"1","TPX2"
"RBM14-RBM4",2.20920437499217e-09,0.542157744455261,1,0.972,2.33380350174173e-05,"1","RBM14-RBM4"
"C1orf198",2.2115458353511e-09,0.529613653537024,0.989,0.858,2.33627702046491e-05,"1","C1orf198"
"SCFD2",2.22247464876091e-09,0.581103075693571,0.92,0.468,2.34782221895102e-05,"1","SCFD2"
"ATPAF1",2.22272866778894e-09,0.830818109561599,0.955,0.596,2.34809056465224e-05,"1","ATPAF1"
"PTK6",2.22813345551742e-09,0.722955404322563,0.966,0.706,2.35380018240861e-05,"1","PTK6"
"GKAP1",2.23105600660745e-09,0.661298749859782,0.784,0.372,2.35688756538011e-05,"1","GKAP1"
"SLC35D4",2.23657026232615e-09,0.553440733380304,0.966,0.61,2.36271282512135e-05,"1","SLC35D4"
"DNAJC30",2.24500595891186e-09,0.501940215144302,0.966,0.505,2.37162429499449e-05,"1","DNAJC30"
"DDX59",2.26565810557133e-09,0.652835061624027,0.977,0.688,2.39344122272556e-05,"1","DDX59"
"ZNF600",2.28978813687775e-09,0.76247067296462,0.886,0.56,2.41893218779765e-05,"1","ZNF600"
"CTSF",2.30637642317788e-09,0.626123435024407,0.989,0.876,2.43645605344511e-05,"1","CTSF"
"CCDC34",2.31611174683621e-09,0.572027658373251,0.989,0.683,2.44674044935778e-05,"1","CCDC34"
"SPINT2",2.32822738865934e-09,0.758365359359741,0.989,0.972,2.45953941337973e-05,"1","SPINT2"
"AXIN2",2.3694375350658e-09,0.616494919768067,0.773,0.344,2.50307381204351e-05,"1","AXIN2"
"ZNF404",2.39571407156802e-09,0.78060033231735,0.625,0.229,2.53083234520446e-05,"1","ZNF404"
"MGAT5",2.40465936052203e-09,0.539327672397175,0.83,0.408,2.54028214845547e-05,"1","MGAT5"
"ACTR3",2.43283970746688e-09,0.526330197716751,1,0.991,2.57005186696802e-05,"1","ACTR3"
"ATP2A3",2.44775799629338e-09,0.660879316593139,0.92,0.541,2.58581154728432e-05,"1","ATP2A3"
"SHTN1",2.45055220560175e-09,0.50337768245865,1,0.858,2.58876334999769e-05,"1","SHTN1"
"COBLL1",2.46018294625117e-09,0.498537596148097,0.886,0.5,2.59893726441973e-05,"1","COBLL1"
"NAPEPLD",2.47382425655474e-09,0.652807306882028,0.875,0.468,2.61334794462442e-05,"1","NAPEPLD"
"CAPN1",2.47461984237418e-09,0.578179504877451,1,0.959,2.61418840148409e-05,"1","CAPN1"
"TBC1D31",2.4953417110396e-09,0.682421960437714,0.989,0.876,2.63607898354223e-05,"1","TBC1D31"
"KDM6A",2.50195530959729e-09,0.651005544432279,0.966,0.817,2.64306558905858e-05,"1","KDM6A"
"UGP2",2.51009035778793e-09,0.690339050563997,1,0.917,2.65165945396717e-05,"1","UGP2"
"ZNF875",2.51130982675818e-09,0.556865510656057,0.932,0.651,2.65294770098734e-05,"1","ZNF875"
"RNF1521",2.55910337365606e-09,0.295966725863356,0.852,0.44,2.70343680393026e-05,"1","RNF152"
"DTNB",2.56398258180468e-09,0.780027605962993,0.932,0.601,2.70859119941846e-05,"1","DTNB"
"PAPOLG",2.56539434140279e-09,0.652664082337607,0.932,0.596,2.71008258225791e-05,"1","PAPOLG"
"OBSCN",2.58531707153509e-09,0.790634561443926,0.864,0.5,2.73112895436967e-05,"1","OBSCN"
"MTBP",2.59022603366077e-09,0.716970516653424,0.92,0.688,2.73631478195924e-05,"1","MTBP"
"ARID1A",2.59297472382514e-09,0.717253783433213,0.966,0.812,2.73921849824887e-05,"1","ARID1A"
"CDC7",2.59673682556638e-09,0.538648031616116,0.909,0.491,2.74319278252833e-05,"1","CDC7"
"TESK2",2.59912202871249e-09,0.497545977675929,0.716,0.372,2.74571251113187e-05,"1","TESK2"
"VCF1",2.60442223343205e-09,0.610420584967004,1,0.936,2.75131164739761e-05,"1","VCF1"
"INCENP",2.66775423973797e-09,0.332833426122994,0.898,0.495,2.8182155788592e-05,"1","INCENP"
"TEAD4",2.66898303458163e-09,0.674382417041974,0.966,0.679,2.81951367773203e-05,"1","TEAD4"
"USP20",2.67588706748256e-09,0.619666900716473,0.977,0.959,2.82680709808858e-05,"1","USP20"
"HLTF",2.67803623721363e-09,0.724783428980929,0.977,0.899,2.82907748099248e-05,"1","HLTF"
"SUV39H1",2.68713540307886e-09,0.587431897215366,0.875,0.486,2.8386898398125e-05,"1","SUV39H1"
"FBXO28",2.70129452140111e-09,0.632323491980044,0.989,0.817,2.85364753240813e-05,"1","FBXO28"
"HEXB",2.70148281522609e-09,0.460784085791325,1,0.982,2.85384644600484e-05,"1","HEXB"
"OBI1",2.7027999838225e-09,0.595450177040813,0.875,0.537,2.85523790291009e-05,"1","OBI1"
"DCAKD",2.72630962250275e-09,0.56787538451022,1,0.729,2.88007348521191e-05,"1","DCAKD"
"RAB4B",2.728962833487e-09,0.578167213585816,0.943,0.564,2.88287633729567e-05,"1","RAB4B"
"ZNF596",2.74191891413977e-09,1.11608560065085,0.739,0.367,2.89656314089726e-05,"1","ZNF596"
"ATF5",2.77871037290822e-09,0.607739690108162,1,0.867,2.93542963794025e-05,"1","ATF5"
"COG4",2.79910095102309e-09,0.667675153587349,0.977,0.693,2.95697024466079e-05,"1","COG4"
"TBRG4",2.80499179439175e-09,0.682763540686876,0.989,0.803,2.96319333159545e-05,"1","TBRG4"
"PHLDA3",2.81117440437129e-09,0.656096851717769,0.966,0.564,2.96972464077783e-05,"1","PHLDA3"
"POLR2D",2.84461165733774e-09,0.652345000000012,0.989,0.913,3.00504775481159e-05,"1","POLR2D"
"CEP78",2.85075807404667e-09,0.751730795440052,0.943,0.633,3.0115408294229e-05,"1","CEP78"
"THAP5",2.86382406677888e-09,0.746687414098162,0.989,0.826,3.0253437441452e-05,"1","THAP5"
"ZXDC",2.86971402196912e-09,0.58828330611819,0.92,0.615,3.03156589280817e-05,"1","ZXDC"
"CDC42SE1",2.87146417754514e-09,0.68406545552653,1,0.991,3.03341475715868e-05,"1","CDC42SE1"
"FDXR",2.87721957370479e-09,0.579590779281561,0.932,0.523,3.03949475766174e-05,"1","FDXR"
"ELAPOR1",2.89514079376829e-09,0.443990478705736,0.932,0.61,3.05842673453682e-05,"1","ELAPOR1"
"TAF5L",2.8990276845775e-09,0.840022513214947,0.909,0.615,3.06253284598768e-05,"1","TAF5L"
"FAM219A",2.96456326154271e-09,0.581218918052337,0.909,0.454,3.13176462949372e-05,"1","FAM219A"
"TMEM51",2.98794655684276e-09,0.684687250835292,0.727,0.312,3.15646674264869e-05,"1","TMEM51"
"CELSR2",3.00437053013525e-09,0.386668534062478,0.932,0.546,3.17381702803488e-05,"1","CELSR2"
"CYP2D6",3.04147862451032e-09,0.588492709083362,0.477,0.138,3.2130180189327e-05,"1","CYP2D6"
"ZNF235",3.04353875435481e-09,0.485254975328583,0.761,0.385,3.21519434010042e-05,"1","ZNF235"
"PPM1D",3.04697911346352e-09,0.644744929538331,0.955,0.633,3.21882873546286e-05,"1","PPM1D"
"KLF5",3.05293790248129e-09,0.655364232768688,0.977,0.872,3.22512360018123e-05,"1","KLF5"
"ZNF574",3.07083958261956e-09,0.660564539482065,0.977,0.674,3.2440349350793e-05,"1","ZNF574"
"GIT1",3.07371728069938e-09,0.625859784571954,0.943,0.619,3.24707493533083e-05,"1","GIT1"
"C6orf62",3.07838776691938e-09,0.74088005310705,1,1,3.25200883697363e-05,"1","C6orf62"
"TRIM21",3.09890180183459e-09,0.783871669140082,0.784,0.349,3.27367986345806e-05,"1","TRIM21"
"TRRAP",3.10173664530566e-09,0.578500648724711,0.989,0.89,3.2766745921009e-05,"1","TRRAP"
"ANKRD27",3.10792214186506e-09,0.858818129898082,0.943,0.752,3.28320895066625e-05,"1","ANKRD27"
"NDUFA2",3.13234282955932e-09,0.494258620505239,1,1,3.30900696514647e-05,"1","NDUFA2"
"PGAP3",3.14584114313732e-09,0.820235752066859,0.955,0.661,3.32326658361026e-05,"1","PGAP3"
"MFSD11",3.15965253960826e-09,0.4769419904013,1,0.991,3.33785694284217e-05,"1","MFSD11"
"H2AC20",3.16208526029982e-09,0.670246551203186,0.864,0.482,3.34042686898073e-05,"1","H2AC20"
"SYBU",3.17227621948746e-09,0.735410479125949,0.909,0.601,3.35119259826655e-05,"1","SYBU"
"SYDE2",3.18892934281223e-09,0.502340693278174,0.75,0.367,3.36878495774684e-05,"1","SYDE2"
"SLC44A3",3.20747117754649e-09,1.19308820039851,0.477,0.147,3.38837255196012e-05,"1","SLC44A3"
"TIAM1",3.21790638579955e-09,0.719763851704961,0.92,0.615,3.39939630595865e-05,"1","TIAM1"
"PPP6R1",3.23312865369019e-09,0.742683207334482,0.966,0.711,3.41547710975831e-05,"1","PPP6R1"
"AGBL5",3.24302873444537e-09,0.48679036853914,1,0.995,3.42593555506809e-05,"1","AGBL5"
"INO80B-WBP1",3.24997073697375e-09,0.727580735696857,0.977,0.812,3.43326908653907e-05,"1","INO80B-WBP1"
"POU2F1",3.25279625457142e-09,0.567775945107546,0.977,0.734,3.43625396332925e-05,"1","POU2F1"
"CNTLN",3.26958593532822e-09,0.979409921264151,0.659,0.284,3.45399058208073e-05,"1","CNTLN"
"DTNBP1",3.27671045852185e-09,0.760907862543592,0.955,0.711,3.46151692838248e-05,"1","DTNBP1"
"ZNF641",3.28334381904938e-09,0.465386699157038,0.58,0.216,3.46852441044376e-05,"1","ZNF641"
"CPT2",3.29734461956832e-09,0.648686721491548,0.932,0.642,3.48331485611197e-05,"1","CPT2"
"ATP6AP1",3.29935589959973e-09,0.65682896987567,1,0.972,3.48543957233716e-05,"1","ATP6AP1"
"MYLIP",3.3322888892684e-09,0.594883050138433,0.955,0.697,3.52022998262314e-05,"1","MYLIP"
"LPGAT1",3.36425576286103e-09,0.566532568713976,0.989,0.885,3.5539997878864e-05,"1","LPGAT1"
"EFR3A",3.37187677779127e-09,0.753761985525074,0.977,0.794,3.5620506280587e-05,"1","EFR3A"
"TUBGCP3",3.38189498627628e-09,0.614427686265717,0.932,0.661,3.57263386350226e-05,"1","TUBGCP3"
"MAST2",3.38564087876136e-09,0.616477307362933,1,0.748,3.57659102432351e-05,"1","MAST2"
"SPTSSA",3.38662387022737e-09,0.616525731751517,1,0.982,3.57762945650819e-05,"1","SPTSSA"
"PWWP2B",3.38870709271077e-09,0.370673566183979,0.795,0.376,3.57983017273966e-05,"1","PWWP2B"
"NCOA2",3.39749761657515e-09,0.664321836893377,0.977,0.734,3.58911648214999e-05,"1","NCOA2"
"PCK2",3.39868355681006e-09,0.568730939522633,0.989,0.661,3.59036930941414e-05,"1","PCK2"
"SEC23B",3.44216810610476e-09,0.61300226327278,0.989,0.89,3.63630638728907e-05,"1","SEC23B"
"IRF3",3.4608487187171e-09,0.700064028159036,0.989,0.789,3.65604058645275e-05,"1","IRF3"
"ZNF174",3.47685102930484e-09,0.693926117422194,0.716,0.303,3.67294542735763e-05,"1","ZNF174"
"NR4A3",3.48959328100307e-09,0.565558419093737,0.818,0.459,3.68640634205164e-05,"1","NR4A3"
"ATF6B",3.49760487239337e-09,0.741319557646635,0.955,0.839,3.69486978719635e-05,"1","ATF6B"
"ADCY3",3.5092111438928e-09,0.659644351420642,0.943,0.665,3.70713065240835e-05,"1","ADCY3"
"VPS9D1",3.53916407291877e-09,0.642200701101624,0.898,0.532,3.73877292663138e-05,"1","VPS9D1"
"TIMM8A",3.57069929179943e-09,0.601449537653565,0.943,0.514,3.77208673185692e-05,"1","TIMM8A"
"GPR157",3.57069929179943e-09,0.593016319445872,0.886,0.537,3.77208673185692e-05,"1","GPR157"
"RNF20",3.5750351567998e-09,0.553662646867577,1,0.757,3.77666713964331e-05,"1","RNF20"
"CMC4",3.59174889830172e-09,0.634504329571618,0.898,0.505,3.79432353616593e-05,"1","CMC4"
"SLC51A",3.59788288051277e-09,0.856881211644165,0.955,0.766,3.80080347497369e-05,"1","SLC51A"
"LCTL",3.59808605132628e-09,0.345931297658804,0.795,0.431,3.80101810462108e-05,"1","LCTL"
"RHOB",3.61146645921906e-09,0.667260022370717,1,0.872,3.81515316751901e-05,"1","RHOB"
"GPHN",3.63566399208537e-09,0.630037195202581,0.92,0.477,3.84071544123898e-05,"1","GPHN"
"NADK",3.66086605474436e-09,0.629555637304755,0.977,0.757,3.86733890023194e-05,"1","NADK"
"KLHDC8B",3.73716568802251e-09,0.604277383061855,0.727,0.303,3.94794183282698e-05,"1","KLHDC8B"
"B4GALT1",3.75744990677163e-09,0.550295803499802,1,1,3.96937008151355e-05,"1","B4GALT1"
"PRPSAP1",3.76623066067339e-09,0.648106750711958,0.977,0.812,3.97864606993537e-05,"1","PRPSAP1"
"ZNF888",3.82442011392925e-09,0.611061587065127,0.875,0.537,4.04011740835486e-05,"1","ZNF888"
"CENPA",3.832758554978e-09,0.519426478293768,0.955,0.706,4.04892613747876e-05,"1","CENPA"
"CENPL",3.83712772666911e-09,0.608067328430729,0.966,0.748,4.05354173045325e-05,"1","CENPL"
"SLC25A15",3.85334231189915e-09,0.382201600862471,0.818,0.358,4.07067081829027e-05,"1","SLC25A15"
"TMEM63B",3.85632281663106e-09,0.436716075104941,0.977,0.757,4.07381942348906e-05,"1","TMEM63B"
"DTWD2",3.87823284597744e-09,0.765289807461909,0.614,0.257,4.09696517849056e-05,"1","DTWD2"
"TK1",3.92221810585625e-09,0.639043082637121,0.966,0.725,4.14343120702654e-05,"1","TK1"
"NDUFC2-KCTD14",3.92329257969948e-09,0.489245390823886,1,0.991,4.14456628119453e-05,"1","NDUFC2-KCTD14"
"ZBED4",3.925922031911e-09,0.409427041435415,0.898,0.505,4.14734403451078e-05,"1","ZBED4"
"GABBR1",3.93039156776354e-09,0.690843471809791,0.705,0.298,4.1520656521854e-05,"1","GABBR1"
"CKS1B",3.93466925707742e-09,0.258516358612638,1,0.904,4.15658460317658e-05,"1","CKS1B"
"PHETA2",3.93615096072608e-09,0.673392264052993,0.932,0.518,4.15814987491103e-05,"1","PHETA2"
"IQCE",3.95030541611163e-09,0.588427281923726,0.92,0.683,4.17310264158033e-05,"1","IQCE"
"LIG3",3.96567845228901e-09,0.694149843705618,0.943,0.683,4.18934271699811e-05,"1","LIG3"
"MAPK12",3.97873978208452e-09,0.599890057177015,0.92,0.56,4.20314070579408e-05,"1","MAPK12"
"SNRPD2",3.99162680686516e-09,0.370051968873149,1,1,4.21675455877235e-05,"1","SNRPD2"
"MST1R",3.99358190961152e-09,0.771064480468211,0.852,0.422,4.21881992931361e-05,"1","MST1R"
"AP5B1",3.99533961470411e-09,0.559914374201779,0.886,0.518,4.22067676897342e-05,"1","AP5B1"
"NFIA",4.00395627764283e-09,0.855485726877945,0.955,0.849,4.22977941170188e-05,"1","NFIA"
"CTSZ",4.0149243929477e-09,0.745116036873927,0.989,0.849,4.24136612870996e-05,"1","CTSZ"
"ZNF8-ERVK3-1",4.02335875726578e-09,0.692869179013142,0.977,0.849,4.25027619117557e-05,"1","ZNF8-ERVK3-1"
"ZNF707",4.05809874592933e-09,0.670340960911747,0.909,0.518,4.28697551519974e-05,"1","ZNF707"
"RPN2",4.06110367556778e-09,0.404532251639296,1,1,4.2901499228698e-05,"1","RPN2"
"FBXO3",4.07576439265256e-09,0.634825100690267,0.989,0.853,4.30563750439816e-05,"1","FBXO3"
"TMEM150A",4.10302325448697e-09,0.548414538813859,0.909,0.509,4.33443376604004e-05,"1","TMEM150A"
"CALHM2",4.11848599668474e-09,0.427834340552555,0.693,0.271,4.35076860689776e-05,"1","CALHM2"
"BRD1",4.12123535298292e-09,0.706602824381159,0.875,0.546,4.35367302689116e-05,"1","BRD1"
"ZNF586",4.12240019898036e-09,0.665693936619322,0.977,0.83,4.35490357020285e-05,"1","ZNF586"
"TMEM260",4.13182599245943e-09,0.480888265829243,0.932,0.537,4.36486097843414e-05,"1","TMEM260"
"EOLA1",4.1376768677992e-09,0.441327808093012,0.898,0.468,4.37104184314308e-05,"1","EOLA1"
"SEZ6L2",4.1384702331726e-09,0.818476253987725,0.932,0.651,4.37187995432353e-05,"1","SEZ6L2"
"CSK",4.16350798282394e-09,0.637597283152052,0.955,0.78,4.39832983305521e-05,"1","CSK"
"UBR3",4.16812895309704e-09,0.63709048412838,0.875,0.592,4.40321142605171e-05,"1","UBR3"
"MRPL24",4.1930006133839e-09,0.564379852646001,1,0.927,4.42948584797875e-05,"1","MRPL24"
"NXT2",4.19895695991102e-09,0.478737723678753,0.875,0.436,4.43577813245e-05,"1","NXT2"
"TM9SF2",4.2035908087712e-09,0.537555817760141,1,0.991,4.44067333038589e-05,"1","TM9SF2"
"WDR7",4.22054391435722e-09,0.580163958459313,0.75,0.362,4.45858259112697e-05,"1","WDR7"
"CENPS",4.22454515813797e-09,0.406573487006685,0.966,0.505,4.46280950505695e-05,"1","CENPS"
"LMAN2L",4.22880375161583e-09,0.758838121193406,0.955,0.596,4.46730828320696e-05,"1","LMAN2L"
"SETDB2",4.23356172341016e-09,0.688820792273473,0.795,0.39,4.4723346046105e-05,"1","SETDB2"
"RAD21",4.27667101732254e-09,0.741269722048255,0.989,1,4.51787526269953e-05,"1","RAD21"
"LHPP",4.29900115506143e-09,0.694725308533453,0.92,0.564,4.5414648202069e-05,"1","LHPP"
"WDR26",4.33560032320202e-09,0.621926203311521,0.989,0.881,4.58012818143061e-05,"1","WDR26"
"MRPL9",4.34001434790332e-09,0.585335092612984,1,0.927,4.58479115712507e-05,"1","MRPL9"
"EGLN2",4.36040381579517e-09,0.636425555883352,0.989,0.872,4.60633059100601e-05,"1","EGLN2"
"ETHE1",4.36881708587578e-09,0.577633985519267,0.977,0.734,4.61521836951917e-05,"1","ETHE1"
"RNF2",4.37922187401796e-09,0.672218458428111,0.92,0.656,4.62620998771257e-05,"1","RNF2"
"DBNL",4.4078709571238e-09,0.577819419881416,1,0.913,4.65647487910559e-05,"1","DBNL"
"POGZ",4.4078709571238e-09,0.594076561716436,1,0.913,4.65647487910559e-05,"1","POGZ"
"IARS2",4.42292114044562e-09,0.590317897063889,1,0.95,4.67237389276676e-05,"1","IARS2"
"S100A11",4.4265267007404e-09,0.672000936619934,1,1,4.67618280666215e-05,"1","S100A11"
"PIK3IP11",4.48176651346444e-09,0.442692645560418,0.648,0.275,4.73453814482383e-05,"1","PIK3IP1"
"FLVCR1",4.4930901221818e-09,0.564813759259439,0.932,0.638,4.74650040507285e-05,"1","FLVCR1"
"SPAG5",4.503207140516e-09,0.501251391099125,0.932,0.45,4.7571880232411e-05,"1","SPAG5"
"CEP170B",4.53156312474334e-09,0.682091777560395,0.909,0.55,4.78714328497887e-05,"1","CEP170B"
"PMCH",4.54600446175846e-09,1.10147091296943,0.557,0.193,4.80239911340163e-05,"1","PMCH"
"VPS39",4.58291671279198e-09,0.551536934726337,0.977,0.78,4.84139321539345e-05,"1","VPS39"
"SCAMP3",4.61899674064625e-09,0.478321742074622,1,0.959,4.8795081568187e-05,"1","SCAMP3"
"RASD1",4.62941107670645e-09,0.794680114198933,0.75,0.358,4.89050986143269e-05,"1","RASD1"
"CLUAP1",4.63945881712391e-09,0.45755117903369,0.886,0.5,4.9011242944097e-05,"1","CLUAP1"
"HMGCL",4.65197258492367e-09,0.494936227651821,0.943,0.555,4.91434383871336e-05,"1","HMGCL"
"TRIP13",4.70691863263539e-09,0.454852365030896,0.955,0.505,4.97238884351603e-05,"1","TRIP13"
"RECQL5",4.73658667843324e-09,0.72195434435244,0.932,0.606,5.00373016709688e-05,"1","RECQL5"
"ZSCAN32",4.73844341541962e-09,0.525237696593001,0.784,0.344,5.00569162404929e-05,"1","ZSCAN32"
"REEP1",4.7634056699053e-09,0.255825927525189,0.807,0.339,5.03206174968795e-05,"1","REEP1"
"TPD52L1",4.79085704441218e-09,0.693228970516675,0.943,0.67,5.06106138171702e-05,"1","TPD52L1"
"KCP",4.88992091263185e-09,0.617601422253633,1,0.917,5.16571245210429e-05,"1","KCP"
"TMEM97",4.89665819003449e-09,0.625668559423262,1,0.881,5.17282971195243e-05,"1","TMEM97"
"POGLUT1",4.91686646952871e-09,0.779648444577879,0.932,0.674,5.19417773841013e-05,"1","POGLUT1"
"VKORC1L1",4.94272800466433e-09,0.511182307094688,0.886,0.509,5.2214978641274e-05,"1","VKORC1L1"
"SPR",4.94565810527092e-09,0.670747892221347,0.966,0.693,5.2245932224082e-05,"1","SPR"
"SERP1",4.94906160497521e-09,0.609611799468767,1,0.972,5.22818867949582e-05,"1","SERP1"
"MPC2",5.01225549953688e-09,0.678893531791536,0.989,0.968,5.29494670971076e-05,"1","MPC2"
"DMKN",5.01562280597057e-09,0.670172565591854,0.92,0.514,5.29850393222731e-05,"1","DMKN"
"TRIM7",5.02262875734516e-09,0.669920817734575,0.943,0.592,5.30590501925943e-05,"1","TRIM7"
"FBXL19",5.05517960824875e-09,0.678386143877259,0.716,0.303,5.34029173815398e-05,"1","FBXL19"
"KRT18",5.05697084207668e-09,0.524461782437465,0.989,0.995,5.3421839975698e-05,"1","KRT18"
"MROH7-TTC4",5.06872588346141e-09,0.489676875716393,0.943,0.477,5.35460202328863e-05,"1","MROH7-TTC4"
"ZBTB6",5.12295694754528e-09,0.521239961203056,0.841,0.436,5.41189171938683e-05,"1","ZBTB6"
"PRKCZ",5.13827735915129e-09,0.707020705968247,0.92,0.706,5.42807620220742e-05,"1","PRKCZ"
"SMC6",5.18963338969058e-09,0.632505204979835,0.977,0.775,5.48232871286913e-05,"1","SMC6"
"FHIP1A",5.20603204989811e-09,0.480667956746587,0.727,0.326,5.49965225751237e-05,"1","FHIP1A"
"CCNA2",5.22145637837923e-09,0.30606524712982,0.932,0.555,5.51594651811982e-05,"1","CCNA2"
"MCCC1",5.22199394836775e-09,0.672673036173146,0.955,0.725,5.51651440705569e-05,"1","MCCC1"
"WBP1",5.2444619758063e-09,0.655946086324654,1,0.881,5.54024963124178e-05,"1","WBP1"
"SMARCC2",5.29398147541826e-09,0.597086052341802,0.989,0.945,5.59256203063185e-05,"1","SMARCC2"
"RBM42",5.30103383411529e-09,0.545792404067366,1,0.991,5.60001214235939e-05,"1","RBM42"
"TBC1D30",5.33309729711107e-09,0.360813318187186,0.818,0.399,5.63388398466813e-05,"1","TBC1D30"
"VPS13C",5.35198729778585e-09,0.607737103569544,0.977,0.757,5.65383938138098e-05,"1","VPS13C"
"PTGR2",5.37007482925844e-09,0.634197549675304,0.989,0.647,5.67294704962862e-05,"1","PTGR2"
"CYB5A",5.38211031297919e-09,0.413845041454767,0.977,0.748,5.68566133463122e-05,"1","CYB5A"
"LAMP2",5.39221955975222e-09,0.594307929339512,1,0.977,5.69634074292225e-05,"1","LAMP2"
"CAPN10",5.4660047599242e-09,0.412057993270181,0.761,0.349,5.77428742838393e-05,"1","CAPN10"
"RRS1",5.494444232923e-09,0.406425002245197,0.909,0.5,5.80433088765986e-05,"1","RRS1"
"ARRB1",5.51907053392142e-09,0.684339511203099,0.898,0.555,5.83034611203459e-05,"1","ARRB1"
"PATJ",5.52315260193836e-09,0.392764241190867,0.943,0.624,5.83465840868769e-05,"1","PATJ"
"TPR",5.53264567493272e-09,0.558122948263397,1,0.982,5.84468689099893e-05,"1","TPR"
"MCM8",5.54497381344277e-09,0.557000701090722,0.943,0.569,5.85771033652094e-05,"1","MCM8"
"ZNF205",5.55389512157944e-09,0.355655774991294,0.83,0.381,5.86713480643652e-05,"1","ZNF205"
"SLC66A1",5.56482726565832e-09,0.60840171466046,0.864,0.45,5.87868352344145e-05,"1","SLC66A1"
"DNAJB11",5.62828050831854e-09,0.538037551529743,1,0.991,5.94571552898771e-05,"1","DNAJB11"
"TP53I13",5.63206503656488e-09,0.600334009584519,1,0.862,5.94971350462714e-05,"1","TP53I13"
"HAUS8",5.64683944048738e-09,0.545185331284021,0.864,0.459,5.96532118493087e-05,"1","HAUS8"
"ZBTB7C",5.73152281191369e-09,0.828519210975433,0.58,0.22,6.05478069850562e-05,"1","ZBTB7C"
"PILRA",5.74984637680132e-09,0.561473987731598,0.92,0.596,6.07413771245291e-05,"1","PILRA"
"GGACT",5.75327763208122e-09,0.75384022176658,0.795,0.422,6.0777624905306e-05,"1","GGACT"
"STK36",5.75571301730804e-09,0.332823247588415,0.966,0.509,6.08033523148421e-05,"1","STK36"
"TROAP",5.76176062416778e-09,0.257875302456905,0.955,0.537,6.08672392337084e-05,"1","TROAP"
"RRAGB",5.79257841692993e-09,0.414743069908549,0.875,0.445,6.11927983964478e-05,"1","RRAGB"
"UTP23",5.82329384712921e-09,0.604562699861103,1,0.972,6.15172762010729e-05,"1","UTP23"
"VPS54",5.82972226048639e-09,0.82857430524857,0.886,0.495,6.15851859597782e-05,"1","VPS54"
"LRCH1",5.84320924978954e-09,0.745842768452015,0.83,0.445,6.17276625147767e-05,"1","LRCH1"
"RCC1",5.84962545069345e-09,0.63267443448506,1,0.913,6.17954432611256e-05,"1","RCC1"
"JSRP1",5.86847104244725e-09,0.466111010787372,0.966,0.899,6.19945280924128e-05,"1","JSRP1"
"IFIT11",5.8967413174571e-09,0.506328591429576,0.682,0.28,6.22931752776168e-05,"1","IFIT1"
"SLC44A1",5.90004289868773e-09,0.775088743511412,0.989,0.894,6.23280531817372e-05,"1","SLC44A1"
"GCC1",5.92316395930936e-09,0.579219061481152,1,0.968,6.25723040661441e-05,"1","GCC1"
"CYSTM1",5.94895976924192e-09,0.557729766410564,0.989,0.977,6.28448110022717e-05,"1","CYSTM1"
"LRIG1",5.95280180704094e-09,0.371443766196043,0.955,0.583,6.28853982895805e-05,"1","LRIG1"
"SASS6",5.95768590017087e-09,0.697805691959721,0.92,0.454,6.29369938494051e-05,"1","SASS6"
"DIP2C-AS1",6.00882077428366e-09,0.719207373635425,0.761,0.372,6.34771826595326e-05,"1","DIP2C-AS1"
"IRF2",6.01920935316969e-09,0.50572708299226,0.932,0.528,6.35869276068846e-05,"1","IRF2"
"VPS13B",6.02334671029325e-09,0.578708135991994,0.989,0.876,6.36306346475379e-05,"1","VPS13B"
"OPN3",6.08049588457504e-09,0.474605414283031,0.864,0.413,6.42343585246508e-05,"1","OPN3"
"NDUFS6",6.13011352790238e-09,0.605334805478902,1,1,6.47585193087608e-05,"1","NDUFS6"
"TCTN1",6.13303074992189e-09,0.259923304194863,0.989,0.683,6.47893368421748e-05,"1","TCTN1"
"ISY1-RAB43",6.1880711665907e-09,0.621955184017814,1,0.812,6.53707838038642e-05,"1","ISY1-RAB43"
"MSH2",6.22640450309575e-09,0.643420830496792,0.966,0.752,6.57757371707035e-05,"1","MSH2"
"ARHGEF9",6.23770080032671e-09,0.464423756667855,0.909,0.546,6.58950712546513e-05,"1","ARHGEF9"
"AKAP11",6.32486507612384e-09,0.744912889256144,0.932,0.592,6.68158746641723e-05,"1","AKAP11"
"LARP4B",6.38863495439068e-09,0.679485833549321,1,0.94,6.74895396581832e-05,"1","LARP4B"
"HSPD1",6.39626729359577e-09,0.47858753926282,1,0.972,6.75701676895457e-05,"1","HSPD1"
"FOXO1",6.44701203533771e-09,0.846445903450244,0.92,0.573,6.81062351413075e-05,"1","FOXO1"
"HSPA4",6.44900621793454e-09,0.539260823346521,1,0.959,6.81273016862605e-05,"1","HSPA4"
"GLCCI1",6.4560559120963e-09,0.803098882996607,0.784,0.404,6.82017746553853e-05,"1","GLCCI1"
"PNPO",6.50477316455067e-09,0.705671098255523,0.966,0.83,6.87164237103133e-05,"1","PNPO"
"RINL",6.50894116382972e-09,0.623832078603296,0.807,0.404,6.87604544546971e-05,"1","RINL"
"EPHA1",6.54212151118827e-09,0.49844653093301,0.955,0.803,6.91109716441929e-05,"1","EPHA1"
"SPOPL",6.56847021218709e-09,0.576792292718262,0.943,0.702,6.93893193215445e-05,"1","SPOPL"
"SPTLC3",6.58803478437164e-09,0.77904415214105,0.818,0.486,6.9595999462102e-05,"1","SPTLC3"
"FBXO46",6.60532717411400e-09,0.494878293849351,0.92,0.587,6.97786762673402e-05,"1","FBXO46"
"AHCY",6.61277166358332e-09,0.554468555568199,1,0.885,6.98573198540942e-05,"1","AHCY"
"ENO4",6.63773724873806e-09,0.78289224052507,0.545,0.193,7.01210562956689e-05,"1","ENO4"
"ACTR2",6.67534094667133e-09,0.434088048052711,1,1,7.05183017606359e-05,"1","ACTR2"
"ZNF189",6.71367894611308e-09,0.667616521360261,0.75,0.399,7.09233043867386e-05,"1","ZNF189"
"ZC3H4",6.74640832087903e-09,0.459470902801312,0.966,0.725,7.1269057501766e-05,"1","ZC3H4"
"RBM4",6.78988665292479e-09,0.4190737791367,1,0.991,7.17283626014975e-05,"1","RBM4"
"YEATS2",6.82704071053308e-09,0.641500148187657,0.966,0.798,7.21208580660715e-05,"1","YEATS2"
"TLE6",6.87244439134815e-09,0.795782960211627,0.5,0.161,7.26005025502019e-05,"1","TLE6"
"UBR5",6.91461088386802e-09,0.724801043380495,1,0.894,7.30459493771818e-05,"1","UBR5"
"ABCC1",6.91862411805744e-09,0.578785656159776,0.966,0.619,7.30883451831588e-05,"1","ABCC1"
"CCDC142",6.95620916424389e-09,0.537506149740606,1,0.94,7.34853936110724e-05,"1","CCDC142"
"ZNF695",7.00943014741995e-09,1.20070329597361,0.591,0.225,7.40476200773443e-05,"1","ZNF695"
"KIFAP3",7.01911151423928e-09,0.544285617239005,0.966,0.734,7.41498940364238e-05,"1","KIFAP3"
"REEP4",7.03351799025143e-09,0.651947949129636,0.977,0.78,7.43020840490161e-05,"1","REEP4"
"BCL2L11",7.04728697620283e-09,0.398866680173986,0.977,0.674,7.44475396166067e-05,"1","BCL2L11"
"SIK2",7.06503344716225e-09,0.409943496363624,0.943,0.596,7.4635013335822e-05,"1","SIK2"
"NBPF11",7.13064651769457e-09,0.626531507073917,0.898,0.587,7.53281498129255e-05,"1","NBPF11"
"XRCC2",7.25059967621178e-09,0.361883876242425,0.852,0.367,7.65953349795012e-05,"1","XRCC2"
"DBNDD1",7.26223303715301e-09,0.590036154003777,0.92,0.596,7.67182298044844e-05,"1","DBNDD1"
"TOR2A",7.28890858781028e-09,0.695983499564782,0.955,0.628,7.70000303216278e-05,"1","TOR2A"
"ATP8A1",7.33127425434077e-09,0.297235285345008,0.75,0.326,7.74475812228559e-05,"1","ATP8A1"
"POR",7.39058836352058e-09,0.714077817308658,0.989,0.821,7.80741754722314e-05,"1","POR"
"ZNF575",7.44267092400719e-09,0.587451197718027,0.955,0.624,7.86243756412119e-05,"1","ZNF575"
"CREB1",7.4484558520993e-09,0.488710669915342,0.977,0.748,7.8685487621577e-05,"1","CREB1"
"WNT7B",7.47828687863716e-09,0.590862430384623,0.909,0.555,7.9000622585923e-05,"1","WNT7B"
"IFT43",7.68697372421911e-09,0.551127738266874,0.989,0.881,8.12051904226507e-05,"1","IFT43"
"FLYWCH2",7.68903585246505e-09,0.63011735766519,0.977,0.656,8.12269747454408e-05,"1","FLYWCH2"
"SLC39A1",7.70438401964668e-09,0.42053641086622,1,0.945,8.13891127835475e-05,"1","SLC39A1"
"CDK16",7.76232966792634e-09,0.579633686422445,1,0.931,8.20012506119738e-05,"1","CDK16"
"ANP32E",7.76232966792634e-09,0.801858746845591,0.989,0.936,8.20012506119738e-05,"1","ANP32E"
"TNFSF10",7.76346809061579e-09,0.261059569967985,0.841,0.399,8.20132769092652e-05,"1","TNFSF10"
"ARHGAP35",7.79169972986438e-09,0.586559405985329,0.989,0.839,8.23115159462873e-05,"1","ARHGAP35"
"ODF2",7.84178610935271e-09,0.617801151769843,0.989,0.711,8.2840628459202e-05,"1","ODF2"
"ZNF548",7.84201259484973e-09,0.617292351550174,0.909,0.606,8.28430210519926e-05,"1","ZNF548"
"ZNF547",7.85432296979138e-09,0.711812229592581,0.955,0.734,8.29730678528762e-05,"1","ZNF547"
"CHTOP",7.90619814061699e-09,0.393732208643547,1,0.954,8.35210771574779e-05,"1","CHTOP"
"ZNF3",7.90990295485017e-09,0.592190024581966,0.989,0.821,8.35602148150372e-05,"1","ZNF3"
"RBM10",7.95771448736105e-09,0.648607047371099,0.977,0.784,8.40652958444821e-05,"1","RBM10"
"PRSS27",8.08392508488964e-09,1.23688814528665,0.557,0.243,8.53985845967742e-05,"1","PRSS27"
"GOLGA1",8.09700528847657e-09,0.568131514834073,0.989,0.697,8.55367638674664e-05,"1","GOLGA1"
"PIK3CB",8.13349454453771e-09,0.544851433638735,0.989,0.812,8.59222363684964e-05,"1","PIK3CB"
"ZNF417",8.13788370024326e-09,0.575296481485642,0.955,0.729,8.59686034093698e-05,"1","ZNF417"
"CRY2",8.24803736421131e-09,0.555317167877499,0.955,0.592,8.71322667155283e-05,"1","CRY2"
"HYKK",8.2604127982222e-09,0.546936446796929,0.659,0.289,8.72630008004194e-05,"1","HYKK"
"KAT2A",8.28847568357105e-09,0.404134034056685,0.977,0.619,8.75594571212446e-05,"1","KAT2A"
"SDE2",8.3023279362493e-09,0.737304517236419,0.989,0.784,8.77057923185376e-05,"1","SDE2"
"FAM169A",8.34174995745229e-09,0.74386647032277,0.807,0.454,8.8122246550526e-05,"1","FAM169A"
"HIP1",8.34816837880226e-09,0.492627246657882,0.966,0.615,8.8190050753667e-05,"1","HIP1"
"REEP5",8.39375058347969e-09,0.373122310473262,1,1,8.86715811638794e-05,"1","REEP5"
"TAF2",8.43577829812148e-09,0.566906101006477,1,0.917,8.91155619413553e-05,"1","TAF2"
"EDN1",8.43702174790906e-09,0.761730362636089,0.75,0.362,8.91286977449113e-05,"1","EDN1"
"LRWD1",8.53653658872133e-09,0.563920675474196,0.955,0.56,9.01799725232522e-05,"1","LRWD1"
"IL17RA",8.57851278901478e-09,0.384201750266812,0.966,0.628,9.06234091031521e-05,"1","IL17RA"
"XXYLT1",8.63244853377410e-09,0.57817823871878,0.943,0.656,9.11931863107895e-05,"1","XXYLT1"
"GEMIN2",8.6487650374778e-09,0.764855012455417,0.898,0.514,9.13655538559155e-05,"1","GEMIN2"
"GALNT3",8.66778426811265e-09,0.730768374675361,0.932,0.706,9.15664730083421e-05,"1","GALNT3"
"TPRG1L1",8.67336114040995e-09,0.526771600309376,0.761,0.376,9.16253870872907e-05,"1","TPRG1L"
"MTDH",8.68241967211247e-09,0.477783443409656,1,1,9.17210814161962e-05,"1","MTDH"
"ALG6",8.82044015604322e-09,0.624696478752241,0.943,0.537,9.31791298084406e-05,"1","ALG6"
"ABHD17B",8.82246253830488e-09,0.763246630146737,0.898,0.578,9.32004942546527e-05,"1","ABHD17B"
"RACGAP1",8.84766504505308e-09,0.520565137255451,0.977,0.665,9.34667335359407e-05,"1","RACGAP1"
"EPCAM",8.86152218271263e-09,0.891031280235808,0.966,0.766,9.36131203381763e-05,"1","EPCAM"
"PICK1",8.92390206175264e-09,0.578416081716188,0.898,0.509,9.42721013803549e-05,"1","PICK1"
"CIAO2A",8.95467855421828e-09,0.586519611563747,1,0.922,9.45972242467619e-05,"1","CIAO2A"
"LDLRAP1",9.00720098506724e-09,0.401531555214555,0.955,0.573,9.51520712062504e-05,"1","LDLRAP1"
"SMARCA5",9.0974772160024e-09,0.610871597792256,0.989,0.894,9.61057493098494e-05,"1","SMARCA5"
"APEX2",9.10495057127036e-09,0.552227407217515,0.966,0.624,9.61846978349001e-05,"1","APEX2"
"TMEM205",9.11153641425244e-09,0.55059885796785,1,0.927,9.62542706801628e-05,"1","TMEM205"
"PNKP",9.1324630080436e-09,0.54617886602052,1,0.972,9.64753392169726e-05,"1","PNKP"
"ERG28",9.20394027659199e-09,0.647099483596632,1,0.858,9.72304250819178e-05,"1","ERG28"
"ZNF251",9.30193455594974e-09,0.588233221676327,0.886,0.482,9.82656366490531e-05,"1","ZNF251"
"CNTD1",9.33069088659977e-09,0.62256331652037,0.989,0.894,9.856941852604e-05,"1","CNTD1"
"MFN1",9.36058230927017e-09,0.56150818194135,0.989,0.862,9.88851915151301e-05,"1","MFN1"
"ULK3",9.43434042000035e-09,0.668990604035539,0.977,0.702,9.96643721968837e-05,"1","ULK3"
"SWSAP1",9.44562428273343e-09,0.482344534880408,0.761,0.362,9.9783574922796e-05,"1","SWSAP1"
"TATDN1",9.44682865267055e-09,0.668557972666233,1,0.986,9.97962978868117e-05,"1","TATDN1"
"ODR4",9.44946676462166e-09,0.562475208265699,0.977,0.899,9.98241669014632e-05,"1","ODR4"
"LLGL2",9.48878176032508e-09,0.550599610919278,0.909,0.624,0.000100239490516074,"1","LLGL2"
"PLEKHJ1",9.5268881672439e-09,0.528371722250238,1,0.991,0.000100642046598765,"1","PLEKHJ1"
"SHROOM11",9.56930046314142e-09,0.485195114605838,0.886,0.541,0.000101090090092626,"1","SHROOM1"
"GGT7",9.68881308516245e-09,0.45916699280352,0.83,0.399,0.000102352621431656,"1","GGT7"
"ATP6V1F",9.93246951352944e-09,0.526339326114016,1,0.959,0.000104926607940925,"1","ATP6V1F"
"FAM110B",9.93834703422181e-09,0.51838455394808,0.841,0.404,0.000104988698069519,"1","FAM110B"
"ZC3H10",9.98308680166815e-09,0.592521851341045,0.807,0.431,0.000105461328972822,"1","ZC3H10"
"DENND4B",9.98714044797566e-09,0.592666551804641,0.966,0.615,0.000105504151692415,"1","DENND4B"
"RABIF",1.0040330344907e-08,0.64884642945282,0.989,0.839,0.000106066049763598,"1","RABIF"
"NDUFS7",1.01905741622943e-08,0.560969505422495,1,0.986,0.000107653225450477,"1","NDUFS7"
"ACCS",1.02321351391765e-08,0.268629659359426,0.773,0.326,0.000108092275610261,"1","ACCS"
"NDUFA1",1.02767889753608e-08,0.474753015860266,1,1,0.000108563998735711,"1","NDUFA1"
"F12",1.02960786563244e-08,0.701288666674733,0.932,0.651,0.000108767774925411,"1","F12"
"C17orf100",1.03065782575129e-08,0.521909825268645,0.511,0.17,0.000108878692712366,"1","C17orf100"
"MAP3K8",1.0358166546709e-08,0.422835849817004,1,0.688,0.000109423671399433,"1","MAP3K8"
"ZNF692",1.0374570535987e-08,0.662711332587845,0.92,0.523,0.000109596963142167,"1","ZNF692"
"MAPT",1.04813944190596e-08,0.489306601986561,0.92,0.495,0.000110725450642946,"1","MAPT"
"CYB5D1",1.04867541317333e-08,0.606656166521277,0.795,0.404,0.00011078207064763,"1","CYB5D1"
"TMEM237",1.05504072145379e-08,0.753968870612098,0.966,0.72,0.000111454501814379,"1","TMEM237"
"PARPBP",1.05724415888631e-08,0.429831833686138,0.92,0.495,0.000111687272944749,"1","PARPBP"
"EIF3J",1.06072284289382e-08,0.63493986407742,1,0.931,0.000112054761123304,"1","EIF3J"
"TMC6",1.06145963130189e-08,0.568042613833685,0.977,0.706,0.000112132595450731,"1","TMC6"
"PIK3R1",1.06310455993963e-08,0.497259924889892,0.977,0.748,0.000112306365712023,"1","PIK3R1"
"ZHX1",1.06692636947514e-08,0.713780862620556,0.966,0.844,0.000112710101671354,"1","ZHX1"
"PWWP3A",1.07619855249652e-08,0.788402595901881,0.977,0.858,0.000113689615085732,"1","PWWP3A"
"PTGR3",1.08320961089703e-08,0.437978086514826,0.966,0.532,0.000114430263295162,"1","PTGR3"
"GFOD1",1.09361568689792e-08,0.523882831622954,0.773,0.39,0.000115529561163896,"1","GFOD1"
"THAP2",1.09868862896434e-08,0.690154502860298,0.636,0.239,0.000116065466763793,"1","THAP2"
"QRICH2",1.09982980500689e-08,0.327795104403713,0.568,0.211,0.000116186020600928,"1","QRICH2"
"C20orf96",1.10139946052357e-08,0.621189141393766,0.841,0.44,0.00011635183900971,"1","C20orf96"
"BCL7C",1.10249356310987e-08,0.717403942095103,0.955,0.766,0.000116467420006927,"1","BCL7C"
"TEX261",1.1026985768936e-08,0.704689085287064,0.966,0.739,0.00011648907766304,"1","TEX261"
"VIL11",1.10995539426284e-08,0.38918578427606,0.625,0.271,0.000117255687849926,"1","VIL1"
"COQ8B",1.11046931650094e-08,0.664369657054269,0.943,0.665,0.000117309978595159,"1","COQ8B"
"CCP110",1.11567393101808e-08,0.604955513430241,0.977,0.711,0.00011785979407275,"1","CCP110"
"ZNF490",1.11915809952734e-08,0.698253140618304,0.784,0.422,0.000118227861634068,"1","ZNF490"
"NCAPG",1.12086104842035e-08,0.323859441986606,0.932,0.445,0.000118407761155126,"1","NCAPG"
"IFT122",1.12944922303626e-08,0.566846751969051,0.955,0.67,0.000119315015921551,"1","IFT122"
"SIGIRR",1.13067828433344e-08,0.549073726371274,0.977,0.757,0.000119444853956985,"1","SIGIRR"
"PSME4",1.13122551326228e-08,0.636943888732069,0.989,0.959,0.000119502663221027,"1","PSME4"
"PIERCE2",1.1367916386007e-08,1.12194007016556,0.523,0.174,0.000120090668701778,"1","PIERCE2"
"DHX37",1.13723168659874e-08,0.450036665574202,0.966,0.596,0.000120137155372291,"1","DHX37"
"ACOX1",1.15837637260086e-08,0.622905383204354,1,0.844,0.000122370880001554,"1","ACOX1"
"ZSCAN20",1.15853224791351e-08,1.23988571726015,0.443,0.147,0.000122387346669584,"1","ZSCAN20"
"RFC4",1.16095879576505e-08,0.555094081506368,0.955,0.729,0.00012264368718462,"1","RFC4"
"INTS14",1.17227727525204e-08,0.567683573698286,0.977,0.716,0.000123839371357626,"1","INTS14"
"RFX7",1.17888938611088e-08,0.585801396573871,0.943,0.61,0.000124537874748754,"1","RFX7"
"MTX2",1.17989260584039e-08,0.59706404018882,0.989,0.807,0.000124643854880979,"1","MTX2"
"CD2BP2",1.18339096299991e-08,0.521340810585609,1,0.936,0.00012501342133131,"1","CD2BP2"
"UBQLN4",1.20452445795394e-08,0.606263823248042,0.977,0.706,0.000127245963738254,"1","UBQLN4"
"HAUS4",1.21542889086612e-08,0.734465797565371,0.955,0.711,0.000128397908031097,"1","HAUS4"
"TEF",1.21791698948215e-08,0.402220023291987,0.739,0.339,0.000128660750768894,"1","TEF"
"CPEB3",1.23437557952855e-08,0.378918099120515,0.75,0.367,0.000130399436221396,"1","CPEB3"
"CIMIP5",1.24452357308513e-08,1.70119264060747,0.489,0.188,0.000131471470260713,"1","CIMIP5"
"IFT22",1.2620666733909e-08,0.589170080005251,1,0.849,0.000133324723377015,"1","IFT22"
"NAGK",1.26372534658969e-08,0.53222872944095,1,0.794,0.000133499945613735,"1","NAGK"
"GSK3B",1.26533019617625e-08,0.526075681889399,1,0.936,0.000133669481924059,"1","GSK3B"
"ADAP1",1.26617105689064e-08,0.690553873690978,0.966,0.729,0.000133758310449927,"1","ADAP1"
"POLR3E",1.27552934880981e-08,0.636234279971085,0.977,0.752,0.000134746920408269,"1","POLR3E"
"RNF121",1.27753929657359e-08,0.607248390322295,0.955,0.716,0.000134959251290034,"1","RNF121"
"SELENOT",1.2776045998919e-08,0.555533770372192,1,0.963,0.00013496614993258,"1","SELENOT"
"CHAF1A",1.27834727248199e-08,0.630291328371128,0.977,0.683,0.000135044605864998,"1","CHAF1A"
"EXOC3",1.29004333881966e-08,0.509936286211254,1,0.862,0.000136280178312909,"1","EXOC3"
"USO1",1.2954464612136e-08,0.685425859633562,0.989,0.867,0.000136850964162605,"1","USO1"
"SERHL2",1.29807855575592e-08,0.556238424461891,0.932,0.729,0.000137129018630056,"1","SERHL2"
"DEGS1",1.29947061999758e-08,0.538495858449808,1,0.982,0.000137276076296544,"1","DEGS1"
"SDSL",1.30410007237458e-08,0.549560823531415,0.807,0.399,0.000137765131645651,"1","SDSL"
"PEF1",1.30834116873757e-08,0.548801264667381,1,0.936,0.000138213161065437,"1","PEF1"
"MSL2",1.31143327308791e-08,0.674001059585108,0.977,0.697,0.000138539810969007,"1","MSL2"
"NCOA1",1.3159664025153e-08,0.920770852155632,0.886,0.67,0.000139018690761716,"1","NCOA1"
"SAC3D1",1.32772579597429e-08,0.71360438361674,0.932,0.633,0.000140260953086724,"1","SAC3D1"
"SGO2",1.34047153377281e-08,0.479260775517337,0.898,0.5,0.00014160741282776,"1","SGO2"
"KDM5B",1.34097490889218e-08,0.506692831480337,0.977,0.844,0.00014166058937537,"1","KDM5B"
"ABCF3",1.34507427418384e-08,0.525401674810996,1,0.862,0.000142093646324781,"1","ABCF3"
"NARS1",1.37352760276599e-08,0.613612507833158,1,0.876,0.000145099455956199,"1","NARS1"
"PLAAT4",1.37398499244767e-08,0.701865367847867,0.841,0.486,0.000145147774602172,"1","PLAAT4"
"ZNF629",1.37708535685732e-08,0.665481660819103,0.932,0.596,0.000145475297098407,"1","ZNF629"
"ZKSCAN4",1.39761537898409e-08,0.326276840770507,0.693,0.312,0.000147644088635879,"1","ZKSCAN4"
"SUDS3",1.40238309853657e-08,0.610672448247083,1,0.862,0.000148147750529404,"1","SUDS3"
"PRELID2",1.4128050063178e-08,0.319501345692847,0.955,0.509,0.000149248720867412,"1","PRELID2"
"CEP104",1.41918090612592e-08,0.264587572880451,0.909,0.55,0.000149922270923142,"1","CEP104"
"ARPIN-AP3S2",1.4382331103846e-08,0.698252703173955,0.989,0.899,0.000151934945781029,"1","ARPIN-AP3S2"
"KDM3B",1.44673626412128e-08,0.581974575005894,0.977,0.817,0.000152833218941772,"1","KDM3B"
"SLC4A11",1.45756111624706e-08,0.421025727799084,0.909,0.518,0.00015397675632034,"1","SLC4A11"
"NCBP1",1.46646161880426e-08,0.537136564060259,0.989,0.807,0.000154917005410482,"1","NCBP1"
"DAB2IP",1.48818852796495e-08,0.623581019863249,0.966,0.624,0.000157212236094217,"1","DAB2IP"
"TMEM80",1.49116221592749e-08,0.751849600828387,0.932,0.679,0.00015752637649058,"1","TMEM80"
"RPS6KC1",1.49799632698233e-08,0.635980535738054,0.943,0.651,0.000158248331982414,"1","RPS6KC1"
"DGCR2",1.49979313412985e-08,0.52833749907826,0.977,0.688,0.000158438146689477,"1","DGCR2"
"CABLES2",1.50291248335321e-08,0.474614648419533,0.864,0.5,0.000158767674741433,"1","CABLES2"
"PYCR2",1.50875094639957e-08,0.494253074312512,1,0.95,0.000159384449977651,"1","PYCR2"
"ATP2C1",1.52119985497023e-08,0.622156400201074,0.977,0.83,0.000160699552679056,"1","ATP2C1"
"FECH",1.52740513570393e-08,0.597448926381464,0.943,0.528,0.000161355078535763,"1","FECH"
"PITPNM1",1.53492070165129e-08,0.593800296330786,0.909,0.61,0.000162149022922442,"1","PITPNM1"
"PLSCR1",1.54162553833714e-08,0.384388521653134,0.977,0.812,0.000162857321869936,"1","PLSCR1"
"OBSL1",1.56608723766993e-08,0.487470624356578,0.966,0.674,0.000165441455787452,"1","OBSL1"
"PTER",1.57820605473091e-08,0.54950887911718,0.943,0.601,0.000166721687621774,"1","PTER"
"HMGN5",1.5790432073004e-08,0.372855976794099,0.932,0.587,0.000166810124419214,"1","HMGN5"
"KIAA0513",1.58048023557456e-08,0.647078589521625,0.909,0.56,0.000166961932086096,"1","KIAA0513"
"DCAF11",1.58581756615206e-08,0.511762666286177,0.989,0.826,0.000167525767688304,"1","DCAF11"
"MAPDA",1.59191644311107e-08,0.511036854138142,0.898,0.532,0.000168170053050254,"1","MAPDA"
"VPS41",1.5964042532346e-08,0.641725426432598,0.966,0.807,0.000168644145311703,"1","VPS41"
"C2orf68",1.60249011837976e-08,0.636713735778002,1,0.894,0.000169287056105638,"1","C2orf68"
"KREMEN1",1.61648217034127e-08,0.419021576216949,0.818,0.459,0.000170765176474852,"1","KREMEN1"
"PAFAH2",1.61763682449134e-08,0.39745819927903,0.864,0.436,0.000170887154139265,"1","PAFAH2"
"ATP6V1C1",1.61971720480381e-08,0.580908992047431,0.977,0.917,0.000171106925515474,"1","ATP6V1C1"
"RIOX1",1.62377331580643e-08,0.610562329710659,0.943,0.702,0.000171535413081791,"1","RIOX1"
"FUCA1",1.64194553509134e-08,0.583864062916678,0.989,0.578,0.000173455126327049,"1","FUCA1"
"LMTK2",1.64570284066912e-08,0.675565276959713,0.977,0.78,0.000173852048088285,"1","LMTK2"
"NDUFA8",1.65179041555774e-08,0.566824862880109,1,0.936,0.00017449513949952,"1","NDUFA8"
"TMEM38A",1.66646507704371e-08,0.300627809375875,0.693,0.312,0.000176045370738898,"1","TMEM38A"
"MEST",1.66960343328526e-08,0.62540296518446,0.932,0.56,0.000176376906692255,"1","MEST"
"NFKBID",1.67808078543885e-08,0.474348714920311,0.818,0.372,0.00017727245417376,"1","NFKBID"
"PANK1",1.67959666175221e-08,0.625221425003794,0.614,0.243,0.000177432591347504,"1","PANK1"
"CAPN12",1.6991296813984e-08,0.568080029697807,0.989,0.931,0.000179496059542927,"1","CAPN12"
"FBXO5",1.70579403935278e-08,0.404128555143084,0.92,0.532,0.000180200082317228,"1","FBXO5"
"JPT2",1.73863001773356e-08,0.489537590024736,0.989,0.982,0.000183668875073373,"1","JPT2"
"TUBD1",1.74758016946441e-08,0.426491426623515,0.841,0.45,0.000184614369102221,"1","TUBD1"
"RAB10",1.75321195339251e-08,0.453649143010938,1,0.995,0.000185209310756385,"1","RAB10"
"CENPP",1.76645980065615e-08,0.25815028649797,0.977,0.716,0.000186608813341316,"1","CENPP"
"B4GALNT4",1.7765024340477e-08,0.545674560606488,0.75,0.353,0.000187669717132799,"1","B4GALNT4"
"ATL2",1.77708263660037e-08,0.665305421071056,0.966,0.812,0.000187731009730463,"1","ATL2"
"EFCAB10",1.78007166784511e-08,0.963541622151924,0.705,0.339,0.000188046770991157,"1","EFCAB10"
"ERVK3-1",1.78175758591692e-08,0.564311198213163,0.989,0.963,0.000188224871376264,"1","ERVK3-1"
"ZNF595",1.78650589877094e-08,0.574417393447589,0.83,0.413,0.000188726483146162,"1","ZNF595"
"ZNF2",1.79668200317451e-08,0.319277468228697,0.739,0.381,0.000189801486815355,"1","ZNF2"
"YDJC",1.80111967562624e-08,0.625149131322632,0.989,0.817,0.000190270282533156,"1","YDJC"
"SANBR",1.80206074507083e-08,0.501621514139918,0.943,0.619,0.000190369697109283,"1","SANBR"
"ARSA",1.80640435942792e-08,0.570615625989086,0.989,0.729,0.000190828556529965,"1","ARSA"
"AP1G2",1.80695440832324e-08,0.503604010262949,1,0.876,0.000190886663695267,"1","AP1G2"
"STIL",1.80902774982172e-08,0.389968137519233,0.943,0.555,0.000191105691491167,"1","STIL"
"NDUFB9",1.81223431816591e-08,0.585684581674104,1,0.991,0.000191444433371046,"1","NDUFB9"
"KCTD1",1.8122915390606e-08,0.441034032827121,0.886,0.486,0.000191450478186361,"1","KCTD1"
"LRRC59",1.84244883794094e-08,0.508635504298903,1,0.986,0.00019463629524008,"1","LRRC59"
"LACTB2",1.8468043760933e-08,0.546633837799501,0.977,0.638,0.000195096414290497,"1","LACTB2"
"DNPEP",1.85423176812805e-08,0.556082144527783,0.989,0.904,0.000195881043985047,"1","DNPEP"
"FAIM",1.86676725189017e-08,0.627087065546857,0.977,0.725,0.000197205292489677,"1","FAIM"
"TRIM52",1.8781670885204e-08,0.581882576001045,0.909,0.61,0.000198409571231295,"1","TRIM52"
"SPG11",1.87823805397613e-08,0.417743069663913,0.989,0.872,0.000198417068022039,"1","SPG11"
"TMCO4",1.88654463162408e-08,0.587829938361288,0.932,0.518,0.000199294574884767,"1","TMCO4"
"KANK1",1.88654463162408e-08,0.516880417530789,0.898,0.532,0.000199294574884767,"1","KANK1"
"SPEG",1.8962678760559e-08,0.300277320528709,0.716,0.321,0.000200321738426545,"1","SPEG"
"DBI",1.9043913113137e-08,0.591747348041677,1,0.986,0.00020117989812718,"1","DBI"
"TMED4",1.90441724612356e-08,0.446968241128623,1,0.995,0.000201182637880493,"1","TMED4"
"FBXO42",1.91349598388513e-08,0.611963042394564,0.92,0.569,0.000202141715737625,"1","FBXO42"
"ZNF549",1.91378926039931e-08,0.387513852949196,0.852,0.482,0.000202172697468583,"1","ZNF549"
"MARCHF9",1.92536426801837e-08,0.603217044799878,0.784,0.376,0.000203395481273461,"1","MARCHF9"
"MAFB",1.93223987920987e-08,1.08530275718773,0.636,0.275,0.000204121820839731,"1","MAFB"
"ACBD3",1.95487679377493e-08,0.583228932209252,1,0.894,0.000206513184494383,"1","ACBD3"
"IFT80",1.95652494205945e-08,0.572260981812495,0.966,0.826,0.00020668729487916,"1","IFT80"
"TEX2",1.95842968508941e-08,0.633523581375874,0.955,0.697,0.000206888511932846,"1","TEX2"
"POMK",1.97280813907241e-08,0.66428586999723,0.977,0.748,0.00020840745181161,"1","POMK"
"RTN2",1.98547134289129e-08,0.647265855272427,0.773,0.408,0.000209745192663036,"1","RTN2"
"HAUS5",1.98770140347193e-08,0.648483253247092,0.955,0.771,0.000209980776262775,"1","HAUS5"
"SLC30A4",1.98996006339769e-08,0.795000158556507,0.898,0.601,0.000210219381097332,"1","SLC30A4"
"NME4",2.00992171794923e-08,0.554981848942576,1,0.913,0.000212328130284156,"1","NME4"
"TBCK",2.02292904649681e-08,0.554517053198998,0.989,0.94,0.000213702224471923,"1","TBCK"
"TGFA",2.02515322289543e-08,0.290066076475799,0.716,0.312,0.000213937186466673,"1","TGFA"
"SHLD1",2.02654015790671e-08,0.599735283337494,0.636,0.257,0.000214083702281265,"1","SHLD1"
"TLCD1",2.04061900710428e-08,0.636692675326471,0.943,0.583,0.000215570991910496,"1","TLCD1"
"ETV3",2.04330645736661e-08,0.576635112774656,0.977,0.839,0.000215854894156209,"1","ETV3"
"PPP1R16A",2.04346595200633e-08,0.611714435688361,0.977,0.858,0.000215871743169949,"1","PPP1R16A"
"GCOM1",2.05842707323711e-08,0.673902684116676,0.977,0.688,0.000217452236016769,"1","GCOM1"
"MOB1A",2.06709658279181e-08,0.587819280026489,1,0.954,0.000218368083006126,"1","MOB1A"
"EXOC8",2.07291912523999e-08,0.348071792970599,0.909,0.615,0.000218983176390353,"1","EXOC8"
"MTERF1",2.08684221014721e-08,0.304416952476517,0.875,0.463,0.000220454011079951,"1","MTERF1"
"PFDN6",2.10105826070617e-08,0.551235474518553,1,0.95,0.000221955794661,"1","PFDN6"
"ARL8A",2.10252961707624e-08,0.845480597496796,0.932,0.578,0.000222111228747934,"1","ARL8A"
"UAP1L1",2.10742323591973e-08,0.7649103991051,0.92,0.665,0.00022262819064256,"1","UAP1L1"
"JUP",2.10836703651296e-08,0.593664034654363,1,0.867,0.000222727893737229,"1","JUP"
"CAB39L",2.12357922357853e-08,0.463950550689566,0.932,0.55,0.000224334909178836,"1","CAB39L"
"MAGI3",2.15058801877888e-08,0.52763728746372,0.977,0.619,0.0002271881183038,"1","MAGI3"
"CCDC24",2.16759084015195e-08,0.629230296557501,0.909,0.569,0.000228984296353651,"1","CCDC24"
"PEX11B",2.1897894830758e-08,0.654522020846331,0.989,0.693,0.000231329360992127,"1","PEX11B"
"VPS35L",2.19408209378713e-08,0.678243454095723,0.977,0.807,0.000231782832387672,"1","VPS35L"
"KIAA0930",2.19617155572394e-08,0.49854774681722,0.92,0.541,0.000232003563146677,"1","KIAA0930"
"PON2",2.20283116192377e-08,0.611314810122207,0.989,0.867,0.000232707083945627,"1","PON2"
"GGA2",2.21900289254506e-08,0.46733039038838,1,0.849,0.00023441546556846,"1","GGA2"
"RAPGEFL1",2.23387748299331e-08,0.782672744142911,0.841,0.482,0.000235986817303413,"1","RAPGEFL1"
"PHYH",2.23881724270569e-08,0.522166239314244,1,0.817,0.000236508653519429,"1","PHYH"
"CIAO1",2.24558678318942e-08,0.549211430087141,1,0.977,0.000237223787776131,"1","CIAO1"
"ZNF154",2.26366410061019e-08,1.1015130744808,0.614,0.294,0.00023913347558846,"1","ZNF154"
"CELSR3",2.27395984264689e-08,0.569565563094613,0.795,0.436,0.000240221117777217,"1","CELSR3"
"SLC45A3",2.27600969182618e-08,0.850925072342011,0.477,0.161,0.000240437663844517,"1","SLC45A3"
"ZNF264",2.30813088641924e-08,0.338318199487367,0.966,0.752,0.000243830946841328,"1","ZNF264"
"MLH3",2.32097623342753e-08,0.614912382304265,0.932,0.592,0.000245187929299284,"1","MLH3"
"PEX6",2.32258772214777e-08,0.653643317757761,0.818,0.436,0.000245358166967691,"1","PEX6"
"TSEN54",2.32379215869827e-08,0.581752316849505,0.989,0.739,0.000245485403644885,"1","TSEN54"
"MTERF2",2.32462382676601e-08,0.505155888840764,0.886,0.528,0.000245573261059562,"1","MTERF2"
"LRRC73",2.34385866271225e-08,1.028941708877,0.432,0.128,0.000247605229128922,"1","LRRC73"
"SERPINH1",2.34522028463857e-08,0.634332563947431,1,0.899,0.000247749070869219,"1","SERPINH1"
"SH3YL1",2.36613302284638e-08,0.356907717796106,0.92,0.546,0.000249958292533492,"1","SH3YL1"
"SAMTOR",2.37470034747389e-08,0.688146967993223,0.705,0.33,0.000250863344707142,"1","SAMTOR"
"C8orf33",2.37639827815883e-08,0.575612533468601,1,0.945,0.000251042714104699,"1","C8orf33"
"RXRA",2.3780316160682e-08,0.607843692231365,0.977,0.784,0.000251215259921445,"1","RXRA"
"CENPX",2.39598569873323e-08,0.559370248035671,1,0.945,0.000253111929214178,"1","CENPX"
"RBBP4",2.39825683756578e-08,0.449274380507141,1,0.986,0.000253351852320449,"1","RBBP4"
"OXNAD1",2.42479631928916e-08,0.360139581529334,0.92,0.486,0.000256155483169707,"1","OXNAD1"
"UBFD1",2.44814610805832e-08,0.483629844521593,0.977,0.697,0.000258622154855281,"1","UBFD1"
"PLEKHA8",2.4482442517737e-08,0.306176763684889,0.773,0.349,0.000258632522757374,"1","PLEKHA8"
"ZNF687",2.46913005597094e-08,0.538928631282967,0.977,0.839,0.00026083889911277,"1","ZNF687"
"DENND6B",2.47327107683049e-08,0.33436396184154,0.727,0.362,0.000261276356556372,"1","DENND6B"
"NSF",2.47861573487995e-08,0.422424597387191,0.989,0.693,0.000261840966232718,"1","NSF"
"FCSK",2.48109670586416e-08,0.584571466138984,0.761,0.353,0.00026210305600749,"1","FCSK"
"THAP7",2.48349907305823e-08,0.558282909618311,1,0.725,0.000262356842077871,"1","THAP7"
"PRPF40B",2.48957991999532e-08,0.509470905988244,0.966,0.697,0.000262999222748306,"1","PRPF40B"
"PAQR7",2.49724734224799e-08,0.611852718233365,0.989,0.716,0.000263809209235077,"1","PAQR7"
"IDH3B",2.49730962575967e-08,0.450826964123545,1,0.954,0.000263815788865251,"1","IDH3B"
"RSPH9",2.51004748097472e-08,0.573489200460786,0.977,0.858,0.000265161415890169,"1","RSPH9"
"FAM120C",2.51107705739884e-08,0.639390945888287,0.807,0.505,0.000265270180343613,"1","FAM120C"
"PRR14",2.51378373672395e-08,0.572145314292963,0.977,0.725,0.000265556113947518,"1","PRR14"
"PTCD1",2.5192467667523e-08,0.468538562711077,1,0.991,0.000266133228439713,"1","PTCD1"
"SMIM1",2.52108567355691e-08,0.279778092221977,0.693,0.261,0.000266327490554552,"1","SMIM1"
"PDSS1",2.52548033596867e-08,0.503000596411725,0.864,0.495,0.00026679174269173,"1","PDSS1"
"NCK2",2.53524448101672e-08,0.270962818275797,0.818,0.445,0.000267823226974606,"1","NCK2"
"ATP5MF-PTCD1",2.53907874725456e-08,0.530724168864085,0.966,0.922,0.000268228278859972,"1","ATP5MF-PTCD1"
"ORC2",2.54668777177613e-08,0.49327357548082,0.955,0.615,0.000269032096210431,"1","ORC2"
"ALAD",2.54868162130606e-08,0.587907573842289,0.955,0.78,0.000269242726474772,"1","ALAD"
"SYT121",2.58224175375688e-08,0.350250940924489,0.727,0.367,0.000272788018866876,"1","SYT12"
"WTIP",2.58586454471299e-08,0.532032314753403,0.795,0.422,0.00027317073050348,"1","WTIP"
"USP37",2.65061954607404e-08,0.56291852817872,0.943,0.679,0.000280011448847262,"1","USP37"
"SPRYD4",2.65369333174448e-08,0.571251426518665,0.955,0.679,0.000280336163565487,"1","SPRYD4"
"COIL",2.66053126196653e-08,0.541984121529908,0.989,0.881,0.000281058522514144,"1","COIL"
"PPP1CB",2.66787456570938e-08,0.621124860434376,1,0.995,0.000281834269121539,"1","PPP1CB"
"ZNF845",2.6818749887525e-08,0.812986060465497,0.807,0.468,0.000283313273811814,"1","ZNF845"
"CYRIB",2.6888533399827e-08,0.454278022311913,0.989,0.913,0.000284050466835772,"1","CYRIB"
"HMOX1",2.6935591757038e-08,1.20994356514993,0.773,0.353,0.000284547591321349,"1","HMOX1"
"RSKR",2.70503373034359e-08,0.346145664747614,0.852,0.491,0.000285759763273497,"1","RSKR"
"TMEM160",2.70760118770141e-08,0.62457308699946,1,0.881,0.000286030989468777,"1","TMEM160"
"ETFBKMT",2.71881563929099e-08,0.466195695937441,0.818,0.422,0.000287215684134701,"1","ETFBKMT"
"CDCA5",2.72149538460553e-08,0.373843323360164,0.92,0.468,0.000287498772429728,"1","CDCA5"
"EPB41L4B",2.73508296011471e-08,0.589505851058495,0.932,0.555,0.000288934163906518,"1","EPB41L4B"
"KRABD5",2.7458354701082e-08,0.357437135511478,0.932,0.573,0.000290070059062231,"1","KRABD5"
"NAA10",2.74909948139168e-08,0.511905646738033,1,0.922,0.000290414869214217,"1","NAA10"
"CCR10",2.75032880914239e-08,0.453407363955246,0.614,0.243,0.000290544735397802,"1","CCR10"
"ATP5PF",2.75658367243636e-08,0.475575458888772,1,1,0.000291205499156177,"1","ATP5PF"
"ZDHHC21",2.76676681565391e-08,0.429905968399027,0.841,0.381,0.000292281246405679,"1","ZDHHC21"
"POLD3",2.76752811778636e-08,0.669731132151815,0.977,0.789,0.000292361670362951,"1","POLD3"
"ADNP2",2.76958058709198e-08,0.643706349146878,0.943,0.656,0.000292578493220397,"1","ADNP2"
"MROH8",2.77402658621639e-08,0.532240297163978,1,0.931,0.0002930481685679,"1","MROH8"
"NIPAL2",2.80940677388486e-08,0.430700212611193,0.875,0.509,0.000296785731593197,"1","NIPAL2"
"GPR160",2.82026313414008e-08,0.717269878454196,0.92,0.564,0.000297932597490558,"1","GPR160"
"ZMYM2",2.82362619952181e-08,0.50879554994592,0.989,0.89,0.000298287871717484,"1","ZMYM2"
"HOXB4",2.82998953160529e-08,0.530718198672973,0.67,0.298,0.000298960094118783,"1","HOXB4"
"BCL3",2.84962138330513e-08,0.385735555701949,0.977,0.61,0.000301034002932354,"1","BCL3"
"PCYOX1",2.86372463520479e-08,0.549505123628292,1,0.922,0.000302523870463034,"1","PCYOX1"
"BDH1",2.86954460193556e-08,0.591158624976158,0.966,0.674,0.000303138691748472,"1","BDH1"
"ZNF415",2.87376862306843e-08,0.670934671279093,0.875,0.541,0.000303584917340949,"1","ZNF415"
"ZNF671",2.95474695821696e-08,0.310064026162267,0.75,0.339,0.000312139468666039,"1","ZNF671"
"ZNF652",2.9587369665407e-08,0.817738638515191,0.989,0.881,0.000312560973145359,"1","ZNF652"
"AIMP2",2.96538198440999e-08,0.539987198743181,1,0.885,0.000313262952833071,"1","AIMP2"
"TIPRL",2.97977826857476e-08,0.528805465536116,1,0.913,0.000314783776292238,"1","TIPRL"
"POLD1",2.98379676522131e-08,0.417981030203673,0.977,0.56,0.00031520829027798,"1","POLD1"
"STAT5B",2.99644273837885e-08,0.613807950885186,0.886,0.537,0.000316544210882341,"1","STAT5B"
"NELFCD",3.00318045987069e-08,0.424746578027311,0.989,0.986,0.00031725598378074,"1","NELFCD"
"TRIM28",3.03202598583852e-08,0.550246404522526,1,0.876,0.000320303225143981,"1","TRIM28"
"TEAD3",3.04433087627842e-08,0.434600253151621,0.955,0.67,0.000321603113770053,"1","TEAD3"
"ZNF16",3.05204341799481e-08,0.600077877756831,0.886,0.578,0.000322417866676972,"1","ZNF16"
"SLC52A2",3.06474636779797e-08,0.544696784443623,1,0.972,0.000323759806294177,"1","SLC52A2"
"GBA1",3.09465832959432e-08,0.58373254358328,0.989,0.899,0.000326919705938344,"1","GBA1"
"PSMC2",3.14033663517677e-08,0.47541952106253,1,0.968,0.000331745162140074,"1","PSMC2"
"PDIA6",3.14091783693016e-08,0.447079288942772,1,1,0.000331806560293302,"1","PDIA6"
"COMMD4",3.1901516095445e-08,0.598232567023762,1,0.95,0.000337007616032281,"1","COMMD4"
"DZIP3",3.19976853901949e-08,0.719484717292362,0.875,0.56,0.000338023548462019,"1","DZIP3"
"MICALL1",3.21946505010828e-08,0.30851206399548,0.898,0.518,0.000340104287893439,"1","MICALL1"
"RAD51AP1",3.2474769762203e-08,0.521130070497151,0.898,0.454,0.000343063467767912,"1","RAD51AP1"
"RBPMS",3.25137610168724e-08,0.539055889257701,0.898,0.523,0.00034347537138224,"1","RBPMS"
"SEC61A2",3.26261704319819e-08,0.524043246749676,0.977,0.885,0.000344662864443457,"1","SEC61A2"
"PLPP2",3.26825644325623e-08,0.545803367952649,1,0.945,0.000345258610665589,"1","PLPP2"
"MARK4",3.27922458076557e-08,0.404885351311552,0.966,0.619,0.000346417284712075,"1","MARK4"
"IRX3",3.29009279820269e-08,0.439988319355923,0.955,0.532,0.000347565403202132,"1","IRX3"
"HAUS7",3.30965139738737e-08,0.569415089529913,0.886,0.44,0.000349631573620002,"1","HAUS7"
"OSBPL2",3.33514436068327e-08,0.431985536114357,0.989,0.908,0.000352324650262581,"1","OSBPL2"
"ABHD3",3.34920970956887e-08,0.401440277450509,0.92,0.587,0.000353810513718855,"1","ABHD3"
"NUPR1",3.36019696511869e-08,0.306442789419291,0.977,0.61,0.000354971207395138,"1","NUPR1"
"ZNF320",3.36363423780739e-08,0.528006714455999,0.943,0.679,0.000355334320881973,"1","ZNF320"
"FAHD2A",3.36727161709405e-08,0.569730475633099,0.955,0.679,0.000355718573629815,"1","FAHD2A"
"HELQ",3.37074670397897e-08,0.61885931638437,0.909,0.514,0.000356085681808338,"1","HELQ"
"COX7B",3.40700745393718e-08,0.448760231683284,1,1,0.000359916267433924,"1","COX7B"
"BIRC5",3.40858934411159e-08,0.287744286128238,0.977,0.514,0.000360083378311948,"1","BIRC5"
"PPM1K",3.41000456760554e-08,0.559018666750725,0.841,0.45,0.000360232882521849,"1","PPM1K"
"CFAP263",3.4125094527937e-08,0.521394224961864,0.773,0.385,0.000360497498593126,"1","CFAP263"
"TEX22",3.42761385940804e-08,0.52194195488131,0.807,0.436,0.000362093128107865,"1","TEX22"
"SERTAD3",3.44699746523958e-08,0.567619911135378,0.943,0.725,0.000364140812227909,"1","SERTAD3"
"REXO4",3.5027966749368e-08,0.563608894871841,1,0.725,0.000370035440740324,"1","REXO4"
"GPT2",3.50510496183176e-08,0.703396702520281,0.898,0.583,0.000370279288167907,"1","GPT2"
"AP1S1",3.51880975468788e-08,0.454961903377082,1,0.968,0.000371727062485228,"1","AP1S1"
"POLM",3.5380844476407e-08,0.497433542986782,0.92,0.56,0.000373763241048763,"1","POLM"
"PCBD1",3.57593088473607e-08,0.51933040609278,0.989,0.913,0.000377761338663518,"1","PCBD1"
"ZBTB9",3.5804262221717e-08,0.389842996691968,0.727,0.312,0.000378236226110218,"1","ZBTB9"
"GABPB2",3.59776293201719e-08,0.496298674992566,0.977,0.674,0.000380067676138296,"1","GABPB2"
"DIS3L",3.61009875327056e-08,0.717210543964885,0.955,0.665,0.000381370832295502,"1","DIS3L"
"PHF19",3.63308958473141e-08,0.412318294491865,0.955,0.661,0.000383799583731026,"1","PHF19"
"PGS1",3.65629102550002e-08,0.481374614451052,0.977,0.702,0.000386250583933823,"1","PGS1"
"SUMO1",3.66507577620467e-08,0.415487617664018,1,0.991,0.000387178604998262,"1","SUMO1"
"MCOLN3",3.66571140109073e-08,0.579928291141525,0.784,0.422,0.000387245752411225,"1","MCOLN3"
"ORC5",3.66895438475012e-08,0.373923523882397,0.955,0.564,0.000387588341205003,"1","ORC5"
"NSD3",3.73357298411037e-08,0.421140627089217,1,0.899,0.000394414650041419,"1","NSD3"
"OXLD1",3.73818964671813e-08,0.59733861300255,0.966,0.729,0.000394902354279303,"1","OXLD1"
"SDHAF4",3.80916165276801e-08,0.56148386383919,0.795,0.413,0.000402399836998413,"1","SDHAF4"
"DNAJC22",3.81270277571844e-08,0.639413002341387,0.909,0.716,0.000402773921226895,"1","DNAJC22"
"SEC16A",3.8165062887785e-08,0.497419470461388,1,0.986,0.000403175724346561,"1","SEC16A"
"NEU1",3.90325536336888e-08,0.569079033845998,0.989,0.803,0.000412339896586289,"1","NEU1"
"CPD",3.90553889229039e-08,0.546491851908717,0.955,0.688,0.000412581128581557,"1","CPD"
"PEX19",3.91105032804262e-08,0.634644769072772,0.955,0.826,0.000413163356654422,"1","PEX19"
"STIP1",3.92251942038513e-08,0.526050676246672,0.989,0.95,0.000414374951569485,"1","STIP1"
"USP30",3.94392956071243e-08,0.700965265188537,0.875,0.546,0.000416636718793661,"1","USP30"
"APOO",3.94958463711959e-08,0.516748578379995,0.943,0.61,0.000417234121065313,"1","APOO"
"CCDC138",3.97256416651004e-08,0.624501895557953,0.818,0.427,0.000419661678550121,"1","CCDC138"
"AMIGO1",3.99265995820741e-08,1.21059687140093,0.466,0.161,0.000421784597985031,"1","AMIGO1"
"TMEM131L",3.99774529036279e-08,0.523312231695844,0.92,0.509,0.000422321812473925,"1","TMEM131L"
"NT5DC2",4.00347499596165e-08,0.694294757131442,0.932,0.706,0.000422927098573389,"1","NT5DC2"
"MARK2",4.00923370058592e-08,0.541713572696659,0.989,0.771,0.000423535448129897,"1","MARK2"
"NUDT16L1",4.05452720286803e-08,0.512469536016154,0.989,0.72,0.000428320253710979,"1","NUDT16L1"
"HNRNPAB",4.06782849626808e-08,0.628690115718883,1,0.945,0.00042972540234576,"1","HNRNPAB"
"ATRN",4.08004265928241e-08,0.652506598995613,0.955,0.665,0.000431015706526594,"1","ATRN"
"CLN3",4.10309493048544e-08,0.639180605522065,1,0.885,0.000433450948456482,"1","CLN3"
"SCYL2",4.12682015227261e-08,0.566405467965677,1,0.803,0.000435957280886079,"1","SCYL2"
"HADHA",4.1330257216643e-08,0.437256044368353,1,0.94,0.000436612837236616,"1","HADHA"
"RREB1",4.16041940898282e-08,0.628516626229624,0.989,0.927,0.000439506706364945,"1","RREB1"
"IFNAR2",4.18433196980317e-08,0.520789449049151,0.909,0.578,0.000442032829290007,"1","IFNAR2"
"GPRC5C",4.21784962512106e-08,0.578266749557017,0.898,0.495,0.000445573634397789,"1","GPRC5C"
"IFI6",4.23589805453872e-08,0.766559514192577,0.943,0.729,0.000447480270481471,"1","IFI6"
"VPS8",4.2591303150985e-08,0.380501536694631,1,0.739,0.000449934526487006,"1","VPS8"
"SYNGR2",4.27362083499361e-08,0.489571036392705,1,0.986,0.000451465305008725,"1","SYNGR2"
"OSBP2",4.27712625317156e-08,0.535920872444692,0.864,0.486,0.000451835617385044,"1","OSBP2"
"TMED8",4.29073865326757e-08,0.523974545190132,0.909,0.615,0.000453273631331186,"1","TMED8"
"UBA5",4.29698732151707e-08,0.468050376450953,0.989,0.807,0.000453933740645063,"1","UBA5"
"TENT4A",4.33640159336335e-08,0.47819692017269,0.92,0.592,0.000458097464322904,"1","TENT4A"
"NDC1",4.33737838978487e-08,0.61327436014765,0.909,0.532,0.000458200653096874,"1","NDC1"
"MEPCE",4.36847553686448e-08,0.559659403309975,0.909,0.555,0.000461485755714364,"1","MEPCE"
"ERO1B",4.38050402618018e-08,0.484174745118857,0.727,0.335,0.000462756445325674,"1","ERO1B"
"B3GALNT1",4.40963925374405e-08,0.586779695774363,0.966,0.679,0.000465834290765521,"1","B3GALNT1"
"MRPS11",4.41203722445493e-08,0.424824124946141,1,0.959,0.000466087612391419,"1","MRPS11"
"GOLPH3",4.41346499346906e-08,0.450162103619443,1,0.977,0.000466238441910072,"1","GOLPH3"
"ATG4A",4.42411702827883e-08,0.680039413968887,0.807,0.436,0.000467363722867375,"1","ATG4A"
"MRPL58",4.42698817604281e-08,0.538238049583446,1,0.844,0.000467667030917163,"1","MRPL58"
"SET",4.4494587125854e-08,0.440715060814142,1,1,0.000470040818397521,"1","SET"
"SSR4",4.4494587125854e-08,0.513160481180996,1,1,0.000470040818397521,"1","SSR4"
"SH2D3A",4.46598964476408e-08,0.379495201589622,0.92,0.569,0.000471787146072877,"1","SH2D3A"
"RUNDC1",4.47070889197931e-08,0.661607997223444,0.977,0.711,0.000472285687348695,"1","RUNDC1"
"MRS2",4.48176582512616e-08,0.717379055470888,0.943,0.688,0.000473453741766328,"1","MRS2"
"COPS6",4.48544683617769e-08,0.443563735517529,1,0.995,0.000473842603773811,"1","COPS6"
"SYAP1",4.48544683617769e-08,0.489805076685392,1,0.995,0.000473842603773811,"1","SYAP1"
"FAM199X",4.5143209170817e-08,0.617265580907394,0.966,0.734,0.000476892861680511,"1","FAM199X"
"PDS5B",4.55365105622718e-08,0.670661511979427,0.943,0.867,0.000481047697579839,"1","PDS5B"
"INO80B",4.59124169793768e-08,0.441666411527498,0.83,0.45,0.000485018772970136,"1","INO80B"
"E2F1",4.59697315768892e-08,0.392252309200515,0.818,0.45,0.000485624244378258,"1","E2F1"
"WDR89",4.60975086991056e-08,0.711541069502556,0.705,0.33,0.000486974081897351,"1","WDR89"
"BCDIN3D",4.65024601048469e-08,0.364706313168711,0.693,0.321,0.000491251988547603,"1","BCDIN3D"
"GLB1L",4.65997496146286e-08,0.598225643310371,0.784,0.454,0.000492279754928937,"1","GLB1L"
"PPP1CA",4.66966230128207e-08,0.372819257350208,1,0.995,0.000493303125507438,"1","PPP1CA"
"FSCN3",4.68143663834297e-08,0.533628243177804,0.966,0.867,0.000494546966474552,"1","FSCN3"
"FARP1",4.69888772336446e-08,0.541793804726941,0.989,0.936,0.000496390499096222,"1","FARP1"
"PIGC",4.70031331634146e-08,0.559127763478604,1,0.853,0.000496541098738312,"1","PIGC"
"WDCP",4.70251102502317e-08,0.550648137046281,0.614,0.261,0.000496773264683448,"1","WDCP"
"ZNF280C",4.7027709504377e-08,0.911184374268488,0.67,0.335,0.000496800723204238,"1","ZNF280C"
"UMPS",4.71746139929508e-08,0.586798112073699,0.989,0.734,0.000498352622221532,"1","UMPS"
"OTUD3",4.7277392001277e-08,0.479976780893558,0.852,0.482,0.00049943836910149,"1","OTUD3"
"ZNF324",4.73790913169125e-08,0.584018454750503,0.943,0.628,0.000500512720671864,"1","ZNF324"
"CHTF18",4.746786563814e-08,0.387965525855616,0.977,0.683,0.000501450532601311,"1","CHTF18"
"MCM3",4.74693422347627e-08,0.536484034092728,1,0.821,0.000501466131368034,"1","MCM3"
"ALKBH1",4.79766428806983e-08,0.481154941867621,0.932,0.537,0.000506825255391696,"1","ALKBH1"
"TRIM45",4.82891795439144e-08,0.424624664046985,0.841,0.445,0.000510126892701912,"1","TRIM45"
"ZNF32",4.8491230142389e-08,0.717783532626992,0.92,0.601,0.000512261355224197,"1","ZNF32"
"SCCPDH",4.86862519188946e-08,0.451730758882053,0.989,0.899,0.000514321565271203,"1","SCCPDH"
"COMMD1",4.86904567775781e-08,0.610118799244955,0.977,0.872,0.000514365985398335,"1","COMMD1"
"ERCC4",4.88643805418576e-08,0.315667119794745,0.943,0.578,0.000516203316044184,"1","ERCC4"
"B3GLCT",4.90812051001654e-08,0.700715595093856,0.864,0.55,0.000518493850678148,"1","B3GLCT"
"IL10RB",4.93368068621436e-08,0.631976750380551,0.989,0.83,0.000521194027691685,"1","IL10RB"
"CPT1A",4.93977387883149e-08,0.531189516356814,1,0.982,0.000521837712559758,"1","CPT1A"
"GPN1",5.03273493990264e-08,0.593598098056012,0.989,0.858,0.000531658119051315,"1","GPN1"
"TOR1AIP1",5.0584018751465e-08,0.533083452919554,0.989,0.963,0.000534369574090476,"1","TOR1AIP1"
"TUT7",5.08508966046151e-08,0.61074940647814,0.977,0.858,0.000537188871731153,"1","TUT7"
"WDSUB1",5.09476760779393e-08,0.469140197783041,0.943,0.619,0.00053821125008735,"1","WDSUB1"
"ATG3",5.12344813241583e-08,0.508911202753729,0.989,0.917,0.000541241060708408,"1","ATG3"
"TYRO3",5.13517250944062e-08,0.493968064110816,0.864,0.546,0.000542479623897307,"1","TYRO3"
"LRP8",5.14969138443178e-08,0.475301230829831,0.761,0.372,0.000544013397851373,"1","LRP8"
"FAM117A",5.15309013238152e-08,0.509183257886329,0.966,0.647,0.000544372441584784,"1","FAM117A"
"HYI",5.17797693611044e-08,0.628005352676502,0.989,0.725,0.000547001483530707,"1","HYI"
"IL4I1",5.26492427432856e-08,0.568220395432918,0.977,0.702,0.00055618660034007,"1","IL4I1"
"GTF3C4",5.29314645447698e-08,0.514311552420067,0.977,0.734,0.000559167991450948,"1","GTF3C4"
"HFE",5.30434809409286e-08,0.562916661737085,0.932,0.528,0.00056035133265997,"1","HFE"
"AP1M2",5.30642627616373e-08,0.674262751077205,0.943,0.771,0.000560570871813937,"1","AP1M2"
"TMTC4",5.31964785555061e-08,0.426768539847824,0.898,0.495,0.000561967599460367,"1","TMTC4"
"LAPTM4B",5.33593484952632e-08,0.762433564929915,1,0.917,0.000563688157503961,"1","LAPTM4B"
"SAMD151",5.36817930107958e-08,0.629708174872621,0.432,0.138,0.000567094461366047,"1","SAMD15"
"UQCRC2",5.38148716699993e-08,0.569236670026199,1,0.922,0.000568500304321873,"1","UQCRC2"
"OMG",5.39286593159716e-08,1.3052027134737,0.432,0.142,0.000569702357013924,"1","OMG"
"FOXM1",5.41293989630987e-08,0.375320812879451,0.977,0.624,0.000571822970646174,"1","FOXM1"
"MAP3K9",5.41439058032722e-08,0.63922330119043,0.909,0.633,0.000571976220905768,"1","MAP3K9"
"LYPLAL1",5.44698190996229e-08,0.435769862342358,0.955,0.642,0.000575419168968416,"1","LYPLAL1"
"LNPEP",5.47492688962592e-08,0.583362155110094,1,0.853,0.000578371276620082,"1","LNPEP"
"ERLIN2",5.50285330636058e-08,0.546934718837787,0.955,0.615,0.000581321423283931,"1","ERLIN2"
"MAGT1",5.5245827246253e-08,0.546176113337459,0.989,0.963,0.000583616919029417,"1","MAGT1"
"TMPO",5.58815922424571e-08,0.493627160160771,1,0.867,0.000590333140449317,"1","TMPO"
"INIP",5.60215298595068e-08,0.535599996348568,0.977,0.78,0.00059181144143583,"1","INIP"
"ELK4",5.60583666153747e-08,0.535857701882927,1,0.931,0.000592200584924818,"1","ELK4"
"REPS2",5.61227597728475e-08,0.790058813123286,0.784,0.413,0.000592880834240361,"1","REPS2"
"ZNF41",5.62052373531685e-08,0.369681236847213,0.727,0.344,0.000593752127398872,"1","ZNF41"
"AMBRA1",5.68756131080761e-08,0.408774029258616,0.955,0.665,0.000600833976873716,"1","AMBRA1"
"SMG5",5.74553808974088e-08,0.542568336846182,1,0.94,0.000606958643800226,"1","SMG5"
"RNF187",5.75117156120797e-08,0.643467168270232,1,0.968,0.00060755376372601,"1","RNF187"
"AGO2",5.79828014490857e-08,0.339266611526853,1,0.986,0.000612530314508142,"1","AGO2"
"PAK4",5.8120509738302e-08,0.542966083370318,1,0.899,0.000613985064875422,"1","PAK4"
"SSH3",5.82359480638672e-08,0.643117917344515,0.966,0.748,0.000615204555346693,"1","SSH3"
"NOXA1",5.85241284323246e-08,0.555079943976007,0.932,0.711,0.000618248892759077,"1","NOXA1"
"AP3M2",5.90651678678e-08,0.558176451851645,0.92,0.606,0.000623964433355439,"1","AP3M2"
"SLC25A43",5.94719953284084e-08,0.64025672879305,0.955,0.702,0.000628262158649306,"1","SLC25A43"
"ATP2A1",6.05554626442739e-08,0.491451424580404,0.807,0.413,0.00063970790737411,"1","ATP2A1"
"BAG4",6.10173169768302e-08,0.619671778147082,0.966,0.881,0.000644586936543234,"1","BAG4"
"SRGAP3",6.10941319756364e-08,0.583905854026618,0.784,0.417,0.000645398410190623,"1","SRGAP3"
"STX16-NPEPL1",6.13309536490192e-08,0.577980298160293,0.977,0.867,0.000647900194348239,"1","STX16-NPEPL1"
"FAM3A",6.17014430659424e-08,0.585092804599694,0.966,0.716,0.000651814044548615,"1","FAM3A"
"CTNND1",6.18068214386369e-08,0.477156315946919,1,0.986,0.00065292726167776,"1","CTNND1"
"APPBP2",6.20118643102074e-08,0.712473149920563,0.989,0.839,0.000655093334573031,"1","APPBP2"
"APMAP",6.22699274366312e-08,0.596223133619709,1,0.954,0.000657819513440572,"1","APMAP"
"BRD3",6.22699274366312e-08,0.642792004442491,1,0.954,0.000657819513440572,"1","BRD3"
"TMEM41A",6.23268867627758e-08,0.563045094567197,0.989,0.876,0.000658421231761963,"1","TMEM41A"
"NEK11",6.27036567113493e-08,0.42195653293783,0.83,0.422,0.000662401429498694,"1","NEK11"
"EML5",6.29834380205807e-08,0.739564647793945,0.841,0.564,0.000665357039249415,"1","EML5"
"H2AZ2",6.32997083638287e-08,0.476356815679325,1,0.977,0.000668698119155486,"1","H2AZ2"
"CNPY2",6.33029111352101e-08,0.431837415304949,1,0.986,0.00066873195323236,"1","CNPY2"
"ABHD16A",6.34156218648485e-08,0.56765072231095,1,0.766,0.00066992262938026,"1","ABHD16A"
"TSTD2",6.34992465275985e-08,0.565996271836251,0.875,0.55,0.000670806040317551,"1","TSTD2"
"MRPS18A",6.37525110480652e-08,0.521030096459823,1,0.945,0.000673481526711761,"1","MRPS18A"
"DGAT2",6.39204000840721e-08,0.559897847749803,0.727,0.335,0.000675255106488137,"1","DGAT2"
"ZFAT",6.43657682708465e-08,0.292630569096423,0.795,0.44,0.000679959976013222,"1","ZFAT"
"TBC1D10B",6.45431694756837e-08,0.634677622517996,0.875,0.55,0.000681834042341123,"1","TBC1D10B"
"ZBTB11",6.45550894962099e-08,0.599253311178615,0.966,0.711,0.000681959965437962,"1","ZBTB11"
"ASF1B",6.52672760281803e-08,0.362670504529828,0.955,0.495,0.000689483503961696,"1","ASF1B"
"TXNDC5",6.62205423829221e-08,0.615620804468593,1,0.83,0.000699553809733189,"1","TXNDC5"
"ZFYVE21",6.6306714785469e-08,0.576133152810546,1,0.936,0.000700464134993695,"1","ZFYVE21"
"MMAA",6.6468918813456e-08,0.568381315864483,0.625,0.271,0.000702177658345349,"1","MMAA"
"TBC1D7",6.73291573605184e-08,0.602715483338147,0.966,0.729,0.000711265218356516,"1","TBC1D7"
"TAF9B",6.74115263610275e-08,0.587131173378613,0.989,0.748,0.000712135364477895,"1","TAF9B"
"YWHAQ",6.74668958478009e-08,0.331211362947908,1,1,0.000712720287736168,"1","YWHAQ"
"TTC4",6.76407985178429e-08,0.441352984467348,0.977,0.541,0.000714557395542492,"1","TTC4"
"HTATIP2",6.85563430469216e-08,0.540942343989366,1,0.748,0.00072422920794768,"1","HTATIP2"
"GMCL1",6.97918312031476e-08,0.423813418757907,0.977,0.725,0.000737280904830051,"1","GMCL1"
"CACFD1",7.00172195777782e-08,0.408502420607024,0.955,0.518,0.000739661907619649,"1","CACFD1"
"RPE",7.02152622711338e-08,0.539262971918842,0.966,0.761,0.000741754030632258,"1","RPE"
"JRK",7.0864735191023e-08,0.432222992574015,0.955,0.775,0.000748615062557967,"1","JRK"
"IGFBP2",7.09781562413525e-08,0.654483368932296,0.943,0.661,0.000749813242533648,"1","IGFBP2"
"NAGA",7.10698639938556e-08,0.440682233480871,0.977,0.55,0.000750782043231091,"1","NAGA"
"PAQR4",7.21365263078866e-08,0.556429137644128,1,0.743,0.000762050263916514,"1","PAQR4"
"HNRNPF",7.24597082335521e-08,0.430072300782403,1,0.972,0.000765464357779244,"1","HNRNPF"
"SLC25A14",7.27778857179118e-08,0.462301168819436,0.92,0.477,0.00076882558472402,"1","SLC25A14"
"NUP155",7.34554446157887e-08,0.515135672136846,0.977,0.885,0.000775983316921192,"1","NUP155"
"CLPTM1",7.36244314403223e-08,0.476043232642168,1,0.982,0.000777768493735564,"1","CLPTM1"
"NOTCH1",7.39814172145969e-08,0.737373358460745,0.841,0.601,0.000781539691455002,"1","NOTCH1"
"ZMPSTE24",7.39882142219983e-08,0.526226795272831,1,0.917,0.00078161149504119,"1","ZMPSTE24"
"EIF2AK2",7.41999834907858e-08,0.424312642508972,1,0.968,0.000783848625596661,"1","EIF2AK2"
"BRK1",7.42129897535193e-08,0.406361427992309,1,1,0.000783986023756178,"1","BRK1"
"GEMIN6",7.45914876532083e-08,0.590499628745633,0.932,0.573,0.000787984475568493,"1","GEMIN6"
"C19orf25",7.48289228358345e-08,0.541957006355621,0.989,0.862,0.000790492740837756,"1","C19orf25"
"NPEPL1",7.48628987690125e-08,0.58332997237104,0.955,0.839,0.000790851662595848,"1","NPEPL1"
"R3HDM1",7.50390010129109e-08,0.280680730420949,0.955,0.693,0.000792712006700391,"1","R3HDM1"
"BST2",7.51709554602797e-08,0.728372449413399,0.977,0.927,0.000794105973482395,"1","BST2"
"CFAP298",7.52244178059414e-08,0.500899622321623,1,0.876,0.000794670749701964,"1","CFAP298"
"MORC3",7.56378351063347e-08,0.505063956537454,1,0.798,0.00079903809006332,"1","MORC3"
"TARS2",7.61410114957783e-08,0.582525201312717,0.966,0.72,0.000804353645441402,"1","TARS2"
"GZF1",7.64049923329679e-08,0.476267145307131,0.807,0.422,0.000807142339005473,"1","GZF1"
"CCDC137",7.64789851448455e-08,0.539459540725983,0.955,0.835,0.000807923999070148,"1","CCDC137"
"SPG21",7.76286810388882e-08,0.527590337309942,1,0.922,0.000820069386494815,"1","SPG21"
"KANSL1",7.8356216404174e-08,0.44659324040244,0.989,0.945,0.000827755070093694,"1","KANSL1"
"MIB2",7.86653064910325e-08,0.310034490465885,0.852,0.454,0.000831020297771268,"1","MIB2"
"ALG10B",7.92136736205151e-08,0.453664422350491,0.75,0.417,0.000836813248127122,"1","ALG10B"
"EPS8L2",7.931979650877e-08,0.596518226758322,0.977,0.876,0.000837934330318646,"1","EPS8L2"
"PNO1",7.99166406384444e-08,0.473031606021635,0.989,0.885,0.000844239391704527,"1","PNO1"
"BRF2",8.00364230446604e-08,0.369931104069821,0.943,0.628,0.000845504773043793,"1","BRF2"
"COQ7",8.05253768110248e-08,0.538925809995938,0.966,0.739,0.000850670080631666,"1","COQ7"
"IBA57",8.06629345539989e-08,0.649707153903349,0.955,0.656,0.000852123240628444,"1","IBA57"
"DDR1",8.10380997862126e-08,0.523636243061408,0.989,0.826,0.00085608648614155,"1","DDR1"
"RNF103-CHMP3",8.20836802972735e-08,0.544648112967579,0.966,0.876,0.000867131998660398,"1","RNF103-CHMP3"
"COQ8A",8.29923187950499e-08,0.486061142033427,0.943,0.601,0.000876730855750907,"1","COQ8A"
"H2AC17",8.3149753304923e-08,0.84887391692496,0.795,0.385,0.000878393993913207,"1","H2AC17"
"CCDC159",8.32730455702091e-08,0.584481606807524,0.989,0.917,0.000879696453403689,"1","CCDC159"
"NECAB3",8.36367899381685e-08,0.447246806499357,0.989,0.725,0.000883539048906812,"1","NECAB3"
"CCDC7",8.40834177839866e-08,0.746654831661525,0.67,0.307,0.000888257225470035,"1","CCDC7"
"PURB",8.41773335480411e-08,0.551965322536502,0.989,0.803,0.000889249351601507,"1","PURB"
"GPM6B",8.44409651090672e-08,0.658268136759243,0.682,0.317,0.000892034355412186,"1","GPM6B"
"ZNF696",8.53044088700017e-08,0.407414444096426,0.909,0.541,0.000901155775302698,"1","ZNF696"
"DERL1",8.57778472695969e-08,0.501035547262108,1,0.899,0.000906157178556022,"1","DERL1"
"TTC14",8.58788997692983e-08,0.382800808731834,0.977,0.674,0.000907224697162867,"1","TTC14"
"DPY19L4",8.63314362220535e-08,0.590685143763102,0.909,0.757,0.000912005292249773,"1","DPY19L4"
"FAM47E",8.68689296051883e-08,0.359411933650211,0.875,0.45,0.000917683372349209,"1","FAM47E"
"WDR55",8.69183800489282e-08,0.498426938959916,1,0.968,0.000918205766836877,"1","WDR55"
"PRR14L",8.72076160174373e-08,0.384705272542551,0.977,0.67,0.000921261255608208,"1","PRR14L"
"SECISBP2L",8.81763144722214e-08,0.64614856058291,0.977,0.812,0.000931494586084547,"1","SECISBP2L"
"DYNLT2B",8.92409399710914e-08,0.671297410404819,0.966,0.78,0.000942741289854609,"1","DYNLT2B"
"ATIC",8.94135447904176e-08,0.509826075500642,1,0.872,0.000944564687165972,"1","ATIC"
"SLC25A19",8.96374516834442e-08,0.434328303129948,0.886,0.523,0.000946930039583904,"1","SLC25A19"
"PTPRA",8.97040286496065e-08,0.544300806560094,1,0.968,0.000947633358654443,"1","PTPRA"
"ZNF821",9.05269448292501e-08,0.647852758875383,0.773,0.376,0.000956326645176198,"1","ZNF821"
"SMAD1",9.12078099712943e-08,0.308865658046499,0.932,0.601,0.000963519304536753,"1","SMAD1"
"SFMBT1",9.21911820217503e-08,0.507438186214691,1,0.661,0.00097390764687777,"1","SFMBT1"
"SKIC8",9.22668927927361e-08,0.507109756630663,1,0.913,0.000974707455462465,"1","SKIC8"
"CHCHD4",9.24708662974894e-08,0.44997701526789,0.852,0.417,0.000976862231566678,"1","CHCHD4"
"RCBTB1",9.26925458610839e-08,0.492887268429606,0.909,0.578,0.00097920405447649,"1","RCBTB1"
"IPO13",9.27268157813188e-08,0.294191515488132,0.864,0.427,0.000979566081913852,"1","IPO13"
"RHBDL2",9.36205200030571e-08,0.486363981699188,0.568,0.261,0.000989007173312295,"1","RHBDL2"
"SIRT5",9.38241029313502e-08,0.658417763849054,0.92,0.55,0.000991157823366784,"1","SIRT5"
"AGPAT2",9.40266591253902e-08,0.507016202796095,1,0.959,0.000993297627000622,"1","AGPAT2"
"RASGRP1",9.43577127543449e-08,0.779717375732631,0.648,0.271,0.0009967948775369,"1","RASGRP1"
"NRSN2",9.44345575071281e-08,0.651526121901547,0.955,0.83,0.000997606665505302,"1","NRSN2"
"GID8",9.45665714624511e-08,0.557792239822871,0.989,0.927,0.000999001260929333,"1","GID8"
"KLHL42",9.55104437760923e-08,0.528107348961321,0.966,0.812,0.00100897232805064,"1","KLHL42"
"NEIL1",9.56525394446572e-08,0.542736680675481,0.977,0.83,0.00101047342669336,"1","NEIL1"
"P2RY2",9.66294106952148e-08,0.324429195455901,0.886,0.472,0.00102079309458425,"1","P2RY2"
"KIAA2013",9.71490006218545e-08,0.2781205081862,0.875,0.514,0.00102628204256927,"1","KIAA2013"
"MIMS2",9.77313794336965e-08,0.678882372119309,0.955,0.872,0.00103243429233757,"1","MIMS2"
"ZNF460",9.77578302752136e-08,0.604544486324529,0.955,0.743,0.00103271371902736,"1","ZNF460"
"FOXJ2",9.8446073071301e-08,0.424120325242483,0.966,0.665,0.00103998431592522,"1","FOXJ2"
"GTF3C5",9.85936212671845e-08,0.557951397436448,0.977,0.894,0.00104154301506654,"1","GTF3C5"
"PRKCE",1.00334035746386e-07,0.344726981435611,0.932,0.578,0.00105992875362482,"1","PRKCE"
"DENND4C",1.0043360565426e-07,0.386192158939167,0.989,0.766,0.0010609806101316,"1","DENND4C"
"SELENOW",1.00957911142174e-07,0.642892386072136,1,0.995,0.00106651937330593,"1","SELENOW"
"CDYL",1.01289362453016e-07,0.681561547082548,0.943,0.748,0.00107002082495367,"1","CDYL"
"UBTD2",1.01458903278839e-07,0.550568188631007,0.932,0.61,0.00107181185423766,"1","UBTD2"
"ZNF518A",1.01623850001786e-07,0.300123432933004,0.943,0.615,0.00107355435141887,"1","ZNF518A"
"RNF130",1.01922431161583e-07,0.513478269592872,0.989,0.844,0.00107670856279096,"1","RNF130"
"MPLKIP",1.02890104880515e-07,0.544294334908585,1,0.867,0.00108693106795776,"1","MPLKIP"
"LYN",1.03243979365786e-07,0.78202631588758,0.795,0.431,0.00109066939802016,"1","LYN"
"NTHL1",1.03876877100006e-07,0.573939404546048,0.955,0.638,0.00109735532968447,"1","NTHL1"
"GPKOW",1.04007299883691e-07,0.499245447984733,0.966,0.601,0.00109873311597131,"1","GPKOW"
"PMEL",1.04081005591894e-07,0.37722130321747,0.898,0.518,0.00109951174307277,"1","PMEL"
"CARHSP1",1.0495965141466e-07,0.398862563597054,1,0.959,0.00110879375754447,"1","CARHSP1"
"RNF144A",1.05735870059576e-07,0.273502839287779,0.727,0.339,0.00111699373130936,"1","RNF144A"
"MAPK9",1.05741849054652e-07,0.587010863894709,0.92,0.624,0.00111705689341335,"1","MAPK9"
"LRR1",1.06181378134451e-07,0.45494506014842,0.989,0.711,0.00112170007861234,"1","LRR1"
"TINAGL1",1.06394833387924e-07,0.691633861987772,0.966,0.821,0.00112395501991003,"1","TINAGL1"
"NUP43",1.06645819730744e-07,0.494074897303328,0.989,0.72,0.00112660643963558,"1","NUP43"
"NPDC1",1.06992374071524e-07,0.552063636928043,0.977,0.913,0.00113026743969158,"1","NPDC1"
"CSNK1G1",1.07458226317192e-07,0.502228738181221,0.966,0.752,0.00113518870281482,"1","CSNK1G1"
"ADGRG1",1.08468691362162e-07,0.630076949364264,0.966,0.835,0.00114586325554988,"1","ADGRG1"
"HSPA1B",1.08607963067442e-07,0.724419330337094,0.932,0.761,0.00114733452184446,"1","HSPA1B"
"C8orf82",1.09331296016535e-07,0.381781124172473,0.875,0.495,0.00115497581111867,"1","C8orf82"
"PCBD2",1.09354402422213e-07,0.666477796581264,0.955,0.766,0.00115521990718825,"1","PCBD2"
"MIOS",1.09423215599591e-07,0.536527760537282,0.966,0.766,0.00115594684959408,"1","MIOS"
"CD160",1.095170221177e-07,0.308294322101364,0.477,0.179,0.00115693782165138,"1","CD160"
"UPF3B",1.09654660240821e-07,0.492360116611056,0.977,0.697,0.00115839183078403,"1","UPF3B"
"FUCA2",1.10013072873727e-07,0.449998711433275,1,0.959,0.00116217810183805,"1","FUCA2"
"TGFB3",1.10547826004392e-07,0.538945852377573,0.898,0.505,0.0011678272339104,"1","TGFB3"
"TMEM265",1.109972220803e-07,0.565655687185378,0.966,0.757,0.00117257465405629,"1","TMEM265"
"SLC25A44",1.11147710590842e-07,0.623197520283379,0.966,0.661,0.00117416441468166,"1","SLC25A44"
"FBXO4",1.11823273529765e-07,0.353834802923703,0.875,0.459,0.00118130106156844,"1","FBXO4"
"TLE1",1.14424434149996e-07,0.670365091753069,0.977,0.844,0.00120877972236055,"1","TLE1"
"CABYR",1.14502262782423e-07,0.324777280717639,0.83,0.394,0.00120960190403352,"1","CABYR"
"POC1A",1.14780344118159e-07,0.338850564977574,0.909,0.472,0.00121253955526424,"1","POC1A"
"PLEKHM3",1.14943021767289e-07,0.275765641254354,0.773,0.44,0.00121425808194964,"1","PLEKHM3"
"CHP1",1.17161172541458e-07,0.509809472854225,1,0.995,0.00123769062672796,"1","CHP1"
"CEP72",1.17261199861218e-07,0.631936102816036,0.898,0.642,0.00123874731533391,"1","CEP72"
"ARHGAP45",1.17804624943929e-07,0.538009188904418,0.955,0.651,0.00124448805790767,"1","ARHGAP45"
"ATP6V0E1",1.19004934573397e-07,0.386304830536661,1,0.986,0.00125716812883336,"1","ATP6V0E1"
"ATP5MC3",1.19939495668575e-07,0.457675047595668,1,0.995,0.00126704083224283,"1","ATP5MC3"
"ASB16",1.20339927134339e-07,0.609211386405877,0.75,0.427,0.00127127099024715,"1","ASB16"
"RANBP9",1.20456276953007e-07,0.608921753882314,0.932,0.743,0.00127250010973157,"1","RANBP9"
"SPTLC2",1.20462670061272e-07,0.444841858011682,1,0.913,0.00127256764652728,"1","SPTLC2"
"KICS2",1.21131863872748e-07,0.34685177502235,0.841,0.445,0.00127963700995171,"1","KICS2"
"TOR1A",1.21174971834392e-07,0.491851552415965,1,0.899,0.00128009240245852,"1","TOR1A"
"TOMM70",1.22773005095667e-07,0.553533055825672,1,0.885,0.00129697402583062,"1","TOMM70"
"FFAR2",1.24078387342408e-07,0.920554313221579,0.511,0.22,0.0013107640838852,"1","FFAR2"
"ZCCHC3",1.24397743217486e-07,0.319306264111045,0.875,0.454,0.00131413775934952,"1","ZCCHC3"
"ELP2",1.24449298866125e-07,0.396309455175551,0.989,0.881,0.00131468239322174,"1","ELP2"
"IFT172",1.24907690635112e-07,0.37385334165393,0.943,0.619,0.00131952484386932,"1","IFT172"
"ALG11",1.25374709059045e-07,0.635068458578709,0.977,0.858,0.00132445842649975,"1","ALG11"
"PABPC1L",1.2540161065111e-07,0.542871313331823,0.932,0.624,0.00132474261491833,"1","PABPC1L"
"ZNF419",1.26078643525318e-07,0.488439373714872,0.625,0.298,0.00133189479020146,"1","ZNF419"
"AHDC1",1.26498753472148e-07,0.337806818714165,0.83,0.468,0.00133633283167978,"1","AHDC1"
"MRPL39",1.26983413117898e-07,0.563190334540026,0.966,0.734,0.00134145277617748,"1","MRPL39"
"ZDHHC18",1.27846577990809e-07,0.320483194566746,0.773,0.381,0.00135057124989491,"1","ZDHHC18"
"PTRH1",1.28392655840415e-07,0.517803492365476,0.989,0.881,0.00135634001629814,"1","PTRH1"
"DEDD2",1.30803319287054e-07,0.586515156197413,0.977,0.803,0.00138180626494844,"1","DEDD2"
"NEDD1",1.31461880492623e-07,0.383901130032503,0.966,0.638,0.00138876330552407,"1","NEDD1"
"ZNF92",1.31786011214885e-07,0.566558597472777,0.795,0.385,0.00139218742247404,"1","ZNF92"
"S100P",1.31958583393654e-07,0.563373674792125,0.909,0.523,0.00139401047497056,"1","S100P"
"GM2A",1.32558423127094e-07,0.266268853954453,1,0.665,0.00140034718191462,"1","GM2A"
"DSG2",1.32685308518177e-07,0.513136334590364,0.989,0.963,0.00140168759918602,"1","DSG2"
"HSPBAP1",1.32686543308225e-07,0.624878011127379,0.898,0.578,0.00140170064350809,"1","HSPBAP1"
"STBD1",1.33601276486317e-07,0.503429243265474,0.966,0.679,0.00141136388480145,"1","STBD1"
"RABAC1",1.33766291154913e-07,0.320034608938171,1,0.982,0.0014131070997605,"1","RABAC1"
"REPIN1",1.34676506169384e-07,0.631070744229267,0.977,0.679,0.00142272261117338,"1","REPIN1"
"GPD2",1.34900598691701e-07,0.581399124809709,1,0.858,0.00142508992457913,"1","GPD2"
"C6orf47",1.35162186998272e-07,0.53153313732066,0.92,0.596,0.00142785334344975,"1","C6orf47"
"MAP1LC3A",1.37806856148615e-07,0.75586424259055,0.898,0.665,0.00145579162835396,"1","MAP1LC3A"
"AKT1",1.38136803773392e-07,0.603143380191473,0.989,0.798,0.00145927719506211,"1","AKT1"
"MAP3K2",1.38598942767132e-07,0.448388408186215,1,0.913,0.00146415923139198,"1","MAP3K2"
"ARHGEF3",1.38634373092472e-07,0.506601000532494,0.943,0.491,0.00146453351734888,"1","ARHGEF3"
"SMG7",1.39039485036463e-07,0.486602807135964,0.966,0.839,0.00146881311992519,"1","SMG7"
"ZNF397",1.3909924456712e-07,0.515455305269583,0.864,0.505,0.00146944441960706,"1","ZNF397"
"CFAP157",1.400258746731e-07,0.591485313826088,0.955,0.798,0.00147923334004663,"1","CFAP157"
"C3orf38",1.40304114548684e-07,0.446023788353696,0.989,0.798,0.0014821726660923,"1","C3orf38"
"HIRIP3",1.41868731651229e-07,0.51840225922628,0.932,0.606,0.00149870128116358,"1","HIRIP3"
"SLC41A1",1.42696624294558e-07,0.271733575763613,0.966,0.601,0.00150744713904771,"1","SLC41A1"
"LRPAP1",1.43461561519231e-07,0.410730384701862,1,0.986,0.00151552793588916,"1","LRPAP1"
"VPS4B",1.44856141304217e-07,0.537644244433276,1,0.839,0.00153026027673775,"1","VPS4B"
"MTMR12",1.44943178126411e-07,0.573745527101018,0.977,0.794,0.00153117973372741,"1","MTMR12"
"PLXND1",1.45632533810058e-07,0.646405177209027,0.932,0.697,0.00153846208716946,"1","PLXND1"
"RPIA",1.45907937509904e-07,0.626274871602167,0.92,0.67,0.00154137145185462,"1","RPIA"
"NR1H3",1.46414696367003e-07,0.451164824939909,0.943,0.716,0.00154672485242102,"1","NR1H3"
"RAB29",1.47861215493705e-07,0.603221232468835,0.977,0.789,0.0015620058804755,"1","RAB29"
"BAG1",1.47913177261927e-07,0.408168296820402,1,0.954,0.001562554804595,"1","BAG1"
"PRKCI",1.48774993657952e-07,0.498824838360811,1,0.922,0.0015716590330026,"1","PRKCI"
"INTS7",1.49614067135317e-07,0.622366324575494,0.966,0.693,0.00158052300521749,"1","INTS7"
"ATP6V0E2",1.50555790723317e-07,0.500243340431999,0.989,0.899,0.00159047137320112,"1","ATP6V0E2"
"ARHGAP40",1.50648119312535e-07,0.386644719543032,0.58,0.248,0.00159144673241762,"1","ARHGAP40"
"WDTC1",1.50842580204369e-07,0.46074617267417,0.852,0.518,0.00159350101727895,"1","WDTC1"
"MEIS1",1.50853975755538e-07,0.845692596272815,0.591,0.252,0.00159362139988151,"1","MEIS1"
"MTOR",1.50863173287163e-07,0.446756389088418,0.943,0.624,0.00159371856260559,"1","MTOR"
"SQOR",1.50970733692191e-07,0.527761772301525,1,0.812,0.0015948548307243,"1","SQOR"
"NCS1",1.51298178652226e-07,0.45934173307424,0.875,0.5,0.00159831395928212,"1","NCS1"
"ZNF701",1.51908255530131e-07,0.486309791044865,0.932,0.638,0.0016047588114203,"1","ZNF701"
"UNC119",1.53787427459307e-07,0.622157507112348,0.955,0.683,0.00162461038368011,"1","UNC119"
"PUS7",1.54079978553767e-07,0.522743650038744,0.943,0.601,0.001627700893442,"1","PUS7"
"CASTOR1",1.54485022552109e-07,0.414374005464111,0.739,0.326,0.00163197977824048,"1","CASTOR1"
"CCT8",1.55025429382505e-07,0.427845967809731,1,0.982,0.00163768863599678,"1","CCT8"
"ZNF12",1.55456526540476e-07,0.586576713484625,0.909,0.619,0.00164224274637359,"1","ZNF12"
"BLOC1S5-TXNDC5",1.55728012263268e-07,0.640469194746681,0.966,0.826,0.00164511072154916,"1","BLOC1S5-TXNDC5"
"CLASP1",1.56720322053161e-07,0.545035712811293,0.966,0.867,0.00165559348216959,"1","CLASP1"
"REL",1.5708098666245e-07,0.534713312467387,0.989,0.853,0.00165940354310212,"1","REL"
"EXOC6B",1.59134405430805e-07,0.510223557703178,0.943,0.537,0.00168109585897103,"1","EXOC6B"
"IZUMO41",1.59254782250429e-07,0.42597052731393,0.511,0.197,0.00168236751969353,"1","IZUMO4"
"ZBTB48",1.59625958451315e-07,0.46308515041344,0.818,0.427,0.00168628862507969,"1","ZBTB48"
"UBQLN2",1.61087618577582e-07,0.457211488735488,0.989,0.716,0.00170172960265358,"1","UBQLN2"
"H2AZ1",1.61146644472865e-07,0.406392051327252,1,0.995,0.00170235315221134,"1","H2AZ1"
"AFG2B",1.61769396544997e-07,0.689561199462861,0.818,0.477,0.00170893190510135,"1","AFG2B"
"JMY",1.62142259618747e-07,0.363882164807686,0.909,0.615,0.00171287083061245,"1","JMY"
"ACP2",1.62719086871377e-07,0.564070277021083,1,0.807,0.00171896443370922,"1","ACP2"
"MACROD2",1.63170925215894e-07,0.661341333318979,0.682,0.33,0.00172373765398071,"1","MACROD2"
"ENTREP3",1.64987512762949e-07,0.513006077494047,0.943,0.647,0.00174292808482779,"1","ENTREP3"
"PIGH",1.65316237588087e-07,0.596749037762473,0.943,0.674,0.00174640073388055,"1","PIGH"
"TIMM21",1.65530771090161e-07,0.59955111658202,0.932,0.564,0.00174866706579646,"1","TIMM21"
"CCNJ",1.66278672608655e-07,0.819554383912956,0.545,0.225,0.00175656789743783,"1","CCNJ"
"MCEE",1.66856241490265e-07,0.31463680924885,0.92,0.546,0.00176266933510316,"1","MCEE"
"CAMK2N1",1.66914134513974e-07,0.329539472892874,0.977,0.807,0.00176328091700562,"1","CAMK2N1"
"GEMIN7",1.67186956501197e-07,0.497995691851417,1,0.83,0.00176616300847865,"1","GEMIN7"
"ZNF526",1.67308765508523e-07,0.58855826137008,0.795,0.45,0.00176744979883203,"1","ZNF526"
"TOR1AIP2",1.67496291059166e-07,0.445669764373905,1,1,0.00176943081874903,"1","TOR1AIP2"
"TRPM4",1.6795824220317e-07,0.545084000111046,0.989,0.789,0.00177431087063429,"1","TRPM4"
"SYNE2",1.68734926253578e-07,0.65050918533836,1,0.959,0.00178251576094279,"1","SYNE2"
"PTPN3",1.69327667665087e-07,0.615334263077642,0.943,0.839,0.00178877748121398,"1","PTPN3"
"UBAC2",1.6978632833009e-07,0.489919634441393,0.977,0.752,0.00179362277247908,"1","UBAC2"
"GLB1",1.71260300163567e-07,0.483034715778581,1,0.881,0.00180919381092792,"1","GLB1"
"ZNF133",1.71727507547459e-07,0.536437581350057,0.795,0.44,0.00181412938973136,"1","ZNF133"
"PTPN13",1.7203134095034e-07,0.657593044094474,0.841,0.523,0.0018173390857994,"1","PTPN13"
"PABIR1",1.72233339812422e-07,0.518507587254247,0.886,0.528,0.00181947300177843,"1","PABIR1"
"SCARB2",1.72744426540916e-07,0.483475351433514,1,0.982,0.00182487212197824,"1","SCARB2"
"PPP5C",1.72907123285881e-07,0.450497698943113,1,0.89,0.00182659085039205,"1","PPP5C"
"PPARD",1.73136000869434e-07,0.575098264458703,0.92,0.651,0.0018290087131847,"1","PPARD"
"CEP85",1.73267073355632e-07,0.359875697236248,0.898,0.509,0.00183039336292889,"1","CEP85"
"SRD5A3",1.73499480560224e-07,0.52884955209129,0.955,0.661,0.00183284851263821,"1","SRD5A3"
"RIPK2",1.74755046655761e-07,0.474770205861512,1,0.826,0.00184611231287146,"1","RIPK2"
"CCT6B",1.75612027808469e-07,0.631457453837905,0.602,0.266,0.00185516546176867,"1","CCT6B"
"AKAP1",1.79908316910726e-07,0.572326674977104,0.989,0.844,0.00190055145984491,"1","AKAP1"
"ZNF724",1.80302650809594e-07,0.515371713691691,0.83,0.518,0.00190471720315255,"1","ZNF724"
"GDF9",1.81972261925623e-07,0.421231153824367,0.989,0.881,0.00192235497498228,"1","GDF9"
"USP6NL",1.82573930640473e-07,0.633838163036108,0.932,0.766,0.00192871100328595,"1","USP6NL"
"GON7",1.82633375533925e-07,0.478609861497503,0.955,0.624,0.00192933897914038,"1","GON7"
"RFFL",1.85701761301615e-07,0.312730967864439,0.932,0.647,0.00196175340639027,"1","RFFL"
"NUFIP2",1.86141442481969e-07,0.549006396213485,0.989,0.927,0.00196639819837952,"1","NUFIP2"
"DCUN1D2",1.86338662500063e-07,0.607328414206708,0.795,0.482,0.00196848163065066,"1","DCUN1D2"
"NVL",1.86492642884062e-07,0.40048937301686,0.977,0.812,0.00197010827942723,"1","NVL"
"PGAM5",1.86528570367273e-07,0.497098826109133,0.92,0.596,0.00197048781735987,"1","PGAM5"
"ATOSA",1.87487485314719e-07,0.327005218684064,0.932,0.55,0.00198061779486469,"1","ATOSA"
"RNF114",1.89482722845469e-07,0.418868837165063,1,0.995,0.00200169548413953,"1","RNF114"
"CDIPT",1.89491727420332e-07,0.615461397624793,0.989,0.83,0.00200179060846839,"1","CDIPT"
"UPF1",1.89657780369501e-07,0.388099638427699,0.784,0.427,0.00200354479182341,"1","UPF1"
"SETD9",1.9003207407664e-07,0.456318296312491,0.852,0.417,0.00200749883054563,"1","SETD9"
"TFAP2A",1.91395850945852e-07,0.65638524776836,0.966,0.757,0.00202190576939199,"1","TFAP2A"
"PFN4",1.91722703712927e-07,0.834419600577166,0.432,0.138,0.00202535864202336,"1","PFN4"
"RCC1L",1.92906294715911e-07,0.497836826459919,0.92,0.564,0.00203786209737888,"1","RCC1L"
"HYAL3",1.93003496073985e-07,0.439424419462104,0.841,0.468,0.00203888893252557,"1","HYAL3"
"SLC2A13",1.93396351821917e-07,0.420922545835842,0.705,0.339,0.00204303906064673,"1","SLC2A13"
"DNAJC2",1.94243700235575e-07,0.438357287332063,1,0.894,0.00205199044928861,"1","DNAJC2"
"C1orf21",1.94370761485985e-07,0.399652887491219,0.989,0.748,0.00205333272433794,"1","C1orf21"
"TRIM35",1.95365221555832e-07,0.390007133494635,0.795,0.427,0.00206383820051581,"1","TRIM35"
"RIMKLB",1.95742161812618e-07,0.67533240671453,0.943,0.844,0.00206782019738849,"1","RIMKLB"
"CDC42BPB",1.9618532243193e-07,0.535260825722679,0.989,0.761,0.00207250174617091,"1","CDC42BPB"
"RPS6KA5",1.97006452484771e-07,0.414575954596455,0.898,0.606,0.00208117616404913,"1","RPS6KA5"
"RNF38",1.9779047355506e-07,0.466906397249963,0.977,0.807,0.00208945856263565,"1","RNF38"
"SYNC",1.98430011089101e-07,0.598798762811572,0.966,0.858,0.00209621463714527,"1","SYNC"
"ATAD2B",1.98514163107788e-07,0.588033483023964,0.943,0.706,0.00209710361907067,"1","ATAD2B"
"TMEM254",1.99259760247372e-07,0.518008329481641,0.966,0.734,0.00210498010725324,"1","TMEM254"
"ENOX2",2.01398837162969e-07,0.324338412389161,0.875,0.459,0.00212757731578961,"1","ENOX2"
"ACTRT3",2.01441033409466e-07,0.296011411497692,0.455,0.151,0.0021280230769376,"1","ACTRT3"
"EEF2KMT",2.04174369855536e-07,0.65989550075706,0.966,0.683,0.00215689804315389,"1","EEF2KMT"
"PARP12",2.06019191040241e-07,0.443646751442945,0.966,0.619,0.0021763867341491,"1","PARP12"
"TSEN15",2.06364108912283e-07,0.627809600837195,1,0.858,0.00218003044654935,"1","TSEN15"
"TKFC",2.07489110337633e-07,0.523034821336775,1,0.789,0.00219191496160676,"1","TKFC"
"TIMM17B",2.07677525176919e-07,0.449806121818903,1,0.954,0.00219390537596897,"1","TIMM17B"
"EIF2S3",2.07765502802104e-07,0.602991369997313,1,0.977,0.00219483477160143,"1","EIF2S3"
"HSD17B1",2.08628129216848e-07,0.349902542051937,0.943,0.642,0.00220394755704678,"1","HSD17B1"
"PPP1R35",2.08724799888316e-07,0.469723647777386,0.932,0.601,0.00220496878602017,"1","PPP1R35"
"STX12",2.09089212610536e-07,0.553926628544563,0.943,0.633,0.0022088184420177,"1","STX12"
"MAN1B1",2.09303676612649e-07,0.458787469464061,1,0.959,0.00221108403973602,"1","MAN1B1"
"POLR2J",2.10129633471112e-07,0.474612948616028,0.989,0.968,0.00221980944798883,"1","POLR2J"
"PSMA2",2.10988280402447e-07,0.26759508099033,1,1,0.00222888019417145,"1","PSMA2"
"GOSR2",2.12427009094185e-07,0.4566713750173,1,0.881,0.00224407892407097,"1","GOSR2"
"HNRNPK",2.12611527494744e-07,0.333884749371089,1,1,0.00224602817645447,"1","HNRNPK"
"TMEM54",2.12645013597523e-07,0.594822221390315,0.966,0.839,0.00224638192364424,"1","TMEM54"
"PANX2",2.1384339299324e-07,1.10410425298225,0.33,0.087,0.00225904160358059,"1","PANX2"
"TIMM10B",2.14640379025965e-07,0.430458059277495,1,0.821,0.0022674609640303,"1","TIMM10B"
"PRIM1",2.14993262748209e-07,0.457957109431963,0.977,0.615,0.00227118882767208,"1","PRIM1"
"ZWINT",2.16860963631049e-07,0.293793874537562,0.977,0.628,0.0022909192197984,"1","ZWINT"
"TMEM168",2.17345961672777e-07,0.578507664703979,0.932,0.638,0.00229604273911121,"1","TMEM168"
"PLEKHA2",2.21389829357932e-07,0.512173379137161,0.943,0.688,0.00233876215733719,"1","PLEKHA2"
"DYRK1A",2.2248233833011e-07,0.274171136429804,0.977,0.862,0.00235030342211928,"1","DYRK1A"
"DHFR2",2.23261106269135e-07,0.321249569546647,0.818,0.445,0.00235853032662714,"1","DHFR2"
"GUK1",2.26904421474217e-07,0.58169734061239,0.989,0.995,0.00239701830845362,"1","GUK1"
"ZNF143",2.29188463984897e-07,0.305102287536378,0.955,0.573,0.00242114693353646,"1","ZNF143"
"ZFYVE26",2.32286762713585e-07,0.546505294997637,0.955,0.624,0.00245387736130631,"1","ZFYVE26"
"LRIF1",2.3239050506163e-07,0.54911059381662,0.955,0.739,0.00245497329547106,"1","LRIF1"
"TNFRSF1B",2.34256215314588e-07,0.325462117067811,0.795,0.454,0.0024746826585833,"1","TNFRSF1B"
"TMEM14A",2.35864209274794e-07,0.525673009741703,1,0.913,0.00249166950677893,"1","TMEM14A"
"SCPEP1",2.38156049325866e-07,0.621135957881706,0.966,0.739,0.00251588050507845,"1","SCPEP1"
"CSTF3",2.38997356349913e-07,0.522737250597409,0.977,0.872,0.00252476807248048,"1","CSTF3"
"C6orf120",2.39600107976301e-07,0.454875301146803,0.773,0.399,0.00253113554066164,"1","C6orf120"
"TPD52",2.42733901645309e-07,0.341713777690003,1,0.899,0.00256424093698104,"1","TPD52"
"RAB40C",2.47025782718069e-07,0.503510477539503,0.852,0.486,0.00260958036863368,"1","RAB40C"
"TIMM13",2.49623478110195e-07,0.413948949968109,1,0.991,0.0026370224227561,"1","TIMM13"
"ST20",2.50637651300067e-07,0.45227770942065,0.92,0.477,0.00264773614833391,"1","ST20"
"CDK3",2.53617654211169e-07,0.400597708649833,0.67,0.307,0.00267921689908679,"1","CDK3"
"ADSS2",2.57015793758697e-07,0.610165057513849,0.989,0.904,0.00271511484526687,"1","ADSS2"
"SERINC4",2.57243432111309e-07,0.436429646623054,0.92,0.514,0.00271751961682387,"1","SERINC4"
"LANCL2",2.57572249529048e-07,0.432252209908097,0.966,0.624,0.00272099324402486,"1","LANCL2"
"E2F3",2.58951727838408e-07,0.449865272175434,0.955,0.638,0.00273556605288494,"1","E2F3"
"TCEANC2",2.59045302319905e-07,0.40943409911483,0.818,0.431,0.00273655457370747,"1","TCEANC2"
"BEX3",2.60776476856961e-07,0.67724816865119,0.909,0.885,0.00275484270151694,"1","BEX3"
"OXR1",2.62429883601811e-07,0.541838151508053,0.989,0.917,0.00277230929036953,"1","OXR1"
"RNF135",2.62579272325425e-07,0.52887077534079,0.966,0.78,0.00277388743284579,"1","RNF135"
"GAB1",2.63335579120394e-07,0.373758596904115,0.807,0.422,0.00278187705782784,"1","GAB1"
"SPC24",2.64390574100659e-07,0.386960660925015,0.977,0.835,0.00279302202479936,"1","SPC24"
"SP1",2.64480125133915e-07,0.468463890397373,0.977,0.784,0.00279396804191467,"1","SP1"
"STOML2",2.67283718935474e-07,0.407319503117339,1,0.968,0.00282358520683434,"1","STOML2"
"LSM1",2.67594917557901e-07,0.505480351478212,1,0.89,0.00282687270908166,"1","LSM1"
"RARG",2.67682085386411e-07,0.5259737712202,0.955,0.665,0.00282779355002205,"1","RARG"
"TTLL4",2.67682085386411e-07,0.492201626386859,0.943,0.67,0.00282779355002205,"1","TTLL4"
"ZNF239",2.6875557779249e-07,0.426116173962636,0.557,0.229,0.00283913392379986,"1","ZNF239"
"DUSP12",2.68964891469992e-07,0.45132441129072,0.989,0.867,0.00284134511348899,"1","DUSP12"
"MASTL",2.70671318247651e-07,0.405690833819987,0.989,0.775,0.00285937180596818,"1","MASTL"
"NKAP",2.70671318247651e-07,0.560945808114972,0.966,0.784,0.00285937180596818,"1","NKAP"
"CPSF4",2.72223120934001e-07,0.53901359512736,0.932,0.683,0.00287576504954679,"1","CPSF4"
"KCTD3",2.75568555974104e-07,0.556986971684036,0.966,0.72,0.00291110622531043,"1","KCTD3"
"PSMC3",2.75578116770703e-07,0.384912136509673,1,0.995,0.0029112072255657,"1","PSMC3"
"NF1",2.75860214005164e-07,0.474538179712395,0.966,0.931,0.00291418730075055,"1","NF1"
"MIEF2",2.77078173072098e-07,0.351344499585021,0.909,0.537,0.00292705382033365,"1","MIEF2"
"ACSL1",2.78577000800695e-07,0.476741542313937,0.92,0.619,0.00294288743645854,"1","ACSL1"
"AP1B1",2.79098825162194e-07,0.570120049491809,0.989,0.817,0.00294839998901342,"1","AP1B1"
"MCM7",2.81750293540384e-07,0.433222499839136,1,0.95,0.00297641010096061,"1","MCM7"
"DYNC2LI1",2.81883448804976e-07,0.347764348823692,0.943,0.592,0.00297781675317577,"1","DYNC2LI1"
"MRPL47",2.83896746999801e-07,0.489766570002185,1,0.95,0.0029990852353059,"1","MRPL47"
"NCBP2",2.83977885651154e-07,0.514866246478288,1,0.959,0.00299994238401879,"1","NCBP2"
"RAB5C",2.84075277967588e-07,0.336752887453356,1,0.995,0.0030009712364496,"1","RAB5C"
"ANKHD1",2.86230607438043e-07,0.439145347228867,1,0.982,0.00302374013697548,"1","ANKHD1"
"RNF168",2.87091954653818e-07,0.506133260027046,0.989,0.95,0.00303283940896293,"1","RNF168"
"MRPL14",2.88414901072898e-07,0.387200707740778,0.989,0.991,0.00304681501493409,"1","MRPL14"
"FAM120AOS",2.8893973880173e-07,0.510878369016821,1,0.894,0.00305235940070148,"1","FAM120AOS"
"NFYB",2.93608312107452e-07,0.396191712276917,0.977,0.693,0.00310167820910312,"1","NFYB"
"FAM47E-STBD1",2.97982497565741e-07,0.452278603224897,0.977,0.72,0.00314788710428449,"1","FAM47E-STBD1"
"MAPKAPK2",2.98798257691857e-07,0.51920597303421,0.955,0.775,0.00315650479425678,"1","MAPKAPK2"
"TPM2",2.98892580019583e-07,0.450106226288249,0.92,0.537,0.00315750121532687,"1","TPM2"
"ATP6V1C2",2.99247576496242e-07,0.504530325976501,1,0.94,0.0031612513981063,"1","ATP6V1C2"
"MAP2K5",2.99311684548442e-07,0.357439998296304,0.966,0.578,0.00316192863556974,"1","MAP2K5"
"RAB3IP",2.99821755866958e-07,0.322069615999648,0.955,0.748,0.00316731702897854,"1","RAB3IP"
"CFAP298-TCP10L",3.0068204215361e-07,0.515916958299703,0.966,0.798,0.00317640509331074,"1","CFAP298-TCP10L"
"C2CD5",3.01288709092518e-07,0.435565054302568,0.989,0.725,0.00318281392285336,"1","C2CD5"
"FOXP4",3.01826285742379e-07,0.565902594062143,0.92,0.67,0.00318849288258249,"1","FOXP4"
"SFT2D2",3.01835085148028e-07,0.438101344679382,1,1,0.00318858583950377,"1","SFT2D2"
"POLR1H",3.02286607301028e-07,0.613992750978737,0.966,0.628,0.00319335571952806,"1","POLR1H"
"ASH2L",3.02971706611643e-07,0.554426707235335,0.989,0.789,0.0032005931086454,"1","ASH2L"
"STAU1",3.04128180417251e-07,0.423413860603772,1,0.991,0.00321281009792784,"1","STAU1"
"MAP4K2",3.0473587497859e-07,0.486579316426769,0.864,0.56,0.00321922978327382,"1","MAP4K2"
"IFI35",3.05278202050729e-07,0.512603609174741,0.977,0.794,0.00322495892646391,"1","IFI35"
"BAG5",3.05448358606242e-07,0.527628910524835,0.989,0.917,0.00322675646031634,"1","BAG5"
"KRT15",3.05526546062751e-07,0.618773491023947,0.795,0.399,0.0032275824326069,"1","KRT15"
"IMMP1L",3.07126021725779e-07,0.275541007280398,1,0.794,0.00324447929351113,"1","IMMP1L"
"ERCC3",3.08374044744042e-07,0.471088412868105,0.966,0.844,0.00325766340867606,"1","ERCC3"
"DDX39A",3.08718460129143e-07,0.431661224400368,1,0.968,0.00326130181280426,"1","DDX39A"
"DCAF13",3.11103545369562e-07,0.53459220938487,1,0.982,0.00328649785328405,"1","DCAF13"
"TLCD2",3.11521783036284e-07,0.260423150542906,0.807,0.445,0.0032909161159953,"1","TLCD2"
"ARHGAP44",3.12485378017868e-07,0.682621788059248,0.455,0.17,0.00330109553338076,"1","ARHGAP44"
"ARHGEF7",3.12891514475666e-07,0.528435735773701,0.989,0.853,0.00330538595892094,"1","ARHGEF7"
"ZNF611",3.14832006242938e-07,0.605031209879512,0.92,0.748,0.00332588531395039,"1","ZNF611"
"PNKD",3.15245072490811e-07,0.506463901899681,1,0.927,0.00333024894579292,"1","PNKD"
"H3C12",3.16637923880592e-07,0.845140046352163,0.784,0.367,0.00334496302787457,"1","H3C12"
"ADGRF3",3.18167793444957e-07,0.601233692244507,0.682,0.289,0.00336112456995252,"1","ADGRF3"
"ZNF160",3.18972659396621e-07,0.509587929289564,0.977,0.697,0.00336962717386591,"1","ZNF160"
"NRIP1",3.19412126303931e-07,0.390483890076562,0.886,0.509,0.00337426970227472,"1","NRIP1"
"KAT6A",3.19564453343801e-07,0.41549735375253,1,0.844,0.00337587888512392,"1","KAT6A"
"HOXB3",3.2482095280173e-07,0.513783129816711,0.909,0.628,0.00343140854539747,"1","HOXB3"
"CELSR1",3.29511762986456e-07,0.540398223188872,0.966,0.761,0.00348096226418892,"1","CELSR1"
"SCNN1A",3.30714548857358e-07,0.761601565683915,0.864,0.661,0.00349366849412913,"1","SCNN1A"
"DYNLL2",3.32116972590057e-07,0.464069880816214,0.966,0.679,0.00350848369844137,"1","DYNLL2"
"ZNF484",3.34205433549783e-07,0.478400201449436,0.864,0.463,0.00353054620001991,"1","ZNF484"
"CKAP5",3.34281730962616e-07,0.438682409185351,0.989,0.821,0.00353135220588907,"1","CKAP5"
"PPP1R12C",3.34281730962616e-07,0.464480128062111,0.966,0.83,0.00353135220588907,"1","PPP1R12C"
"ASTE1",3.38307700298301e-07,0.352516314101987,0.932,0.569,0.00357388254595126,"1","ASTE1"
"ZNF7",3.39294859985628e-07,0.475176783202833,1,0.867,0.00358431090088818,"1","ZNF7"
"FAM120B",3.40709781498916e-07,0.434664223815122,0.966,0.665,0.00359925813175455,"1","FAM120B"
"CRIP1",3.41739147646791e-07,0.511880165527273,0.966,0.661,0.0036101323557407,"1","CRIP1"
"NGRN",3.43149704207235e-07,0.492929314879326,1,0.968,0.00362503347524523,"1","NGRN"
"DNASE1",3.46179600319019e-07,0.464077647803,1,0.858,0.00365704129777011,"1","DNASE1"
"ZNF318",3.46564573927566e-07,0.381574091135044,0.955,0.615,0.0036611081589708,"1","ZNF318"
"PAQR6",3.46628921121805e-07,0.283788563053136,0.807,0.463,0.00366178792273075,"1","PAQR6"
"SEPHS1",3.47182215199027e-07,0.512841709712394,0.966,0.798,0.00366763292136252,"1","SEPHS1"
"SUZ12",3.48555727391897e-07,0.831485474148581,0.966,0.858,0.003682142704168,"1","SUZ12"
"PPP1R9B",3.50369234292103e-07,0.417997693438916,0.784,0.399,0.00370130059106177,"1","PPP1R9B"
"RPS5",3.51051189895202e-07,0.307397710059643,1,1,0.00370850477005291,"1","RPS5"
"RAD18",3.52911027068359e-07,0.393305430049662,0.977,0.674,0.00372815208995014,"1","RAD18"
"ZFYVE9",3.54451946904533e-07,0.501802460903654,0.83,0.495,0.00374443036709948,"1","ZFYVE9"
"PITPNM3",3.54971760430089e-07,0.531825232002735,0.773,0.417,0.00374992167718347,"1","PITPNM3"
"CCDC117",3.55210040714482e-07,0.368894222149148,0.989,0.702,0.00375243887010779,"1","CCDC117"
"TACC3",3.55436092114303e-07,0.289872054336033,0.966,0.67,0.0037548268770955,"1","TACC3"
"DYNLT1",3.56258426537082e-07,0.399331249752684,1,0.959,0.00376351401793773,"1","DYNLT1"
"COX6C",3.56378643262545e-07,0.664080099010853,1,1,0.00376478398742552,"1","COX6C"
"RHBDF2",3.56551634883573e-07,0.686234198419139,0.716,0.376,0.00376661147091006,"1","RHBDF2"
"CFAP73",3.57317656352052e-07,0.515062436153647,0.955,0.661,0.00377470372170308,"1","CFAP73"
"KPNA3",3.58292238988867e-07,0.513663879046214,1,0.812,0.00378499921267839,"1","KPNA3"
"PSMD3",3.5905137019121e-07,0.43092445179606,1,0.977,0.00379301867469994,"1","PSMD3"
"LEMD3",3.59213145451065e-07,0.579651814224022,0.989,0.807,0.00379472766854505,"1","LEMD3"
"TMEM216",3.60746039484994e-07,0.532500774536083,0.886,0.523,0.00381092116111947,"1","TMEM216"
"PHC1",3.60885124672805e-07,0.502968446264365,0.955,0.693,0.00381239045704351,"1","PHC1"
"SH3GL1",3.66800081863516e-07,0.489534405425442,1,0.936,0.00387487606480619,"1","SH3GL1"
"USP7",3.69046490922287e-07,0.632592618524207,0.989,0.894,0.00389860713010304,"1","USP7"
"PRELID3B",3.70040899921875e-07,0.514289588779318,1,0.995,0.00390911206677469,"1","PRELID3B"
"NAA40",3.70751940703684e-07,0.508348160874106,0.955,0.624,0.00391662350159372,"1","NAA40"
"MRPL36",3.72708005791367e-07,0.436696772107814,0.989,0.963,0.00393728737318,"1","MRPL36"
"HIRA",3.7812311348695e-07,0.369919929308184,0.943,0.624,0.00399449257087614,"1","HIRA"
"ZFYVE19",3.78139048518022e-07,0.48829335424477,0.977,0.729,0.00399466090854439,"1","ZFYVE19"
"ASAH1",3.80299387758853e-07,0.319156420503152,1,0.872,0.00401748273228453,"1","ASAH1"
"STK11",3.82150192823616e-07,0.454394906012337,0.977,0.702,0.00403703463698868,"1","STK11"
"CAMSAP1",3.85198662078423e-07,0.443558912912442,0.92,0.651,0.00406923866619646,"1","CAMSAP1"
"MICALL2",3.86414398700907e-07,0.463392355802912,0.977,0.775,0.00408208170787638,"1","MICALL2"
"SLC39A3",3.86465127455438e-07,0.498797575949101,1,0.876,0.00408261760643924,"1","SLC39A3"
"UBQLN1",3.90020133966829e-07,0.374497943190771,1,1,0.00412017269522558,"1","UBQLN1"
"FANCA",3.93766564465992e-07,0.465773427961132,1,0.761,0.00415974998701873,"1","FANCA"
"TAF1",3.93846920632157e-07,0.31059877167524,0.966,0.651,0.00416059886955811,"1","TAF1"
"FAM227B",3.9587318334533e-07,0.394219897369594,0.852,0.436,0.00418200430886007,"1","FAM227B"
"CCT4",3.95895006999325e-07,0.44564152548827,1,0.977,0.00418223485394087,"1","CCT4"
"WDPCP",3.97488648218314e-07,0.794593984781802,0.909,0.624,0.00419907007977827,"1","WDPCP"
"ZNF106",3.98391891698324e-07,0.523810772456131,1,0.936,0.0042086119439011,"1","ZNF106"
"TRIB1",4.00994742077998e-07,0.50336170284218,0.977,0.661,0.00423610845531197,"1","TRIB1"
"NUP35",4.01893005319565e-07,0.687251148745457,0.92,0.573,0.00424559770819588,"1","NUP35"
"CEP192",4.02750934380691e-07,0.485572848290421,0.909,0.546,0.00425466087079762,"1","CEP192"
"TIMCC",4.04405420928455e-07,0.44551950309705,0.989,0.867,0.0042721388666882,"1","TIMCC"
"SCLY",4.07831915127943e-07,0.471073402106378,0.818,0.427,0.00430833635141159,"1","SCLY"
"MRPL55",4.07930451196137e-07,0.598485523983062,1,0.972,0.00430937728643599,"1","MRPL55"
"ZNF444",4.10131971717576e-07,0.416021790564891,0.943,0.592,0.00433263414922447,"1","ZNF444"
"NPHP3-ACAD11",4.11449387893725e-07,0.658851298675472,0.875,0.546,0.00434655133370931,"1","NPHP3-ACAD11"
"NEK4",4.120614065517e-07,0.40824615252368,0.966,0.674,0.00435301669881216,"1","NEK4"
"WWP1",4.12108860814442e-07,0.615007155942389,0.966,0.853,0.00435351800564376,"1","WWP1"
"ZNF354A",4.12112391545705e-07,0.461543873073504,0.909,0.546,0.00435355530428883,"1","ZNF354A"
"MOGS",4.17691265575115e-07,0.470088458759069,0.955,0.633,0.00441249052953552,"1","MOGS"
"FPGT",4.18765049747805e-07,0.285462503045868,0.852,0.417,0.00442383398553581,"1","FPGT"
"EEF2K",4.19784716765292e-07,0.28926392426226,0.92,0.642,0.00443460574790855,"1","EEF2K"
"TST",4.21125612604101e-07,0.454085959128165,0.943,0.546,0.00444877097154972,"1","TST"
"NIT2",4.22851849979367e-07,0.567633986973171,1,0.876,0.00446700694318203,"1","NIT2"
"AMN1",4.22920242382219e-07,0.389770494023359,0.807,0.404,0.00446772944052576,"1","AMN1"
"PPP4R3B",4.23980579533634e-07,0.466906419117435,0.989,0.922,0.00447893084219331,"1","PPP4R3B"
"DIAPH3",4.26184668222973e-07,0.407498894569835,0.989,0.615,0.00450221483510749,"1","DIAPH3"
"MLLT1",4.27858738216713e-07,0.554051968531728,0.92,0.702,0.00451989971052136,"1","MLLT1"
"THUMPD1",4.28766049997975e-07,0.492423741794631,1,0.917,0.00452948455217861,"1","THUMPD1"
"LYPD1",4.29521199496463e-07,0.588673955933676,0.795,0.385,0.00453746195148064,"1","LYPD1"
"ZNF584",4.33431531776662e-07,0.413787025105646,0.875,0.5,0.00457877070168866,"1","ZNF584"
"TULP4",4.33668892130257e-07,0.589119366457354,0.989,0.862,0.00458127817646403,"1","TULP4"
"SPATA13",4.34915452540707e-07,0.442864453405226,0.943,0.761,0.00459444684064003,"1","SPATA13"
"PMVK",4.35242777596656e-07,0.494525845193341,1,0.872,0.00459790470253107,"1","PMVK"
"TCTA",4.38123380908095e-07,0.523014398868421,0.989,0.716,0.00462833539591312,"1","TCTA"
"DHRS4L2",4.39458048173691e-07,0.547323110595872,0.955,0.752,0.00464243482090687,"1","DHRS4L2"
"PCCB",4.42085018370619e-07,0.520748514340027,0.989,0.78,0.00467018613406722,"1","PCCB"
"ALDH6A1",4.4255282749539e-07,0.363186975974569,0.989,0.835,0.00467512806966131,"1","ALDH6A1"
"DNAJC6",4.42783188336904e-07,0.555235322037993,0.511,0.202,0.00467756160159105,"1","DNAJC6"
"YTHDF1",4.43799170080084e-07,0.487017289773034,1,0.894,0.004688294432726,"1","YTHDF1"
"ZNF787",4.44444253622223e-07,0.632673941920043,0.727,0.376,0.00469510909526516,"1","ZNF787"
"PSPC1",4.48222274185284e-07,0.511005684295713,1,0.913,0.00473502010449334,"1","PSPC1"
"NAT1",4.48436373590155e-07,0.298223799188195,0.773,0.39,0.0047372818506064,"1","NAT1"
"DTD2",4.49143268577146e-07,0.477279551016542,0.898,0.509,0.00474474948924897,"1","DTD2"
"FANCG",4.4947672495077e-07,0.408628651655992,0.943,0.573,0.00474827212237994,"1","FANCG"
"USP3",4.49953339698439e-07,0.506320585331943,1,0.803,0.00475330708057431,"1","USP3"
"CENPQ",4.50478888192052e-07,0.568946301594687,0.875,0.564,0.00475885897486084,"1","CENPQ"
"LMAN2",4.53007270362349e-07,0.396631301685199,1,1,0.00478556880410785,"1","LMAN2"
"EGFL8",4.55696996581878e-07,0.521241287267144,0.841,0.514,0.00481398307189096,"1","EGFL8"
"A1BG",4.56502210921528e-07,0.583519280830491,0.932,0.729,0.00482248935617502,"1","A1BG"
"AGGF1",4.61002729768012e-07,0.448096743536279,1,0.821,0.00487003283726928,"1","AGGF1"
"NINL",4.65963890361465e-07,0.391833189651236,0.943,0.587,0.00492244253777852,"1","NINL"
"ACSF2",4.69505300859652e-07,0.361184911339432,0.966,0.578,0.00495985399828136,"1","ACSF2"
"POP7",4.6994115465715e-07,0.494328815939173,1,0.881,0.00496445835779813,"1","POP7"
"KLHL24",4.70875112013047e-07,0.58120348332801,0.977,0.789,0.00497432468330583,"1","KLHL24"
"RYK",4.72265045514675e-07,0.489829285767035,0.955,0.757,0.00498900794081703,"1","RYK"
"NEK7",4.73107582443788e-07,0.586344990124666,0.955,0.697,0.00499790850093618,"1","NEK7"
"DCUN1D1",4.73269422096578e-07,0.41620600699178,0.989,0.945,0.00499961817502825,"1","DCUN1D1"
"GNB2",4.77274944898909e-07,0.512075585941315,1,0.982,0.00504193251791207,"1","GNB2"
"UBR1",4.7988464801918e-07,0.276672855610422,0.966,0.697,0.00506950142167462,"1","UBR1"
"ADM",4.83101636028493e-07,0.555637264281893,0.784,0.372,0.005103485683005,"1","ADM"
"SPOUT1",4.84400341838054e-07,0.466722298793867,1,0.853,0.0051172052111772,"1","SPOUT1"
"DEF6",4.8670286068031e-07,0.344629020218179,0.898,0.477,0.0051415290202268,"1","DEF6"
"LIMD2",4.87388067682559e-07,0.540725000607793,0.875,0.596,0.00514876754699856,"1","LIMD2"
"PSPH",4.9062053864013e-07,0.432718802337618,0.989,0.927,0.00518291537019433,"1","PSPH"
"ZNF593",4.94023139285815e-07,0.447016258521999,1,0.826,0.00521886044341535,"1","ZNF593"
"KLF8",4.95248008158811e-07,0.836964093325404,0.591,0.266,0.00523179995818968,"1","KLF8"
"INTS1",4.98507232826739e-07,0.498505264096144,0.989,0.771,0.00526623040758167,"1","INTS1"
"UTP20",5.02060264251369e-07,0.630263498473723,0.943,0.72,0.00530376463155147,"1","UTP20"
"KLF16",5.06827369406437e-07,0.350948733181428,0.739,0.39,0.0053541243304096,"1","KLF16"
"TDP1",5.0791874306455e-07,0.38863882306496,0.943,0.601,0.00536565360173391,"1","TDP1"
"RABGAP1L",5.08889458350481e-07,0.339193512778354,0.977,0.748,0.00537590823801448,"1","RABGAP1L"
"ZNF8",5.1165610970294e-07,0.677126462786257,0.875,0.651,0.00540513514290186,"1","ZNF8"
"TRIM26",5.12821613174452e-07,0.514220147851239,0.955,0.706,0.00541744752157491,"1","TRIM26"
"RASSF3",5.21013744592125e-07,0.473469639279747,0.955,0.766,0.00550398919787121,"1","RASSF3"
"MTX1",5.21062786917881e-07,0.422206868426792,0.977,0.94,0.00550450728100049,"1","MTX1"
"SPSB2",5.21777105744192e-07,0.589207689395808,0.909,0.711,0.00551205334508165,"1","SPSB2"
"THOC3",5.27170324060577e-07,0.4530730940694,1,0.821,0.00556902730337594,"1","THOC3"
"ACVR1B",5.31400914383084e-07,0.455535137949787,0.92,0.61,0.0056137192595429,"1","ACVR1B"
"DISP1",5.33081106368627e-07,0.530372645177481,0.92,0.555,0.00563146880767817,"1","DISP1"
"SLC35B3",5.35415032310027e-07,0.45391809252841,0.92,0.61,0.00565612440132313,"1","SLC35B3"
"PLEKHA7",5.36562162256615e-07,0.439184324379926,0.955,0.743,0.00566824268207888,"1","PLEKHA7"
"TRPM7",5.37565517211291e-07,0.608933695927175,0.977,0.862,0.00567884212382008,"1","TRPM7"
"SNAPC4",5.39203355520712e-07,0.435025031122425,0.898,0.569,0.0056961442477208,"1","SNAPC4"
"LSM14A",5.41580405855058e-07,0.377245095998905,1,0.982,0.00572125540745283,"1","LSM14A"
"CLPP",5.4508634628192e-07,0.419625486568471,1,0.94,0.0057582921621222,"1","CLPP"
"IVNS1ABP",5.45217479386295e-07,0.422529923752053,0.989,0.835,0.00575967745223682,"1","IVNS1ABP"
"HADHB",5.45597635515094e-07,0.395410521730748,1,0.977,0.00576369342158145,"1","HADHB"
"DNAH21",5.481620501957e-07,0.352115251171647,0.545,0.248,0.00579078389826737,"1","DNAH2"
"PDCD7",5.50519422715112e-07,0.517630836399608,0.955,0.628,0.00581568718156245,"1","PDCD7"
"OFD1",5.60320883247201e-07,0.411182645445056,0.989,0.821,0.00591922981062343,"1","OFD1"
"SNRPF",5.6204601128762e-07,0.374857585056569,1,0.991,0.00593745406324242,"1","SNRPF"
"ATP23",5.64989881102207e-07,0.592933596533143,0.875,0.518,0.00596855310396371,"1","ATP23"
"MKNK2",5.65598419655089e-07,0.452145411567906,0.989,0.867,0.00597498170523636,"1","MKNK2"
"MTM1",5.66955568492844e-07,0.283662601861278,0.841,0.445,0.0059893186255584,"1","MTM1"
"ZNF607",5.67206579482615e-07,1.31194494892725,0.386,0.128,0.00599197030565435,"1","ZNF607"
"ZNF669",5.67715356281084e-07,0.390057515034938,0.898,0.532,0.00599734502375338,"1","ZNF669"
"SRCAP",5.70179654602043e-07,0.402781216881736,1,0.954,0.00602337787121598,"1","SRCAP"
"CPNE3",5.70381035513989e-07,0.434693866300912,1,0.972,0.00602550525916978,"1","CPNE3"
"TATDN2",5.70395278787217e-07,0.400259243006634,0.943,0.583,0.00602565572510816,"1","TATDN2"
"MBLAC21",5.72002682996953e-07,0.361009307374544,0.659,0.321,0.00604263634317981,"1","MBLAC2"
"STAT1",5.74880997916694e-07,0.417861307640043,0.955,0.807,0.00607304286199195,"1","STAT1"
"ZNF107",5.78106389870214e-07,0.498055526461652,0.898,0.514,0.00610711590258894,"1","ZNF107"
"UBXN4",5.78943597728809e-07,0.394223528763175,1,0.995,0.00611596016640714,"1","UBXN4"
"SLC35F5",5.8176445882907e-07,0.580535142780509,0.989,0.894,0.0061457597430703,"1","SLC35F5"
"ARSG",5.82686591421577e-07,0.529181984300427,0.943,0.775,0.00615550115177754,"1","ARSG"
"EML2",5.88213166619056e-07,0.405687984189139,0.977,0.665,0.00621388389216371,"1","EML2"
"MDH1",5.91929474991204e-07,0.362555402748669,1,0.986,0.00625314297380708,"1","MDH1"
"MRPS9",5.92805221799608e-07,0.478760563470803,0.989,0.706,0.00626239436309106,"1","MRPS9"
"FMO4",6.00048714716195e-07,0.425803392195363,0.432,0.147,0.00633891462226188,"1","FMO4"
"NDUFAF7",6.01434323677097e-07,0.627727296273449,0.92,0.647,0.00635355219532485,"1","NDUFAF7"
"SPDYE1",6.02059278209666e-07,0.590112637613925,0.682,0.33,0.00636015421500691,"1","SPDYE1"
"TMPPE",6.09697752729232e-07,0.365213764088614,0.909,0.642,0.00644084705983161,"1","TMPPE"
"BPNT1",6.10377415499741e-07,0.370742082063697,0.989,0.807,0.00644802701733926,"1","BPNT1"
"ZNF385A",6.10529758082734e-07,0.617046756973196,0.989,0.862,0.006449636364386,"1","ZNF385A"
"ASAP3",6.14858537639762e-07,0.321925741654165,0.841,0.44,0.00649536559162645,"1","ASAP3"
"BOP1",6.30052369388068e-07,0.511653420224227,0.977,0.803,0.00665587323021555,"1","BOP1"
"TRMT61B",6.33655065751526e-07,0.289254806882078,0.955,0.674,0.00669393211459912,"1","TRMT61B"
"RFT1",6.3653093418381e-07,0.333817505506601,0.955,0.546,0.00672431278871777,"1","RFT1"
"KRT7",6.37270324954642e-07,0.459042390061901,0.989,0.982,0.00673212371282084,"1","KRT7"
"GEMIN5",6.37628262190049e-07,0.256132895019471,0.795,0.477,0.00673590496177567,"1","GEMIN5"
"WWC1",6.37643328804671e-07,0.309468167285442,0.932,0.596,0.00673606412549255,"1","WWC1"
"MPHOSPH10",6.41634141818059e-07,0.574333745476637,0.966,0.844,0.00677822307416598,"1","MPHOSPH10"
"PDLIM2",6.50718793293592e-07,0.493306836595595,0.955,0.706,0.00687419333235351,"1","PDLIM2"
"UNC45A",6.51055593658967e-07,0.456596109940918,1,0.945,0.00687775129141333,"1","UNC45A"
"SELENOP",6.52434378523026e-07,0.601152641568016,0.602,0.252,0.00689231677471724,"1","SELENOP"
"IMPDH1",6.5375180069438e-07,0.431104978145779,1,0.794,0.00690623402253543,"1","IMPDH1"
"C1orf56",6.55987069553277e-07,0.599695784019593,0.989,0.954,0.00692984740276081,"1","C1orf56"
"KANSL3",6.58391620778076e-07,0.485961494718033,1,0.752,0.00695524908189959,"1","KANSL3"
"IRF9",6.58774134798534e-07,0.621724999199815,0.977,0.817,0.00695928996001172,"1","IRF9"
"ZSWIM4",6.61669496082595e-07,0.41731521708564,0.557,0.225,0.00698987655661654,"1","ZSWIM4"
"PARN",6.68059742192639e-07,0.468109668007556,0.977,0.849,0.00705738311652304,"1","PARN"
"SUMF2",6.71035823351929e-07,0.34454125887815,1,0.991,0.00708882243788977,"1","SUMF2"
"LRRC1",6.75647795489454e-07,0.479053467108595,0.909,0.619,0.00713754331155059,"1","LRRC1"
"RMP64",6.77596879716802e-07,0.449422843801689,0.977,0.752,0.0071581334373283,"1","RMP64"
"CCNQ",6.7908116707649e-07,0.429501856795599,0.909,0.523,0.00717381344899604,"1","CCNQ"
"PYM1",6.81562918991574e-07,0.5092291775255,0.989,0.849,0.00720003067622699,"1","PYM1"
"ZNF462",6.84923821214767e-07,0.395201941910824,0.932,0.661,0.0072355352473128,"1","ZNF462"
"HDAC5",6.8578454537338e-07,0.422697873931899,0.989,0.761,0.00724462793732439,"1","HDAC5"
"ATP6AP2",6.90672386172153e-07,0.294827433895304,1,0.95,0.00729626308752263,"1","ATP6AP2"
"LEO1",6.92974415850145e-07,0.569793662709936,0.966,0.739,0.00732058172904093,"1","LEO1"
"ZNF148",6.98431838586089e-07,0.470565448660708,0.989,0.908,0.00737823394282344,"1","ZNF148"
"THTPA",6.9859273654771e-07,0.514165975241783,0.989,0.798,0.00737993366889,"1","THTPA"
"COMMD10",7.01437336658728e-07,0.432054448492683,0.966,0.711,0.0074099840244628,"1","COMMD10"
"MED14",7.07286648360395e-07,0.571927777529163,0.977,0.743,0.00747177615327921,"1","MED14"
"TMEM145",7.10251993663036e-07,0.696230818061061,0.489,0.193,0.00750310206105631,"1","TMEM145"
"SUOX",7.13677275054891e-07,0.502212375225173,0.886,0.541,0.00753928673367987,"1","SUOX"
"MAZ",7.16522547739018e-07,0.478610763059476,0.989,0.954,0.00756934419431499,"1","MAZ"
"CHPF",7.23198129604086e-07,0.525119952030175,0.989,0.807,0.00763986504113756,"1","CHPF"
"HERC1",7.24770033322386e-07,0.382868598436242,1,0.794,0.00765647063201769,"1","HERC1"
"CMAS",7.31813804666359e-07,0.5201171798863,1,0.931,0.00773088103249542,"1","CMAS"
"PSEN2",7.33212355497059e-07,0.390456853849743,0.92,0.569,0.00774565532347093,"1","PSEN2"
"AHCYL2",7.3839167580303e-07,0.640816512263592,0.648,0.349,0.0078003696631832,"1","AHCYL2"
"CD2AP",7.38605513195267e-07,0.271420962339512,0.989,0.89,0.0078026286413948,"1","CD2AP"
"GRHPR",7.48642823955592e-07,0.367510833717859,1,0.945,0.00790866279226687,"1","GRHPR"
"GFM2",7.58496446096046e-07,0.406189126733589,0.989,0.839,0.00801275645655863,"1","GFM2"
"ZNF461",7.61343027066985e-07,0.384474767154038,0.761,0.39,0.00804282773793563,"1","ZNF461"
"ENSA",7.65859617946063e-07,0.549272639354357,1,0.986,0.00809054100398221,"1","ENSA"
"MZF1",7.67320459837961e-07,0.448112760056218,0.966,0.734,0.00810597333772822,"1","MZF1"
"FAM76A",7.67320459837961e-07,0.747402228368321,0.92,0.752,0.00810597333772822,"1","FAM76A"
"SH3GLB2",7.71160630685941e-07,0.531238510018707,0.977,0.839,0.00814654090256628,"1","SH3GLB2"
"PSENEN",7.71496177387476e-07,0.385587537829178,1,0.991,0.0081500856179213,"1","PSENEN"
"FNBP1L",7.71914064445767e-07,0.484881475617502,0.966,0.729,0.00815450017680508,"1","FNBP1L"
"SLC10A3",7.73883525040375e-07,0.384219765787398,0.977,0.674,0.00817530555852652,"1","SLC10A3"
"GOSR1",7.74487259214141e-07,0.460118242091796,0.989,0.872,0.00818168340633818,"1","GOSR1"
"MRPS17",7.75767219796109e-07,0.37866063424347,1,0.927,0.00819520490992609,"1","MRPS17"
"SYPL1",7.82629895113018e-07,0.455308111010282,1,0.959,0.00826770221197393,"1","SYPL1"
"SRSF7",7.82876948157707e-07,0.382146746525577,1,0.991,0.00827031208033802,"1","SRSF7"
"LENG1",7.85070201514415e-07,0.504405736408704,0.955,0.72,0.00829348160879828,"1","LENG1"
"CREBZF",7.87659058421042e-07,0.428266127487841,1,0.849,0.00832083029315989,"1","CREBZF"
"TLNRD1",7.91194824989461e-07,0.535961007996765,0.864,0.546,0.00835818213118866,"1","TLNRD1"
"SYNJ2BP-COX16",7.94413030691388e-07,0.404477263281471,1,0.986,0.00839217925622382,"1","SYNJ2BP-COX16"
"AKT2",7.95393028552027e-07,0.420356862657539,1,0.89,0.00840253195362362,"1","AKT2"
"PIAS1",7.95448702017865e-07,0.519184301078763,0.989,0.876,0.00840312008811672,"1","PIAS1"
"U2SURP",8.00075987461568e-07,0.353254474352864,1,0.963,0.00845200273154401,"1","U2SURP"
"KLHL8",8.13430523605163e-07,0.43066659200544,0.92,0.624,0.00859308005136494,"1","KLHL8"
"MCM9",8.14863929665677e-07,0.361558108111603,0.943,0.679,0.00860822255298821,"1","MCM9"
"DYRK2",8.16902905542705e-07,0.409773652412925,0.932,0.656,0.00862976229415313,"1","DYRK2"
"BCL6",8.17672445085904e-07,0.267407025090807,0.898,0.555,0.00863789170988749,"1","BCL6"
"INTS5",8.22583126725007e-07,0.30662422466052,0.875,0.472,0.00868976815072298,"1","INTS5"
"NFATC3",8.241159255018e-07,0.493551635916238,0.966,0.771,0.00870596063700102,"1","NFATC3"
"SRRD",8.34559234830223e-07,0.466609921237746,0.977,0.794,0.00881628375674648,"1","SRRD"
"IFRD1",8.41763250658545e-07,0.259606112536597,1,0.95,0.00889238697995687,"1","IFRD1"
"RALA",8.41885374081031e-07,0.464739889719339,1,0.954,0.00889367709179201,"1","RALA"
"SELENOH",8.4224961316437e-07,0.353855241495181,1,0.991,0.0088975249134684,"1","SELENOH"
"PDIK1L",8.46218694228185e-07,0.527027548942756,0.75,0.394,0.00893945428582654,"1","PDIK1L"
"KLHL20",8.47576577145404e-07,0.519738441324226,0.92,0.661,0.00895379896096404,"1","KLHL20"
"SMIM15",8.50656361572888e-07,0.47689569886605,0.977,0.908,0.00898633380365599,"1","SMIM15"
"SP3",8.53816741308577e-07,0.4552788385892,1,0.94,0.00901972005518381,"1","SP3"
"MAGED1",8.55876407968026e-07,0.475126054503612,0.989,0.83,0.00904147837377423,"1","MAGED1"
"DMWD",8.60320380047241e-07,0.379719209846343,0.886,0.596,0.00908842449481906,"1","DMWD"
"SCN1B",8.62579570659605e-07,0.562862694973625,0.773,0.399,0.00911229058444807,"1","SCN1B"
"NOL6",8.62920584987492e-07,0.443586279044062,0.989,0.725,0.00911589305980787,"1","NOL6"
"KLF11",8.67433476159363e-07,0.368983205846306,0.977,0.766,0.00916356724214751,"1","KLF11"
"CRYL1",8.71514165723397e-07,0.570131808157689,0.886,0.601,0.00920667564670197,"1","CRYL1"
"ZNFX1",8.7351853705897e-07,0.449253226681951,1,0.982,0.00922784982549096,"1","ZNFX1"
"PSME1",8.73541511348108e-07,0.392903121062687,1,1,0.00922809252588142,"1","PSME1"
"GALNS",8.78008519666906e-07,0.251365132133272,0.898,0.56,0.0092752820017612,"1","GALNS"
"VAPB",8.79423648569855e-07,0.412621272772931,1,0.95,0.00929023142349195,"1","VAPB"
"ALG3",8.87684010075773e-07,0.533203352451003,0.989,0.83,0.00937749388244047,"1","ALG3"
"SPIN3",8.9466969610541e-07,0.386603699153987,0.67,0.312,0.00945129066965755,"1","SPIN3"
"DRC10",9.01710018652579e-07,0.282460953646815,0.602,0.257,0.00952566463704585,"1","DRC10"
"EMC9",9.08928705856127e-07,0.496137281353735,0.955,0.693,0.00960192284866412,"1","EMC9"
"SPAST",9.09032737972382e-07,0.354019082271156,0.932,0.61,0.00960302184394024,"1","SPAST"
"PXMP2",9.1960723636042e-07,0.592063515356368,0.966,0.775,0.00971473084491148,"1","PXMP2"
"HINT2",9.25810140772754e-07,0.364101615178507,1,0.968,0.00978025832712337,"1","HINT2"
"PSMB3",9.25945897956026e-07,0.343579490284956,1,1,0.00978169246600746,"1","PSMB3"
"CHAMP1",9.28035632341562e-07,0.438293717298109,0.898,0.555,0.00980376842005626,"1","CHAMP1"
"AMMECR1L",9.28435637259639e-07,0.369232379557974,1,0.679,0.00980799407201083,"1","AMMECR1L"
"ATRIP",9.29407674821192e-07,0.375378736662677,0.955,0.665,0.00981826267681107,"1","ATRIP"
"TRMT44",9.32573996470509e-07,0.42724519005289,0.886,0.523,0.00985171169871446,"1","TRMT44"
"PHYKPL",9.33142230818973e-07,0.413019084983791,0.977,0.894,0.00985771452637163,"1","PHYKPL"
"VPS36",9.40624088618947e-07,0.411816932391085,1,0.789,0.00993675287217055,"1","VPS36"
"AP3S2",9.51876709232025e-07,0.450490590866505,0.989,0.936,0.0100556255563271,"1","AP3S2"
"TPRA1",9.53034166473188e-07,0.439315314955036,0.989,0.835,0.0100678529346228,"1","TPRA1"
"SAT1",9.53270432590969e-07,0.388587958640931,1,0.995,0.010070348849891,"1","SAT1"
"POLR1B",9.55869249974484e-07,0.359462554237221,0.92,0.578,0.0100978027567304,"1","POLR1B"
"VPS13D",9.56706511345828e-07,0.533672725306369,0.966,0.688,0.0101066475858573,"1","VPS13D"
"BLZF1",9.57760470488012e-07,0.449790384522879,1,0.844,0.0101177816102354,"1","BLZF1"
"TMEM116",9.58082657209758e-07,0.275095843462239,0.898,0.509,0.0101211851907639,"1","TMEM116"
"LAMTOR4",9.60219406431762e-07,0.390799416142357,1,0.991,0.0101437578095451,"1","LAMTOR4"
"ST6GALNAC2",9.60508397263027e-07,0.597943353532838,0.955,0.743,0.0101468107086866,"1","ST6GALNAC2"
"MTF1",9.62648912139485e-07,0.557277669286596,0.943,0.555,0.0101694231078415,"1","MTF1"
"RELL2",9.64099416966846e-07,0.459245047916978,0.807,0.532,0.0101847462408378,"1","RELL2"
"DNLZ",9.72056457770876e-07,0.435788530744758,0.898,0.592,0.0102688044198915,"1","DNLZ"
"RBCK1",9.72200051130301e-07,0.484444831436791,0.989,0.927,0.0102703213401405,"1","RBCK1"
"TTC39B",9.84359521005729e-07,0.370003768181971,0.807,0.482,0.0103987739799045,"1","TTC39B"
"APAF1",9.85084181115425e-07,0.357997069153069,0.977,0.683,0.0104064292893034,"1","APAF1"
"ZNF593OS",9.92373274222302e-07,0.480943759223274,0.966,0.716,0.0104834312688844,"1","ZNF593OS"
"VCF2",9.94485491956354e-07,0.341850455901292,0.932,0.491,0.0105057447370269,"1","VCF2"
"XRCC5",9.95707358342202e-07,0.371156672677245,1,0.986,0.010518652533527,"1","XRCC5"
"UBIAD1",9.97530717361528e-07,0.530450965593466,0.943,0.628,0.0105379144982072,"1","UBIAD1"
"SLC27A4",1.00060426899695e-06,0.456975009055391,0.909,0.578,0.0105703834976838,"1","SLC27A4"
"NRBP1",1.00178000739248e-06,0.440334613727565,1,0.936,0.0105828039980942,"1","NRBP1"
"YY1AP1",1.01730058665872e-06,0.48264753210471,1,0.959,0.0107467633974627,"1","YY1AP1"
"TRAK2",1.02126838119609e-06,0.451223758944339,1,0.743,0.0107886791789555,"1","TRAK2"
"VDAC3",1.02321118955473e-06,0.369029449825531,1,0.927,0.0108092030064562,"1","VDAC3"
"GTF2A1",1.02414686886654e-06,0.507780858301485,0.989,0.817,0.0108190875227061,"1","GTF2A1"
"CCDC47",1.02496724974088e-06,0.416981042311056,1,0.977,0.0108277540262627,"1","CCDC47"
"PNP",1.0324272103901e-06,0.454620368606612,0.977,0.702,0.010906561050561,"1","PNP"
"MAN2A2",1.03275348828369e-06,0.458348407209857,0.955,0.729,0.0109100078502289,"1","MAN2A2"
"TNPO3",1.03280645769033e-06,0.538583985521964,1,0.853,0.0109105674190406,"1","TNPO3"
"STK24",1.05203855671476e-06,0.452948228718618,1,0.913,0.0111137353131348,"1","STK24"
"TRIB3",1.05381147808004e-06,0.449897114004572,0.989,0.711,0.0111324644544375,"1","TRIB3"
"SIVA1",1.05515239279264e-06,0.391851356337964,1,1,0.0111466298774614,"1","SIVA1"
"UNC93B1",1.05780404169309e-06,0.59533408570918,0.989,0.688,0.0111746418964458,"1","UNC93B1"
"SNX33",1.05806015349152e-06,0.320259564697095,0.955,0.569,0.0111773474614845,"1","SNX33"
"ENTPD7",1.06161379287428e-06,0.54547301267575,0.727,0.344,0.0112148881079239,"1","ENTPD7"
"PRDX6",1.06281753242676e-06,0.35591583327208,1,1,0.0112276044125563,"1","PRDX6"
"SORD",1.06409787048456e-06,0.475218409163639,0.966,0.683,0.0112411299037989,"1","SORD"
"NUP37",1.06471541738706e-06,0.436707694602122,0.966,0.674,0.0112476536692769,"1","NUP37"
"TMEM214",1.06927580678651e-06,0.471544744511392,1,0.936,0.0112958296228927,"1","TMEM214"
"RAB2A",1.07053624853748e-06,0.414860733416868,1,0.995,0.0113091449295499,"1","RAB2A"
"GPATCH2",1.07516244085559e-06,0.519122244214566,0.966,0.688,0.0113580160251985,"1","GPATCH2"
"YIPF1",1.08392833286786e-06,0.495281944007695,0.932,0.601,0.011450618908416,"1","YIPF1"
"DIP2C",1.08768162210282e-06,0.505515087700191,0.955,0.807,0.0114902686558942,"1","DIP2C"
"CBX1",1.08970694068233e-06,0.442194940245803,0.989,0.885,0.0115116641213682,"1","CBX1"
"HTATSF1",1.09290992589273e-06,0.381255919691284,1,0.849,0.0115455004571308,"1","HTATSF1"
"GXYLT1",1.10020002908051e-06,0.455541185772888,0.955,0.674,0.0116225131072065,"1","GXYLT1"
"FKBP3",1.10171500078415e-06,0.434286569066491,1,0.963,0.0116385172682838,"1","FKBP3"
"ZNF134",1.10693388100103e-06,0.560799455669028,0.909,0.679,0.0116936495188948,"1","ZNF134"
"SUCO",1.10888105386842e-06,0.55018983732933,0.966,0.913,0.0117142194530659,"1","SUCO"
"STARD10",1.11031922767069e-06,0.529377057413656,0.955,0.711,0.0117294123211131,"1","STARD10"
"FEM1A",1.11370971223046e-06,0.550595647264783,0.966,0.835,0.0117652294000026,"1","FEM1A"
"HECA",1.1199102416537e-06,0.522040819580596,0.841,0.537,0.0118307317928297,"1","HECA"
"PARP14",1.12014708797403e-06,0.509937875580491,0.966,0.817,0.0118332338373577,"1","PARP14"
"SLC31A1",1.12245132988242e-06,0.345311576441985,0.989,0.858,0.0118575758488779,"1","SLC31A1"
"TTC7A",1.12654974437909e-06,0.394060114760549,0.966,0.784,0.0119008714996207,"1","TTC7A"
"DNAJC13",1.13131519818843e-06,0.584993037177757,0.943,0.697,0.0119512137536626,"1","DNAJC13"
"ARMC10",1.13503090659606e-06,0.309476076819178,0.989,0.716,0.0119904664972807,"1","ARMC10"
"BLOC1S1",1.15064646633023e-06,0.329861218761458,1,0.972,0.0121554292703125,"1","BLOC1S1"
"FEN1",1.15799480804313e-06,0.253038206672659,0.977,0.706,0.0122330571521676,"1","FEN1"
"PEAK1",1.15832527702864e-06,0.417678678467407,0.932,0.61,0.0122365482265305,"1","PEAK1"
"SCAF4",1.1649202287245e-06,0.458835217622227,0.966,0.83,0.0123062172962456,"1","SCAF4"
"POLB",1.17012410050243e-06,0.426587570321606,0.943,0.633,0.0123611909977077,"1","POLB"
"PDHX",1.17345747319142e-06,0.452073925360222,0.989,0.927,0.0123964047467942,"1","PDHX"
"VPS72",1.17446996639181e-06,0.459506243180498,1,0.784,0.0124071007249631,"1","VPS72"
"GAPVD1",1.17581557224078e-06,0.470224260824923,1,0.972,0.0124213157051516,"1","GAPVD1"
"GFPT1",1.18330934273381e-06,0.353473172706489,0.989,0.904,0.0125004798966399,"1","GFPT1"
"GRK6",1.18436415408318e-06,0.598038765039375,1,0.83,0.0125116229237348,"1","GRK6"
"MEIOC",1.19185639357866e-06,0.479474688928231,0.977,0.858,0.012590770941765,"1","MEIOC"
"ABCB7",1.19257675978979e-06,0.272626880089502,0.943,0.601,0.0125983808904193,"1","ABCB7"
"DSN1",1.19290595823607e-06,0.473948430142251,0.977,0.748,0.0126018585428058,"1","DSN1"
"HCRTR1",1.19648142149487e-06,0.621087096829506,0.932,0.734,0.0126396297366718,"1","HCRTR1"
"TRIM44",1.20017706772835e-06,0.386484249589174,0.989,0.881,0.0126786705434823,"1","TRIM44"
"WDR77",1.20155973459823e-06,0.504255452473748,0.966,0.752,0.0126932770362957,"1","WDR77"
"IPO4",1.2055300604441e-06,0.440189193159304,0.977,0.693,0.0127352195585315,"1","IPO4"
"NAT10",1.20887918741985e-06,0.50742680105409,0.977,0.794,0.0127705997359033,"1","NAT10"
"GOLGA7",1.22064694818569e-06,0.383762122005936,1,0.89,0.0128949143606336,"1","GOLGA7"
"HDAC10",1.22080296338645e-06,0.388990272536382,0.841,0.486,0.0128965625052144,"1","HDAC10"
"GRK2",1.2234404791478e-06,0.396253314025969,0.909,0.67,0.0129244252217173,"1","GRK2"
"EPHA4",1.22503491439829e-06,0.394015306852537,0.648,0.303,0.0129412688357036,"1","EPHA4"
"TFB2M",1.2291234681161e-06,0.408818291574644,0.989,0.716,0.0129844603171785,"1","TFB2M"
"ZNF232",1.2299487321954e-06,0.253126979447109,0.818,0.495,0.0129931784069122,"1","ZNF232"
"TLCD4-RWDD3",1.23692506592832e-06,0.265575172437588,0.864,0.486,0.0130668763964668,"1","TLCD4-RWDD3"
"RFNG",1.24338084805942e-06,0.342068496055717,0.955,0.619,0.0131350752788997,"1","RFNG"
"TAF15",1.24720126493116e-06,0.462495946105181,0.966,0.858,0.0131754341627328,"1","TAF15"
"TREX1",1.2473948491909e-06,0.366961279680035,0.943,0.638,0.0131774791868526,"1","TREX1"
"ANKDD1A",1.25418931795629e-06,0.337391949124817,0.807,0.459,0.0132492559548902,"1","ANKDD1A"
"ZNF75D",1.25926052518821e-06,0.300973068296845,0.659,0.289,0.0133028281880883,"1","ZNF75D"
"RPS6KL1",1.26309206471831e-06,0.35365186646129,0.795,0.431,0.0133433045716842,"1","RPS6KL1"
"LTN1",1.26447901083182e-06,0.50267635496264,0.989,0.748,0.0133579562704274,"1","LTN1"
"POFUT3",1.2769737158802e-06,0.374013226064147,0.602,0.294,0.0134899503345585,"1","POFUT3"
"GRWD1",1.28084362982506e-06,0.465562875886953,1,0.849,0.0135308321054719,"1","GRWD1"
"KNOP1",1.28419963152382e-06,0.576663818012431,1,0.858,0.0135662849074176,"1","KNOP1"
"UBE2M",1.3062492607574e-06,0.537461376018244,0.977,0.803,0.0137992171906411,"1","UBE2M"
"MSRB2",1.30954009525119e-06,0.48272391619834,0.977,0.665,0.0138339815662336,"1","MSRB2"
"BLCAP",1.30981616641712e-06,0.386989999264555,1,0.972,0.0138368979820305,"1","BLCAP"
"RTF2",1.30992965274856e-06,0.340238711118706,1,0.991,0.0138380968516358,"1","RTF2"
"SLC35C1",1.31486991872265e-06,0.413925067151963,0.932,0.596,0.0138902858213861,"1","SLC35C1"
"PPIG",1.32884076320394e-06,0.281275649701596,1,0.982,0.0140378738224864,"1","PPIG"
"CIB1",1.33844389949012e-06,0.328408387785553,1,1,0.0141393213542136,"1","CIB1"
"DHRS4",1.34133833706862e-06,0.482821288761741,0.977,0.812,0.0141698981927929,"1","DHRS4"
"ZNF354B",1.34384167682633e-06,0.378652353207991,0.75,0.417,0.0141963434739933,"1","ZNF354B"
"PI4KB",1.35679532142774e-06,0.447734725824785,1,0.945,0.0143331857755626,"1","PI4KB"
"SNAPC3",1.35773730325361e-06,0.350555609277042,0.943,0.679,0.0143431368715712,"1","SNAPC3"
"EVPL",1.36089458924182e-06,0.499032336817295,0.92,0.647,0.0143764904407506,"1","EVPL"
"FAF2",1.36628749602963e-06,0.393896739508655,1,0.94,0.014433461108057,"1","FAF2"
"TMCO1",1.36751641321986e-06,0.386599979201144,1,0.982,0.0144464433892546,"1","TMCO1"
"NRF1",1.37230389340992e-06,0.385414128330958,0.932,0.656,0.0144970183299824,"1","NRF1"
"SDF2",1.37719237169875e-06,0.368285653983987,1,0.968,0.0145486602146256,"1","SDF2"
"RNASEH2C",1.37737414629413e-06,0.344499290646045,1,0.986,0.0145505804814512,"1","RNASEH2C"
"HSPE1",1.37738812977517e-06,0.444847315523585,1,1,0.0145507282029449,"1","HSPE1"
"WFS1",1.37863881533029e-06,0.475805410503979,0.966,0.821,0.0145639404451492,"1","WFS1"
"PHKG1",1.38709609420751e-06,0.460668818861147,0.989,0.972,0.0146532831392081,"1","PHKG1"
"RBM28",1.39198661996964e-06,0.5035882944579,1,0.839,0.0147049466533593,"1","RBM28"
"SMPD4",1.40700958306539e-06,0.439213480519458,1,0.963,0.0148636492355028,"1","SMPD4"
"SEMA4C",1.41575337164745e-06,0.279883974385863,0.955,0.693,0.0149560186180837,"1","SEMA4C"
"FADS2",1.4259594371957e-06,0.556413007656161,1,0.936,0.0150638354945354,"1","FADS2"
"QSOX1",1.42760256571783e-06,0.363066926622194,1,0.995,0.0150811935042432,"1","QSOX1"
"FAM151B",1.43554114928612e-06,0.340268582197818,0.795,0.463,0.0151650567010586,"1","FAM151B"
"UBAP2",1.43581909672896e-06,0.455389164131779,1,0.931,0.0151679929378448,"1","UBAP2"
"RBM15",1.4378207777721e-06,0.263079747065993,0.966,0.661,0.0151891386963845,"1","RBM15"
"NAPB",1.45018402886166e-06,0.31602668691019,0.761,0.413,0.0153197440808945,"1","NAPB"
"NXT1",1.46188940330916e-06,0.514431938521277,0.966,0.817,0.0154433996565579,"1","NXT1"
"CYB561",1.4676872923669e-06,0.418039822566858,1,0.94,0.015504648556564,"1","CYB561"
"ANKIB1",1.48033660885005e-06,0.260141392769581,1,0.775,0.015638275935892,"1","ANKIB1"
"NDUFAF6",1.48296837609863e-06,0.390174871300986,0.955,0.821,0.0156660779251059,"1","NDUFAF6"
"TOP6BL",1.48712114134142e-06,0.486341672353991,1,0.922,0.0157099477371307,"1","TOP6BL"
"SELENOO",1.49300595930768e-06,0.4545495979441,0.92,0.711,0.0157721149541263,"1","SELENOO"
"ERP44",1.49443996200205e-06,0.483119505162306,0.989,0.95,0.0157872637585896,"1","ERP44"
"DDX17",1.50041518609534e-06,0.419590998991777,1,0.959,0.0158503860259112,"1","DDX17"
"ATR",1.50140516375075e-06,0.388705333838248,0.966,0.72,0.0158608441498629,"1","ATR"
"ZNF783",1.50834573009462e-06,0.381894578735736,0.909,0.647,0.0159341642927195,"1","ZNF783"
"ACTR1B",1.5099432053578e-06,0.385630812249556,1,0.876,0.0159510400213998,"1","ACTR1B"
"ZNF480",1.51420196647933e-06,0.495234374078142,0.989,0.761,0.0159960295738877,"1","ZNF480"
"PARD6G",1.51714592355745e-06,0.400055545688791,0.58,0.275,0.0160271295364609,"1","PARD6G"
"BORCS8",1.52553434995539e-06,0.428133879799971,0.989,0.683,0.0161157448729288,"1","BORCS8"
"PIGP",1.52754025428692e-06,0.362311038254499,0.966,0.729,0.016136935246287,"1","PIGP"
"TACC1",1.5332867040474e-06,0.357596979631706,1,0.977,0.0161976407415567,"1","TACC1"
"RAD9A",1.53332528829431e-06,0.37810857544693,0.977,0.991,0.0161980483455411,"1","RAD9A"
"PSMD14",1.54117838380152e-06,0.445951012413503,1,0.922,0.0162810084464793,"1","PSMD14"
"SAMD4B",1.543218252964e-06,0.423580216671633,0.955,0.803,0.0163025576243117,"1","SAMD4B"
"PTOV1",1.54349070435877e-06,0.569021614486728,1,0.95,0.0163054358008461,"1","PTOV1"
"HSDL2",1.54404912611206e-06,0.543539652465854,0.955,0.734,0.0163113349682478,"1","HSDL2"
"BAZ1A",1.5542838760485e-06,0.359087033968329,1,0.945,0.0164194548665764,"1","BAZ1A"
"ACACB",1.56574485310479e-06,0.276597773521715,0.841,0.56,0.016540528628199,"1","ACACB"
"PRKD2",1.57395404265515e-06,0.609640158734623,0.943,0.651,0.016627250506609,"1","PRKD2"
"PRKDC",1.57635217390428e-06,0.338153010943619,0.989,0.904,0.0166525843651248,"1","PRKDC"
"VIRMA",1.57740338901924e-06,0.44580414695793,1,0.881,0.0166636894015992,"1","VIRMA"
"CDV3",1.59991268344761e-06,0.58886336317212,1,0.959,0.0169014775879406,"1","CDV3"
"BMPR2",1.60469515564365e-06,0.495203099849594,1,0.899,0.0169519996242196,"1","BMPR2"
"MMADHC",1.61094780670723e-06,0.373891141610313,1,0.95,0.0170180526300552,"1","MMADHC"
"NAA20",1.61183635460915e-06,0.316425475669591,1,0.995,0.0170274392500911,"1","NAA20"
"AUH",1.61676711041281e-06,0.279091113886904,0.909,0.555,0.0170795277544009,"1","AUH"
"UBTF",1.62820430604782e-06,0.420376395877682,1,0.862,0.0172003502890892,"1","UBTF"
"SETD3",1.62998049368923e-06,0.512256091927637,0.989,0.872,0.017219113935333,"1","SETD3"
"ARMC5",1.63343995418508e-06,0.395494669811499,0.898,0.532,0.0172556596760112,"1","ARMC5"
"MTMR4",1.63503401329201e-06,0.353107042261345,0.977,0.725,0.0172724993164168,"1","MTMR4"
"MAN1A2",1.6506423679008e-06,0.487885371032738,0.977,0.812,0.0174373859745041,"1","MAN1A2"
"SIRT2",1.68243048848105e-06,0.42710892742464,0.989,0.784,0.0177731956803138,"1","SIRT2"
"ZNF618",1.68395015753831e-06,0.310296405717916,0.932,0.583,0.0177892494642347,"1","ZNF618"
"DOHH",1.68619008866777e-06,0.585173267211194,0.977,0.734,0.0178129120966863,"1","DOHH"
"ZNF81",1.6923259056334e-06,0.271501654373396,0.602,0.271,0.0178777308671112,"1","ZNF81"
"PRKRIP1",1.69633399771385e-06,0.336455683652291,0.989,0.775,0.0179200723518491,"1","PRKRIP1"
"STX16",1.71646715130258e-06,0.415727147755081,1,0.936,0.0181327589863605,"1","STX16"
"MPPE1",1.72747225835046e-06,0.492487751505474,0.955,0.702,0.0182490169372143,"1","MPPE1"
"LYSET",1.73277473702882e-06,0.403958928393507,1,0.615,0.0183050323219724,"1","LYSET"
"CBFA2T2",1.73444963924574e-06,0.458686053947148,0.977,0.798,0.018322725988992,"1","CBFA2T2"
"HDDC2",1.76071416002621e-06,0.478891217454627,1,0.862,0.0186001843865169,"1","HDDC2"
"PER2",1.76161766130001e-06,0.466066689599189,0.966,0.853,0.0186097289739733,"1","PER2"
"TSN",1.76292130849021e-06,0.451813296072596,1,0.913,0.0186235007028905,"1","TSN"
"MED16",1.76761089232258e-06,0.46615009961295,1,0.881,0.0186730414664957,"1","MED16"
"TP53RK",1.77864956407703e-06,0.426803362816381,0.977,0.885,0.0187896539949097,"1","TP53RK"
"ARID2",1.78164334441178e-06,0.501835929644641,0.989,0.89,0.018821280290366,"1","ARID2"
"ANGEL2",1.79682355083699e-06,0.45101965117964,0.966,0.775,0.018981643991042,"1","ANGEL2"
"MYL5",1.81872164617403e-06,0.384802558387919,0.977,0.986,0.0192129754701824,"1","MYL5"
"ZRANB3",1.82638858015061e-06,0.304931800344488,0.886,0.546,0.019293968960711,"1","ZRANB3"
"HIPK3",1.82968441819753e-06,0.462770210906579,1,0.936,0.0193287861938387,"1","HIPK3"
"MANBA",1.83105937812122e-06,0.259472372995005,0.898,0.537,0.0193433112704726,"1","MANBA"
"WDR5",1.8329193134381e-06,0.47238359624821,1,0.885,0.0193629596271601,"1","WDR5"
"ARAP1",1.84633641775456e-06,0.338631615995589,0.989,0.693,0.0195046979171591,"1","ARAP1"
"MPHOSPH6",1.86040798788589e-06,0.547036957745762,0.977,0.748,0.0196533499840266,"1","MPHOSPH6"
"EBPL",1.87500315629308e-06,0.318560151369339,0.966,0.761,0.0198075333430801,"1","EBPL"
"DENND4A",1.88484158414326e-06,0.394236848501162,0.955,0.628,0.0199114664948894,"1","DENND4A"
"PRDM2",1.88885868923627e-06,0.398470027411267,0.932,0.679,0.019953903193092,"1","PRDM2"
"MYO5A",1.89012271700761e-06,0.462367766553128,0.977,0.872,0.0199672563824684,"1","MYO5A"
"COX16",1.89776442716116e-06,0.359091300834602,1,0.986,0.0200479834085305,"1","COX16"
"AHSA1",1.90740937733302e-06,0.39382894537844,1,0.922,0.0201498726621461,"1","AHSA1"
"PPP2R5E",1.9095422694182e-06,0.497743866889716,0.989,0.945,0.0201724045341338,"1","PPP2R5E"
"TFB1M",1.91030158935845e-06,0.294450185466886,0.909,0.495,0.0201804259899827,"1","TFB1M"
"PNN",1.92443203061998e-06,0.376973048116031,1,0.963,0.0203296999714695,"1","PNN"
"TMED9",1.93849407259528e-06,0.360923371440604,1,1,0.0204782513828965,"1","TMED9"
"NDUFB3",1.94456810165278e-06,0.46321530016592,0.989,0.959,0.0205424174258599,"1","NDUFB3"
"ZNF398",1.94964158373168e-06,0.440801042029977,0.784,0.463,0.0205960136905414,"1","ZNF398"
"SNUPN",1.96228629900652e-06,0.505153562280083,0.943,0.693,0.0207295924627049,"1","SNUPN"
"PTBP3",1.96433503529825e-06,0.543634748406037,0.966,0.954,0.0207512353128907,"1","PTBP3"
"ZNF627",1.97765188469923e-06,0.64352202622706,0.739,0.404,0.0208919145099626,"1","ZNF627"
"HSBP1L1",1.99098870035108e-06,0.482153370254063,0.955,0.761,0.0210328046305088,"1","HSBP1L1"
"ZMYM3",1.99289153690607e-06,0.327345538036603,0.898,0.624,0.0210529061958757,"1","ZMYM3"
"AHCTF1",1.99312616899761e-06,0.422973577602911,0.966,0.876,0.0210553848492907,"1","AHCTF1"
"ZNF20",1.99356790919758e-06,0.467819980945347,0.636,0.312,0.0210600513927632,"1","ZNF20"
"SS18L1",1.99728512462194e-06,0.391880271622637,0.932,0.665,0.0210993200565062,"1","SS18L1"
"ZNF341",1.99917348897571e-06,0.277287283068856,0.591,0.298,0.0211192687375394,"1","ZNF341"
"GPR39",2.00507275227579e-06,0.487376006412752,0.852,0.477,0.0211815885550415,"1","GPR39"
"ACACA",2.00922554949301e-06,0.264116615022514,0.966,0.794,0.0212254587048442,"1","ACACA"
"GFM1",2.02649441738423e-06,0.445869682709173,0.977,0.826,0.021407887025247,"1","GFM1"
"SLC25A33",2.02997393494719e-06,0.250029484891781,0.92,0.537,0.0214446446487822,"1","SLC25A33"
"SNX29",2.03897772799166e-06,0.272558903032769,0.932,0.638,0.0215397607185039,"1","SNX29"
"CTSK",2.04145451343507e-06,0.635073072717018,0.591,0.271,0.0215659254799281,"1","CTSK"
"DIPK1B",2.04214031840344e-06,1.45493014978299,0.716,0.454,0.0215731703236139,"1","DIPK1B"
"SLC19A1",2.05154270283003e-06,0.374937733788226,0.955,0.72,0.0216724971126965,"1","SLC19A1"
"GSTCD",2.05999710423121e-06,0.342308499322856,0.943,0.578,0.0217618094090986,"1","GSTCD"
"NAA16",2.07167461252489e-06,0.64592662997594,0.92,0.679,0.0218851706067129,"1","NAA16"
"C15orf61",2.08556989433895e-06,0.443199601981632,0.977,0.766,0.0220319603637966,"1","C15orf61"
"PCYT1A",2.08716242755536e-06,0.480644852743056,1,0.904,0.0220487838846948,"1","PCYT1A"
"NMI",2.10179578385983e-06,0.548477044909855,0.932,0.642,0.0222033706606952,"1","NMI"
"LMAN1",2.11464392552152e-06,0.316309636839909,0.989,0.83,0.0223390984292093,"1","LMAN1"
"USP28",2.11507608183226e-06,0.333039412590657,0.841,0.523,0.022343663728476,"1","USP28"
"CSRP1",2.12480360772815e-06,0.401406942794105,1,0.991,0.0224464253120402,"1","CSRP1"
"ATP6V1G1",2.12480881467414e-06,0.294388924647733,1,1,0.0224464803182176,"1","ATP6V1G1"
"KIF21A",2.12746058614321e-06,0.56250556598144,0.955,0.794,0.0224744936320169,"1","KIF21A"
"B3GALT9",2.12772844365716e-06,0.354629398544155,0.92,0.706,0.0224773232787943,"1","B3GALT9"
"IRF7",2.12859323012182e-06,0.426174763636808,0.989,0.743,0.0224864588830069,"1","IRF7"
"BIRC6",2.13689886541246e-06,0.28093711508706,0.989,0.936,0.0225741996142172,"1","BIRC6"
"SENP5",2.15408704407061e-06,0.540885803076882,1,0.954,0.0227557755335619,"1","SENP5"
"TAMM41",2.15477862175462e-06,0.358472311651467,0.886,0.541,0.0227630813602158,"1","TAMM41"
"ZDHHC5",2.15652413992906e-06,0.427024795574338,1,0.853,0.0227815210142106,"1","ZDHHC5"
"SDHAF1",2.17951625725021e-06,0.269698944787168,0.955,0.596,0.0230244097415913,"1","SDHAF1"
"MXD1",2.18526749296011e-06,0.338146057683284,1,0.881,0.0230851657956306,"1","MXD1"
"TDRD3",2.19319526317818e-06,0.474746194672177,0.841,0.523,0.0231689147602143,"1","TDRD3"
"UBE2H",2.19427403491679e-06,0.368863291929392,0.989,0.803,0.0231803109048609,"1","UBE2H"
"ZDHHC14",2.19939465329055e-06,0.645205359125399,0.602,0.317,0.0232344051173614,"1","ZDHHC14"
"SSNA1",2.21559822954909e-06,0.46652439549578,1,0.954,0.0234055796969566,"1","SSNA1"
"OTUD7B",2.2452426733377e-06,0.460179573072445,0.977,0.752,0.0237187436011395,"1","OTUD7B"
"SETDB1",2.26080012888374e-06,0.516634890398815,0.955,0.725,0.0238830925615279,"1","SETDB1"
"CDK5",2.27951226117185e-06,0.282850323524527,0.977,0.633,0.0240807675270194,"1","CDK5"
"CNIH4",2.27970501298635e-06,0.283118326816969,1,0.991,0.0240828037571879,"1","CNIH4"
"NMD3",2.28128764190316e-06,0.333459394026661,1,0.885,0.024099522649065,"1","NMD3"
"XPO4",2.28977564908917e-06,0.469704081572732,0.92,0.711,0.0241891899569779,"1","XPO4"
"LEAP2",2.30876696738491e-06,0.720210421186248,0.534,0.243,0.0243898142434542,"1","LEAP2"
"CEP120",2.31961700425387e-06,0.317869057776796,0.932,0.546,0.0245044340329379,"1","CEP120"
"ZNF844",2.33450617814768e-06,0.272680781209774,0.898,0.541,0.0246617232659521,"1","ZNF844"
"KLHL12",2.35125203462694e-06,0.472946748849695,0.966,0.771,0.024838626493799,"1","KLHL12"
"ZBTB8A",2.36107637840988e-06,0.290203660716348,0.943,0.706,0.0249424108615219,"1","ZBTB8A"
"STK11IP",2.36563228472875e-06,0.276991003138854,0.989,0.583,0.0249905394558745,"1","STK11IP"
"SPHK1",2.37856699292216e-06,0.255690364047151,0.932,0.651,0.0251271817132297,"1","SPHK1"
"SLC52A1",2.38625318105257e-06,0.839419978434315,0.398,0.165,0.0252083786046393,"1","SLC52A1"
"FAHD2B",2.39368012033836e-06,0.423469078828286,0.943,0.578,0.0252868367912544,"1","FAHD2B"
"SCAMP2",2.42801680983007e-06,0.390285177342029,1,0.968,0.0256495695790449,"1","SCAMP2"
"CARNMT1",2.43304963420954e-06,0.484827988444337,0.864,0.587,0.0257027363357896,"1","CARNMT1"
"ZNF7991",2.436530423644e-06,0.313958777807252,0.58,0.257,0.0257395073953752,"1","ZNF799"
"ZNF524",2.45265611287238e-06,0.304496888326084,0.886,0.541,0.0259098591763838,"1","ZNF524"
"SH2D4A",2.46522402291838e-06,0.503833941462017,0.92,0.624,0.0260426265781097,"1","SH2D4A"
"TRAF4",2.47719838863958e-06,0.353167106304107,1,0.936,0.0261691237775885,"1","TRAF4"
"PMM2",2.492429765244e-06,0.31309936975382,1,0.922,0.0263300280400376,"1","PMM2"
"SIX5",2.5312983575887e-06,0.403537435281353,0.716,0.353,0.026740635849567,"1","SIX5"
"MXD3",2.53221624069155e-06,0.328093515279814,0.989,0.972,0.0267503323666656,"1","MXD3"
"ABCA5",2.54103375652015e-06,0.630271676557615,0.875,0.592,0.0268434806038789,"1","ABCA5"
"ETNK1",2.55031504514669e-06,0.378146253258596,0.989,0.991,0.0269415281369296,"1","ETNK1"
"PIERCE1",2.56094073058932e-06,0.325738255383259,0.875,0.514,0.0270537778779456,"1","PIERCE1"
"USP42",2.56097455730853e-06,0.390946160603523,0.955,0.729,0.0270541352234073,"1","USP42"
"SDHC",2.56802354559049e-06,0.370261695209543,1,0.972,0.027128600735618,"1","SDHC"
"PUDP",2.57097973510589e-06,0.317530218979219,0.83,0.454,0.0271598299216587,"1","PUDP"
"ZNF274",2.58839752720341e-06,0.509597391082663,1,0.853,0.0273438314773768,"1","ZNF274"
"PARP11",2.61943591439717e-06,0.311747253463716,0.591,0.275,0.0276717209996917,"1","PARP11"
"SF3B4",2.62231535441693e-06,0.372943800690621,1,0.968,0.0277021394040604,"1","SF3B4"
"ZNF75A",2.6279948501795e-06,0.537540285435378,0.977,0.867,0.0277621375972963,"1","ZNF75A"
"EMSY",2.64171569175353e-06,0.351856255277301,0.989,0.789,0.0279070845676843,"1","EMSY"
"RAB3GAP2",2.65337518001729e-06,0.459679004799968,1,0.917,0.0280302554017027,"1","RAB3GAP2"
"NECTIN2",2.65934410470514e-06,0.423907207263613,1,0.972,0.0280933111221051,"1","NECTIN2"
"ARFGEF2",2.69618748838241e-06,0.283867032652449,1,0.959,0.0284825246272717,"1","ARFGEF2"
"ANKRD36B",2.73417523000141e-06,0.325243673435396,0.955,0.739,0.0288838271297349,"1","ANKRD36B"
"ARID4B",2.73486623703079e-06,0.288940127667622,1,0.995,0.0288911269279932,"1","ARID4B"
"C2orf811",2.73701628050738e-06,0.387351611559895,0.534,0.257,0.0289138399872799,"1","C2orf81"
"DDX56",2.7515728151517e-06,0.446862095431038,1,0.876,0.0290676152192626,"1","DDX56"
"RTEL1",2.76856564696004e-06,0.384233345785595,0.943,0.647,0.0292471274944859,"1","RTEL1"
"MYNN",2.76896402229276e-06,0.48185642808667,0.966,0.807,0.0292513359315008,"1","MYNN"
"SLC25A35",2.77003767368278e-06,0.376727819302976,0.955,0.789,0.0292626779847849,"1","SLC25A35"
"RHOQ",2.78188057878381e-06,0.520981874261236,0.966,0.817,0.0293877864342722,"1","RHOQ"
"C3orf52",2.78472861636736e-06,0.409881467417404,0.818,0.45,0.0294178731033048,"1","C3orf52"
"LAS1L",2.80174784483833e-06,0.427232279808589,0.955,0.775,0.0295976642328721,"1","LAS1L"
"TCOF1",2.81417455028077e-06,0.484988511252894,0.989,0.835,0.029728939949166,"1","TCOF1"
"ITPR3",2.82878732327241e-06,0.44849250569027,1,0.936,0.0298833092830497,"1","ITPR3"
"EARS2",2.88441158824426e-06,0.256443813187478,0.92,0.537,0.0304709240182124,"1","EARS2"
"RFX5",2.91485028891536e-06,0.36011497425954,0.943,0.642,0.0307924784521019,"1","RFX5"
"BABAM2",2.92561455794704e-06,0.368916673899569,0.977,0.72,0.0309061921901526,"1","BABAM2"
"GPBP1",2.93209824087093e-06,0.38555511421287,1,0.982,0.0309746858165605,"1","GPBP1"
"FANCC",2.96518534548262e-06,0.386836649558631,0.909,0.706,0.0313242179896784,"1","FANCC"
"USP39",2.97283805283932e-06,0.426693817503656,0.989,0.972,0.0314050611901946,"1","USP39"
"URGCP-MRPS24",2.97591299580624e-06,0.423649977474453,0.977,0.862,0.0314375448876971,"1","URGCP-MRPS24"
"NUFIP1",2.98306703361284e-06,0.419581432425013,0.943,0.638,0.031513120143086,"1","NUFIP1"
"P4HA2",3.02257961437569e-06,0.557169000702068,0.989,0.83,0.0319305310462648,"1","P4HA2"
"CDR2",3.02847288424779e-06,0.483884814168808,0.955,0.651,0.0319927875491937,"1","CDR2"
"RGS19",3.03910543064667e-06,0.432555349069577,0.943,0.656,0.0321051097693514,"1","RGS19"
"RBM4B",3.05037558101517e-06,0.472651696117678,0.955,0.798,0.0322241676378443,"1","RBM4B"
"ZMYND11",3.05598588723477e-06,0.413349876553154,0.966,0.862,0.0322834349127481,"1","ZMYND11"
"CSRNP2",3.05820988222294e-06,0.367576439306282,0.83,0.505,0.0323069291958031,"1","CSRNP2"
"SOCS2",3.05821384283256e-06,0.266560568542655,0.955,0.546,0.0323069710356831,"1","SOCS2"
"SNAPC5",3.07729230741849e-06,0.468279035064119,1,0.849,0.0325085159355689,"1","SNAPC5"
"SIN3A",3.08845409069392e-06,0.472969807414599,0.977,0.913,0.0326264290140905,"1","SIN3A"
"RBBP6",3.09888866034669e-06,0.422297343772591,0.989,0.963,0.0327366598079024,"1","RBBP6"
"IFT88",3.10133608016905e-06,0.326980452000813,0.852,0.55,0.0327625143509058,"1","IFT88"
"NIT1",3.12233414323515e-06,0.457765063469825,0.989,0.913,0.0329843378891361,"1","NIT1"
"MRPL53",3.14266961587428e-06,0.387979583354619,1,0.968,0.0331991618220959,"1","MRPL53"
"COG7",3.15422397001441e-06,0.478203582143555,0.977,0.757,0.0333212220192323,"1","COG7"
"NPIPA1",3.16568546909757e-06,0.490609227342484,0.898,0.583,0.0334423012955467,"1","NPIPA1"
"ENOSF1",3.17047308295848e-06,0.386949954065327,0.989,0.876,0.0334928776483734,"1","ENOSF1"
"NOL11",3.1888554408166e-06,0.349941931457142,0.989,0.789,0.0336870688767865,"1","NOL11"
"SMIM14",3.19571818541142e-06,0.528475531772897,1,0.899,0.0337595669106863,"1","SMIM14"
"CCNT2",3.20134436937458e-06,0.328634772831924,0.989,0.803,0.0338190019180731,"1","CCNT2"
"MARCKSL1",3.23249112277324e-06,0.38198289942782,0.989,0.913,0.0341480362209765,"1","MARCKSL1"
"PHGDH",3.24844426757842e-06,0.46291473398022,0.92,0.619,0.0343165652426984,"1","PHGDH"
"CA12",3.27835573976643e-06,0.466029982908592,0.955,0.83,0.0346325500348925,"1","CA12"
"XPO6",3.28517452197197e-06,0.299426485241749,0.989,0.83,0.0347045836501119,"1","XPO6"
"TLE3",3.29401327903156e-06,0.463959035939655,1,0.927,0.0347979562796894,"1","TLE3"
"SH2B1",3.31794043262335e-06,0.350397324136904,0.966,0.679,0.035050722730233,"1","SH2B1"
"EXTL3",3.36417089918939e-06,0.448593287336996,0.864,0.431,0.0355391013790367,"1","EXTL3"
"BRPF3",3.3880048457835e-06,0.382144426172823,0.977,0.674,0.0357908831908569,"1","BRPF3"
"ENTPD1",3.39971019092111e-06,0.356317600711991,0.591,0.28,0.0359145384568906,"1","ENTPD1"
"CXXC1",3.40774939311395e-06,0.427650529724113,0.943,0.638,0.0359994645888557,"1","CXXC1"
"NINJ1",3.4205406720389e-06,0.345594149853245,1,0.89,0.0361345916594189,"1","NINJ1"
"KIF3A",3.42056600088902e-06,0.363228429249114,0.966,0.739,0.0361348592333917,"1","KIF3A"
"MGRN1",3.43244603140391e-06,0.390228157896342,0.977,0.789,0.0362603598757509,"1","MGRN1"
"FBXO25",3.43788051870852e-06,0.252317735133529,0.989,0.72,0.0363177697996369,"1","FBXO25"
"HECTD4",3.46205599566218e-06,0.458542937008053,0.966,0.862,0.0365731595381753,"1","HECTD4"
"SP110",3.4851815060577e-06,0.357424787153652,0.898,0.601,0.0368174574299935,"1","SP110"
"ZNF689",3.49584608128062e-06,0.291307403542367,0.818,0.44,0.0369301180026484,"1","ZNF689"
"RABL6",3.49830566759302e-06,0.42803028557451,1,0.862,0.0369561010724526,"1","RABL6"
"RAD50",3.5018868356218e-06,0.420826140305473,1,0.867,0.0369939325315087,"1","RAD50"
"NFS1",3.5024855331578e-06,0.513402706461541,0.989,0.858,0.0370002571722789,"1","NFS1"
"METTL3",3.5327725766976e-06,0.440603031312016,0.977,0.835,0.0373202095002334,"1","METTL3"
"RTEL1-TNFRSF6B",3.55456908951446e-06,0.385277022041685,0.932,0.697,0.0375504678616307,"1","RTEL1-TNFRSF6B"
"ACVR1",3.58068350925222e-06,0.434119406072765,0.875,0.56,0.0378263405917405,"1","ACVR1"
"ELF4",3.60348830530377e-06,0.357753167972183,0.852,0.578,0.038067250457229,"1","ELF4"
"NUCKS1",3.609406132421e-06,0.503822853611782,1,1,0.0381297663828954,"1","NUCKS1"
"PET117",3.61877737575789e-06,0.417815917968074,0.977,0.826,0.0382287641975063,"1","PET117"
"EML4",3.62129278941303e-06,0.501908476280288,1,0.904,0.0382553370273593,"1","EML4"
"SPATA2",3.65496009524513e-06,0.330735835302715,0.966,0.725,0.0386109984461696,"1","SPATA2"
"CNST",3.65683503411596e-06,0.389601765502294,0.932,0.661,0.038630805300401,"1","CNST"
"HGSNAT",3.66748850555432e-06,0.412403949542586,0.977,0.867,0.0387433485726758,"1","HGSNAT"
"ZSCAN18",3.66805200546771e-06,0.607323616005838,0.955,0.794,0.0387493013857609,"1","ZSCAN18"
"SPATA33",3.6927190718572e-06,0.509915663496227,0.886,0.596,0.0390098842750994,"1","SPATA33"
"BPNT2",3.69559535262631e-06,0.31263090374251,0.989,0.775,0.0390402693051444,"1","BPNT2"
"FYTTD1",3.74624465404594e-06,0.380259904575194,1,0.899,0.0395753285253413,"1","FYTTD1"
"AP4E1",3.76160659865121e-06,0.383786734917263,0.92,0.587,0.0397376121081514,"1","AP4E1"
"ARHGEF26",3.76960126535764e-06,0.276764196798552,0.807,0.486,0.0398220677672381,"1","ARHGEF26"
"H2BC21",3.77535453055522e-06,0.273399980197151,0.909,0.656,0.0398828452607853,"1","H2BC21"
"SNRPB",3.78776469300846e-06,0.303352554506532,1,1,0.0400139462169413,"1","SNRPB"
"GALK2",3.85386371815066e-06,0.298790367701971,0.909,0.569,0.0407122163185436,"1","GALK2"
"TBL1X",3.85849671569183e-06,0.26928669971241,0.989,0.803,0.0407611593045685,"1","TBL1X"
"ACAT2",3.9062750123442e-06,0.453163947747403,0.989,0.908,0.0412658892304041,"1","ACAT2"
"PIGN",4.02160551371544e-06,0.640614568695147,0.864,0.454,0.0424842406468899,"1","PIGN"
"GTF2F1",4.02526991849506e-06,0.404391956663422,1,0.936,0.0425229514189818,"1","GTF2F1"
"GLI3",4.02712805480654e-06,0.454977413146276,0.955,0.647,0.0425425807709763,"1","GLI3"
"INTS2",4.0345915202078e-06,0.292565096335812,0.886,0.546,0.0426214248194752,"1","INTS2"
"UNC50",4.04391575403729e-06,0.365414011787712,0.989,0.807,0.0427199260256499,"1","UNC50"
"PROSER1",4.0623484283131e-06,0.339458864307503,0.966,0.661,0.0429146487966996,"1","PROSER1"
"ISY1",4.09265967316053e-06,0.406516289518521,0.989,0.876,0.0432348567872678,"1","ISY1"
"EIF2B5",4.12250317904927e-06,0.3574078653721,1,0.858,0.0435501235834765,"1","EIF2B5"
"APOLTP",4.16973945149834e-06,0.679194439527441,0.443,0.183,0.0440491275656285,"1","APOLTP"
"ZBED6",4.22491967588812e-06,0.48922351105608,1,0.945,0.0446320514560821,"1","ZBED6"
"LRP5",4.24437228119245e-06,0.424407115655608,0.966,0.752,0.0448375487785171,"1","LRP5"
"SNX30",4.24700689594104e-06,0.390191108928318,0.83,0.532,0.0448653808487212,"1","SNX30"
"ARK2N",4.26169282619071e-06,0.264947648731823,0.955,0.656,0.0450205230158787,"1","ARK2N"
"NAA60",4.26495563177198e-06,0.432251816204682,1,0.688,0.0450549912940392,"1","NAA60"
"PTGES3",4.31548248736036e-06,0.327919747863358,1,1,0.0455887569964748,"1","PTGES3"
"ATF3",4.3192656800084e-06,0.440262450721078,0.977,0.821,0.0456287226436087,"1","ATF3"
"ZC3H13",4.32971344244137e-06,0.424584315471028,0.989,0.908,0.0457390928059507,"1","ZC3H13"
"PARD3",4.3718537299231e-06,0.417028324764027,0.989,0.881,0.0461842628029077,"1","PARD3"
"M6PR",4.41952319230055e-06,0.439481749118339,1,0.904,0.046687843003463,"1","M6PR"
"TRAPPC2",4.4329797106446e-06,0.33601603501512,1,0.95,0.0468299976632496,"1","TRAPPC2"
"PSMB2",4.43465392963027e-06,0.370202579124477,1,0.968,0.0468476841126142,"1","PSMB2"
"ITGAV",4.47820807414345e-06,0.326418572527765,0.977,0.826,0.0473077900952514,"1","ITGAV"
"UQCRFS1",4.49628471055341e-06,0.328830451561476,1,0.995,0.0474987516822862,"1","UQCRFS1"
"SLC25A17",4.49745524822021e-06,0.322519831380679,0.932,0.606,0.0475111172421983,"1","SLC25A17"
"MTCP1",4.50533923945784e-06,0.331156689271487,0.852,0.468,0.0475944037256326,"1","MTCP1"
"OTUD6B",4.50980539823398e-06,0.409254679174482,0.92,0.656,0.0476415842269438,"1","OTUD6B"
"AP4S1",4.55725537906737e-06,0.332808449424237,0.886,0.578,0.0481428458244677,"1","AP4S1"
"ALKBH6",4.57682500298873e-06,0.353113560647401,0.977,0.849,0.0483495793315729,"1","ALKBH6"
"TXNRD1",4.57918660257128e-06,0.447382278647194,0.977,0.927,0.048374527269563,"1","TXNRD1"
"DCP1B",4.58182845419763e-06,0.258654906234594,0.807,0.422,0.0484024357901438,"1","DCP1B"
"ARID3A",4.58824968108118e-06,0.454939643115839,0.932,0.651,0.0484702696309416,"1","ARID3A"
"SMC2",4.59407510455812e-06,0.25957152744788,1,0.743,0.0485318094045519,"1","SMC2"
"NOMO1",4.59762033577782e-06,0.31670414451981,0.966,0.734,0.0485692612271569,"1","NOMO1"
"RNF40",4.59790384566006e-06,0.366458880837176,0.989,0.876,0.0485722562255528,"1","RNF40"
"GMPPA",4.61982296040553e-06,0.365617017375233,0.989,0.716,0.048803809753724,"1","GMPPA"
"MKS1",4.64241699860146e-06,0.373420597857351,0.875,0.523,0.0490424931732258,"1","MKS1"
"NSD1",4.64377807141148e-06,0.384452005927813,1,0.922,0.0490568715463908,"1","NSD1"
"ZNF124",4.66114368125048e-06,0.313871908712216,0.75,0.39,0.0492403218487301,"1","ZNF124"
"SWT1",4.66165612778013e-06,0.45761867600525,0.648,0.303,0.0492457353338693,"1","SWT1"
"RAB40B",4.70367803906413e-06,0.420350877758601,0.818,0.468,0.0496896548046735,"1","RAB40B"
"GSPT1",4.71461400852746e-06,0.381103391554399,1,0.954,0.0498051823860841,"1","GSPT1"
"ZNF571",4.72277985830161e-06,0.914753567117204,0.5,0.229,0.0498914464230982,"1","ZNF571"
"BICRA",4.79221291316279e-06,0.451031301283238,0.727,0.417,0.0506249372146517,"1","BICRA"
"IRGQ",4.80984768791437e-06,0.316562822923902,0.955,0.638,0.0508112309751274,"1","IRGQ"
"ACAD11",4.84339629625019e-06,0.504711833178053,0.864,0.592,0.051165638473587,"1","ACAD11"
"COX6B1",4.87989779718312e-06,0.451283283325223,1,1,0.0515512403294425,"1","COX6B1"
"EIF2B4",4.89857530117099e-06,0.343707013156096,0.977,0.798,0.0517485494815704,"1","EIF2B4"
"ZNF180",4.90505763539595e-06,0.58278186181511,0.807,0.5,0.0518170288603228,"1","ZNF180"
"LAP3",4.93066336626491e-06,0.412629010390122,0.989,0.885,0.0520875278012225,"1","LAP3"
"SHISA4",4.94405604967163e-06,0.445759270483078,0.966,0.633,0.0522290081087311,"1","SHISA4"
"RC3H1",4.98019282613171e-06,0.398952147794496,1,0.972,0.0526107570152554,"1","RC3H1"
"RUBCN",5.07207514344188e-06,0.470471518818788,1,0.917,0.05358140181532,"1","RUBCN"
"CDON",5.08976761093294e-06,0.425788302541942,0.682,0.349,0.0537683050418956,"1","CDON"
"AIFM2",5.10742459214342e-06,0.469475013846276,0.989,0.748,0.0539548333914031,"1","AIFM2"
"ZFYVE16",5.1845096624703e-06,0.330028217825555,0.989,0.839,0.0547691600743363,"1","ZFYVE16"
"GDPGP1",5.18797603876742e-06,0.409663239212852,1,0.995,0.054805778873539,"1","GDPGP1"
"CNBP",5.25892372782444e-06,0.251142469138204,1,0.995,0.0555552702607374,"1","CNBP"
"NEK9",5.26538336664828e-06,0.417758367103327,0.989,0.835,0.0556235098852724,"1","NEK9"
"EDC3",5.33879737218967e-06,0.337119822734151,0.966,0.798,0.0563990554398117,"1","EDC3"
"INSIG2",5.34453993639161e-06,0.363324386117704,0.955,0.679,0.056459719888041,"1","INSIG2"
"ZBTB21",5.38518883530514e-06,0.304859289205826,0.977,0.661,0.0568891348561635,"1","ZBTB21"
"THOP1",5.43165615796148e-06,0.533775495140364,0.989,0.803,0.0573800156527051,"1","THOP1"
"TCEANC",5.46815404423029e-06,0.630137412053622,0.489,0.243,0.0577655793232488,"1","TCEANC"
"NDUFB10",5.47713627541135e-06,0.318856743417868,1,0.977,0.0578604676134455,"1","NDUFB10"
"TMEM87B",5.49161958796063e-06,0.298477460191847,0.989,0.812,0.0580134693272161,"1","TMEM87B"
"ZNF726",5.51546925953161e-06,0.274259860512142,0.693,0.335,0.058265417257692,"1","ZNF726"
"MTA3",5.56550131447509e-06,0.340796959155539,0.966,0.794,0.0587939558861148,"1","MTA3"
"MRPS7",5.58971983188883e-06,0.295468060762878,1,0.982,0.0590498003040736,"1","MRPS7"
"RAP2C",5.59642674824445e-06,0.337075756313316,0.966,0.826,0.0591206521684544,"1","RAP2C"
"C6orf132",5.6567622406245e-06,0.325829923305121,0.966,0.761,0.0597580363099572,"1","C6orf132"
"CHMP2B",5.66393899892326e-06,0.343277398646777,1,0.954,0.0598338515846253,"1","CHMP2B"
"SGPL1",5.70084383921809e-06,0.421036939816399,1,0.945,0.0602237143175,"1","SGPL1"
"AUNIP",5.74473236292228e-06,0.498679412250538,0.92,0.638,0.0606873526819109,"1","AUNIP"
"TRIM59-IFT80",5.78230464087781e-06,0.699222462234752,0.909,0.633,0.0610842662262332,"1","TRIM59-IFT80"
"SLC25A23",5.79360717911648e-06,0.321621431417433,0.886,0.56,0.0612036662401865,"1","SLC25A23"
"AURKAIP1",5.82117507064162e-06,0.337248050247679,1,0.977,0.061494893446258,"1","AURKAIP1"
"PI4KA",5.86629563548158e-06,0.414401458825703,1,0.885,0.0619715470932274,"1","PI4KA"
"CPE",5.87281172959031e-06,0.522750516510231,0.943,0.716,0.062040383111392,"1","CPE"
"MAP4K3",5.88278094015848e-06,0.374158439562122,0.932,0.683,0.0621456978518342,"1","MAP4K3"
"RAB6A",5.94063533521094e-06,0.374089303592549,1,0.991,0.0627568716811684,"1","RAB6A"
"NIFK",5.94111676543996e-06,0.30608353637664,0.977,0.858,0.0627619575101077,"1","NIFK"
"KRT8",5.9809025787505e-06,0.392647349680894,0.989,1,0.0631822548419203,"1","KRT8"
"CFAP36",6.01275342804186e-06,0.542493019244593,1,0.872,0.0635187272138342,"1","CFAP36"
"ZDHHC9",6.04506034340702e-06,0.441927783155579,0.966,0.784,0.0638600174677517,"1","ZDHHC9"
"SLC20A2",6.0822301892749e-06,0.309018308730362,0.989,0.908,0.0642526797195,"1","SLC20A2"
"RAPGEF1",6.08689718939459e-06,0.352943488323318,0.977,0.812,0.0643019819087645,"1","RAPGEF1"
"ZNF668",6.15392311442697e-06,0.575153931301731,0.864,0.537,0.0650100437808065,"1","ZNF668"
"COA4",6.15902788170253e-06,0.290367123133045,0.989,0.94,0.0650639705423055,"1","COA4"
"GANC",6.17672142988468e-06,0.388752600199337,0.977,0.936,0.0652508851853018,"1","GANC"
"MTA1",6.17729201968231e-06,0.362253924078884,0.977,0.881,0.0652569128959239,"1","MTA1"
"RABEPK",6.17769134492185e-06,0.407023540025651,0.932,0.711,0.0652611313677545,"1","RABEPK"
"AP3D1",6.22718382925491e-06,0.40503143271345,1,0.968,0.0657839699722489,"1","AP3D1"
"PER3",6.23224253937238e-06,0.356246156357331,0.92,0.615,0.0658374101859298,"1","PER3"
"XRN1",6.32765742780705e-06,0.446147584778318,0.943,0.881,0.0668453730673537,"1","XRN1"
"RHNO1",6.38237455174995e-06,0.359389700403532,1,0.839,0.0674234047646864,"1","RHNO1"
"SLC30A6",6.40394915008002e-06,0.500058698886405,0.898,0.569,0.0676513188214454,"1","SLC30A6"
"E4F1",6.46206260590532e-06,0.401292608167434,0.977,0.674,0.0682652293687838,"1","E4F1"
"CDK2AP1",6.47300170464327e-06,0.421632332731503,1,0.922,0.0683807900078515,"1","CDK2AP1"
"TCF20",6.52400560241517e-06,0.34431609139712,0.852,0.601,0.0689195951839139,"1","TCF20"
"FBRS",6.53698793096069e-06,0.333478937763083,0.966,0.725,0.0690567405026687,"1","FBRS"
"SNRPD3",6.57231125500424e-06,0.327551304787211,1,0.977,0.0694298960978648,"1","SNRPD3"
"SOX9",6.59374734057749e-06,0.542639647319993,0.943,0.849,0.0696563469058606,"1","SOX9"
"ING4",6.65339832472966e-06,0.377559789699613,0.989,0.748,0.0702864999024442,"1","ING4"
"ZNF322",6.6843614987544e-06,0.441801084552161,0.795,0.463,0.0706135948728415,"1","ZNF322"
"CEBPZ",6.70619074849554e-06,0.363219902125262,1,0.977,0.0708441990671069,"1","CEBPZ"
"UTP6",6.74867302330462e-06,0.354190261833429,0.989,0.839,0.07129298181819,"1","UTP6"
"KDELR2",6.84297993669425e-06,0.279949289571502,1,0.995,0.072289240051238,"1","KDELR2"
"CNOT8",6.86561109186634e-06,0.403219284183463,1,0.904,0.072528315574476,"1","CNOT8"
"EIF3H",6.8890646744979e-06,0.320792873620277,1,0.995,0.0727760792213958,"1","EIF3H"
"GALNT6",6.94555375546635e-06,0.457716643744563,1,0.83,0.0733728298727465,"1","GALNT6"
"RBIS",6.98206455540529e-06,0.367786697931993,1,0.986,0.0737585299633015,"1","RBIS"
"TRMT6",7.01243352008163e-06,0.339064202817717,0.966,0.853,0.0740793477061423,"1","TRMT6"
"NUDT9",7.01815327319721e-06,0.440409158664885,0.989,0.739,0.0741397711780554,"1","NUDT9"
"SEC11C",7.01815327319721e-06,0.516112708927783,0.966,0.748,0.0741397711780554,"1","SEC11C"
"HSPA14",7.09726604575245e-06,0.444622067811933,1,0.835,0.0749755185073289,"1","HSPA14"
"STX17",7.12534195779213e-06,0.388827709743697,0.989,0.853,0.0752721124421161,"1","STX17"
"KAT14",7.13944092356478e-06,0.3860278596413,0.977,0.807,0.0754210539165383,"1","KAT14"
"CD81",7.16210539852824e-06,0.479128537001498,1,0.872,0.0756604814300523,"1","CD81"
"GLE1",7.16870524963831e-06,0.444954893632083,0.977,0.817,0.0757302022571791,"1","GLE1"
"HNRNPUL2-BSCL2",7.17842454678319e-06,0.439662822736183,0.955,0.789,0.0758328769122176,"1","HNRNPUL2-BSCL2"
"SFXN2",7.27654516596843e-06,0.314221338479062,0.693,0.385,0.0768694231332905,"1","SFXN2"
"TBC1D19",7.2883697774806e-06,0.26469957174794,0.602,0.275,0.076994338329305,"1","TBC1D19"
"CC2D1A",7.31128940789638e-06,0.315630621766848,0.943,0.67,0.0772364613050174,"1","CC2D1A"
"SELENOI",7.32448274121111e-06,0.451662831204478,0.955,0.697,0.0773758356781542,"1","SELENOI"
"TOMM40",7.35390766259947e-06,0.433636197886975,0.989,0.894,0.0776866805477008,"1","TOMM40"
"COQ5",7.36020282166017e-06,0.284889426374114,0.966,0.761,0.077753182608018,"1","COQ5"
"TKT",7.36459328387618e-06,0.388986475046819,1,0.959,0.0777995634508679,"1","TKT"
"AMMECR1",7.39405759242473e-06,0.260287967477379,0.875,0.537,0.0781108244063748,"1","AMMECR1"
"ITPRIPL2",7.41216572164305e-06,0.459748009172113,0.977,0.885,0.0783021186834372,"1","ITPRIPL2"
"ZSCAN31",7.43963679927795e-06,0.36206031130292,0.432,0.17,0.0785923231475723,"1","ZSCAN31"
"SLC25A36",7.44052559187303e-06,0.400194444740309,0.977,0.913,0.0786017123525466,"1","SLC25A36"
"PDXK",7.4904593865277e-06,0.365555359015687,0.989,0.908,0.0791292129592787,"1","PDXK"
"DHX57",7.52432351247556e-06,0.470541792296077,0.955,0.697,0.0794869535857918,"1","DHX57"
"ZBTB8OS",7.52497918332651e-06,0.438522431022376,0.989,0.922,0.0794938800926612,"1","ZBTB8OS"
"MAK16",7.56197898765798e-06,0.337141352651769,0.966,0.661,0.0798847460256189,"1","MAK16"
"DBR1",7.62995131320388e-06,0.401199449224183,0.943,0.683,0.0806028056726857,"1","DBR1"
"MAF1",7.6680260081563e-06,0.366230450271864,1,0.991,0.0810050267501632,"1","MAF1"
"UBALD2",7.74409286830036e-06,0.266988618388211,0.875,0.505,0.081808597060725,"1","UBALD2"
"COMMD2",7.74853677953935e-06,0.423380832765184,1,0.908,0.0818555425390537,"1","COMMD2"
"ASXL2",7.75371893757537e-06,0.306964084773192,0.955,0.683,0.0819102868565462,"1","ASXL2"
"ATP8B2",7.7664204869432e-06,0.760439208734756,0.466,0.234,0.082044466024068,"1","ATP8B2"
"PIP5K1C",7.89213385132825e-06,0.301826116447666,0.966,0.725,0.0833725020054317,"1","PIP5K1C"
"PRCC",7.90854191223822e-06,0.449119930494454,0.989,0.917,0.0835458367608846,"1","PRCC"
"ACLY",7.92730501730787e-06,0.418665053080426,1,0.968,0.0837440502028404,"1","ACLY"
"CKAP4",7.92730501730787e-06,0.471000031980071,1,0.968,0.0837440502028404,"1","CKAP4"
"SNRPA",7.98354682784996e-06,0.41163703365787,1,0.881,0.084338188689407,"1","SNRPA"
"PHF23",7.99723365685345e-06,0.350658444070858,0.943,0.633,0.0844827763509999,"1","PHF23"
"CRB2",8.18638104127523e-06,0.749078633035822,0.443,0.174,0.0864809293200315,"1","CRB2"
"ASB7",8.30298531506735e-06,0.327425680987361,0.932,0.683,0.0877127368683714,"1","ASB7"
"NOL12",8.32697030439533e-06,0.367356234747419,0.955,0.628,0.0879661142956323,"1","NOL12"
"PCNX3",8.32697030439533e-06,0.598151612045548,0.864,0.665,0.0879661142956323,"1","PCNX3"
"ASAP2",8.44983726588922e-06,0.402007553799577,1,0.908,0.0892640808768537,"1","ASAP2"
"FAM209A",8.46337628468419e-06,0.423696882813644,0.955,0.89,0.0894071070714038,"1","FAM209A"
"CCDC85C",8.47679855575656e-06,0.441558520037757,0.977,0.89,0.0895488999430123,"1","CCDC85C"
"TTI1",8.54901359659266e-06,0.358445244243462,0.977,0.706,0.0903117796344048,"1","TTI1"
"ZNF496",8.56910883273443e-06,0.441161025064217,1,0.803,0.0905240657090065,"1","ZNF496"
"NAXD",8.58267842018812e-06,0.46179280475782,0.943,0.761,0.0906674148308673,"1","NAXD"
"FAM168A",8.58929355307403e-06,0.369562264808398,0.955,0.72,0.090737297094674,"1","FAM168A"
"OPA1",8.61096504101155e-06,0.338175033854297,0.989,0.95,0.0909662346932461,"1","OPA1"
"AFDN",8.62965543624306e-06,0.362686977765236,0.898,0.766,0.0911636800284716,"1","AFDN"
"KPNA4",8.63059654943044e-06,0.358071953227463,0.989,0.894,0.0911736219481831,"1","KPNA4"
"SURF2",8.68740071235941e-06,0.448513346426657,0.989,0.729,0.0917737011253648,"1","SURF2"
"COA6",8.69150087412507e-06,0.354035392682403,1,0.872,0.0918170152342572,"1","COA6"
"DNAJC16",8.71606198526997e-06,0.355804836121332,0.932,0.633,0.092076478812392,"1","DNAJC16"
"UCK2",8.78129258086169e-06,0.408851144694963,0.989,0.789,0.0927655748242229,"1","UCK2"
"LCLAT1",8.84040493231986e-06,0.387817833709272,0.989,0.849,0.093390037705027,"1","LCLAT1"
"FAM174A",8.87343851019295e-06,0.416849630262493,0.955,0.757,0.0937390044216784,"1","FAM174A"
"RAD9B",8.90826400823386e-06,0.614432983447451,0.705,0.404,0.0941069009829825,"1","RAD9B"
"FOXJ3",8.9147970978587e-06,0.428522084758947,0.966,0.927,0.0941759165417793,"1","FOXJ3"
"CTTN",8.99627754114007e-06,0.307269587518161,1,1,0.0950366759446037,"1","CTTN"
"PDHA1",9.05183670174559e-06,0.416144220428412,1,0.95,0.0956236029172404,"1","PDHA1"
"LTB4R",9.06397227806721e-06,0.361971927270063,0.886,0.61,0.095751803145502,"1","LTB4R"
"CENPB",9.09204267407482e-06,0.358662986113707,0.943,0.674,0.0960483388089264,"1","CENPB"
"RNF181",9.17699960178986e-06,0.300392172424603,1,1,0.0969458237933081,"1","RNF181"
"COG5",9.18636806845896e-06,0.426062987385257,1,0.885,0.0970447922752005,"1","COG5"
"NDUFV1",9.23792770590737e-06,0.369104802495452,1,0.986,0.0975894682852054,"1","NDUFV1"
"EIF4A3",9.36048213784346e-06,0.370152462747599,1,0.972,0.0988841333041783,"1","EIF4A3"
"NPC2",9.42002036552481e-06,0.402558427741896,1,0.954,0.0995130951414041,"1","NPC2"
"UPF2",9.4487876616256e-06,0.426401524070102,0.989,0.95,0.0998169928574129,"1","UPF2"
"TYW5",9.52779381968583e-06,0.350072734110941,0.943,0.656,0.100651613911161,"1","TYW5"
"SENP2",9.53331038933136e-06,0.402451238056777,0.966,0.904,0.100709890952897,"1","SENP2"
"STAM2",9.57902556231183e-06,0.430054126108223,0.977,0.844,0.101192826040262,"1","STAM2"
"PNPLA8",9.67010368624344e-06,0.35884449029148,1,0.945,0.102154975341476,"1","PNPLA8"
"TJP2",9.68050849237123e-06,0.319429953201002,0.966,0.807,0.10226489171341,"1","TJP2"
"ASB13",9.69742973699894e-06,0.280189117437821,0.909,0.564,0.102443647741657,"1","ASB13"
"ANKRD10",9.70786719389771e-06,0.441447984544197,0.989,0.986,0.102553909036335,"1","ANKRD10"
"MYD88",9.73603308662696e-06,0.387828665281064,0.989,0.739,0.102851453527127,"1","MYD88"
"AGAP1",9.81815916234474e-06,0.276900645090969,0.955,0.651,0.10371903339101,"1","AGAP1"
"ZBTB10",9.83139952159817e-06,0.502532452455605,0.909,0.716,0.103858904546163,"1","ZBTB10"
"SIDT2",9.86661080282225e-06,0.610415472276256,0.92,0.651,0.104230876521014,"1","SIDT2"
"MRPL12",9.8672437589542e-06,0.371552644212143,1,0.959,0.104237563069592,"1","MRPL12"
"FAN1",1.00155746189934e-05,0.51029683857999,0.886,0.55,0.105804530275046,"1","FAN1"
"LMNB2",1.00237427880234e-05,0.303203068020853,1,0.894,0.105890818812679,"1","LMNB2"
"BCR",1.00857062204085e-05,0.491367621949383,0.898,0.615,0.106545400512395,"1","BCR"
"SLC25A1",1.01302988910756e-05,0.386425605777676,1,0.954,0.107016477485323,"1","SLC25A1"
"C19orf47",1.02260159249301e-05,0.372128808417792,0.943,0.592,0.108027632230962,"1","C19orf47"
"BLVRA",1.0263482545847e-05,0.298103190657123,0.989,0.904,0.108423429614327,"1","BLVRA"
"IL17RE",1.0289554569276e-05,0.396922833127451,0.864,0.56,0.108698854469832,"1","IL17RE"
"METAP1",1.03367165908974e-05,0.340150709119507,0.977,0.817,0.10919707406624,"1","METAP1"
"ARID3B",1.03600502940893e-05,0.301673846958037,0.67,0.362,0.109443571306759,"1","ARID3B"
"BTBD2",1.04020247995162e-05,0.355526747086394,0.943,0.61,0.10988698998209,"1","BTBD2"
"CNOT3",1.04106935738812e-05,0.424795917029075,0.966,0.807,0.109978566914481,"1","CNOT3"
"ADNP",1.05426734244851e-05,0.357715708949913,1,0.991,0.111372802056261,"1","ADNP"
"TMEM185B",1.05812092228152e-05,0.391499678557973,0.977,0.826,0.11177989422982,"1","TMEM185B"
"RBM27",1.0681165129478e-05,0.39621267096631,1,0.968,0.112835828427806,"1","RBM27"
"RFX1",1.06977522338347e-05,0.485544273606887,0.784,0.495,0.11301105459823,"1","RFX1"
"ITSN2",1.07469684209605e-05,0.502446431865129,0.989,0.803,0.113530974399026,"1","ITSN2"
"DPM3",1.0951051931718e-05,0.269425452864702,0.989,0.775,0.115686912606669,"1","DPM3"
"TTC9C",1.10668732284935e-05,0.43691405446099,0.898,0.619,0.116910448785806,"1","TTC9C"
"TAOK1",1.11103728328565e-05,0.408615217563404,1,0.963,0.117369978606296,"1","TAOK1"
"TGS1",1.11161582223573e-05,0.275823516496687,0.977,0.757,0.117431095460983,"1","TGS1"
"SLC26A6",1.11571604384242e-05,0.384082711920602,0.92,0.592,0.117864242871513,"1","SLC26A6"
"QSER1",1.11861465441621e-05,0.431328849326825,0.909,0.651,0.118170452092528,"1","QSER1"
"PIGB",1.1239380882877e-05,0.450298701264491,0.989,0.807,0.118732819646713,"1","PIGB"
"MRPL44",1.12640468803438e-05,0.492350429732157,0.966,0.83,0.118993391243952,"1","MRPL44"
"BRD3OS",1.12713023927569e-05,0.427540795877531,0.977,0.894,0.119070038477084,"1","BRD3OS"
"KCTD13",1.12759615606972e-05,0.401951221121007,0.989,0.706,0.119119257927205,"1","KCTD13"
"TXLNA",1.13294996848534e-05,0.389841283367622,1,0.954,0.119684834670791,"1","TXLNA"
"SLC39A9",1.13334519835639e-05,0.328786158556245,1,1,0.11972658675437,"1","SLC39A9"
"MTCL2",1.1373518296498e-05,0.272694553518707,0.955,0.716,0.120149847284205,"1","MTCL2"
"BMAL1",1.13886432662191e-05,0.532638197284763,0.795,0.578,0.120309627464339,"1","BMAL1"
"DYM",1.14015115622035e-05,0.413360561794406,0.955,0.688,0.120445568143118,"1","DYM"
"AP4M1",1.1625868185039e-05,0.327037124725308,1,0.94,0.122815671506752,"1","AP4M1"
"ARPC5L",1.16345499054926e-05,0.325051017115982,1,0.982,0.122907385201624,"1","ARPC5L"
"GTPBP8",1.16486414039052e-05,0.390630931639237,0.92,0.619,0.123056247790855,"1","GTPBP8"
"SPAG1",1.16657041475676e-05,0.507299931090755,0.966,0.872,0.123236498614904,"1","SPAG1"
"NDUFB4",1.17882207155695e-05,0.420164674569628,0.989,0.991,0.124530763639276,"1","NDUFB4"
"HYPK",1.17882951906623e-05,0.343508905152152,1,0.991,0.124531550394156,"1","HYPK"
"RGL4",1.18416053409565e-05,0.889123218963565,0.42,0.174,0.125094718821864,"1","RGL4"
"TMEM44",1.18647080189493e-05,0.447482851407149,0.932,0.757,0.125338775512181,"1","TMEM44"
"KDM2A",1.19407629812773e-05,0.405703993525001,1,0.959,0.126142220134214,"1","KDM2A"
"GLO1",1.20208225773411e-05,0.310442070661624,0.989,0.972,0.126987969707031,"1","GLO1"
"BCL2L2-PABPN1",1.20352418377934e-05,0.393895093028411,0.989,0.89,0.127140294774449,"1","BCL2L2-PABPN1"
"TRIP11",1.21335278022716e-05,0.365018810569448,0.989,0.862,0.128178587703197,"1","TRIP11"
"SIAE",1.22185770936589e-05,0.386395381343621,0.977,0.771,0.129077048417413,"1","SIAE"
"U2AF2",1.2410136224883e-05,0.312108081517747,1,0.936,0.131100679079664,"1","U2AF2"
"UQCC4",1.24670488952372e-05,0.427839428730651,0.898,0.679,0.131701904529286,"1","UQCC4"
"HYCC2",1.24799369665141e-05,0.360461443216288,0.977,0.784,0.131838054114255,"1","HYCC2"
"RBM45",1.25568041451363e-05,0.290661940958663,0.784,0.399,0.13265007898922,"1","RBM45"
"GBA2",1.2609809961317e-05,0.33654022203673,0.989,0.835,0.133210032431353,"1","GBA2"
"UGGT2",1.26764062344797e-05,0.294580774715816,0.966,0.752,0.133913555461044,"1","UGGT2"
"UBXN2B",1.26770140109755e-05,0.311270937041753,0.989,0.752,0.133919976011946,"1","UBXN2B"
"USP11",1.27371598486192e-05,0.512972897021648,0.943,0.844,0.134555356640814,"1","USP11"
"ZYG11B",1.27436680594784e-05,0.312728042062973,0.977,0.702,0.134624109380329,"1","ZYG11B"
"HACL2",1.27452866214295e-05,0.363490104991436,0.989,0.904,0.134641207868781,"1","HACL2"
"MIX23",1.27931433908657e-05,0.339488175464269,1,0.904,0.135146766781105,"1","MIX23"
"USPL1",1.28501330911579e-05,0.442345923518932,0.909,0.615,0.135748805974992,"1","USPL1"
"MCCC2",1.30149779236088e-05,0.271490238675105,0.977,0.803,0.137490226785004,"1","MCCC2"
"PRPF38A",1.30647407463602e-05,0.379284337382439,0.977,0.784,0.138015921244549,"1","PRPF38A"
"PKP3",1.3089319394366e-05,0.438657594189184,0.966,0.849,0.138275570082082,"1","PKP3"
"HELZ2",1.31260153353185e-05,0.547327631682242,0.932,0.683,0.138663226002305,"1","HELZ2"
"NOP2",1.31385654742466e-05,0.476072241050795,0.977,0.743,0.138795805669941,"1","NOP2"
"CDK4",1.31736700119678e-05,0.252785446797971,1,1,0.139166650006428,"1","CDK4"
"HNRNPA0",1.31736700119678e-05,0.358499620885838,1,1,0.139166650006428,"1","HNRNPA0"
"PRPF4",1.31811372099389e-05,0.393532997710746,0.977,0.858,0.139245533485794,"1","PRPF4"
"SHMT1",1.32129635421752e-05,0.299166185515706,0.966,0.697,0.139581746859538,"1","SHMT1"
"PDCL3",1.3213913230059e-05,0.371183342005194,0.955,0.803,0.139591779362344,"1","PDCL3"
"PHF12",1.32498211184995e-05,0.422375894751311,0.932,0.702,0.139971110295829,"1","PHF12"
"ITPR1",1.34600321064493e-05,0.283597332618715,0.92,0.532,0.14219177917253,"1","ITPR1"
"VPS26B",1.34752933147464e-05,0.406086853605911,0.977,0.693,0.142352998576981,"1","VPS26B"
"ANP32B",1.35205271105665e-05,0.37658723962543,1,0.972,0.142830848396025,"1","ANP32B"
"HES1",1.35205271105665e-05,0.344060620332749,1,0.972,0.142830848396025,"1","HES1"
"UBR7",1.36521500242459e-05,0.313541095310565,0.989,0.789,0.144221312856134,"1","UBR7"
"FUNDC1",1.3742586876031e-05,0.397399293903681,0.966,0.697,0.145176687758392,"1","FUNDC1"
"KHSRP",1.37818308740822e-05,0.331564269032335,1,0.95,0.145591261353805,"1","KHSRP"
"TAF11",1.38570583352315e-05,0.43899207680326,0.989,0.894,0.146385964253386,"1","TAF11"
"UQCRHL",1.38821043966786e-05,0.822763012250846,0.909,0.743,0.146650550846513,"1","UQCRHL"
"NUBPL",1.39313080174119e-05,0.365573522232128,0.909,0.633,0.14717033789594,"1","NUBPL"
"ANAPC7",1.43027192156531e-05,0.330646401893993,1,0.913,0.151093925794159,"1","ANAPC7"
"TCF12",1.43346666432453e-05,0.520579360378339,0.966,0.812,0.151431418419244,"1","TCF12"
"UBAC1",1.44281836798044e-05,0.528959855007339,0.943,0.821,0.152419332393453,"1","UBAC1"
"MRPL11",1.44682177953825e-05,0.351618269710601,0.989,0.95,0.152842252790421,"1","MRPL11"
"LRRC57",1.46984195152911e-05,0.388710300395688,0.977,0.798,0.155274103759535,"1","LRRC57"
"EIF4G1",1.4713512415776e-05,0.29335828399043,1,0.995,0.155433545160258,"1","EIF4G1"
"RBM14",1.47300868849065e-05,0.318376641867759,1,0.885,0.155608637852152,"1","RBM14"
"RABL2B",1.47304886923827e-05,0.295428169842226,0.977,0.748,0.155612882546331,"1","RABL2B"
"MMAB",1.479571983376e-05,0.410038321121712,1,0.821,0.156301984323841,"1","MMAB"
"KLHL11",1.49206672817037e-05,0.34693563407686,0.989,0.757,0.157621929163918,"1","KLHL11"
"CDK13",1.52061757401345e-05,0.323542202477549,0.977,0.817,0.160638040518781,"1","CDK13"
"CRIPT",1.5231678065275e-05,0.321227132199855,0.989,0.876,0.160907447081565,"1","CRIPT"
"MIIP",1.52769753218873e-05,0.421164547343785,0.864,0.55,0.161385967300418,"1","MIIP"
"HLA-F",1.52943008357997e-05,0.658926493742857,0.761,0.528,0.161568994029389,"1","HLA-F"
"TCEA3",1.53827936069106e-05,0.460883714285296,0.966,0.835,0.162503831663404,"1","TCEA3"
"NUDCD1",1.54131591341145e-05,0.404346522639079,0.966,0.766,0.162824613092785,"1","NUDCD1"
"MIA3",1.54285352493844e-05,0.284360898649949,0.989,0.835,0.162987046374496,"1","MIA3"
"SNRNP25",1.55166092554726e-05,0.487403992073458,0.977,0.748,0.163917460174813,"1","SNRNP25"
"ANKRD17",1.56326817968289e-05,0.346411878850484,0.989,0.94,0.1651436505017,"1","ANKRD17"
"ZNF284",1.57039320782815e-05,0.29560552121936,0.682,0.404,0.165896338474965,"1","ZNF284"
"THAP9",1.5789934414423e-05,0.256857877720961,0.795,0.431,0.166804867153965,"1","THAP9"
"VANGL1",1.59218563642316e-05,0.344654139327107,0.989,0.798,0.168198490631743,"1","VANGL1"
"ADPGK",1.5993403021719e-05,0.444266839772308,0.989,0.945,0.16895430952144,"1","ADPGK"
"MLF2",1.63183775734321e-05,0.289219656277487,1,0.991,0.172387340685737,"1","MLF2"
"IPO11",1.6477701298756e-05,0.388266169015905,0.955,0.72,0.174070436520059,"1","IPO11"
"RIF1",1.64856172997219e-05,0.317357598819541,0.977,0.917,0.174154061154262,"1","RIF1"
"CIMIP2A",1.66565332080371e-05,0.311180698607938,0.966,0.899,0.175959616809704,"1","CIMIP2A"
"RPAP1",1.67019836327942e-05,0.277971676863099,0.955,0.679,0.176439755096838,"1","RPAP1"
"SEC24A",1.67812337756867e-05,0.266045428212881,0.989,0.835,0.177276953606355,"1","SEC24A"
"MISO1",1.68246916025794e-05,0.46978870379326,0.773,0.445,0.177736042089649,"1","MISO1"
"KIAA1217",1.68978179238e-05,0.379297460407853,0.989,0.95,0.178508548547023,"1","KIAA1217"
"ACO2",1.69496621691412e-05,0.378748678970797,1,0.94,0.179056231154807,"1","ACO2"
"MED20",1.69886388228235e-05,0.413769362442011,0.966,0.761,0.179467980524308,"1","MED20"
"RAI1",1.70223926363455e-05,0.252167706477384,0.886,0.592,0.179824555810354,"1","RAI1"
"SLC41A3",1.70286945653242e-05,0.302640889273515,0.898,0.592,0.179891129388085,"1","SLC41A3"
"ENOPH1",1.71313739176782e-05,0.407240389593969,0.989,0.789,0.180975834066352,"1","ENOPH1"
"NDUFA3",1.71821027046271e-05,0.374829670980638,1,0.991,0.18151173297168,"1","NDUFA3"
"UFL1",1.7394925411196e-05,0.31160883366803,0.92,0.638,0.183759992043875,"1","UFL1"
"IQCK",1.74243246373607e-05,0.39586501232548,0.977,0.766,0.184070565469078,"1","IQCK"
"ZCCHC10",1.74918312523253e-05,0.31303893289765,0.989,0.894,0.184783705349565,"1","ZCCHC10"
"ARL1",1.75042120744706e-05,0.250256810059334,1,0.94,0.184914496354708,"1","ARL1"
"TBC1D22B",1.76123408976991e-05,0.257626276681151,0.92,0.651,0.186056769243294,"1","TBC1D22B"
"ALG12",1.77195688810805e-05,0.388836094189232,0.989,0.661,0.187189525659734,"1","ALG12"
"DOT1L",1.77853492870916e-05,0.31803697242948,0.989,0.899,0.187884429868836,"1","DOT1L"
"UBE2W",1.78326544137963e-05,0.372975024158003,0.989,0.894,0.188384161227344,"1","UBE2W"
"ZFHX3",1.78381206996647e-05,0.404538010101858,1,0.931,0.188441907071258,"1","ZFHX3"
"DOLPP1",1.78383134330495e-05,0.399765757310945,0.989,0.78,0.188443943106735,"1","DOLPP1"
"RCHY1",1.78456223205448e-05,0.327150476555641,0.977,0.83,0.188521154194235,"1","RCHY1"
"CDK2",1.79577704386702e-05,0.390638504080257,0.989,0.716,0.189705886914112,"1","CDK2"
"PA2G4",1.79734764527151e-05,0.258662471542024,1,0.995,0.189871805246482,"1","PA2G4"
"CANT1",1.80147373674e-05,0.357967345763303,0.989,0.94,0.190307685549214,"1","CANT1"
"SPIN1",1.81493445621239e-05,0.380523858527939,0.989,0.908,0.191729675954277,"1","SPIN1"
"SLC67A1-AS",1.82104939348005e-05,0.256376428419359,0.864,0.468,0.192375657927232,"1","SLC67A1-AS"
"CPPED1",1.83024253153086e-05,0.39242307771466,0.943,0.679,0.19334682103092,"1","CPPED1"
"ZNF507",1.84211678764257e-05,0.315136407112957,0.955,0.674,0.194601217446561,"1","ZNF507"
"CLP1",1.84693414302384e-05,0.274604574145999,0.932,0.555,0.195110122869038,"1","CLP1"
"PIGF",1.8500437905633e-05,0.325871643405804,0.977,0.725,0.195438626035108,"1","PIGF"
"RFC2",1.88178743047995e-05,0.332005029031992,0.989,0.821,0.198792024155902,"1","RFC2"
"PLPP5",1.8889342996653e-05,0.309039047677565,1,0.922,0.199547019416642,"1","PLPP5"
"CHLSN",1.8919610925483e-05,0.315988289643173,1,0.977,0.199866769816802,"1","CHLSN"
"MIPOL1",1.89923633038269e-05,0.452353521489706,0.83,0.477,0.200635325941628,"1","MIPOL1"
"SEMA4F",1.90498498864322e-05,0.291587182723074,0.75,0.413,0.20124261420027,"1","SEMA4F"
"SPEN",1.9096618859793e-05,0.318258571472259,0.989,0.849,0.201736681634853,"1","SPEN"
"FEM1B",1.91795584592036e-05,0.355768343852835,0.977,0.858,0.202612855563027,"1","FEM1B"
"PYGO2",1.95808592189373e-05,0.285585918090047,0.989,0.94,0.206852196788853,"1","PYGO2"
"TP53INP2",1.97788294198364e-05,0.324363242254602,0.955,0.729,0.208943553991152,"1","TP53INP2"
"BCORL1",1.99486620682254e-05,0.453943875357155,0.807,0.518,0.210737666088733,"1","BCORL1"
"MSH6",1.99891498786631e-05,0.376700194136287,1,0.908,0.211165379318197,"1","MSH6"
"SLC35A1",2.00175434073024e-05,0.324811030157681,0.886,0.528,0.211465328554743,"1","SLC35A1"
"TEX9",2.03239277325462e-05,0.277731112038935,0.807,0.472,0.214701972566618,"1","TEX9"
"MAGOHB",2.05800552248725e-05,0.273972307811996,1,0.826,0.217407703395553,"1","MAGOHB"
"ITGB5",2.07897500319465e-05,0.489582229902712,0.977,0.876,0.219622919337483,"1","ITGB5"
"TSC22D2",2.08184638892384e-05,0.401562301267518,1,0.954,0.219926252525914,"1","TSC22D2"
"GDE1",2.08944204369566e-05,0.354925148430403,1,0.904,0.220728657496009,"1","GDE1"
"HYLS1",2.09568732947307e-05,0.256165896991083,0.943,0.592,0.221388409485535,"1","HYLS1"
"AP2M1",2.10926873516204e-05,0.356799986166514,1,0.995,0.222823149182518,"1","AP2M1"
"ERICH6B",2.12016152636441e-05,0.510840123984163,0.659,0.321,0.223973863645136,"1","ERICH6B"
"MAN2B2",2.1216390526213e-05,0.400604433140423,1,0.821,0.224129949518915,"1","MAN2B2"
"RPS6KB2",2.13562306479176e-05,0.344277215446503,0.989,0.904,0.225607220564601,"1","RPS6KB2"
"ID3",2.14132296638692e-05,0.313193162852372,0.932,0.766,0.226209358169114,"1","ID3"
"RBM18",2.15506419019018e-05,0.439438692919072,1,0.83,0.227660981051691,"1","RBM18"
"MRPL18",2.17563460918058e-05,0.386349573046672,1,0.872,0.229834040113836,"1","MRPL18"
"TRAF2",2.2000009894052e-05,0.408468957274505,0.989,0.789,0.232408104520766,"1","TRAF2"
"SPRTN",2.21804885920385e-05,0.289425996919401,0.977,0.784,0.234314681486294,"1","SPRTN"
"ARHGEF38",2.22245349443817e-05,0.433561381736018,0.932,0.647,0.234779987152448,"1","ARHGEF38"
"IL18BP",2.25018318491532e-05,0.344008861557623,0.977,0.835,0.237709351654455,"1","IL18BP"
"SYNJ2BP",2.25200849739426e-05,0.439716366977811,0.977,0.899,0.23790217766473,"1","SYNJ2BP"
"CEP350",2.26977612982626e-05,0.292023414997363,0.966,0.917,0.239779150354846,"1","CEP350"
"TMEM181",2.27497615614691e-05,0.28527104958709,0.955,0.752,0.24032848113536,"1","TMEM181"
"RSRC1",2.28355367855038e-05,0.316327192977615,0.989,0.968,0.241234610602062,"1","RSRC1"
"CAMSAP2",2.30994554466513e-05,0.363781986894856,0.943,0.817,0.244022647338424,"1","CAMSAP2"
"ZBTB26",2.31588639971747e-05,0.27164199485325,0.523,0.248,0.244650239266154,"1","ZBTB26"
"ZBTB3",2.32448644446048e-05,0.386508941447697,0.602,0.326,0.245558747992805,"1","ZBTB3"
"OSGEPL1",2.32449427370884e-05,0.342889152331725,0.773,0.445,0.245559575074602,"1","OSGEPL1"
"CFAP20DC",2.331212860196e-05,0.293784227269491,0.545,0.271,0.246269326551105,"1","CFAP20DC"
"UQCR11",2.33525258783729e-05,0.267588684196317,1,1,0.246696083379131,"1","UQCR11"
"RNF44",2.35166212534388e-05,0.393728891625612,0.977,0.706,0.248429586921327,"1","RNF44"
"PTK2B",2.36621087199573e-05,0.376706281220134,0.557,0.266,0.249966516517629,"1","PTK2B"
"RBM27-POU4F3",2.37987679359009e-05,0.395218567375156,1,0.876,0.251410184474857,"1","RBM27-POU4F3"
"TSNAX-DISC1",2.38971247812358e-05,0.339078376363029,0.966,0.798,0.252449226188975,"1","TSNAX-DISC1"
"SNX17",2.42191276869086e-05,0.345611034533152,1,0.922,0.255850864884502,"1","SNX17"
"NOP56",2.45591395178213e-05,0.314972115738549,1,0.954,0.259442749866264,"1","NOP56"
"MAIP1",2.4577667540937e-05,0.271653995662045,0.943,0.601,0.259638479902459,"1","MAIP1"
"IGHMBP2",2.47121741425715e-05,0.352913184430502,0.977,0.784,0.261059407642126,"1","IGHMBP2"
"AAMDC",2.47701676208134e-05,0.46275853588537,0.966,0.807,0.261672050746273,"1","AAMDC"
"ZNF408",2.4835988087224e-05,0.295582887206085,0.886,0.564,0.262367378153434,"1","ZNF408"
"ZNF706",2.48799276088008e-05,0.282198699533514,1,0.991,0.262831555259371,"1","ZNF706"
"CPEB4",2.54526301650682e-05,0.290594802875223,0.977,0.844,0.26888158506378,"1","CPEB4"
"YIF1A",2.56771379905096e-05,0.262801248358468,1,0.972,0.271253285731744,"1","YIF1A"
"ATP5ME",2.56788904955396e-05,0.335380173516207,0.989,1,0.271271799194881,"1","ATP5ME"
"EDF1",2.56788904955396e-05,0.252841390607937,1,1,0.271271799194881,"1","EDF1"
"MRPL32",2.58002667348212e-05,0.365523732519044,1,0.867,0.272554017786651,"1","MRPL32"
"MAP2K1",2.62456181221449e-05,0.494851356757504,0.989,0.817,0.277258709842338,"1","MAP2K1"
"SEC22A",2.6253561588252e-05,0.405157304387322,0.955,0.711,0.277342624618294,"1","SEC22A"
"BRD10",2.63307887944375e-05,0.324812173919447,0.943,0.624,0.278158452824438,"1","BRD10"
"ZNF800",2.65005248276662e-05,0.274492008949422,1,0.876,0.279951544279466,"1","ZNF800"
"TIA1",2.66360741865146e-05,0.392913282825575,0.989,0.844,0.28138348770634,"1","TIA1"
"CRTC3",2.70011819900606e-05,0.439596149482125,0.966,0.789,0.285240486543,"1","CRTC3"
"RPP25L",2.71585509705741e-05,0.303436054581359,0.955,0.72,0.286902932453144,"1","RPP25L"
"MYCBP",2.71715319666299e-05,0.360191025272594,1,0.821,0.287040063695478,"1","MYCBP"
"NDFIP1",2.7349974599522e-05,0.377955244362211,1,0.982,0.288925131669351,"1","NDFIP1"
"NHP2",2.73505044714462e-05,0.277068832032311,1,0.995,0.288930729236357,"1","NHP2"
"POLE2",2.74010268350722e-05,0.306668775649962,0.852,0.514,0.289464447485702,"1","POLE2"
"ACSL3",2.78104508446564e-05,0.335011587305043,0.977,0.922,0.29378960272295,"1","ACSL3"
"ZNF766",2.81059032616326e-05,0.483798135430193,0.92,0.702,0.296910762055887,"1","ZNF766"
"ANKRD9",2.8214862927145e-05,0.318670076089483,0.943,0.674,0.29806181196236,"1","ANKRD9"
"RPA2",2.8353514178292e-05,0.372889984809249,0.977,0.826,0.299526523779477,"1","RPA2"
"RAD23B",2.84006856658969e-05,0.394660506961142,1,0.972,0.300024843374535,"1","RAD23B"
"RETREG3",2.84006856658969e-05,0.297849579996879,1,0.972,0.300024843374535,"1","RETREG3"
"SNAP29",2.84007663546859e-05,0.355475182566359,1,0.844,0.300025695770902,"1","SNAP29"
"ZFR",2.84020559075948e-05,0.298691804128407,1,0.982,0.300039318607832,"1","ZFR"
"ALDH18A1",2.84238458303498e-05,0.316607919342511,0.966,0.656,0.300269507351816,"1","ALDH18A1"
"HOOK3",2.86032178142825e-05,0.253641619964621,0.989,0.867,0.302164392990081,"1","HOOK3"
"HMG20B",2.8761219079243e-05,0.362064139366053,1,0.982,0.303833518353123,"1","HMG20B"
"HAUS2",2.89649689553251e-05,0.307358361794152,0.989,0.867,0.305985932044054,"1","HAUS2"
"CTCF",2.92128494987498e-05,0.385360072745855,1,0.812,0.308604542104793,"1","CTCF"
"TMEM134",2.93007429628123e-05,0.32732018135091,0.989,0.904,0.309533048659149,"1","TMEM134"
"RIT1",2.93459912534821e-05,0.426905285162184,0.977,0.894,0.310011051601785,"1","RIT1"
"PAXBP1",2.93969711533393e-05,0.307747615791397,0.966,0.826,0.310549603263876,"1","PAXBP1"
"FOXK2",2.94863030343429e-05,0.42490619701818,0.989,0.963,0.311493305254798,"1","FOXK2"
"UQCR10",2.98653667785143e-05,0.258105691015823,1,0.995,0.315497734648225,"1","UQCR10"
"NOP58",3.00520146672145e-05,0.25493628424207,1,0.977,0.317469482944454,"1","NOP58"
"ZNF267",3.02090508952357e-05,0.272162627623623,0.943,0.615,0.31912841365727,"1","ZNF267"
"RTTN",3.08752554891711e-05,0.413974102737839,0.773,0.44,0.326166198987604,"1","RTTN"
"LANCL1",3.08963447359645e-05,0.31519239888368,1,0.72,0.326388985790729,"1","LANCL1"
"ZMYM5",3.09227715544758e-05,0.368857276883934,0.943,0.761,0.326668158701482,"1","ZMYM5"
"C2orf42",3.14602427009536e-05,0.284636424822832,0.909,0.697,0.332346003892874,"1","C2orf42"
"SEMA3E",3.15391482621497e-05,0.437541295657276,0.545,0.266,0.333179562241349,"1","SEMA3E"
"DEDD",3.1591438211187e-05,0.382352680743686,1,0.963,0.33373195326298,"1","DEDD"
"TSR2",3.16720819868443e-05,0.345606234083248,0.989,0.899,0.334583874109024,"1","TSR2"
"DBT",3.17414423829376e-05,0.346585551114439,0.864,0.606,0.335316597333353,"1","DBT"
"HARS2",3.17433108607545e-05,0.306627551572101,0.966,0.688,0.335336335933011,"1","HARS2"
"GNA11",3.17670505494139e-05,0.33363575089368,1,0.936,0.335587122004008,"1","GNA11"
"TOE1",3.19006699922575e-05,0.39290121118007,0.852,0.578,0.336998677798208,"1","TOE1"
"UBE2F-SCLY",3.19022396972901e-05,0.34109885936889,0.955,0.748,0.337015260162173,"1","UBE2F-SCLY"
"C4orf36",3.19201161895766e-05,0.560046272519892,0.75,0.436,0.337204107426687,"1","C4orf36"
"HIC2",3.1959254420455e-05,0.32168366664049,0.557,0.284,0.337617563697687,"1","HIC2"
"MDFIC",3.20444139065845e-05,0.341022867288732,0.886,0.592,0.338517188509159,"1","MDFIC"
"ABHD4",3.25455029177579e-05,0.520765375901991,0.932,0.615,0.343810692823195,"1","ABHD4"
"MRPL15",3.27545957015118e-05,0.284363823810246,0.989,0.872,0.346019548990771,"1","MRPL15"
"DLD",3.27893964580106e-05,0.407185649620948,0.989,0.954,0.346387184182424,"1","DLD"
"CCDC22",3.30233268448499e-05,0.274420828721833,0.852,0.491,0.348858424788994,"1","CCDC22"
"AGFG2",3.31392186818658e-05,0.699783260709527,0.557,0.284,0.35008270615523,"1","AGFG2"
"CCNL2",3.32136918879122e-05,0.267399201928886,0.989,0.982,0.350869441103905,"1","CCNL2"
"PPP1R42",3.33238678043024e-05,0.427441956296673,0.943,0.748,0.352033339484651,"1","PPP1R42"
"NFKBIB",3.33689100644463e-05,0.329138582890813,0.989,0.812,0.352509165920811,"1","NFKBIB"
"MRPL3",3.33709972217822e-05,0.352532859604191,1,0.922,0.352531214650907,"1","MRPL3"
"PRDM11",3.34194150291012e-05,0.475055864444567,0.443,0.188,0.353042700367425,"1","PRDM11"
"ANKRD54",3.42696027331169e-05,0.386234640109524,0.977,0.761,0.362024083272646,"1","ANKRD54"
"RPUSD1",3.46022698372028e-05,0.33001791811052,0.955,0.674,0.365538378560211,"1","RPUSD1"
"L2HGDH",3.48004673444979e-05,0.292246890773494,0.898,0.642,0.367632137027276,"1","L2HGDH"
"SORT1",3.48881638314591e-05,0.420947828892465,0.955,0.89,0.368558562715534,"1","SORT1"
"GTF2E2",3.51766401507358e-05,0.419270858543888,0.943,0.729,0.371606026552374,"1","GTF2E2"
"AKR1A1",3.54889865898933e-05,0.55696752836115,1,0.862,0.374905654335633,"1","AKR1A1"
"SWI5",3.57471445382451e-05,0.397770052495906,0.989,0.894,0.377632834902021,"1","SWI5"
"MFSD2A",3.57568724953516e-05,0.33064427876463,0.557,0.266,0.377735601040895,"1","MFSD2A"
"GTPBP4",3.57872446068441e-05,0.258529508830757,1,0.968,0.378056452026701,"1","GTPBP4"
"BORCS8-MEF2B",3.57974016906848e-05,0.252583166877432,0.932,0.569,0.378163751460394,"1","BORCS8-MEF2B"
"GTF3C3",3.60314706426834e-05,0.357326162205148,0.955,0.706,0.380636455869308,"1","GTF3C3"
"QRSL1",3.63537652972035e-05,0.267753337204633,0.83,0.564,0.384041176599657,"1","QRSL1"
"SIRT7",3.64090246576243e-05,0.341847799533969,0.955,0.803,0.384624936483143,"1","SIRT7"
"MBTPS2",3.65721237409744e-05,0.320087500978717,0.898,0.628,0.386347915199654,"1","MBTPS2"
"TDP2",3.658315927213e-05,0.444211432178061,0.955,0.739,0.386464494550781,"1","TDP2"
"TOM1L1",3.67108638126279e-05,0.320230541382116,1,0.789,0.387813565316601,"1","TOM1L1"
"SRF",3.71434323160891e-05,0.354854711232973,0.886,0.688,0.392383218987165,"1","SRF"
"ALDOA",3.71491277926239e-05,0.315386163760145,1,0.995,0.392443386001279,"1","ALDOA"
"PPP3CC",3.71712933402435e-05,0.2656855383894,0.886,0.541,0.392677542846332,"1","PPP3CC"
"PRXL2B",3.75677245907369e-05,0.33660428253695,0.955,0.711,0.396865442576544,"1","PRXL2B"
"FAM120A",3.76009747087291e-05,0.367478715055015,1,0.954,0.397216696823015,"1","FAM120A"
"SUV39H2",3.77973491185735e-05,0.302367861197461,0.932,0.61,0.39929119608861,"1","SUV39H2"
"RLIM",3.78912087124483e-05,0.299512578160134,0.989,0.853,0.400282728838304,"1","RLIM"
"HSP90AB1",3.8795420131299e-05,0.272732024442851,1,1,0.409834818267043,"1","HSP90AB1"
"CORO1B",3.90153511369284e-05,0.34116918455458,1,0.945,0.412158169410512,"1","CORO1B"
"TTC31",3.93639244780086e-05,0.397341444042014,0.909,0.628,0.415840498185683,"1","TTC31"
"MOAP1",3.94026018064597e-05,0.314296884707074,0.977,0.766,0.41624908548344,"1","MOAP1"
"ELMO2",3.94876607612282e-05,0.256570799433779,1,0.651,0.417147648281615,"1","ELMO2"
"HSD17B7",3.97835997725249e-05,0.341598282506222,0.932,0.67,0.420273947996953,"1","HSD17B7"
"TRIM5",3.98277849635864e-05,0.371036065564998,0.625,0.344,0.420740720355327,"1","TRIM5"
"CLOCK",3.98733184099331e-05,0.340927470485642,0.989,0.766,0.421221735682534,"1","CLOCK"
"FZR1",3.98912953414321e-05,0.504329921686503,1,0.858,0.421411643986889,"1","FZR1"
"CIC",4.00345418711812e-05,0.308064655467493,0.977,0.761,0.422924900327158,"1","CIC"
"C18orf32",4.06258676868276e-05,0.323902860384332,0.977,0.839,0.429171666243647,"1","C18orf32"
"MYO6",4.0791749056579e-05,0.406005402966613,1,0.881,0.430924037033701,"1","MYO6"
"AKR7A3",4.07941322102534e-05,0.631839836539114,0.42,0.188,0.430949212669117,"1","AKR7A3"
"CDC16",4.13054386232403e-05,0.382933450667114,0.989,0.867,0.436350653615911,"1","CDC16"
"SRC",4.14853136778692e-05,0.348179297990038,0.977,0.849,0.438250853693011,"1","SRC"
"TMEM203",4.15792796433223e-05,0.312665896188739,0.92,0.61,0.439243510152057,"1","TMEM203"
"TOR1B",4.18703563325185e-05,0.355611794354171,0.977,0.775,0.442318444296725,"1","TOR1B"
"AEN",4.20127861811004e-05,0.25697067538312,1,0.872,0.443823073217144,"1","AEN"
"TMEM87A",4.22972216591599e-05,0.351530573952465,1,0.982,0.446827849607366,"1","TMEM87A"
"QNG1",4.24290809557526e-05,0.283011396071373,0.92,0.624,0.44822081121657,"1","QNG1"
"DPF2",4.26029635001157e-05,0.36980355973149,0.989,0.839,0.450057706415222,"1","DPF2"
"TACO1",4.26532449897543e-05,0.382407323287857,0.977,0.775,0.450588880071765,"1","TACO1"
"TMX2",4.28091607060921e-05,0.362199615617478,1,0.954,0.452235973699157,"1","TMX2"
"POLR2M",4.29682610889603e-05,0.481384766052595,0.989,0.817,0.453916710143777,"1","POLR2M"
"SPIDR",4.31828643419063e-05,0.367929659472219,0.989,0.771,0.456183778907898,"1","SPIDR"
"UBL4A",4.32098483735821e-05,0.317266838018188,0.989,0.766,0.456468838218521,"1","UBL4A"
"RIOX2",4.40929150014036e-05,0.38872747775607,0.932,0.798,0.465797554074827,"1","RIOX2"
"ORMDL2",4.41569915594631e-05,0.273099909418305,1,0.972,0.466474458834168,"1","ORMDL2"
"RETREG2",4.41569915594631e-05,0.371766799326783,1,0.972,0.466474458834168,"1","RETREG2"
"AACS",4.44530274179566e-05,0.322541610243356,0.955,0.624,0.469601781643294,"1","AACS"
"DDX18",4.46960392954665e-05,0.309528484826487,0.989,0.963,0.472168959117308,"1","DDX18"
"BICRAL",4.48594504696143e-05,0.363737484358884,0.75,0.5,0.473895234761005,"1","BICRAL"
"ATP5MC1",4.49784411251652e-05,0.326811926984515,1,0.972,0.475152252046246,"1","ATP5MC1"
"U2AF1L4",4.52973739253348e-05,0.370989460603152,0.977,0.761,0.478521458147237,"1","U2AF1L4"
"PHF10",4.54665876172822e-05,0.367437320419631,0.875,0.693,0.480309031588969,"1","PHF10"
"WRAP73",4.56008579239331e-05,0.362636073770994,0.955,0.628,0.481727463108429,"1","WRAP73"
"PRPF39",4.57867275898138e-05,0.315856000152531,1,0.94,0.483690990258793,"1","PRPF39"
"DXO",4.65451981772613e-05,0.327677750883792,0.966,0.679,0.491703473544589,"1","DXO"
"PREP",4.66781361017077e-05,0.331993649949238,0.955,0.619,0.49310782977844,"1","PREP"
"TAFAZZIN",4.68558631803173e-05,0.325575458379166,0.966,0.766,0.494985338636872,"1","TAFAZZIN"
"GPATCH4",4.73510201852712e-05,0.39074129969654,1,0.853,0.500216177237204,"1","GPATCH4"
"SYCP3",4.77745341860292e-05,0.605531140640766,0.784,0.555,0.504690179141212,"1","SYCP3"
"MED25",4.79019551886672e-05,0.485274964838388,0.977,0.752,0.506036254613081,"1","MED25"
"BBS10",4.80122636958846e-05,0.559415695604652,0.545,0.28,0.507201553683325,"1","BBS10"
"IRF2BPL",4.8313884901896e-05,0.357523223015289,0.977,0.872,0.51038788010363,"1","IRF2BPL"
"SMARCA4",4.90094635019478e-05,0.272946604523344,1,0.982,0.517735972434576,"1","SMARCA4"
"ZCCHC17",4.92161622600573e-05,0.383739667381065,0.977,0.844,0.519919538115245,"1","ZCCHC17"
"POLR1A",4.98332068556984e-05,0.330162525191145,0.955,0.739,0.526437997223598,"1","POLR1A"
"NFX1",4.99062499228486e-05,0.352967683247035,1,0.959,0.527209624184973,"1","NFX1"
"DDX1",4.99153200590463e-05,0.267187851805569,0.989,0.982,0.527305441103765,"1","DDX1"
"XRRA1",5.07435760450647e-05,0.316278175423642,0.977,0.844,0.536055137340064,"1","XRRA1"
"PDIA4",5.08379558685768e-05,0.331063515091398,1,0.977,0.537052165795645,"1","PDIA4"
"UQCC2",5.08388778623914e-05,0.349831659695859,1,0.982,0.537061905738303,"1","UQCC2"
"E2F6",5.08923215578605e-05,0.273315409585445,0.989,0.78,0.537626484937238,"1","E2F6"
"ROCK2",5.0908445142106e-05,0.444879527227029,0.943,0.872,0.537796814481208,"1","ROCK2"
"VKORC1",5.17733661051789e-05,0.261227198501071,1,0.968,0.54693383953511,"1","VKORC1"
"HS1BP3",5.20848062501855e-05,0.30683335067819,0.898,0.555,0.55022389322696,"1","HS1BP3"
"IER3IP1",5.24866367197507e-05,0.324801930559152,1,0.885,0.554468830307447,"1","IER3IP1"
"SIL1",5.24866367197507e-05,0.321767311213877,1,0.885,0.554468830307447,"1","SIL1"
"MVK",5.26682228427777e-05,0.287812390942499,1,0.867,0.556387106111104,"1","MVK"
"GON4L",5.37808581420052e-05,0.379507408199635,0.989,0.89,0.568140985412143,"1","GON4L"
"DDTL",5.40573287324264e-05,0.346305087516006,0.955,0.839,0.571061620729353,"1","DDTL"
"IDI2",5.41582673141416e-05,0.287871297233725,0.614,0.317,0.572127935906592,"1","IDI2"
"CSNK1G2",5.43252013669449e-05,0.37636938562988,0.966,0.853,0.573891427240405,"1","CSNK1G2"
"MGME1",5.46567542369925e-05,0.290498459667966,0.977,0.849,0.577393951759588,"1","MGME1"
"BRF1",5.47153753132079e-05,0.400260152150022,0.977,0.853,0.578013224808728,"1","BRF1"
"MBD3",5.47932014207664e-05,0.310222439955879,0.966,0.688,0.578835379808976,"1","MBD3"
"NADSYN1",5.51967154214239e-05,0.35229111543788,0.977,0.839,0.583098101711922,"1","NADSYN1"
"GALNT1",5.53081983503123e-05,0.58773159808026,0.898,0.766,0.584275807372699,"1","GALNT1"
"GOLGA5",5.59254324135061e-05,0.356012330377832,1,0.913,0.590796268016279,"1","GOLGA5"
"C2orf76",5.62021260026579e-05,0.364084901208125,0.818,0.431,0.593719259092079,"1","C2orf76"
"ZNF654",5.65116955022482e-05,0.42079442390448,0.932,0.761,0.59698955128575,"1","ZNF654"
"JAGN1",5.71499773927009e-05,0.331486188806936,0.989,0.89,0.603732361176492,"1","JAGN1"
"HUWE1",5.7736211494408e-05,0.323972959466024,1,0.945,0.609925338226926,"1","HUWE1"
"YTHDF2",5.81110757185144e-05,0.281478681381683,1,0.968,0.613885403890386,"1","YTHDF2"
"CRELD2",5.88504253677957e-05,0.330514838377741,1,0.844,0.621695893585394,"1","CRELD2"
"ZNF19",5.90799055009139e-05,0.63908435361636,0.455,0.211,0.624120121711655,"1","ZNF19"
"WDFY3",5.92673897268359e-05,0.474264694772513,0.989,0.853,0.626100705074294,"1","WDFY3"
"TMTC3",6.10131794049895e-05,0.433939111647014,1,0.876,0.644543227234309,"1","TMTC3"
"TRIM3",6.10624194659071e-05,0.269160222436942,0.841,0.518,0.645063399237842,"1","TRIM3"
"NDST2",6.1843300255271e-05,0.261568143860845,0.818,0.477,0.653312623896682,"1","NDST2"
"NCSTN",6.20651699845265e-05,0.290482479827462,1,0.936,0.655656455716538,"1","NCSTN"
"PMF1",6.21114260348499e-05,0.342231291600437,1,0.972,0.656145104632154,"1","PMF1"
"HSPBP1",6.25056984464578e-05,0.274262178994291,1,0.876,0.66031019838838,"1","HSPBP1"
"NIPSNAP1",6.28308591708038e-05,0.337853832985481,0.966,0.757,0.663745196280371,"1","NIPSNAP1"
"ARNT2",6.29333637234275e-05,0.424570231415397,0.409,0.197,0.664828054374288,"1","ARNT2"
"ATP5F1E",6.40175865491699e-05,0.382725045638882,1,1,0.676281784305431,"1","ATP5F1E"
"KLHDC3",6.43632061712029e-05,0.320492478200514,1,0.94,0.679932909992588,"1","KLHDC3"
"GSR",6.55582631483576e-05,0.29941006673184,0.909,0.665,0.692557491899249,"1","GSR"
"PIAS3",6.59000620271133e-05,0.330909530653716,1,0.867,0.696168255254425,"1","PIAS3"
"ZNF675",6.68786955551059e-05,0.41227161419721,0.625,0.349,0.706506539844139,"1","ZNF675"
"MOSPD3",6.70410423722068e-05,0.256708580517436,0.977,0.656,0.708221571619992,"1","MOSPD3"
"PPA2",6.71426374450057e-05,0.256755223336195,0.977,0.954,0.70929482196904,"1","PPA2"
"HERPUD2",6.7453931055228e-05,0.295939520374606,1,0.862,0.712583327667429,"1","HERPUD2"
"GPS1",6.75618860264127e-05,0.302149583409785,1,0.954,0.713723763983023,"1","GPS1"
"RNF7",6.75802870222508e-05,0.26361879978521,1,0.982,0.713918152103058,"1","RNF7"
"SLC30A5",6.77372185795555e-05,0.397743205774593,0.989,0.821,0.715575977074424,"1","SLC30A5"
"RFWD3",6.82940152276768e-05,0.25797203170286,0.977,0.766,0.721457976865177,"1","RFWD3"
"MACO1",6.86477938207641e-05,0.32845158327684,0.932,0.729,0.725195293922552,"1","MACO1"
"RAMAC",6.91902901617247e-05,0.278321333539291,0.977,0.954,0.73092622526846,"1","RAMAC"
"NUDT15",6.96204490302499e-05,0.434551070072521,0.966,0.798,0.73547042355556,"1","NUDT15"
"ABT1",6.98130592733381e-05,0.387268556363395,0.989,0.899,0.737505158163544,"1","ABT1"
"GABPB1",7.03096031013928e-05,0.351200608667554,0.989,0.849,0.742750647163113,"1","GABPB1"
"ARHGEF39",7.03629944811546e-05,0.256599651911552,0.977,0.927,0.743314673698917,"1","ARHGEF39"
"RAP2B",7.04374860931445e-05,0.287222448243105,1,0.94,0.744101603087978,"1","RAP2B"
"MPV17",7.08472302102248e-05,0.358137724647784,0.977,0.807,0.748430139940814,"1","MPV17"
"WRN",7.11800628414583e-05,0.32080028284052,0.875,0.555,0.751946183857165,"1","WRN"
"STXBP1",7.1330791670654e-05,0.346424515195604,0.92,0.771,0.753538483208789,"1","STXBP1"
"ANTKMT",7.17197757911237e-05,0.352174229061265,0.989,0.812,0.75764771145743,"1","ANTKMT"
"P4HB",7.21924508282346e-05,0.270815941981068,1,1,0.76264105054947,"1","P4HB"
"CETN2",7.25800183947189e-05,0.307433504412886,0.989,0.945,0.766735314321811,"1","CETN2"
"PMPCA",7.25984082485809e-05,0.369641922331969,1,0.872,0.766929584738008,"1","PMPCA"
"RMDN1",7.27209305400045e-05,0.280566905759314,0.989,0.922,0.768223910224608,"1","RMDN1"
"PRPF18",7.30237873884931e-05,0.269764832354273,0.989,0.858,0.771423289972041,"1","PRPF18"
"MGST3",7.30616470707712e-05,0.27389856928893,1,0.986,0.771823239655627,"1","MGST3"
"EIF5B",7.30621559676958e-05,0.329464644393257,1,1,0.771828615642739,"1","EIF5B"
"DCAF4",7.38452993502836e-05,0.264794770328514,0.989,0.794,0.780101742336396,"1","DCAF4"
"ZC3H11A",7.39404785436992e-05,0.333623523970684,1,0.982,0.781107215335639,"1","ZC3H11A"
"PPDPF",7.43851859021927e-05,0.261927288337639,1,0.991,0.785805103870763,"1","PPDPF"
"ST20-MTHFS",7.47350377898748e-05,0.403961954170194,0.966,0.771,0.789500939212237,"1","ST20-MTHFS"
"AREL1",7.54615258067304e-05,0.253478715494202,0.989,0.821,0.7971755586223,"1","AREL1"
"SART3",7.60428081398867e-05,0.251114470719046,0.955,0.72,0.803316225189763,"1","SART3"
"SSR2",7.61846748615902e-05,0.258801871195963,1,0.991,0.804814905237839,"1","SSR2"
"PCBP1",7.61848068890902e-05,0.36061559325414,1,1,0.804816299976349,"1","PCBP1"
"B4GALT7",7.62724159868444e-05,0.284971705459665,0.966,0.665,0.805741802485024,"1","B4GALT7"
"USP21",7.63447645282245e-05,0.342058366661497,0.92,0.628,0.806506092476163,"1","USP21"
"SRGAP2",7.66595475107934e-05,0.342915212717735,0.989,0.729,0.809831459904022,"1","SRGAP2"
"RSBN1L",7.66657008628435e-05,0.278179450530019,0.966,0.748,0.809896463915079,"1","RSBN1L"
"NUDT16",7.78682041231438e-05,0.401622646363223,0.977,0.683,0.822599708356891,"1","NUDT16"
"STS",7.79344314938424e-05,0.26362061278929,0.67,0.376,0.823299334300951,"1","STS"
"RBM26",7.83066093543727e-05,0.313137385881843,0.943,0.867,0.827231021219593,"1","RBM26"
"DCAF5",7.85887954335429e-05,0.360159115786853,0.955,0.78,0.830212034959947,"1","DCAF5"
"NRDC",8.00673578438271e-05,0.269139546533942,1,0.89,0.84583156826219,"1","NRDC"
"LPCAT1",8.03818094219366e-05,0.460522527808346,0.955,0.803,0.849153434733338,"1","LPCAT1"
"NUBP2",8.04103425720015e-05,0.319942592510467,1,0.876,0.849454858930624,"1","NUBP2"
"VMA12",8.1802016939303e-05,0.3454810603117,0.932,0.739,0.864156506946797,"1","VMA12"
"RIOK1",8.18346228137479e-05,0.324047064561484,0.989,0.72,0.864500955404433,"1","RIOK1"
"SOCS4",8.29677600651113e-05,0.308215584861428,0.932,0.817,0.876471417327836,"1","SOCS4"
"LOXL3",8.3056568890072e-05,0.373498084056716,0.92,0.725,0.87740959375472,"1","LOXL3"
"H2AC13",8.54900982456552e-05,0.669751096979874,0.466,0.216,0.903117397867102,"1","H2AC13"
"LHFPL5",8.57873399149334e-05,0.430566831499023,0.966,0.821,0.906257458861356,"1","LHFPL5"
"GNPDA1",8.59094966187968e-05,0.338667475950114,0.989,0.807,0.907547922280969,"1","GNPDA1"
"CRLF1",8.60669876767695e-05,0.649057108238474,0.727,0.39,0.909211657817393,"1","CRLF1"
"AKR7A2",8.6547006967308e-05,0.356106205399443,1,0.853,0.914282581602642,"1","AKR7A2"
"RBM22",8.67400324140455e-05,0.264115590590055,1,0.927,0.916321702421977,"1","RBM22"
"BROX",8.70740800438252e-05,0.348929254913409,0.989,0.959,0.91985058158297,"1","BROX"
"B4GALT3",8.74171835074655e-05,0.397170574040993,1,0.844,0.923475126572866,"1","B4GALT3"
"SENP7",8.80892068211292e-05,0.437203729593576,0.932,0.656,0.930574380858409,"1","SENP7"
"PPP2R1B",8.84010952015846e-05,0.264440313085467,1,0.771,0.933869169709539,"1","PPP2R1B"
"PEX1",9.09205287606962e-05,0.301800720627156,0.875,0.56,0.960484465827995,"1","PEX1"
"HSF1",9.10530253810382e-05,0.278665016249318,1,0.986,0.961884160125288,"1","HSF1"
"EBAG9",9.16593902875462e-05,0.312472307699837,0.977,0.853,0.968289798997638,"1","EBAG9"
"PLXNB3",9.17742024484358e-05,0.295514601418923,0.898,0.642,0.969502674665276,"1","PLXNB3"
"XPNPEP3",9.20124289820468e-05,0.31696843882828,0.966,0.775,0.972019299766342,"1","XPNPEP3"
"TRMT61A",9.20486542541621e-05,0.260141989668451,0.955,0.693,0.972401983540968,"1","TRMT61A"
"CCNYL1",9.21295217437557e-05,0.358069720325619,0.807,0.505,0.973256267701035,"1","CCNYL1"
"DNAJC3",9.21335019659075e-05,0.254867132573683,1,0.977,0.973298314767847,"1","DNAJC3"
"ANXA4",9.22263865901218e-05,0.330117030810105,0.989,0.826,0.974279547938047,"1","ANXA4"
"MPP2",9.29850430595458e-05,1.44221784127805,0.284,0.106,0.982293994881042,"1","MPP2"
"PCF11",9.50407425459598e-05,0.335416314781967,0.989,0.89,1,"1","PCF11"
"GTF3A",9.54574177440826e-05,0.286476891441693,1,0.982,1,"1","GTF3A"
"SLC35A2",9.57050100820478e-05,0.280188501615554,0.989,0.803,1,"1","SLC35A2"
"MRPS5",9.60590874972134e-05,0.335320252779905,1,0.876,1,"1","MRPS5"
"RAB14",9.65857128123471e-05,0.432496870341012,1,0.972,1,"1","RAB14"
"TIPIN",9.72566959187571e-05,0.262134821091893,0.932,0.766,1,"1","TIPIN"
"CYREN",9.7283391036207e-05,0.293106965695305,0.977,0.812,1,"1","CYREN"
"SAFB",9.79126042854883e-05,0.41980911472256,0.989,0.931,1,"1","SAFB"
"CDC73",9.99281350813064e-05,0.362315812115537,0.977,0.931,1,"1","CDC73"
"POLR1G",0.000100314106387778,0.305883322563999,0.989,0.899,1,"1","POLR1G"
"CDK12",0.000101677396427302,0.391214610450539,1,0.862,1,"1","CDK12"
"TBCD",0.000101812552621983,0.413665428954977,0.989,0.858,1,"1","TBCD"
"G6PD",0.000103243368548389,0.3712284792396,1,0.761,1,"1","G6PD"
"CNOT6",0.000103350010862036,0.421236329329195,1,0.899,1,"1","CNOT6"
"PERP",0.000103561443668632,0.406746131649778,0.92,0.899,1,"1","PERP"
"SENP1",0.00010433748893135,0.336716749346099,0.943,0.734,1,"1","SENP1"
"ZNF772",0.00010559600875637,0.261752782945762,0.693,0.408,1,"1","ZNF772"
"GALK1",0.000106274780032001,0.351039813863798,0.92,0.656,1,"1","GALK1"
"NPIPB15",0.000106312759141858,0.3305571345708,0.784,0.495,1,"1","NPIPB15"
"MIEN1",0.00010736867645611,0.292458862391721,1,0.986,1,"1","MIEN1"
"RITA1",0.000108139496389326,0.347479088708109,0.966,0.693,1,"1","RITA1"
"MBD1",0.000108141525201999,0.362022550152516,0.966,0.752,1,"1","MBD1"
"RMDN3",0.000109069488604341,0.281709897930073,0.977,0.752,1,"1","RMDN3"
"VPS13A",0.000111292505471372,0.340133664118182,0.932,0.775,1,"1","VPS13A"
"NR2C2AP",0.00011397208304853,0.28543531310249,1,0.821,1,"1","NR2C2AP"
"ZNF146",0.000115168020383916,0.292157337345509,1,0.972,1,"1","ZNF146"
"PPT2-EGFL8",0.000115703571634818,0.329376752255768,0.955,0.798,1,"1","PPT2-EGFL8"
"C1orf159",0.000115731546905584,0.266728541104044,0.898,0.615,1,"1","C1orf159"
"KCTD2",0.000118839255910164,0.310075099298544,0.966,0.95,1,"1","KCTD2"
"TRAF7",0.000119009809627535,0.399118510517327,1,0.83,1,"1","TRAF7"
"PABPN1",0.000119251580740443,0.284807111843031,1,0.959,1,"1","PABPN1"
"SRA1",0.000119268245459825,0.296732102810407,1,0.972,1,"1","SRA1"
"TNKS1BP1",0.000119390291877242,0.320765686587454,0.977,0.757,1,"1","TNKS1BP1"
"GINM1",0.00011948933701289,0.30188800968171,0.989,0.931,1,"1","GINM1"
"DCAF1",0.000122436635195067,0.398681691623265,0.989,0.821,1,"1","DCAF1"
"TCFL5",0.000122596152940302,0.318973798509878,0.716,0.436,1,"1","TCFL5"
"ASRGL1",0.000123576842302686,0.368828039897141,0.477,0.248,1,"1","ASRGL1"
"FBXL4",0.000125869977702475,0.385077636511276,0.75,0.45,1,"1","FBXL4"
"ZNF283",0.000127419694674114,0.289490299145464,0.773,0.44,1,"1","ZNF283"
"MORF4L2",0.000127892369295113,0.276223425532168,1,1,1,"1","MORF4L2"
"FBXO34",0.000128041362388753,0.334146905950947,0.955,0.766,1,"1","FBXO34"
"ACSBG1",0.000128819251436152,0.402638956597249,0.932,0.716,1,"1","ACSBG1"
"SPIRE1",0.000128947532130441,0.261904907900633,0.898,0.638,1,"1","SPIRE1"
"CYTH1",0.000129060399260528,0.250339179101033,0.989,0.908,1,"1","CYTH1"
"UQCC3",0.000129386467056625,0.354755301914536,0.989,0.904,1,"1","UQCC3"
"TMEM147",0.000130136588460728,0.251250230280862,1,1,1,"1","TMEM147"
"ZDHHC1",0.000130247474815048,0.258348111678099,0.784,0.463,1,"1","ZDHHC1"
"TOB2",0.000131629979069015,0.428012756570079,0.989,0.858,1,"1","TOB2"
"ASTN2",0.000132207482743008,0.588144565504638,0.67,0.367,1,"1","ASTN2"
"YPEL3",0.000132831715156323,0.421054232916444,0.955,0.716,1,"1","YPEL3"
"CLPTM1L",0.000133049124319662,0.311155748418072,0.977,0.844,1,"1","CLPTM1L"
"FH",0.000133969009023627,0.332116592531333,0.977,0.826,1,"1","FH"
"RAB12",0.000136022161058458,0.297652402215637,0.636,0.431,1,"1","RAB12"
"TCHP",0.000136324802352927,0.266294061013891,0.977,0.807,1,"1","TCHP"
"MED7",0.000137349117486751,0.372893549203322,0.943,0.734,1,"1","MED7"
"FTSJ3",0.000137886064299764,0.304839427199025,1,0.982,1,"1","FTSJ3"
"UBL7",0.000138377417331359,0.340530969111957,0.989,0.862,1,"1","UBL7"
"PPP6C",0.000139091944521885,0.366674494397142,0.977,0.908,1,"1","PPP6C"
"CCNT1",0.000139201652560983,0.292905273710885,0.989,0.835,1,"1","CCNT1"
"DNAJC1",0.000140170744921564,0.298431457791351,0.989,0.936,1,"1","DNAJC1"
"MRPL38",0.000140215038358038,0.315564514544201,1,0.94,1,"1","MRPL38"
"ATG16L1",0.000140534096882527,0.255834129585626,0.966,0.688,1,"1","ATG16L1"
"ECHDC2",0.000142995505292953,0.382976096942709,0.977,0.812,1,"1","ECHDC2"
"ECH1",0.000143570847451313,0.252693417613724,1,0.991,1,"1","ECH1"
"SAMD14",0.000145985145053151,0.333678178835385,0.92,0.596,1,"1","SAMD14"
"RNF169",0.000146403430175468,0.366651440295034,0.943,0.761,1,"1","RNF169"
"DUS1L",0.000146602003624263,0.331515758464674,0.943,0.683,1,"1","DUS1L"
"LRRC41",0.00014728611352588,0.317259810283122,1,0.894,1,"1","LRRC41"
"MRPS24",0.000148612113149094,0.265678310531523,1,0.977,1,"1","MRPS24"
"PTGES3L-AARSD1",0.000148944801932949,0.273615827347844,0.955,0.706,1,"1","PTGES3L-AARSD1"
"PUSL1",0.00014976227199015,0.275847799811403,0.989,0.853,1,"1","PUSL1"
"CCDC97",0.000149948109652298,0.251843225100787,0.989,0.803,1,"1","CCDC97"
"SLC33A1",0.000151075724551752,0.266560483863371,0.977,0.752,1,"1","SLC33A1"
"MAD2L1BP",0.000151208648693668,0.331160666553202,0.989,0.904,1,"1","MAD2L1BP"
"FCMR",0.000151833456079942,0.374096486968168,0.307,0.11,1,"1","FCMR"
"STARD5",0.000152188018516242,0.355810266896652,0.375,0.165,1,"1","STARD5"
"PACS2",0.000154795131748431,0.27261074286603,0.989,0.881,1,"1","PACS2"
"CCDC43",0.00015551455513596,0.275124871786307,0.989,0.945,1,"1","CCDC43"
"PTPN9",0.00015881668699258,0.502763527063285,0.989,0.78,1,"1","PTPN9"
"DPM2",0.000159041717979758,0.318764697296263,1,0.927,1,"1","DPM2"
"EIF3I",0.000160127586228853,0.253951070884795,1,0.991,1,"1","EIF3I"
"NFXL1",0.000160566303510468,0.298453445604779,0.852,0.528,1,"1","NFXL1"
"PRXL2A",0.000160873766852809,0.316916796241338,1,0.927,1,"1","PRXL2A"
"MRPL49",0.000161878203116972,0.264545308049386,1,0.94,1,"1","MRPL49"
"KYAT1",0.000162209095609045,0.356990719289167,0.989,0.867,1,"1","KYAT1"
"ACYP1",0.000164035982649358,0.253120924917642,0.943,0.807,1,"1","ACYP1"
"VGLL4",0.00016663695246022,0.31730095423619,1,0.959,1,"1","VGLL4"
"NCAPH2",0.000168434263840611,0.282933954715208,1,0.931,1,"1","NCAPH2"
"KDM4B",0.000171174314399725,0.272467090227356,0.989,0.835,1,"1","KDM4B"
"LBHD1",0.000171434099166534,0.336725454584033,1,0.95,1,"1","LBHD1"
"YLPM1",0.000175181268190938,0.262355697353018,1,0.917,1,"1","YLPM1"
"MRPL50",0.000175545806092137,0.322632021675235,0.989,0.881,1,"1","MRPL50"
"EI24",0.000176388648236214,0.356852358148618,1,0.95,1,"1","EI24"
"PPCS",0.000181217177966042,0.296453905458883,0.989,0.917,1,"1","PPCS"
"CCDC163",0.000181719343458786,0.261971214012036,0.489,0.261,1,"1","CCDC163"
"FNDC3B",0.000183598515903549,0.299880936264808,1,0.968,1,"1","FNDC3B"
"NDUFA7",0.000184644075408302,0.307924727635955,1,0.968,1,"1","NDUFA7"
"SRP9",0.000184654426924835,0.394916265758709,0.989,0.982,1,"1","SRP9"
"TUSC2",0.000189044438744013,0.287846175189155,0.989,0.913,1,"1","TUSC2"
"DUSP10",0.000189352244971408,0.353895016089188,0.807,0.528,1,"1","DUSP10"
"OTUD1",0.000190199263527591,0.343378092788974,0.716,0.408,1,"1","OTUD1"
"RBL2",0.000190237900308254,0.272174507610015,0.955,0.711,1,"1","RBL2"
"HDHD5",0.000190606506391244,0.270221019537754,0.966,0.748,1,"1","HDHD5"
"ANP32A",0.000190851149703075,0.254331812843633,1,0.927,1,"1","ANP32A"
"PHOSPHO2",0.000191007393436138,0.420963962076385,0.693,0.399,1,"1","PHOSPHO2"
"JAZF1",0.000193933586006612,0.422461075780544,0.818,0.505,1,"1","JAZF1"
"EPRS1",0.000194315581114601,0.293324735683444,1,0.972,1,"1","EPRS1"
"SLC9A3",0.000196363691044255,0.288515688764878,0.909,0.656,1,"1","SLC9A3"
"PEX7",0.000197448564146274,0.320306477549083,0.784,0.417,1,"1","PEX7"
"ATG101",0.000202683028271533,0.318884648151412,1,0.894,1,"1","ATG101"
"NTMT1",0.000203982432876337,0.318872363397388,0.989,0.908,1,"1","NTMT1"
"GRN",0.000206785491544847,0.25691567040918,1,0.991,1,"1","GRN"
"NSUN5",0.000207003419492091,0.327151136932154,0.955,0.743,1,"1","NSUN5"
"LRRC46",0.000207351861686078,0.62258624682447,0.591,0.372,1,"1","LRRC46"
"PRPF6",0.000207951777547954,0.356464645910629,1,0.982,1,"1","PRPF6"
"MVD",0.000208119819711694,0.456134847188774,0.977,0.743,1,"1","MVD"
"CRAT",0.000209572096552035,0.453790968227272,1,0.89,1,"1","CRAT"
"CNN2",0.000211460964944843,0.295017310424044,1,0.959,1,"1","CNN2"
"MFSD1",0.00021487805779663,0.252121188600251,1,0.927,1,"1","MFSD1"
"JMJD6",0.00021558956515122,0.354013032863801,0.989,0.807,1,"1","JMJD6"
"SERF2",0.000216314575911758,0.489966366676311,1,1,1,"1","SERF2"
"SPNS1",0.000217180609827228,0.338430445754168,1,0.83,1,"1","SPNS1"
"DGCR6L",0.000220004717106814,0.307766870229739,0.977,0.881,1,"1","DGCR6L"
"HSP90AA1",0.000221232123553738,0.256131974754322,1,1,1,"1","HSP90AA1"
"NHLRC3",0.000225607331206135,0.265200438289037,0.955,0.766,1,"1","NHLRC3"
"MLF1",0.000226398817489093,0.257729223468665,0.977,0.885,1,"1","MLF1"
"FAHD1",0.000227394157978456,0.333786202421186,0.977,0.761,1,"1","FAHD1"
"FMNL3",0.000228059111766044,0.259103643136686,0.977,0.812,1,"1","FMNL3"
"LY6G5C",0.000228366619039022,0.257653035445517,0.5,0.271,1,"1","LY6G5C"
"FBXW11",0.000229753952485812,0.271821722731236,1,0.917,1,"1","FBXW11"
"STAG3",0.0002354188758249,0.996555449829426,0.557,0.317,1,"1","STAG3"
"TASOR2",0.000237023627569277,0.263282695602696,0.966,0.771,1,"1","TASOR2"
"TRIM65",0.000237093733992166,0.255913911007226,0.886,0.596,1,"1","TRIM65"
"MIF4GD",0.000237656236374617,0.318503715157264,1,0.922,1,"1","MIF4GD"
"MEA1",0.000237948720681391,0.251951661238179,1,0.995,1,"1","MEA1"
"GNB5",0.000240496855559158,0.285875786891721,0.966,0.826,1,"1","GNB5"
"CERS2",0.000240623342251389,0.441215905723027,1,1,1,"1","CERS2"
"TM9SF1",0.000243295438362212,0.259874869404771,1,0.963,1,"1","TM9SF1"
"MOV10",0.000247082043360436,0.294630594313642,0.966,0.748,1,"1","MOV10"
"NDUFB1",0.000247433810519615,0.270300777192894,0.989,1,1,"1","NDUFB1"
"POLDIP2",0.000250206791262864,0.279753103997628,1,0.986,1,"1","POLDIP2"
"KLHL2",0.00025065099238164,0.462761119638349,0.761,0.495,1,"1","KLHL2"
"CHKA",0.000252247235572822,0.394325220925582,1,0.894,1,"1","CHKA"
"ZNF227",0.000259684646229719,0.301487885593735,0.773,0.472,1,"1","ZNF227"
"GTF3C2",0.000259773051977774,0.35459392586254,1,0.83,1,"1","GTF3C2"
"RNF111",0.000259836254020485,0.407178879798411,0.966,0.683,1,"1","RNF111"
"GOLM2",0.000260039653001476,0.290209615847179,1,0.945,1,"1","GOLM2"
"MTG1",0.000262114841769412,0.297984281512674,0.966,0.835,1,"1","MTG1"
"SNX13",0.000273117512098242,0.375469483979625,0.943,0.798,1,"1","SNX13"
"ZNF594",0.000273208790685375,0.405113677817016,0.375,0.183,1,"1","ZNF594"
"PRKCH",0.000284916703445548,0.366759055448504,0.977,0.734,1,"1","PRKCH"
"ANKRD13A",0.000286197768797347,0.295279586189938,0.966,0.821,1,"1","ANKRD13A"
"TXNL4A",0.000288425641789436,0.320146238669652,0.977,0.757,1,"1","TXNL4A"
"PVR",0.00029024577157144,0.309009086184316,1,0.83,1,"1","PVR"
"CLK4",0.000291061063459663,0.442809801496491,0.943,0.702,1,"1","CLK4"
"IL16",0.000292810014144607,0.70611713635441,0.409,0.183,1,"1","IL16"
"MFSD6",0.000293470621499869,0.343801561129149,0.977,0.839,1,"1","MFSD6"
"COX19",0.000295392565460295,0.278835319884774,1,0.95,1,"1","COX19"
"DNASE2",0.000298662085590262,0.277185348399581,1,0.835,1,"1","DNASE2"
"MOSPD1",0.000303905153338668,0.277761178931581,0.886,0.596,1,"1","MOSPD1"
"FOXRED1",0.000306694143422881,0.275105251513101,0.943,0.633,1,"1","FOXRED1"
"TTC8",0.000307206161931584,0.286268422693296,0.977,0.67,1,"1","TTC8"
"NKIRAS2",0.0003122041586614,0.255483458042375,0.989,0.982,1,"1","NKIRAS2"
"GPC1",0.000313747502055373,0.27712815967513,0.966,0.748,1,"1","GPC1"
"EED",0.000317342107109653,0.331369770041054,0.966,0.826,1,"1","EED"
"PRKCD",0.00031738600060871,0.320021466096195,0.966,0.734,1,"1","PRKCD"
"IFT81",0.000318167044187412,0.333615199719235,0.932,0.734,1,"1","IFT81"
"NEDD8-MDP1",0.000319146509705215,0.255510968687747,0.989,0.991,1,"1","NEDD8-MDP1"
"CBX3",0.000319148359532617,0.331910075903488,0.989,1,1,"1","CBX3"
"ATP13A2",0.000327626714497375,0.277333871848634,0.818,0.532,1,"1","ATP13A2"
"LEMD2",0.000331493307077269,0.262715900017835,0.977,0.711,1,"1","LEMD2"
"CAMK1D",0.000333477940219762,0.372458360216569,0.898,0.812,1,"1","CAMK1D"
"ZNF441",0.000336678245279165,0.341684502217826,0.409,0.216,1,"1","ZNF441"
"NABP2",0.000340554752945366,0.281219457633779,1,0.931,1,"1","NABP2"
"RDH13",0.000344207697008603,0.35510664587716,0.943,0.766,1,"1","RDH13"
"RNF216",0.000348077360272869,0.261532164978364,1,0.931,1,"1","RNF216"
"COA5",0.000348562861970381,0.280191731728589,0.955,0.771,1,"1","COA5"
"POU5F2",0.000360839135916002,0.528174780112742,0.432,0.234,1,"1","POU5F2"
"CYB561A3",0.000362252518987694,0.313511260837133,1,0.78,1,"1","CYB561A3"
"ELAVL1",0.000363732983522214,0.294936639537226,1,0.945,1,"1","ELAVL1"
"WDR18",0.000371071724436067,0.346961937903306,0.989,0.908,1,"1","WDR18"
"AQR",0.000376982167690443,0.283961524366156,0.955,0.752,1,"1","AQR"
"MRPS31",0.000380140756763403,0.306303783103246,0.943,0.725,1,"1","MRPS31"
"GART",0.000384712900261874,0.254132403635492,0.989,0.922,1,"1","GART"
"PTDSS1",0.000386387095826279,0.320658895011268,0.977,0.881,1,"1","PTDSS1"
"CPSF1",0.000387126527745751,0.255547829578227,1,0.89,1,"1","CPSF1"
"PAK1",0.000390596682820377,0.28531302972153,0.989,0.798,1,"1","PAK1"
"TM2D2",0.000398317052149544,0.306618004211439,0.955,0.734,1,"1","TM2D2"
"C11orf98",0.000398499969954003,0.312694386781626,1,0.917,1,"1","C11orf98"
"GLRX5",0.000400458481165877,0.270905966116517,1,0.908,1,"1","GLRX5"
"KDM5A",0.000403362421906195,0.306104737580415,1,0.972,1,"1","KDM5A"
"LTBP3",0.000406780195514322,0.337634331573614,0.989,0.876,1,"1","LTBP3"
"KANTR",0.000408802120182683,1.3567922639752,0.807,0.596,1,"1","KANTR"
"SND1",0.00040958375975042,0.277044810085964,1,0.927,1,"1","SND1"
"CRY1",0.000410307777607199,0.297636144464221,1,0.876,1,"1","CRY1"
"EFEMP2",0.000421904225847758,0.953520233566271,0.409,0.193,1,"1","EFEMP2"
"SLX9",0.000425775124412997,0.323158668370778,0.977,0.748,1,"1","SLX9"
"TET2",0.000426506355693412,0.308950433022479,0.852,0.642,1,"1","TET2"
"RNASE4",0.000428553756494754,0.298246269618276,0.966,0.729,1,"1","RNASE4"
"CARM1",0.00043071765828695,0.287431675374623,0.977,0.849,1,"1","CARM1"
"ISOC2",0.000432026113461381,0.340835670693217,0.989,0.862,1,"1","ISOC2"
"ZNF185",0.00044101843326283,0.336971920251449,0.909,0.633,1,"1","ZNF185"
"RPUSD3",0.000459873502977937,0.3655414542068,0.977,0.807,1,"1","RPUSD3"
"MBLAC1",0.00047391532220864,1.19131565173947,0.25,0.096,1,"1","MBLAC1"
"USP5",0.000478341483745259,0.33055256854855,1,0.913,1,"1","USP5"
"CMBL",0.000487714711613352,0.262608583232795,0.989,0.812,1,"1","CMBL"
"FKBP10",0.000494224711378388,0.282810702803696,1,0.927,1,"1","FKBP10"
"CUX1",0.000494669463834363,0.268012783071091,1,0.977,1,"1","CUX1"
"DAG1",0.000499971711895641,0.293849782822972,1,0.977,1,"1","DAG1"
"PIGBOS1",0.00050003306742874,0.323306521782033,0.966,0.757,1,"1","PIGBOS1"
"NNT",0.000519668504119553,0.343110137350867,1,0.881,1,"1","NNT"
"EDEM1",0.000521942365552031,0.39676628780758,0.966,0.826,1,"1","EDEM1"
"MCM5",0.000525547340824106,0.331981661273872,0.977,0.775,1,"1","MCM5"
"TM2D3",0.000533159709535713,0.294827936241258,0.955,0.83,1,"1","TM2D3"
"TNNT2",0.000533788549650138,0.891489293280112,0.341,0.17,1,"1","TNNT2"
"CRPPA",0.000535427582991854,0.608932441181248,0.42,0.229,1,"1","CRPPA"
"ARL15",0.000536790815659716,0.262857902577749,0.67,0.39,1,"1","ARL15"
"PEX2",0.000548677247588891,0.285840165044251,0.966,0.835,1,"1","PEX2"
"NOSIP",0.000552856361260234,0.283614691560157,1,0.945,1,"1","NOSIP"
"CLINT1",0.00055591333738092,0.323935962891314,1,0.959,1,"1","CLINT1"
"RASSF7",0.000574951710402116,0.341445672662372,0.966,0.743,1,"1","RASSF7"
"NAA30",0.000579852023877336,0.266467923457721,0.932,0.734,1,"1","NAA30"
"SOAT1",0.000582128452947028,0.271973019606517,0.977,0.835,1,"1","SOAT1"
"COG1",0.000583056204134902,0.26478123195722,0.989,0.982,1,"1","COG1"
"CD36",0.000587798741660706,0.820796825521332,0.42,0.234,1,"1","CD36"
"POLRMT",0.000590428564556378,0.288465348520025,0.977,0.761,1,"1","POLRMT"
"GDI1",0.000590676357683728,0.253693121596233,0.989,0.959,1,"1","GDI1"
"RABL3",0.000604179134648497,0.267630264015893,0.977,0.867,1,"1","RABL3"
"PRKACA",0.000606309976852071,0.35603658941978,0.898,0.739,1,"1","PRKACA"
"SREBF2",0.000610911394853586,0.397056016905716,1,0.931,1,"1","SREBF2"
"C2orf69",0.000618977994791825,0.33975791489864,0.977,0.853,1,"1","C2orf69"
"HSH2D",0.000642286442960271,0.366050280509587,0.841,0.615,1,"1","HSH2D"
"PIEZO1",0.000662000007103813,0.338411881391528,1,0.876,1,"1","PIEZO1"
"LYRM1",0.000664428399683503,0.329265400043913,0.932,0.716,1,"1","LYRM1"
"EPC2",0.000667460182286916,0.253918463730375,0.852,0.596,1,"1","EPC2"
"COX15",0.000674105050922025,0.2628167212012,0.966,0.775,1,"1","COX15"
"SEMA6A",0.000709088517556467,0.349899340932689,0.341,0.161,1,"1","SEMA6A"
"TMEM217",0.000710753759659788,0.315114302916207,0.659,0.459,1,"1","TMEM217"
"SLC2A4RG",0.000711356429656362,0.274131727841058,0.943,0.821,1,"1","SLC2A4RG"
"TTF1",0.000712291883693483,0.25378108769369,0.977,0.849,1,"1","TTF1"
"RAB1B",0.000726396228381443,0.272621716403219,1,1,1,"1","RAB1B"
"LINS1",0.000729184846407938,0.284700111918847,0.932,0.771,1,"1","LINS1"
"BAK1",0.000742219009965739,0.29433104301205,0.932,0.743,1,"1","BAK1"
"NIPSNAP3A",0.000750746390874246,0.324886237486406,0.977,0.894,1,"1","NIPSNAP3A"
"RNF25",0.000757493708338997,0.256764377414393,0.92,0.702,1,"1","RNF25"
"FOXC1",0.000765189820234546,0.321732560530032,0.909,0.665,1,"1","FOXC1"
"PYCR1",0.00078353192362246,0.257158609982,1,0.904,1,"1","PYCR1"
"MTHFS",0.000808036087114328,0.31627140999428,0.989,0.693,1,"1","MTHFS"
"RAB24",0.000826993692194522,0.287718679890067,0.977,0.844,1,"1","RAB24"
"FBXO21",0.000851607341493477,0.263361026508166,1,0.922,1,"1","FBXO21"
"PPP2R5D",0.000865642401379985,0.270336414840542,1,0.968,1,"1","PPP2R5D"
"ECHS1",0.000892698233913025,0.280293296531983,1,0.977,1,"1","ECHS1"
"SEC22B",0.000911100621689531,0.297542319962056,1,0.968,1,"1","SEC22B"
"ZNF639",0.000928989671099556,0.306739658279131,0.943,0.807,1,"1","ZNF639"
"ATP6V1H",0.000939612717501426,0.308098357964963,0.966,0.794,1,"1","ATP6V1H"
"MAMDC4",0.000945691123990677,0.30197252449739,0.977,0.89,1,"1","MAMDC4"
"LARP1",0.000953959298551244,0.268889843171702,1,0.991,1,"1","LARP1"
"GATAD2B",0.000954304380457849,0.251966430254253,0.989,0.904,1,"1","GATAD2B"
"NIPBL",0.00100264344824463,0.335868369795764,0.966,0.894,1,"1","NIPBL"
"MACIR",0.00101880074207572,0.593881389367934,0.659,0.39,1,"1","MACIR"
"HES4",0.00106810211497232,0.379245735875316,0.966,0.789,1,"1","HES4"
"KCMF1",0.00108658856602584,0.25751191195408,1,0.853,1,"1","KCMF1"
"MAVS",0.00110890568975663,0.310981157179373,1,0.913,1,"1","MAVS"
"PPP2R2A",0.00111619562672893,0.379370151141332,0.977,0.876,1,"1","PPP2R2A"
"PRRC1",0.00112523255433739,0.325117084838213,1,0.904,1,"1","PRRC1"
"HAGH",0.00112902543675997,0.254635214770827,1,0.881,1,"1","HAGH"
"DHX29",0.00114094785056507,0.319472798123887,0.989,0.94,1,"1","DHX29"
"BTBD1",0.00114416066828227,0.416035291915077,0.989,0.894,1,"1","BTBD1"
"GALNT2",0.00118915098076888,0.260447806539423,0.966,0.803,1,"1","GALNT2"
"PIGO",0.00119473724642938,0.311762917457499,0.989,0.853,1,"1","PIGO"
"BRPF1",0.00123318860991661,0.254072459448555,0.92,0.661,1,"1","BRPF1"
"RABEP1",0.0012648385408367,0.288516612264912,1,0.972,1,"1","RABEP1"
"STMN3",0.00129966311760166,0.453685890813937,0.705,0.445,1,"1","STMN3"
"TSPYL1",0.00130324405921245,0.293739495075338,1,0.991,1,"1","TSPYL1"
"KHDRBS1",0.00130974145642004,0.292784758820488,1,1,1,"1","KHDRBS1"
"ANO7",0.00133634907209101,0.510109565900291,0.477,0.266,1,"1","ANO7"
"FRK",0.00134825146736417,0.608028194504346,0.5,0.294,1,"1","FRK"
"PDE6D",0.00135394354271967,0.283134993955868,0.989,0.794,1,"1","PDE6D"
"ADAM17",0.00143543325792073,0.26020325845694,0.989,0.995,1,"1","ADAM17"
"STXBP2",0.00146786832019363,0.285678294925421,1,0.83,1,"1","STXBP2"
"HIKESHI",0.00147928955988164,0.282002927913178,0.977,0.858,1,"1","HIKESHI"
"ZNF394",0.00150399148481872,0.257682375704321,0.943,0.807,1,"1","ZNF394"
"EIF4EBP2",0.00153449900071978,0.290232242619017,0.966,0.881,1,"1","EIF4EBP2"
"YIPF6",0.00159337543673632,0.289732758023503,0.977,0.922,1,"1","YIPF6"
"REV1",0.00161383037702389,0.296724895391558,0.966,0.826,1,"1","REV1"
"STXBP5",0.00162213424409718,0.250967853981659,0.659,0.436,1,"1","STXBP5"
"SH3BP1",0.0016332920438038,1.00764592641646,0.341,0.165,1,"1","SH3BP1"
"CHCHD3",0.00164614017649845,0.250512720158422,0.989,0.89,1,"1","CHCHD3"
"SUPT16H",0.00175883601847993,0.260449699901715,1,0.982,1,"1","SUPT16H"
"ARIH2OS",0.00177689922848678,0.692656414519336,0.398,0.229,1,"1","ARIH2OS"
"CRCP",0.00184950927397431,0.259425256903818,0.989,0.844,1,"1","CRCP"
"DAPK2",0.00185092463690273,0.301977781520234,0.455,0.243,1,"1","DAPK2"
"RNASEH1",0.00186051564535727,0.253817775175335,1,0.899,1,"1","RNASEH1"
"TNFAIP1",0.00188084889430762,0.255046373280593,1,0.927,1,"1","TNFAIP1"
"AGPAT1",0.00190077656026588,0.29336390198428,0.955,0.725,1,"1","AGPAT1"
"SETX",0.00192448155573066,0.264882899592143,0.977,0.908,1,"1","SETX"
"ZNF613",0.00194279598053382,0.730053491020161,0.341,0.179,1,"1","ZNF613"
"STYX",0.00198300924717376,0.288552604041223,0.966,0.803,1,"1","STYX"
"MAP2K6",0.00200686691061414,0.770904414705846,0.307,0.142,1,"1","MAP2K6"
"LRRC47",0.00207172520410381,0.288450945530975,0.977,0.835,1,"1","LRRC47"
"WASHC1",0.00207381579643595,0.434232628371154,0.716,0.518,1,"1","WASHC1"
"STAG1",0.0021041347974633,0.265445134752705,0.977,0.881,1,"1","STAG1"
"WDR20",0.0023287579648954,0.352345495938493,0.966,0.839,1,"1","WDR20"
"PGBD4",0.00236097981819339,0.4753454406774,0.364,0.206,1,"1","PGBD4"
"TXNL1",0.00238628684452857,0.259210206868368,1,0.899,1,"1","TXNL1"
"ZNF345",0.00243757243288956,0.260468106844341,0.511,0.307,1,"1","ZNF345"
"FDFT1",0.00260114929887267,0.259204951131608,1,0.931,1,"1","FDFT1"
"SLC9B1",0.00262085206908091,0.279362262252739,0.989,0.83,1,"1","SLC9B1"
"RGS9",0.00272659567679034,0.310285064456763,0.727,0.495,1,"1","RGS9"
"RBP1",0.00273183523647713,0.453984618473227,0.432,0.243,1,"1","RBP1"
"NEK5",0.00281738511312235,0.568324442612804,0.398,0.243,1,"1","NEK5"
"STRN3",0.00320010201118093,0.294623550076599,0.989,0.931,1,"1","STRN3"
"TM9SF3",0.00323916100796784,0.276808993444961,1,0.963,1,"1","TM9SF3"
"NUP153",0.00343384461189489,0.261114247403226,1,0.904,1,"1","NUP153"
"CCPG1",0.00354409724217497,0.315780552474143,0.989,0.899,1,"1","CCPG1"
"BMP6",0.00369307436034605,0.261015319545945,0.75,0.5,1,"1","BMP6"
"MRPL30",0.0037318014732588,0.283164866578446,0.966,0.821,1,"1","MRPL30"
"NIBAN1",0.00374634172890342,0.282596025846228,0.92,0.881,1,"1","NIBAN1"
"DCAF10",0.00386334928044763,0.263046829097362,0.989,0.977,1,"1","DCAF10"
"TLK1",0.00408401346522447,0.303578193654853,0.943,0.936,1,"1","TLK1"
"DTX3",0.00444732513542934,0.272691586032087,0.841,0.569,1,"1","DTX3"
"DNAI4",0.00449250482435049,0.317486202613509,0.33,0.183,1,"1","DNAI4"
"KLHL29",0.00492059378953669,0.254580116662889,0.33,0.174,1,"1","KLHL29"
"AKAP10",0.00604183177269357,0.264834072488136,0.955,0.761,1,"1","AKAP10"
"PEAK3",0.00622657599709231,0.400142588536983,0.455,0.294,1,"1","PEAK3"
"CACNB2",0.00629488908522235,0.556865488211173,0.455,0.289,1,"1","CACNB2"
"CATSPERH",0.00726924528158324,0.251084528467914,0.966,0.807,1,"1","CATSPERH"
"TBL3",0.00729476361646042,0.271881998295951,0.977,0.761,1,"1","TBL3"
"TMT1A",0.00931915729116772,0.266601820426481,0.864,0.656,1,"1","TMT1A"
"PBK",0,2.66253888918875,1,0.426,0,"2","PBK"
"BUB11",0,2.24361066265575,0.986,0.417,0,"2","BUB1"
"DLGAP51",0,2.64649062028932,0.958,0.391,0,"2","DLGAP5"
"NUF2",0,2.73846457352285,0.986,0.426,0,"2","NUF2"
"TTK",0,2.90826561209727,0.944,0.4,0,"2","TTK"
"ASPM1",0,2.48130913481394,0.986,0.443,0,"2","ASPM"
"NCAPH1",0,2.40599788197229,0.958,0.417,0,"2","NCAPH"
"KIF151",0,2.53535385626889,0.986,0.455,0,"2","KIF15"
"KIF4A1",0,1.92988448535419,0.944,0.413,0,"2","KIF4A"
"NEK21",0,2.02081755922199,0.93,0.4,0,"2","NEK2"
"KNL1",0,3.46232878933071,0.944,0.417,0,"2","KNL1"
"GTSE11",0,2.27709421872772,0.986,0.46,0,"2","GTSE1"
"CEP55",0,2.91542755193087,0.958,0.434,0,"2","CEP55"
"SPAG51",0,2.3207303275459,0.986,0.468,0,"2","SPAG5"
"KIF2C1",0,2.62429726180147,0.93,0.413,0,"2","KIF2C"
"RAD51AP11",0,2.12477639793808,0.972,0.464,0,"2","RAD51AP1"
"KIF141",0,2.09518953232365,0.944,0.438,0,"2","KIF14"
"NDC80",0,2.82420517431931,0.944,0.438,0,"2","NDC80"
"BUB1B",0,2.8230258857462,0.944,0.447,0,"2","BUB1B"
"HJURP",0,3.29125069733202,0.887,0.391,0,"2","HJURP"
"CKAP2L1",0,2.26415203130776,0.972,0.477,0,"2","CKAP2L"
"CDCA81",0,2.52889943744377,0.93,0.438,0,"2","CDCA8"
"SHCBP1",0,3.00261691841444,0.93,0.438,0,"2","SHCBP1"
"SGO1",0,2.54343379607456,0.93,0.443,0,"2","SGO1"
"NCAPG1",0,2.42118863475322,0.958,0.472,0,"2","NCAPG"
"AURKB",0,3.11312772274434,0.901,0.421,0,"2","AURKB"
"CDCA31",0,2.59378871202833,0.944,0.468,0,"2","CDCA3"
"DEPDC1",0,2.61657069797434,0.859,0.391,0,"2","DEPDC1"
"SKA31",0,2.2221186970892,0.901,0.434,0,"2","SKA3"
"ASF1B1",0,2.12068833683804,0.986,0.519,0,"2","ASF1B"
"CIT",0,2.87914235775973,0.944,0.477,0,"2","CIT"
"IQGAP31",0,1.9980946308261,0.986,0.519,0,"2","IQGAP3"
"KIF18B1",0,2.45246669521628,0.915,0.455,0,"2","KIF18B"
"PLK11",0,2.37564526060939,0.93,0.477,0,"2","PLK1"
"CDCA21",0,2.27907854846353,0.944,0.494,0,"2","CDCA2"
"CDCA51",0,2.27355467065449,0.944,0.494,0,"2","CDCA5"
"MKI67",0,2.50726320494191,0.986,0.536,0,"2","MKI67"
"CDK1",0,2.88390195593351,0.972,0.523,0,"2","CDK1"
"CDC201",0,2.29615904965638,0.873,0.426,0,"2","CDC20"
"BIRC51",0,2.41869896372868,0.986,0.545,0,"2","BIRC5"
"ARHGAP11A",0,3.25504790746294,0.93,0.494,0,"2","ARHGAP11A"
"SPDL1",0,2.471182066126,0.93,0.494,0,"2","SPDL1"
"CENPF1",0,2.19726402277724,1,0.566,0,"2","CENPF"
"PIMREG1",0,2.60699532193821,0.873,0.443,0,"2","PIMREG"
"SGO21",0,2.13643273324328,0.944,0.515,0,"2","SGO2"
"KIF11",0,2.42995974652205,0.972,0.545,0,"2","KIF11"
"TOP2A1",0,2.20731984422718,1,0.574,0,"2","TOP2A"
"PSRC1",0,2.5683396840107,0.859,0.434,0,"2","PSRC1"
"CENPW",0,2.37526366912329,0.972,0.549,0,"2","CENPW"
"TRIP131",0,1.87894615276344,0.958,0.536,0,"2","TRIP13"
"TPX21",0,2.55211038303823,0.986,0.57,0,"2","TPX2"
"INCENP1",0,2.24071169233193,0.93,0.515,0,"2","INCENP"
"APOBEC3B1",0,1.8187248376113,0.915,0.502,0,"2","APOBEC3B"
"POC1A1",0,2.07189575329169,0.915,0.502,0,"2","POC1A"
"TROAP1",0,2.4550173499423,0.972,0.562,0,"2","TROAP"
"MAD2L1",0,2.65272997361159,1,0.596,0,"2","MAD2L1"
"CCNA21",0,2.61438135567291,0.972,0.57,0,"2","CCNA2"
"CDKN3",0,3.67439644084174,0.972,0.57,0,"2","CDKN3"
"KIFC11",0,2.08688217164884,0.887,0.489,0,"2","KIFC1"
"CCNB21",0,2.16764019073037,0.915,0.536,0,"2","CCNB2"
"KIF231",0,1.89004868444156,0.986,0.613,0,"2","KIF23"
"CENPE",0,2.61442084222255,0.93,0.562,0,"2","CENPE"
"PCLAF1",0,1.74097418839884,0.986,0.621,0,"2","PCLAF"
"KIF20B",0,2.73925098590717,0.972,0.609,0,"2","KIF20B"
"ANLN",0,2.51215613456252,1,0.638,0,"2","ANLN"
"DIAPH31",0,1.52293810287074,1,0.638,0,"2","DIAPH3"
"CCNB11",0,2.34829425202358,0.958,0.604,0,"2","CCNB1"
"PRR11",0,3.8403668544294,0.944,0.591,0,"2","PRR11"
"ZWINT1",0,2.06007853349009,1,0.647,0,"2","ZWINT"
"MELK1",0,1.73720606858379,0.986,0.634,0,"2","MELK"
"KNSTRN",0,2.61096918529928,0.887,0.536,0,"2","KNSTRN"
"UBE2C1",0,2.23784217651171,0.972,0.626,0,"2","UBE2C"
"PTTG1",0,2.69712765590284,0.972,0.63,0,"2","PTTG1"
"NUSAP11",0,2.11799828807377,0.986,0.647,0,"2","NUSAP1"
"CENPU",0,2.04563533560327,1,0.668,0,"2","CENPU"
"NCAPG2",0,2.41756837690964,0.958,0.638,0,"2","NCAPG2"
"RACGAP11",0,2.06153572643935,1,0.681,0,"2","RACGAP1"
"TACC31",0,2.13807667661085,1,0.681,0,"2","TACC3"
"FOXM11",0,2.0162185859771,0.958,0.655,0,"2","FOXM1"
"CKAP2",0,2.22864144945663,0.986,0.685,0,"2","CKAP2"
"PHF191",0,2.02481746267088,0.972,0.677,0,"2","PHF19"
"TK11",0,1.68690214125456,1,0.732,0,"2","TK1"
"UBE2T1",0,1.68977380446048,0.972,0.706,0,"2","UBE2T"
"DBF4",0,2.23574644889181,0.972,0.711,0,"2","DBF4"
"PRC1",0,2.62875164493344,1,0.753,0,"2","PRC1"
"SMC21",0,1.79226391364196,0.986,0.766,0,"2","SMC2"
"CENPN",0,3.23157791149454,1,0.783,0,"2","CENPN"
"UBE2S",0,2.5044318724339,0.986,0.774,0,"2","UBE2S"
"MZT1",0,1.69573893658971,0.944,0.749,0,"2","MZT1"
"TYMS",0,2.08868359835857,0.972,0.783,0,"2","TYMS"
"MIS18BP1",0,1.63106314681345,0.986,0.813,0,"2","MIS18BP1"
"SPC241",0,1.92654567175563,1,0.838,0,"2","SPC24"
"CMC2",0,2.37384072620678,1,0.847,0,"2","CMC2"
"CKS2",0,2.28586948653423,0.986,0.843,0,"2","CKS2"
"NCAPD2",0,1.9861139213407,0.986,0.851,0,"2","NCAPD2"
"TMPO1",0,1.43539874237586,1,0.877,0,"2","TMPO"
"HMGB2",0,2.30944420948561,1,0.885,0,"2","HMGB2"
"SMC41",0,1.55406535751447,1,0.885,0,"2","SMC4"
"DTYMK",0,1.58122040577554,1,0.894,0,"2","DTYMK"
"STMN1",0,2.29697036769507,1,0.898,0,"2","STMN1"
"CKS1B1",0,2.15045088970087,1,0.911,0,"2","CKS1B"
"KPNA2",0,2.29489077565476,0.986,0.906,0,"2","KPNA2"
"ECT2",0,1.61501057320521,1,0.928,0,"2","ECT2"
"FANCI",0,2.49256081642778,1,0.932,0,"2","FANCI"
"RHEB",0,1.93836591389364,1,0.983,0,"2","RHEB"
"BUB3",0,1.4899210321348,1,0.987,0,"2","BUB3"
"H2AZ11",0,1.39192420770925,1,0.996,0,"2","H2AZ1"
"TUBA1B",0,1.53129407447509,1,1,0,"2","TUBA1B"
"TUBA1C",0,1.74197041156924,1,1,0,"2","TUBA1C"
"TUBB4B",0,1.27324622892382,1,1,0,"2","TUBB4B"
"SACK1D1",2.22044604925031e-16,2.20980424665569,0.915,0.464,2.34567920642803e-12,"2","SACK1D"
"TRAIP",2.22044604925031e-16,2.24514743669262,0.845,0.43,2.34567920642803e-12,"2","TRAIP"
"PARPBP1",2.22044604925031e-16,2.02535318568711,0.93,0.523,2.34567920642803e-12,"2","PARPBP"
"CENPI",2.22044604925031e-16,2.64425068599232,0.859,0.46,2.34567920642803e-12,"2","CENPI"
"NMU",2.22044604925031e-16,2.41228164813408,0.831,0.447,2.34567920642803e-12,"2","NMU"
"KIF221",2.22044604925031e-16,1.30778826203296,1,0.843,2.34567920642803e-12,"2","KIF22"
"RRM21",4.44089209850063e-16,1.815576287819,0.986,0.477,4.69135841285606e-12,"2","RRM2"
"RTKN2",4.44089209850063e-16,2.59653320335129,0.831,0.409,4.69135841285606e-12,"2","RTKN2"
"LRR11",4.44089209850063e-16,1.48576808177857,0.986,0.732,4.69135841285606e-12,"2","LRR1"
"EZH2",4.44089209850063e-16,1.84006887145968,0.972,0.826,4.69135841285606e-12,"2","EZH2"
"MTFR2",6.66133814775094e-16,2.47898482500305,0.817,0.409,7.03703761928409e-12,"2","MTFR2"
"CKAP51",6.66133814775094e-16,1.51661604402975,0.986,0.834,7.03703761928409e-12,"2","CKAP5"
"RAN",6.66133814775094e-16,1.20701763506523,1,0.991,7.03703761928409e-12,"2","RAN"
"PLK4",1.11022302462516e-15,2.46934669913659,0.831,0.426,1.17283960321402e-11,"2","PLK4"
"BRCA2",1.11022302462516e-15,2.16941312114479,0.944,0.553,1.17283960321402e-11,"2","BRCA2"
"GAS2L3",1.11022302462516e-15,3.01043418538999,0.845,0.485,1.17283960321402e-11,"2","GAS2L3"
"ESCO2",1.55431223447522e-15,2.54152865874798,0.901,0.426,1.64197544449962e-11,"2","ESCO2"
"MAD2L2",2.44249065417534e-15,1.45150441738181,0.972,0.847,2.58024712707083e-11,"2","MAD2L2"
"KIF18A",2.66453525910038e-15,2.36012090356115,0.845,0.43,2.81481504771364e-11,"2","KIF18A"
"LOC100288637",3.10862446895044e-15,3.77020097502339,0.761,0.311,3.28395088899924e-11,"2","LOC100288637"
"WDR621",4.44089209850063e-15,2.00319494089247,0.901,0.523,4.69135841285606e-11,"2","WDR62"
"C4orf46",5.32907051820075e-15,2.56384529149072,0.873,0.557,5.62963009542727e-11,"2","C4orf46"
"RHNO11",7.54951656745106e-15,1.25570573426319,1,0.851,7.97530930185530e-11,"2","RHNO1"
"CIP2A",7.99360577730113e-15,2.16602827041293,0.915,0.549,8.44444514314091e-11,"2","CIP2A"
"HMGN2",9.54791801177635e-15,1.350155186054,1,1,1.00864205876405e-10,"2","HMGN2"
"USP13",1.08801856413265e-14,1.56651600837012,0.986,0.838,1.14938281114974e-10,"2","USP13"
"CENPA1",1.19904086659517e-14,1.95185388685876,0.944,0.728,1.26666677147114e-10,"2","CENPA"
"DHFR",1.22124532708767e-14,1.65491010589557,0.986,0.74,1.29012356353542e-10,"2","DHFR"
"CDK5RAP2",1.28785870856518e-14,1.69023048915875,0.986,0.885,1.36049393972826e-10,"2","CDK5RAP2"
"NSD2",1.35447209004269e-14,1.72921312526696,0.986,0.889,1.4308643159211e-10,"2","NSD2"
"ITFG2",2.1316282072803e-14,1.24790063781823,0.958,0.834,2.25185203817091e-10,"2","ITFG2"
"DNAJC9",3.33066907387547e-14,1.36878750422238,1,0.932,3.51851880964205e-10,"2","DNAJC9"
"GMNN",4.2632564145606e-14,1.33415544688709,0.958,0.732,4.50370407634182e-10,"2","GMNN"
"ORC6",4.9737991503207e-14,2.4911077070725,0.859,0.519,5.25432142239879e-10,"2","ORC6"
"CENPM1",5.10702591327572e-14,1.770677310251,0.901,0.489,5.39506217478447e-10,"2","CENPM"
"STIL1",6.26165785888588e-14,1.76547629100218,0.915,0.591,6.61481536212705e-10,"2","STIL"
"H2AZ21",6.46149800331841e-14,1.0855903948224,1,0.979,6.82592649070557e-10,"2","H2AZ2"
"SKA2",6.61692922676593e-14,1.96532743260288,1,0.953,6.99012403515553e-10,"2","SKA2"
"RASSF1",6.70574706873595e-14,1.31135685327147,0.958,0.813,7.08395120341265e-10,"2","RASSF1"
"FANCD21",8.99280649946377e-14,1.59465949173126,0.986,0.719,9.50000078603352e-10,"2","FANCD2"
"RRM11",1.04805053524615e-13,1.3643057153832,1,0.855,1.10716058543403e-09,"2","RRM1"
"CENPK",1.19237952844742e-13,1.67918266106049,0.944,0.6,1.25962973385185e-09,"2","CENPK"
"H2AX",1.44995127016045e-13,1.7778492655353,0.986,0.766,1.5317285217975e-09,"2","H2AX"
"KIF20A1",2.47357689886485e-13,2.54502416530411,0.761,0.404,2.61308663596083e-09,"2","KIF20A"
"HMGB1",2.79332112995689e-13,1.53525882191117,1,1,2.95086444168646e-09,"2","HMGB1"
"AURKA1",3.32844862782622e-13,1.76676573446712,0.958,0.647,3.51617313043562e-09,"2","AURKA"
"RCCD1",5.04707386994596e-13,1.90775691507957,0.958,0.689,5.33172883621091e-09,"2","RCCD1"
"DEPDC1B1",5.17585974080248e-13,1.78442362015283,0.859,0.396,5.46777823018374e-09,"2","DEPDC1B"
"SCLT1",6.25055562863963e-13,1.8445281107163,0.915,0.77,6.60308696609491e-09,"2","SCLT1"
"SMTN",6.81676937119846e-13,2.20381674600032,0.845,0.647,7.20123516373405e-09,"2","SMTN"
"ANP32E1",7.18758386142326e-13,1.03489992000204,1,0.936,7.59296359120754e-09,"2","ANP32E"
"HP1BP3",8.91287044169076e-13,1.14528995967122,1,0.974,9.41555633460212e-09,"2","HP1BP3"
"CDC25B",1.05426778418405e-12,1.45427368823451,0.986,0.864,1.11372848721203e-08,"2","CDC25B"
"CDKN2D",1.31294974892171e-12,1.75670340390036,0.901,0.596,1.38700011476089e-08,"2","CDKN2D"
"CDCA4",1.36735067712834e-12,1.80544145486614,0.958,0.779,1.44446925531838e-08,"2","CDCA4"
"FBXO51",1.42441614059408e-12,1.90968140332724,0.873,0.574,1.50475321092358e-08,"2","FBXO5"
"RFWD31",1.67621472257906e-12,1.53064452318078,0.958,0.787,1.77075323293252e-08,"2","RFWD3"
"LMNB21",2.11186623744197e-12,1.27498432661901,1,0.902,2.2309754932337e-08,"2","LMNB2"
"TRIM59",2.1191937094045e-12,1.81992337883519,0.986,0.877,2.23871623461491e-08,"2","TRIM59"
"FANCG1",4.05808719960987e-12,1.60887421925252,0.887,0.617,4.28696331766787e-08,"2","FANCG"
"DNMT1",4.40003589119442e-12,1.98982045763586,0.986,0.889,4.64819791545779e-08,"2","DNMT1"
"NCAPD3",5.61883872762792e-12,1.49464298214709,0.901,0.8,5.93574123186613e-08,"2","NCAPD3"
"ESPL11",5.91016124928956e-12,1.93596227206688,0.873,0.528,6.24349434374949e-08,"2","ESPL1"
"HYLS11",6.20992146593835e-12,1.73440209720453,0.859,0.643,6.56016103661727e-08,"2","HYLS1"
"CKLF",6.29785112948866e-12,0.857610453409287,1,0.936,6.65304993319182e-08,"2","CKLF"
"DDX39A1",7.65676411162985e-12,0.820646566002549,1,0.97,8.08860560752578e-08,"2","DDX39A"
"MPHOSPH9",9.39071043148942e-12,1.95819533439566,0.972,0.706,9.92034649982543e-08,"2","MPHOSPH9"
"NUDT1",1.06348263528844e-11,1.07931614050929,0.986,0.791,1.12346305591871e-07,"2","NUDT1"
"RAD51",1.09772191336788e-11,1.93186483453368,0.817,0.583,1.15963342928183e-07,"2","RAD51"
"CNTRL",1.13884457419999e-11,1.89421575970551,0.887,0.634,1.20307540818487e-07,"2","CNTRL"
"LMNB11",1.15116804977333e-11,1.43785890238752,0.944,0.617,1.21609392778055e-07,"2","LMNB1"
"NEMP11",1.31183952589708e-11,1.54553556714187,0.915,0.515,1.38582727515768e-07,"2","NEMP1"
"ARL6IP11",1.33122401990704e-11,1.5072313936207,1,0.987,1.4063050546298e-07,"2","ARL6IP1"
"FUS",1.7146062347706e-11,0.750080242437187,1,0.991,1.81131002641166e-07,"2","FUS"
"BRIP1",2.02444727648299e-11,1.65106230127552,0.817,0.477,2.13862610287663e-07,"2","BRIP1"
"LCORL",2.3140822591472e-11,2.58984489546905,0.944,0.66,2.4445964985631e-07,"2","LCORL"
"DEK",2.44841924512684e-11,1.04937853949359,1,0.996,2.586510090552e-07,"2","DEK"
"RANBP1",2.60451660238914e-11,1.21164173943378,1,0.957,2.75141133876389e-07,"2","RANBP1"
"H3-3B",2.63387089916023e-11,0.590353321114032,1,1,2.78242121787287e-07,"2","H3-3B"
"EXOSC8",2.66568989104599e-11,2.11638689491275,0.986,0.847,2.81603480090098e-07,"2","EXOSC8"
"VRK1",2.85840240366042e-11,2.8107793783219,0.944,0.685,3.01961629922687e-07,"2","VRK1"
"H4C3",2.96422886236769e-11,2.1625715301153,0.859,0.511,3.13141137020523e-07,"2","H4C3"
"NEIL31",3.35138583551498e-11,1.94529634987239,0.718,0.336,3.54040399663802e-07,"2","NEIL3"
"RANGAP1",4.10427247743428e-11,1.04969184057406,0.958,0.881,4.33575344516157e-07,"2","RANGAP1"
"CENPL1",4.21356283197838e-11,1.44936898488855,0.972,0.762,4.45120777570196e-07,"2","CENPL"
"CSE1L1",4.23820978312506e-11,0.869026088167329,1,0.949,4.47724481489331e-07,"2","CSE1L"
"ANAPC11",4.75322003978818e-11,0.479465385345646,1,1,5.02130165003223e-07,"2","ANAPC11"
"CCDC341",5.30948618404636e-11,1.37017180088535,0.958,0.715,5.60894120482658e-07,"2","CCDC34"
"OIP51",5.81370507291012e-11,1.43556153260772,0.831,0.447,6.14159803902226e-07,"2","OIP5"
"GPSM2",6.16313666768065e-11,1.75961950260086,0.958,0.923,6.51073757573783e-07,"2","GPSM2"
"TEX30",6.18303186428193e-11,1.43493158114349,0.915,0.655,6.53175486142743e-07,"2","TEX30"
"CCNF1",6.24613694100162e-11,1.77246389579817,0.887,0.566,6.59841906447411e-07,"2","CCNF"
"EEF1AKMT2",6.66131594329045e-11,1.44627432727201,0.944,0.779,7.03701416249203e-07,"2","EEF1AKMT2"
"ZWILCH1",1.02055253137223e-10,1.37682394918198,0.944,0.651,1.07811169414163e-06,"2","ZWILCH"
"TEDC1",1.1620682194291e-10,1.28190223927192,0.901,0.689,1.2276088670049e-06,"2","TEDC1"
"CDC451",1.16248788373241e-10,1.69347753839249,0.803,0.46,1.22805220037492e-06,"2","CDC45"
"PTMA",1.17718723657845e-10,0.524334659523944,1,1,1.24358059672147e-06,"2","PTMA"
"BLM1",1.19608101201152e-10,1.42054847015058,0.873,0.46,1.26353998108897e-06,"2","BLM"
"CDC25C1",1.56688217956003e-10,1.97092294893263,0.831,0.587,1.65525433448721e-06,"2","CDC25C"
"DCTN3",1.59144253331078e-10,0.815445926669967,1,0.979,1.68119989218951e-06,"2","DCTN3"
"MRPL51",1.59158242141189e-10,0.617757068815221,1,1,1.68134766997952e-06,"2","MRPL51"
"CEP57",1.61932911524332e-10,1.2059507228033,0.986,0.911,1.71065927734304e-06,"2","CEP57"
"E2F81",1.82082571242859e-10,2.23237442862975,0.718,0.374,1.92352028260956e-06,"2","E2F8"
"NUCB2",1.84904314082246e-10,1.94425216702789,1,0.979,1.95332917396485e-06,"2","NUCB2"
"NDC11",2.329492154729e-10,1.38927258618815,0.873,0.57,2.46087551225571e-06,"2","NDC1"
"RNASEH2A1",2.3928725667588e-10,1.22336884878768,0.972,0.762,2.52783057952399e-06,"2","RNASEH2A"
"RFC31",3.15600212630329e-10,1.38620150863935,0.93,0.583,3.3340006462268e-06,"2","RFC3"
"SAPCD21",3.69268393640709e-10,1.37752368942044,0.887,0.511,3.90095131042045e-06,"2","SAPCD2"
"POLQ1",4.16508605383115e-10,1.49882102429104,0.887,0.409,4.39999690726722e-06,"2","POLQ"
"NUP50",4.68574068435146e-10,1.20995796393965,1,0.902,4.95001645894888e-06,"2","NUP50"
"PKMYT11",5.42442535333976e-10,1.14974792306807,0.972,0.796,5.73036294326812e-06,"2","PKMYT1"
"CEP152",5.51407808302429e-10,1.86258365579393,0.944,0.638,5.82507208690686e-06,"2","CEP152"
"HMMR1",6.30038243798481e-10,1.87052065678312,0.746,0.37,6.65572400748715e-06,"2","HMMR"
"SNRPB1",8.29439184002467e-10,0.496803315946151,1,1,8.76219553980206e-06,"2","SNRPB"
"HNRNPA1",1.06471653715801e-09,1.41350383505614,1,1,1.12476654985372e-05,"2","HNRNPA1"
"MASTL1",1.13646070332152e-09,1.26281894483495,0.958,0.8,1.20055708698885e-05,"2","MASTL"
"LSM4",1.30089161665126e-09,0.697348740794129,1,0.97,1.37426190383039e-05,"2","LSM4"
"GINS11",1.49677314986718e-09,1.31281789871785,0.915,0.562,1.58119115551969e-05,"2","GINS1"
"RGS3",1.60093116541304e-09,1.14873710827326,0.958,0.791,1.69122368314234e-05,"2","RGS3"
"KMT5A",1.90783722153753e-09,1.21612874675482,0.986,0.915,2.01543924083225e-05,"2","KMT5A"
"CENPH",1.96162464050076e-09,1.55256148735402,0.831,0.523,2.072260270225e-05,"2","CENPH"
"CYB5B",2.00349581369608e-09,1.46846064831234,0.986,0.902,2.11649297758854e-05,"2","CYB5B"
"USP1",2.07674077934428e-09,0.988843397475676,0.972,0.919,2.19386895929929e-05,"2","USP1"
"DBF4B",2.11123585280859e-09,2.05240939979885,0.761,0.481,2.230309554907e-05,"2","DBF4B"
"E2F7",2.37191599694597e-09,1.78298900528929,0.873,0.715,2.50569205917373e-05,"2","E2F7"
"LMO7",2.42456477117514e-09,1.14741361636925,0.986,0.949,2.56131022426942e-05,"2","LMO7"
"YEATS4",2.55164045448453e-09,1.45946269889822,0.887,0.779,2.69555297611745e-05,"2","YEATS4"
"SAE11",3.36344574414227e-09,0.935757402144,1,0.953,3.55314408411189e-05,"2","SAE1"
"BARD1",3.41574324380645e-09,1.76386413776017,0.972,0.796,3.60839116275713e-05,"2","BARD1"
"RBMX",4.1277401496842e-09,0.809226528704717,1,0.987,4.36054469412639e-05,"2","RBMX"
"CENPO",4.22592250082232e-09,1.11323878724718,1,0.919,4.4642645298687e-05,"2","CENPO"
"SSRP1",4.32290914176292e-09,0.833903115269385,1,0.987,4.56672121735835e-05,"2","SSRP1"
"HNRNPR",4.44402736832217e-09,0.918472555647551,1,0.979,4.69467051189554e-05,"2","HNRNPR"
"MAP3K20",5.75174041728133e-09,1.17071050424223,0.958,0.894,6.07613857681599e-05,"2","MAP3K20"
"KIAA0586",6.69819066878574e-09,1.764402452406,0.859,0.715,7.07596862250526e-05,"2","KIAA0586"
"FANCA1",6.75931888238779e-09,1.13693884410928,0.972,0.787,7.14054446735446e-05,"2","FANCA"
"ARHGAP19",6.91982693368232e-09,2.03306411592819,0.761,0.481,7.310105172742e-05,"2","ARHGAP19"
"CIMIP2A1",7.76786812650698e-09,1.17407172136381,0.845,0.94,8.20597588884198e-05,"2","CIMIP2A"
"PRTFDC1",8.01604160827196e-09,1.403792249019,0.831,0.583,8.4681463549785e-05,"2","PRTFDC1"
"TTF21",8.15502465556506e-09,1.48996558209241,0.887,0.591,8.61496804613893e-05,"2","TTF2"
"ENOSF11",8.70778182893162e-09,1.11487682414071,1,0.881,9.19890072408336e-05,"2","ENOSF1"
"XRCC6",8.7424467665187e-09,0.436031423978115,1,0.996,9.23552076415035e-05,"2","XRCC6"
"ANP32B1",9.65588720092114e-09,0.707418616780741,1,0.974,0.000102004792390531,"2","ANP32B"
"SLC35E3",9.93337456733911e-09,1.87149467673886,0.93,0.855,0.00010493616892937,"2","SLC35E3"
"LSM8",1.01842096977833e-08,2.4672774557775,1,0.949,0.000107585991247383,"2","LSM8"
"CNTROB",1.05284303497655e-08,1.60484770858415,0.859,0.736,0.000111222338214922,"2","CNTROB"
"TUBG11",1.2573431407148e-08,0.884215813561717,0.986,0.945,0.000132825729385111,"2","TUBG1"
"NUDCD2",1.27994912446638e-08,2.42583494972093,1,0.906,0.000135213825508629,"2","NUDCD2"
"JPT1",1.38348270617428e-08,1.08617844934762,1,1,0.000146151113080251,"2","JPT1"
"PHF7",1.78368924075301e-08,2.28484465198915,0.676,0.43,0.000188428931393148,"2","PHF7"
"TMEM107",1.83799804265306e-08,1.37007932222139,0.972,0.826,0.000194166113225869,"2","TMEM107"
"RUVBL2",1.88845961091033e-08,0.987988320641843,0.986,0.966,0.000199496873296567,"2","RUVBL2"
"CDT1",1.95304619143855e-08,1.40018442583197,0.845,0.545,0.000206319799663568,"2","CDT1"
"RAD211",1.97477001417923e-08,0.843308270513899,1,0.996,0.000208614704297894,"2","RAD21"
"CHEK1",2.02991030651134e-08,1.18509689730403,0.887,0.694,0.000214439724779858,"2","CHEK1"
"MCM101",2.04088490551868e-08,1.51380768223679,0.845,0.464,0.000215599081418993,"2","MCM10"
"NUP93",2.36666419795029e-08,1.5680952845464,0.944,0.855,0.000250014405871468,"2","NUP93"
"ANAPC5",2.4726332759073e-08,1.19345665344459,0.986,0.979,0.000261208979266847,"2","ANAPC5"
"ERLIN1",2.54038392544231e-08,1.12178333456315,0.93,0.8,0.000268366157883726,"2","ERLIN1"
"PIN1",2.57163703665242e-08,0.731521554226457,1,0.962,0.000271667736551962,"2","PIN1"
"NEURL1B1",2.77428358064213e-08,2.02425104638317,0.746,0.426,0.000293075317459035,"2","NEURL1B"
"DDX11",2.83985059912339e-08,1.3975104421255,0.915,0.711,0.000300001817291395,"2","DDX11"
"LSM5",2.90319632778591e-08,1.44808749816956,1,0.936,0.000306693660067303,"2","LSM5"
"CHTF181",2.96805648947185e-08,1.50163934390426,0.859,0.74,0.000313545487547806,"2","CHTF18"
"ITGAE",3.24320674760514e-08,1.517401933171,0.958,0.889,0.000342612360817007,"2","ITGAE"
"ERCC6L1",3.31593048574774e-08,1.67794624847767,0.732,0.391,0.000350294896514391,"2","ERCC6L"
"FEN11",3.35520979888315e-08,1.5058531137945,0.93,0.74,0.000354444363154016,"2","FEN1"
"C21orf581",3.3971509827424e-08,1.66493030690757,0.789,0.498,0.000358875029816907,"2","C21orf58"
"G2E3",3.6029375483082e-08,2.05593753929371,0.803,0.613,0.000380614322603279,"2","G2E3"
"SIVA11",3.68068964196056e-08,0.708245293402312,1,1,0.000388828053776713,"2","SIVA1"
"NUCKS11",4.08451068523163e-08,0.680566026801162,1,1,0.00043148770878787,"2","NUCKS1"
"IKBIP",4.28285069631329e-08,1.55929904322657,0.831,0.728,0.000452440347558536,"2","IKBIP"
"SMC3",4.41004694984315e-08,1.36337915370039,1,0.945,0.00046587735978143,"2","SMC3"
"DDIAS1",4.52710291476421e-08,2.14144888805796,0.648,0.4,0.000478243151915692,"2","DDIAS"
"ALYREF",4.65429079721247e-08,1.17816572844494,0.944,0.813,0.000491679279817525,"2","ALYREF"
"DCP2",4.68455765290088e-08,1.59293842323949,0.958,0.736,0.000494876670452449,"2","DCP2"
"RPA3",4.80977948580374e-08,0.877626029365058,1,0.953,0.000508105104880308,"2","RPA3"
"HMGB31",4.85706121988727e-08,0.966711209689731,0.958,0.83,0.000513099947268891,"2","HMGB3"
"BRD8",4.93531546741366e-08,1.41242763279656,0.972,0.898,0.000521366725977579,"2","BRD8"
"GEN11",5.13479254671267e-08,1.70113019578194,0.817,0.532,0.000542439484634727,"2","GEN1"
"MYH11",5.6724978048095e-08,1.33056911129997,0.93,0.766,0.000599242668100075,"2","MYH11"
"UBALD21",5.92938547150368e-08,1.31613615650499,0.817,0.549,0.000626380281209649,"2","UBALD2"
"NUP107",5.97357356912909e-08,1.01885079254982,0.986,0.885,0.000631048311842797,"2","NUP107"
"REEP41",6.05746617310388e-08,1.07348112117572,0.958,0.8,0.000639910726526693,"2","REEP4"
"SRRM1",6.72429023573784e-08,0.695859275648155,1,0.987,0.000710354020503345,"2","SRRM1"
"PPP1CC",7.01638349642764e-08,1.18005232139718,1,0.974,0.000741210752562615,"2","PPP1CC"
"HMG20B1",7.01693452231922e-08,0.679760957110108,1,0.983,0.000741268962937802,"2","HMG20B"
"GINS4",7.32332303687855e-08,1.74038610282428,0.775,0.532,0.00077363584561585,"2","GINS4"
"CENPC",7.36105276732957e-08,1.20223175212346,0.887,0.791,0.000777621614340696,"2","CENPC"
"ARL4A",7.49854103254677e-08,1.10879423873305,0.944,0.877,0.000792145874678241,"2","ARL4A"
"SASS61",8.35692697265245e-08,1.15867638836594,0.803,0.523,0.000882825765391004,"2","SASS6"
"HASPIN1",9.20534115600447e-08,1.68328775043855,0.634,0.315,0.000972452239720312,"2","HASPIN"
"RFC5",9.71224243251356e-08,1.26229079770844,0.972,0.915,0.00102600129057073,"2","RFC5"
"APOBEC3A1",1.01285551945551e-07,0.899488464373805,0.789,0.413,0.0010699805707528,"2","APOBEC3A"
"HNRNPH3",1.0710749420717e-07,0.780532542092176,1,0.97,0.00113148356880455,"2","HNRNPH3"
"NUP58",1.16988249088124e-07,1.27869143596359,0.958,0.821,0.00123586386336694,"2","NUP58"
"HMGN3",1.18343101984664e-07,0.62442639600815,0.986,0.949,0.00125017652936599,"2","HMGN3"
"POLH",1.4360687838888e-07,1.26575428347296,0.944,0.8,0.00151706306330013,"2","POLH"
"PMCH1",1.46091505115464e-07,1.73877026829434,0.535,0.226,0.00154331066003977,"2","PMCH"
"DCK",1.48810784583731e-07,2.02076813056516,0.873,0.689,0.00157203712834253,"2","DCK"
"STK17B",1.71677668303616e-07,0.611711319237895,0.958,0.889,0.0018136028879594,"2","STK17B"
"CENPT",1.74400294206123e-07,0.794702607221381,1,0.911,0.00184236470799348,"2","CENPT"
"SAP30",1.92388193154258e-07,1.60923190179221,0.761,0.562,0.00203238887248158,"2","SAP30"
"PROSER3",2.09874673640087e-07,0.947474338255033,0.958,0.885,0.00221711605233388,"2","PROSER3"
"MCUB",2.24642939583575e-07,0.826134756040827,0.972,0.906,0.00237312801376088,"2","MCUB"
"AFG2A",2.31315727905468e-07,1.37314386690808,0.803,0.596,0.00244361934959336,"2","AFG2A"
"HROB1",2.33245300407248e-07,1.69065821173758,0.746,0.472,0.00246400335350216,"2","HROB"
"BORA1",2.4166516698898e-07,1.84074826914413,0.704,0.438,0.00255295082407159,"2","BORA"
"BANF1",2.47461551028394e-07,0.51291989970969,1,1,0.00261418382506395,"2","BANF1"
"ALDH7A1",2.78903349304471e-07,2.21107590662263,0.986,0.813,0.00294633498205243,"2","ALDH7A1"
"SEC22C",2.84464210187352e-07,1.16176137264456,0.958,0.906,0.00300507991641918,"2","SEC22C"
"RALY",2.9847257265736e-07,0.770629963697814,1,0.996,0.00315306425755235,"2","RALY"
"CMSS1",3.05592548821565e-07,1.04010311449506,1,0.86,0.00322827968575101,"2","CMSS1"
"PIF11",3.10379474122158e-07,2.5559020602606,0.563,0.298,0.00327884876462647,"2","PIF1"
"CLSPN1",3.16520064602699e-07,1.64314226212568,0.817,0.562,0.00334371796246291,"2","CLSPN"
"CEP135",3.30152195138211e-07,1.43407679045551,0.789,0.566,0.00348772778944006,"2","CEP135"
"TRA2B",3.316495518213e-07,1.3980186004274,1,0.991,0.00350354586544022,"2","TRA2B"
"STARD13",3.66898970982632e-07,2.54497507572297,0.704,0.57,0.00387592072946052,"2","STARD13"
"ASXL1",3.79030242303457e-07,1.19788454590571,0.972,0.923,0.00400407547969373,"2","ASXL1"
"ACTL6A",4.45688565609004e-07,1.16497046520676,0.986,0.902,0.00470825400709352,"2","ACTL6A"
"ILF3",4.91727183193902e-07,0.791632768708994,1,0.991,0.00519460596326038,"2","ILF3"
"POLE",4.92589430134416e-07,1.12858923043158,0.915,0.749,0.00520371473993997,"2","POLE"
"KBTBD2",5.18326601639529e-07,1.01216452101311,0.93,0.855,0.00547560221971999,"2","KBTBD2"
"NASP",5.34636804161437e-07,1.28042360515367,0.986,0.894,0.00564790319916142,"2","NASP"
"NELFE",5.72022105238545e-07,0.684445692371812,1,1,0.00604284151973999,"2","NELFE"
"HSPA8",6.14333057979977e-07,0.551471659785495,1,1,0.00648981442450047,"2","HSPA8"
"CCDC1501",6.59063087216083e-07,2.11800568191441,0.704,0.443,0.0069623424533507,"2","CCDC150"
"PSIP1",6.68686295002274e-07,1.06000172936274,1,0.928,0.00706400202040403,"2","PSIP1"
"RBL1",7.16254855648302e-07,1.34143276170523,0.817,0.715,0.00756651629506866,"2","RBL1"
"EMC91",7.1781539889848e-07,1.088336133089,0.845,0.745,0.00758300187396355,"2","EMC9"
"C1orf174",7.22265392383292e-07,0.901406848586686,0.93,0.804,0.0076300116051371,"2","C1orf174"
"NUP54",7.72919308333897e-07,1.31263898288099,0.986,0.898,0.00816511957323929,"2","NUP54"
"PPIA",8.0940737423596e-07,1.05943567464372,1,1,0.00855057950142868,"2","PPIA"
"TMEM19",8.60125059176653e-07,1.44592883402734,0.817,0.702,0.00908636112514216,"2","TMEM19"
"MIS18A1",8.9808300929306e-07,1.16658235918033,0.944,0.698,0.00948734891017189,"2","MIS18A"
"DCAF7",9.24288707127019e-07,1.28284380519921,0.972,0.974,0.00976418590208983,"2","DCAF7"
"CENPS1",9.43572721956443e-07,1.14147999552792,0.817,0.583,0.00996790223474786,"2","CENPS"
"MATCAP2",9.67965000819859e-07,0.932953812908031,0.93,0.698,0.010225582268661,"2","MATCAP2"
"CEP781",9.88194593043445e-07,0.935753184379952,0.93,0.66,0.010439287680911,"2","CEP78"
"PCM1",1.01888300196862e-06,1.04127442417921,0.944,0.928,0.0107634800327965,"2","PCM1"
"DKC1",1.02012867020385e-06,0.722347335981961,0.972,0.885,0.0107766392720334,"2","DKC1"
"TUBB6",1.05782514681074e-06,1.44396830847099,0.93,0.877,0.0111748648509087,"2","TUBB6"
"CENPQ1",1.16059453980633e-06,1.03202465202072,0.859,0.591,0.012260520718514,"2","CENPQ"
"NUP85",1.16626795376717e-06,0.958081621758015,0.986,0.911,0.0123204546635964,"2","NUP85"
"CD82",1.24277819346652e-06,0.996026460650392,0.972,0.902,0.0131287088357803,"2","CD82"
"MTCL21",1.31642342671157e-06,1.19572891359244,0.93,0.74,0.013906697079781,"2","MTCL2"
"WRAP53",1.33253880862938e-06,1.23674273232119,0.789,0.677,0.0140769399743608,"2","WRAP53"
"LYAR",1.39961499012742e-06,1.23373714891955,0.845,0.749,0.014785532755706,"2","LYAR"
"HINT1",1.40415725202736e-06,0.981246838986678,1,1,0.014833517210417,"2","HINT1"
"FAM149B1",1.41950188359274e-06,1.13213002672796,1,0.906,0.0149956178982737,"2","FAM149B1"
"KIF5B",1.55126283751805e-06,0.504858038305693,1,0.996,0.0163875406155407,"2","KIF5B"
"KATNBL1",1.61385213082177e-06,1.30091569351209,0.93,0.826,0.0170487339100012,"2","KATNBL1"
"SF3B3",1.68994602045558e-06,1.16862112589001,0.972,0.872,0.0178525897600927,"2","SF3B3"
"CEP57L1",1.74276113185101e-06,1.78206768854052,0.761,0.626,0.0184105285968741,"2","CEP57L1"
"RPL35",1.80688309581178e-06,0.709915730866195,1,1,0.0190879130241557,"2","RPL35"
"TMEM106C1",1.84599276109587e-06,0.815700304415754,0.986,0.94,0.0195010675282168,"2","TMEM106C"
"ELP6",1.90015030021584e-06,1.00908411794327,0.873,0.753,0.0200731877714801,"2","ELP6"
"PSMC3IP",1.97723807038308e-06,1.37189092552497,0.901,0.809,0.0208875429755269,"2","PSMC3IP"
"CDC25A",1.99214077944987e-06,1.97020496937694,0.606,0.34,0.0210449751941084,"2","CDC25A"
"GPN3",2.07864254009316e-06,0.756164116243168,0.944,0.864,0.0219587797935441,"2","GPN3"
"REXO51",2.08377072841159e-06,1.49302956961594,0.718,0.464,0.0220129539749401,"2","REXO5"
"MNS1",2.17197179797068e-06,2.04061487309261,0.62,0.383,0.0229447100737623,"2","MNS1"
"MCM71",2.18247949801409e-06,1.04134107569819,0.986,0.957,0.0230557134170208,"2","MCM7"
"DNA21",2.22415452322267e-06,1.85035927255673,0.662,0.413,0.0234959683833242,"2","DNA2"
"NCEH1",2.30277356072506e-06,1.55603726977703,0.915,0.864,0.0243264998954995,"2","NCEH1"
"CBX5",2.59378904932106e-06,0.872962504082258,1,0.945,0.0274007875170277,"2","CBX5"
"CDC6",2.67979972123911e-06,1.41024989157893,0.803,0.54,0.0283094042551699,"2","CDC6"
"MRE11",2.69755031601093e-06,0.91351926183844,0.915,0.715,0.0284969215383395,"2","MRE11"
"PCNT",3.04048135690849e-06,1.21398978489832,0.901,0.838,0.0321196450543813,"2","PCNT"
"ANKLE2",3.1280147101409e-06,0.830104572304688,0.986,0.966,0.0330443473979285,"2","ANKLE2"
"POGLUT3",3.48631078850303e-06,0.855675233318411,0.986,0.894,0.036829387169746,"2","POGLUT3"
"CNOT1",3.53508001760261e-06,1.07979960245326,0.986,0.962,0.037344585305954,"2","CNOT1"
"ZGRF1",3.61560519235304e-06,1.90595415785132,0.662,0.443,0.0381952532520176,"2","ZGRF1"
"HELLS",3.74200721742213e-06,1.61463026929051,0.901,0.804,0.0395305642448474,"2","HELLS"
"FANCB",3.79035580766462e-06,1.7580471968792,0.606,0.357,0.0400413187521691,"2","FANCB"
"BCL2L121",3.80992893256327e-06,0.913288050025985,0.972,0.881,0.0402480892435984,"2","BCL2L12"
"LIG11",3.94080915389061e-06,1.201028271761,0.817,0.698,0.0416307079017004,"2","LIG1"
"ZNF714",3.973571639726e-06,1.67571480422276,0.718,0.545,0.0419768108020655,"2","ZNF714"
"MYBL21",4.06073650394134e-06,1.2419995794897,0.845,0.502,0.0428976204276363,"2","MYBL2"
"TWSG1",4.22218099349614e-06,0.564496062766874,0.915,0.838,0.0446031200152932,"2","TWSG1"
"TPRKB",4.57408461862485e-06,1.630528164144,1,0.906,0.0483206299111529,"2","TPRKB"
"CCDC18",4.6400584570172e-06,0.845376954317257,0.958,0.838,0.0490175775399297,"2","CCDC18"
"HAUS81",4.76843530394788e-06,1.390236205776,0.746,0.523,0.0503737505509054,"2","HAUS8"
"RNFT2",5.01886703907495e-06,1.99682325163352,0.62,0.409,0.0530193114007877,"2","RNFT2"
"TMEM245",5.07792539794494e-06,0.951949483657012,0.986,0.932,0.0536432039038903,"2","TMEM245"
"SEPHS11",5.29950212202479e-06,0.902297238642969,0.93,0.821,0.0559839404170699,"2","SEPHS1"
"NUP371",5.38906381186699e-06,1.03914468980368,0.887,0.719,0.0569300701085629,"2","NUP37"
"CSNK2B",5.63273297338185e-06,0.706286504834061,1,0.987,0.0595041911308059,"2","CSNK2B"
"CDK21",5.84313881635268e-06,0.876486951046739,0.915,0.757,0.0617269184559497,"2","CDK2"
"HNRNPA2B1",5.969136940287e-06,0.682615129153367,1,1,0.0630579626371919,"2","HNRNPA2B1"
"TCF191",5.99582461280335e-06,1.58494167259655,0.704,0.502,0.0633398912096546,"2","TCF19"
"CCDC1631",6.19726404460508e-06,1.58569249381453,0.535,0.264,0.065467897367208,"2","CCDC163"
"MLH1",6.86351099066229e-06,1.37823153500751,0.901,0.77,0.0725061301053564,"2","MLH1"
"HIRIP31",6.98764925366469e-06,0.983886914476567,0.887,0.643,0.0738175267157137,"2","HIRIP3"
"MCM81",7.09213761429517e-06,1.02457504558544,0.859,0.621,0.0749213417574142,"2","MCM8"
"PPIH",7.2148957384055e-06,1.26661117019262,0.873,0.774,0.0762181585805157,"2","PPIH"
"PARP2",7.28798010518616e-06,0.842771561590133,0.944,0.817,0.0769902218311866,"2","PARP2"
"RAD1",7.30236274026907e-06,1.51138120197855,0.986,0.966,0.0771421599882025,"2","RAD1"
"LCTL1",7.68682072149751e-06,0.403865077121223,0.803,0.455,0.0812035741018997,"2","LCTL"
"DSCC11",8.00827036551155e-06,1.62377752713593,0.69,0.434,0.084599368141264,"2","DSCC1"
"FAM111A1",8.71925438850063e-06,1.10812785729289,0.887,0.706,0.0921102033601207,"2","FAM111A"
"UBE2E3",9.22722556451205e-06,1.12860108335764,0.958,0.851,0.0974764108635053,"2","UBE2E3"
"BCAP29",9.23403291208658e-06,2.27016972125167,0.972,0.945,0.0975483236832826,"2","BCAP29"
"ARHGDIA",9.24516295341959e-06,0.86586419790726,1,0.991,0.0976659014399246,"2","ARHGDIA"
"SNX5",9.64393269553554e-06,0.574213563951553,1,0.957,0.101878504995637,"2","SNX5"
"XRCC21",9.70256477783593e-06,1.48745789753596,0.676,0.455,0.102497894313059,"2","XRCC2"
"PRELID21",9.94358614736512e-06,1.29687516653543,0.803,0.587,0.105044044060765,"2","PRELID2"
"CEP1921",1.01141376123159e-05,1.12490130048001,0.789,0.609,0.106845749736506,"2","CEP192"
"SUMO2",1.02096269225527e-05,0.781681059528201,1,0.996,0.107854498809846,"2","SUMO2"
"PNRC2",1.04589719331916e-05,2.20055480467682,0.986,0.953,0.110488579502236,"2","PNRC2"
"RNF5",1.07234121486943e-05,0.839550614413791,0.972,0.966,0.113282125938807,"2","RNF5"
"SEPTIN10",1.08024002616336e-05,2.25965041391146,0.817,0.753,0.114116556363897,"2","SEPTIN10"
"CENPS-CORT1",1.10839372402527e-05,1.0480819194185,0.831,0.579,0.117090713006029,"2","CENPS-CORT"
"ARHGAP331",1.11291537066016e-05,1.29580447963884,0.789,0.54,0.117568379756539,"2","ARHGAP33"
"GNG5",1.12697117991001e-05,1.40372307601925,1,0.996,0.119053235445693,"2","GNG5"
"ANKRD28",1.13462917128437e-05,1.66423061438345,0.873,0.834,0.119862225654481,"2","ANKRD28"
"DUT",1.13923448605835e-05,0.938583286730887,0.972,0.919,0.120348731107204,"2","DUT"
"C4orf33",1.1547647785326e-05,1.04825010476383,0.775,0.562,0.121989351204184,"2","C4orf33"
"CTNNAL1",1.20129103731159e-05,1.21131090886507,0.831,0.787,0.126904385181597,"2","CTNNAL1"
"PRRC2A",1.39587151142262e-05,0.760528918770504,0.901,0.94,0.147459866466686,"2","PRRC2A"
"PA2G41",1.41998614100469e-05,0.498131068675502,1,0.996,0.150007335935736,"2","PA2G4"
"RAD51C",1.42396269335876e-05,1.13608082286646,0.887,0.745,0.150427418926419,"2","RAD51C"
"DST",1.44520571041529e-05,2.09351137061139,0.915,0.894,0.152671531248271,"2","DST"
"KRABD1",1.45772806814382e-05,0.900597076779615,0.93,0.787,0.153994393118713,"2","KRABD1"
"CCT5",1.62028584571594e-05,1.16612937821406,1,1,0.171166996741432,"2","CCT5"
"C2orf691",1.73715777149752e-05,0.659450341911886,0.972,0.864,0.183513346980998,"2","C2orf69"
"ZNF3671",1.80074490636617e-05,1.43285364598142,0.761,0.502,0.190230691908522,"2","ZNF367"
"PSMD9",1.82164267354956e-05,1.41325666211409,0.972,0.97,0.192438332033776,"2","PSMD9"
"SNRPA1",1.83466754497541e-05,0.787618313959874,1,0.991,0.193814279451202,"2","SNRPA1"
"CEP851",1.96481826135741e-05,1.08542820939172,0.831,0.557,0.207563401129797,"2","CEP85"
"TPGS2",1.97070563949797e-05,1.08024592700614,0.958,0.915,0.208185343756566,"2","TPGS2"
"RAD54B1",2.02131423343577e-05,1.27036895209908,0.746,0.523,0.213531635620154,"2","RAD54B"
"GTF2A11",2.14313584838699e-05,0.690604512228311,0.958,0.838,0.226400871023602,"2","GTF2A1"
"PPP2R5D1",2.16259026482035e-05,0.703255615091877,1,0.97,0.228456035575622,"2","PPP2R5D"
"KNTC1",2.1626743091252e-05,1.47061761600442,0.972,0.749,0.228464914015986,"2","KNTC1"
"ERH",2.19256524203182e-05,0.551858331254646,1,1,0.231622592168241,"2","ERH"
"TDP11",2.33426201570186e-05,1.07392454678789,0.859,0.651,0.246591439338745,"2","TDP1"
"NAV2",2.38934943805891e-05,1.08231534510634,0.873,0.757,0.252410874636543,"2","NAV2"
"CDKL1",2.43823211678595e-05,3.42244023132011,0.648,0.515,0.257574840817268,"2","CDKL1"
"CCHCR1",2.4508267595591e-05,1.19149766769161,0.803,0.706,0.258905338879823,"2","CCHCR1"
"FXYD5",2.46044286809077e-05,0.810435021840144,0.986,0.957,0.259921184585109,"2","FXYD5"
"CCP1101",2.49127714455621e-05,0.750500230989227,0.958,0.736,0.263178517550918,"2","CCP110"
"RNF26",2.53990586225328e-05,1.18787994162013,0.93,0.83,0.268315655288436,"2","RNF26"
"LGALS1",2.54597681483837e-05,1.50432006745435,0.972,0.974,0.268956990719525,"2","LGALS1"
"SUV39H21",2.71937399318745e-05,0.914298579066979,0.887,0.647,0.287274668640322,"2","SUV39H2"
"MRPL23",2.75555105326841e-05,1.82189832178369,1,0.919,0.291096413267275,"2","MRPL23"
"PRIMPOL",2.7617306264105e-05,1.07446831379443,0.746,0.545,0.291749223374005,"2","PRIMPOL"
"RPL39L1",2.78916432370213e-05,0.961972117142036,0.972,0.779,0.294647319155893,"2","RPL39L"
"ATAD51",2.80798897076551e-05,1.03697597160568,0.845,0.664,0.296635954871668,"2","ATAD5"
"NUP205",2.83999950689839e-05,0.801036727953965,0.901,0.77,0.300017547908746,"2","NUP205"
"FUBP1",2.85512490263429e-05,0.825025900647525,1,0.953,0.301615394714286,"2","FUBP1"
"THOP11",2.88412056477227e-05,0.629673874070916,0.958,0.826,0.304678496462543,"2","THOP1"
"QKI",2.89946537892494e-05,1.36703801830469,0.901,0.826,0.30629952262963,"2","QKI"
"JADE1",2.9984652022419e-05,0.963045901911626,0.915,0.843,0.316757863964834,"2","JADE1"
"AP1M1",3.08950851510836e-05,1.78077080563844,0.859,0.851,0.326375679536048,"2","AP1M1"
"POLD11",3.15874026235452e-05,1.12818089125765,0.775,0.651,0.333689321315132,"2","POLD1"
"PHACTR2",3.19822504826206e-05,1.51913363259863,0.901,0.809,0.337860494098404,"2","PHACTR2"
"LBR1",3.20686912673729e-05,0.972106936921765,0.93,0.838,0.338773654548527,"2","LBR"
"SNHG32",3.26689584049245e-05,1.33150091806224,1,0.991,0.345114876589622,"2","SNHG32"
"SRSF10",3.28877363198199e-05,0.976569412109917,1,0.983,0.347426046482577,"2","SRSF10"
"ARL2",3.29647251207099e-05,1.10008702644868,0.972,0.906,0.34823935617518,"2","ARL2"
"EIF3F",3.40008023997918e-05,1.71304879240309,1,0.966,0.3591844765514,"2","EIF3F"
"RSRC11",3.45730887316709e-05,0.860134575063763,0.986,0.97,0.365230109361371,"2","RSRC1"
"CLCC1",3.58699914320137e-05,1.63962119540879,0.958,0.919,0.378930589487793,"2","CLCC1"
"SLC43A3",3.79552611025069e-05,0.917253767012199,0.93,0.851,0.400959378286883,"2","SLC43A3"
"UBR71",3.81139779062067e-05,0.967733816922728,0.915,0.826,0.402636062601168,"2","UBR7"
"ANAPC10",3.92378608708999e-05,0.919630127873059,0.972,0.915,0.414508762240186,"2","ANAPC10"
"HNRNPH1",3.96295246032352e-05,1.7077956937657,1,1,0.418646297908577,"2","HNRNPH1"
"CKB",4.09210886624933e-05,2.0445111384445,0.944,0.953,0.43229038063058,"2","CKB"
"AP2B1",4.15076206505827e-05,0.706523814233639,1,0.979,0.438486504552755,"2","AP2B1"
"CCDC14",4.2048436173614e-05,1.01710974505298,0.93,0.826,0.444199679738058,"2","CCDC14"
"CISD2",4.34282867824987e-05,0.597360000106755,1,0.936,0.458776421570316,"2","CISD2"
"POC5",4.35418077744387e-05,1.21139231165396,0.775,0.574,0.459975657329171,"2","POC5"
"MTRFR",4.36319414158781e-05,1.5563169124475,0.831,0.745,0.460927829117336,"2","MTRFR"
"CHEK2",4.42424240849615e-05,1.19910210658062,0.859,0.715,0.467376968033533,"2","CHEK2"
"RNPS1",4.55151113774033e-05,0.700010340170156,0.986,0.966,0.480821636590888,"2","RNPS1"
"RFC21",4.55326193806727e-05,0.841305915124827,0.944,0.847,0.481006591137426,"2","RFC2"
"SUPT16H1",4.70458410375407e-05,0.491833648529999,1,0.983,0.49699226472058,"2","SUPT16H"
"CBFB",4.71321175607997e-05,1.02368829883272,0.972,0.902,0.497903689912288,"2","CBFB"
"UHRF11",5.05541998276904e-05,0.90375292073824,0.915,0.715,0.534054566979721,"2","UHRF1"
"PMM1",5.07270592315923e-05,0.596751735566763,0.972,0.872,0.535880653722541,"2","PMM1"
"C12orf75",5.11347028797626e-05,1.43878183843443,0.803,0.753,0.540187001221812,"2","C12orf75"
"DESI2",5.25463348788335e-05,0.642731463086331,0.972,0.885,0.555099481659997,"2","DESI2"
"FAF1",5.26614011386872e-05,0.722210744430874,0.958,0.813,0.556315041629092,"2","FAF1"
"RHOA",5.64984927886591e-05,0.34164500336451,1,1,0.596850077819395,"2","RHOA"
"PSMC31",5.68672657972336e-05,0.513126879174719,1,0.996,0.600745795881975,"2","PSMC3"
"VANGL11",5.94466197281207e-05,0.816139155239275,0.93,0.83,0.627994090807867,"2","VANGL1"
"SNRPD1",5.98984839488281e-05,1.56007738970575,0.986,0.983,0.63276758443542,"2","SNRPD1"
"MGME11",5.99158246497034e-05,0.833722773033917,0.972,0.86,0.632950771599466,"2","MGME1"
"BRD7",6.00120440614749e-05,0.727572794949375,0.958,0.847,0.63396723346542,"2","BRD7"
"NNT1",6.0563623117682e-05,0.543383693352304,0.986,0.894,0.639794114615193,"2","NNT"
"CWC15",6.06814725778726e-05,0.330326101306894,1,0.983,0.641039076312646,"2","CWC15"
"CCNH",6.13497982160371e-05,1.22827529240955,1,0.919,0.648099268354216,"2","CCNH"
"MPRIP",6.23916444826289e-05,1.73668596404954,0.887,0.928,0.659105332314492,"2","MPRIP"
"TYK2",6.47198932808291e-05,1.12894427979819,0.873,0.821,0.683700952618678,"2","TYK2"
"VPS29",6.51588517135426e-05,0.480192965061872,1,0.996,0.688338109501864,"2","VPS29"
"RFC41",6.54102037875859e-05,1.0098742346457,0.887,0.766,0.690993392812057,"2","RFC4"
"CIAO2B",6.79448164417895e-05,0.460410712643242,0.986,0.979,0.717769040891064,"2","CIAO2B"
"PAICS",6.88657523848502e-05,0.80166701773764,0.958,0.923,0.727497808193557,"2","PAICS"
"RPS15",6.90519265609257e-05,0.507172480266613,1,1,0.729464552189619,"2","RPS15"
"E2F21",6.96370704782456e-05,1.62016476496681,0.648,0.421,0.735646012532187,"2","E2F2"
"ACADVL",7.03978084655166e-05,0.512777319624066,1,0.996,0.743682448629717,"2","ACADVL"
"SPATS2L",7.13063190505014e-05,1.04217612935236,1,0.979,0.753279954449497,"2","SPATS2L"
"HAUS1",7.26387682934426e-05,0.644115353184132,0.915,0.834,0.767355948251928,"2","HAUS1"
"NUP88",7.31536714935199e-05,1.14700118951536,1,0.966,0.772795385657544,"2","NUP88"
"KATNA1",7.38129641468799e-05,0.56872005207185,0.901,0.745,0.779760153247639,"2","KATNA1"
"TMEM18",7.88889648737356e-05,1.51310473115185,0.817,0.8,0.833383024926143,"2","TMEM18"
"DENND5A",8.11003946339373e-05,1.01566625242516,0.817,0.723,0.856744568912913,"2","DENND5A"
"RNF4",8.15082935055056e-05,0.755352344169951,0.972,0.949,0.861053612592161,"2","RNF4"
"SRGAP21",8.17195787123914e-05,0.861060206285918,0.915,0.77,0.863285629517703,"2","SRGAP2"
"CHCHD31",8.17279733571485e-05,0.572997069098501,1,0.894,0.863374310544917,"2","CHCHD3"
"HSP90B1",8.20940740664522e-05,0.956175192527395,1,1,0.867241798438001,"2","HSP90B1"
"CARD8",8.23901731110688e-05,1.66492991933791,0.817,0.774,0.870369788745331,"2","CARD8"
"RPA1",8.30843599866071e-05,0.788934905920744,0.93,0.919,0.877703178898518,"2","RPA1"
"POLG",8.35987279226291e-05,0.646249463606857,0.986,0.94,0.883136961774654,"2","POLG"
"CEP20",8.39108759504992e-05,0.837419497520755,0.93,0.838,0.886434493541073,"2","CEP20"
"PSMD141",9.25041965169626e-05,0.561483139285784,0.972,0.936,0.977214332005193,"2","PSMD14"
"CCNG1",9.30134942942473e-05,1.18155254535508,0.873,0.868,0.982594553724429,"2","CCNG1"
"C5orf341",9.32126657264831e-05,1.24052958570637,0.592,0.34,0.984698600734568,"2","C5orf34"
"CNIH41",9.32206254058432e-05,0.673893217511239,1,0.991,0.984782686787327,"2","CNIH4"
"NUP351",9.59978937635775e-05,0.859087119676117,0.817,0.63,1,"2","NUP35"
"ABCF1",9.79833113834427e-05,1.11773550325025,0.972,0.949,1,"2","ABCF1"
"CYB5R3",9.86701770757659e-05,0.547346914381024,1,0.97,1,"2","CYB5R3"
"IFT801",0.000101166132180142,0.774214283085775,0.986,0.83,1,"2","IFT80"
"SNX16",0.000103062368779661,1.39025918744314,0.732,0.536,1,"2","SNX16"
"RNASEH2B",0.000103606729035421,1.46367265973637,0.93,0.834,1,"2","RNASEH2B"
"PGAM1",0.000103781937299319,0.849429168462536,1,0.983,1,"2","PGAM1"
"PTBP1",0.000106428072626619,0.52514179337323,1,0.991,1,"2","PTBP1"
"TFAM",0.000106463833911219,0.618512781554703,0.958,0.877,1,"2","TFAM"
"TICRR1",0.00010767976719106,1.30926123601701,0.775,0.617,1,"2","TICRR"
"CALM31",0.000108792487028442,0.705987920065242,0.986,0.987,1,"2","CALM3"
"COPS3",0.000109748582509228,1.08968667006806,0.958,0.911,1,"2","COPS3"
"MAP4K4",0.000112590513522637,0.864456113608298,0.972,0.97,1,"2","MAP4K4"
"UXT",0.000113298121900085,0.385717885523745,1,0.962,1,"2","UXT"
"RBM17",0.000114742048744176,0.456933071548695,1,0.974,1,"2","RBM17"
"MYEF2",0.00011894885840702,1.03471890878967,0.915,0.847,1,"2","MYEF2"
"SUGP2",0.000123483889922005,0.796674260685275,1,0.923,1,"2","SUGP2"
"MOCS2",0.000124097230479459,0.831031316412299,0.93,0.902,1,"2","MOCS2"
"HSPA13",0.000125008792700276,0.774956703913098,0.915,0.791,1,"2","HSPA13"
"G3BP1",0.000127587190348333,0.752866028441075,1,0.979,1,"2","G3BP1"
"ANAPC15",0.000129536375560457,0.58826989514553,0.93,0.881,1,"2","ANAPC15"
"MELTF",0.000130255278971481,0.63703870199305,0.986,0.877,1,"2","MELTF"
"NCL",0.000136610674841942,0.460199321055947,1,1,1,"2","NCL"
"ATAD21",0.000136641255431336,0.834187306407245,1,0.809,1,"2","ATAD2"
"GINS3",0.000137190191233039,1.22833540370228,0.662,0.464,1,"2","GINS3"
"KIF241",0.000137643077505745,1.70369727329162,0.817,0.685,1,"2","KIF24"
"EFCAB11",0.000144554921452045,1.28106514988664,0.859,0.655,1,"2","EFCAB11"
"VEZF1",0.000148946408379258,0.555037367762332,0.972,0.979,1,"2","VEZF1"
"CFAP20",0.000149428233819471,0.953106677525709,0.915,0.826,1,"2","CFAP20"
"DDB2",0.000151331168202651,0.88664902312638,0.915,0.8,1,"2","DDB2"
"TAF1B",0.000152508693859188,1.09059241739146,0.901,0.843,1,"2","TAF1B"
"UACA",0.000152737542586934,0.522336552802737,0.901,0.838,1,"2","UACA"
"TNPO1",0.000152983834450948,1.09996243285187,0.972,0.902,1,"2","TNPO1"
"ACER3",0.00015358280754052,0.647910407604859,0.845,0.702,1,"2","ACER3"
"ITGB1",0.000153619385219184,1.53206243616135,1,0.996,1,"2","ITGB1"
"ODF21",0.000153775109875243,0.749438233497965,0.901,0.757,1,"2","ODF2"
"PSME3IP1",0.000157390492111054,0.603973628096281,0.986,0.957,1,"2","PSME3IP1"
"DSN11",0.000160393635383116,0.834871250325782,0.944,0.774,1,"2","DSN1"
"CTSC",0.000161806588100832,1.41202501626902,0.901,0.864,1,"2","CTSC"
"CDK19",0.000166840480477548,1.09490380860439,0.817,0.579,1,"2","CDK19"
"TSPAN4",0.000167360226441815,0.698990096218246,0.944,0.894,1,"2","TSPAN4"
"UFD1",0.000167876569946657,1.32871973737847,0.986,0.962,1,"2","UFD1"
"CBX11",0.000177687513989611,0.65919097866971,0.958,0.902,1,"2","CBX1"
"IPO7",0.000178131687828431,0.860656288819086,0.986,0.919,1,"2","IPO7"
"SAC3D11",0.000182030233641939,0.94042511758747,0.859,0.677,1,"2","SAC3D1"
"MIS12",0.000186407352078533,0.664486729970907,0.93,0.838,1,"2","MIS12"
"POMZP3",0.000187677131995745,1.16058857908116,0.761,0.643,1,"2","POMZP3"
"NBPF14",0.000192470468090233,1.03754885040853,0.93,0.834,1,"2","NBPF14"
"RBBP7",0.000192607322013094,1.04720216414562,1,0.979,1,"2","RBBP7"
"EIF5",0.000193786291737164,0.629137204553841,1,1,1,"2","EIF5"
"COQ21",0.00020359962630101,0.826471916711434,0.93,0.732,1,"2","COQ2"
"CHAF1A1",0.00020565268818884,0.794817076342302,0.901,0.728,1,"2","CHAF1A"
"GPX4",0.000207140138563489,0.352809105543798,1,1,1,"2","GPX4"
"ATG4B",0.000208459884159629,0.534661833224271,0.986,0.911,1,"2","ATG4B"
"SMS",0.000210902253593659,0.430858977957762,1,0.966,1,"2","SMS"
"IFT25",0.000212538675637974,0.639962193003785,0.972,0.898,1,"2","IFT25"
"WDFY1",0.000221889128287689,0.821766629510471,0.93,0.826,1,"2","WDFY1"
"NUP98",0.000222170512765407,0.695938449313565,0.972,0.919,1,"2","NUP98"
"TRAF21",0.000223536244389422,0.640440422395229,0.93,0.821,1,"2","TRAF2"
"HAGH1",0.000229851755241262,0.603241785086482,0.944,0.906,1,"2","HAGH"
"ACOT7",0.000233189459243333,0.637576569434928,0.93,0.838,1,"2","ACOT7"
"BAP1",0.000234338109998733,0.764224584824869,0.873,0.766,1,"2","BAP1"
"CCDC77",0.000234517853890059,1.12639927600709,0.789,0.719,1,"2","CCDC77"
"LRRFIP2",0.000246185161125734,2.07365644289475,0.944,0.936,1,"2","LRRFIP2"
"FIBP",0.000251048275936361,0.405365664062629,1,0.97,1,"2","FIBP"
"HMGN1",0.000251068939156385,0.567903217846874,1,0.991,1,"2","HMGN1"
"DCLRE1C",0.000251706115032668,0.73466116114814,0.972,0.906,1,"2","DCLRE1C"
"BRCA11",0.000251959107729016,0.933983225919032,0.831,0.609,1,"2","BRCA1"
"TRAPPC4",0.000254783204003184,0.98613719290006,0.958,0.97,1,"2","TRAPPC4"
"MRPL21",0.000259906817007272,0.43819150023779,1,0.928,1,"2","MRPL21"
"SMARCB1",0.000267971822500046,1.42455428880069,0.986,0.902,1,"2","SMARCB1"
"SUV39H11",0.000270389022525297,1.13329784989814,0.789,0.54,1,"2","SUV39H1"
"CEP164",0.000281241327243276,1.90726078597652,0.775,0.719,1,"2","CEP164"
"CEP43",0.000282203994907082,1.64650086626748,0.817,0.677,1,"2","CEP43"
"SEPTIN7",0.000284494393725465,1.36624522398172,1,1,1,"2","SEPTIN7"
"CEP44",0.000285049075722021,1.15713716241512,0.873,0.796,1,"2","CEP44"
"WDHD11",0.000286265084508353,0.822153360051204,0.789,0.57,1,"2","WDHD1"
"MT2A",0.000286578230672463,0.950978987997615,0.901,0.868,1,"2","MT2A"
"HNRNPDL",0.000287886368719903,0.464692907412909,1,1,1,"2","HNRNPDL"
"ILK",0.000320032798760694,0.690969029497364,1,0.949,1,"2","ILK"
"EME11",0.000320173739418284,1.40048367839626,0.901,0.843,1,"2","EME1"
"CEP1281",0.000323665219679414,1.54855930796864,0.563,0.362,1,"2","CEP128"
"MMS22L",0.000332676172467128,1.30877958624183,0.803,0.617,1,"2","MMS22L"
"VIM",0.000335036138291223,1.0477210953331,0.662,0.566,1,"2","VIM"
"RPL36A",0.000335572949875074,1.01588628118545,1,1,1,"2","RPL36A"
"PTGES31",0.000341527581540157,0.413798906922998,1,1,1,"2","PTGES3"
"SNRPC",0.000345551602450422,0.307611263494644,1,0.991,1,"2","SNRPC"
"CD44",0.000355806279613846,0.882381869682547,1,0.987,1,"2","CD44"
"RPS20",0.000359989954710427,1.31986639913714,1,1,1,"2","RPS20"
"TPI1",0.000362097967747221,0.273449226476789,1,1,1,"2","TPI1"
"PCMT1",0.000368447495125546,0.430323410328964,1,0.966,1,"2","PCMT1"
"ADK",0.000372571726562576,0.509569210488555,0.972,0.949,1,"2","ADK"
"EXO11",0.000377222371370056,1.58777425414901,0.62,0.409,1,"2","EXO1"
"RAF1",0.000383703101850763,0.573237101231038,1,0.953,1,"2","RAF1"
"SLC9D1",0.000387864210490863,0.690233669906797,0.972,0.936,1,"2","SLC9D1"
"VDAC31",0.000387938635665552,0.600804433144533,0.972,0.94,1,"2","VDAC3"
"CLTA",0.000395124662364577,0.279623763752173,1,0.979,1,"2","CLTA"
"HAUS3",0.000397031577063389,0.776866723101526,0.873,0.753,1,"2","HAUS3"
"TTC7B",0.000397185579217973,1.44419406021143,0.648,0.506,1,"2","TTC7B"
"POLD2",0.000397312629416113,0.997638619756472,0.972,0.962,1,"2","POLD2"
"MTCH2",0.000397433296155825,0.390815752273457,1,0.987,1,"2","MTCH2"
"FBL",0.000400363428502803,0.599434858212538,0.986,0.928,1,"2","FBL"
"APAF11",0.000405646657547276,0.898837318603491,0.803,0.757,1,"2","APAF1"
"WDR46",0.000416728276186218,0.622709060832751,0.958,0.877,1,"2","WDR46"
"TTLL7",0.000419730416682196,1.09506082267781,0.732,0.647,1,"2","TTLL7"
"CLBA1",0.000421948727587163,0.457891899889647,0.944,0.826,1,"2","CLBA1"
"MACROH2A11",0.000426019745079831,0.615589097928746,1,0.983,1,"2","MACROH2A1"
"NEDD11",0.000426638720492756,0.674241033232182,0.873,0.689,1,"2","NEDD1"
"RGS91",0.000433098904007112,0.754886726094648,0.732,0.511,1,"2","RGS9"
"PXMP4",0.000433421446530913,0.734233079909872,0.915,0.813,1,"2","PXMP4"
"SORBS3",0.000439484124100442,1.00734705049717,0.986,0.945,1,"2","SORBS3"
"CDC71",0.000452868044771293,1.06615523498836,0.746,0.57,1,"2","CDC7"
"PRADC11",0.000456163079923577,0.801627698376681,0.887,0.685,1,"2","PRADC1"
"CEP89",0.000467449661335495,0.582364193569565,0.915,0.83,1,"2","CEP89"
"CETN3",0.000468340677281853,0.982655753868015,0.944,0.847,1,"2","CETN3"
"SHMT11",0.000472180932445276,0.811927431683415,0.887,0.74,1,"2","SHMT1"
"CKLF-CMTM1",0.000475071200987109,0.607737338626954,0.901,0.885,1,"2","CKLF-CMTM1"
"GSTCD1",0.000478998226489891,0.698762161687605,0.817,0.643,1,"2","GSTCD"
"WAPL",0.000483119094630613,0.477713311452943,1,0.936,1,"2","WAPL"
"KPNB1",0.000483488503447926,0.759783518740735,1,0.991,1,"2","KPNB1"
"CALM2",0.000483489164464279,0.920349951723715,1,1,1,"2","CALM2"
"CBR31",0.000487810048222626,0.789825041896464,0.958,0.834,1,"2","CBR3"
"WBP11",0.000488410220230495,0.34193559822669,0.972,0.932,1,"2","WBP11"
"H1-4",0.000493934433429377,1.18792563816431,0.718,0.523,1,"2","H1-4"
"EEIG2",0.000497972612313324,1.14761636065119,0.69,0.557,1,"2","EEIG2"
"PSMG2",0.000499324210269547,1.62057197814179,0.958,0.923,1,"2","PSMG2"
"GPX8",0.000517340487297346,1.21574044457554,0.634,0.481,1,"2","GPX8"
"METTL17",0.00052245494330605,0.629986892004777,0.901,0.851,1,"2","METTL17"
"SRSF3",0.000538853565295705,0.358533310572238,1,1,1,"2","SRSF3"
"PMAIP1",0.000554896759965118,1.06511994983946,0.859,0.766,1,"2","PMAIP1"
"GSTO1",0.000570144955942986,0.493308326855329,1,0.953,1,"2","GSTO1"
"NIP7",0.000576847193456409,0.938683486125524,0.873,0.881,1,"2","NIP7"
"NAP1L1",0.000596701968131219,2.13170479474825,1,0.996,1,"2","NAP1L1"
"RAD181",0.000609458018348219,0.859859037963417,0.873,0.728,1,"2","RAD18"
"PPP2CA",0.000613768007674764,0.781099435975414,1,1,1,"2","PPP2CA"
"GLE11",0.000628140979484382,0.558251456410328,0.944,0.838,1,"2","GLE1"
"SNRPG",0.000638424454134201,0.726808017179268,1,0.996,1,"2","SNRPG"
"AP1S2",0.000639678845673286,0.908624210180235,0.817,0.732,1,"2","AP1S2"
"EIF2B1",0.000641449808091998,0.450142211868161,0.972,0.877,1,"2","EIF2B1"
"WSB1",0.000642020246220287,0.691920660280675,1,0.991,1,"2","WSB1"
"RPS8",0.000649270962782111,0.64668884008239,1,1,1,"2","RPS8"
"TUBB2A",0.000650053085527125,1.07534416835733,0.859,0.847,1,"2","TUBB2A"
"ADORA2B",0.000673004883681383,0.767086366981572,0.761,0.715,1,"2","ADORA2B"
"LIN52",0.000673308591778499,0.949062202914538,0.887,0.728,1,"2","LIN52"
"IARS1",0.000675240651058617,1.30492355464263,1,0.983,1,"2","IARS1"
"RECQL41",0.000697475080601695,1.12880518102408,0.817,0.609,1,"2","RECQL4"
"CARHSP11",0.000709960743435545,0.548950806028396,1,0.962,1,"2","CARHSP1"
"CDC27",0.000724525049674352,1.19501562394944,0.915,0.885,1,"2","CDC27"
"FAM76B",0.000733236825415817,1.25707594818283,0.732,0.638,1,"2","FAM76B"
"SFPQ",0.000746550783840894,0.521789482671851,1,0.987,1,"2","SFPQ"
"RPS3",0.000746554611681161,0.908918171403281,1,1,1,"2","RPS3"
"NOL8",0.000758689872108587,0.700041182123162,0.887,0.817,1,"2","NOL8"
"VBP1",0.000775168434685725,0.428380286574408,1,0.923,1,"2","VBP1"
"KDSR",0.000785039345731153,0.728696420920848,0.958,0.855,1,"2","KDSR"
"PPIE",0.000786346113172964,0.585814862986368,0.915,0.851,1,"2","PPIE"
"HAUS6",0.000790865330515977,0.477970283446859,0.859,0.749,1,"2","HAUS6"
"ODC1",0.000798192976340317,0.351233249825659,0.972,0.851,1,"2","ODC1"
"ACYP11",0.000802470367433861,0.826222518444842,0.958,0.813,1,"2","ACYP1"
"RPA21",0.000822797853874402,0.59880394510832,0.944,0.847,1,"2","RPA2"
"SLC36A4",0.0008405084549441,1.013183240671,0.789,0.634,1,"2","SLC36A4"
"WEE1",0.000841978923109332,0.678727201166848,0.93,0.809,1,"2","WEE1"
"HNRNPD",0.000847720976080879,0.595244709953216,0.986,0.966,1,"2","HNRNPD"
"RAB8A",0.000861471326772056,0.588692029617459,0.972,0.949,1,"2","RAB8A"
"EFCAB5",0.000862109622214335,1.27870291236243,0.648,0.451,1,"2","EFCAB5"
"PPCDC",0.000877573019031352,0.8554079690734,0.746,0.677,1,"2","PPCDC"
"HSPA4L",0.000890450912967689,1.12729315721701,0.732,0.647,1,"2","HSPA4L"
"DNAJB5",0.00090194278951139,1.21267766921817,0.648,0.481,1,"2","DNAJB5"
"LSM6",0.000919147216073224,1.3542798609313,0.873,0.804,1,"2","LSM6"
"SLC37A4",0.000962106375277605,0.753425926340813,0.789,0.745,1,"2","SLC37A4"
"TSSC4",0.000976548336423022,0.521373996551456,0.915,0.838,1,"2","TSSC4"
"NFYB1",0.000980950177775775,0.744783247496749,0.901,0.736,1,"2","NFYB"
"NUTF2",0.000988333248596041,0.344518458441709,1,0.987,1,"2","NUTF2"
"CD591",0.000988338098898645,0.59299381860216,1,0.996,1,"2","CD59"
"SLC3A2",0.000999155584434197,0.478347749914988,1,0.996,1,"2","SLC3A2"
"RBFOX2",0.00103567142815164,0.718857393777038,0.887,0.864,1,"2","RBFOX2"
"SUMO3",0.00103788462219212,0.353293076721489,1,0.991,1,"2","SUMO3"
"LSM3",0.00104345976513653,0.392865590054226,0.972,0.979,1,"2","LSM3"
"NBPF15",0.00105317853382747,0.914750301414863,0.817,0.762,1,"2","NBPF15"
"C11orf24",0.00105337898804492,0.629423772149338,0.901,0.851,1,"2","C11orf24"
"SVIP",0.00105817790601592,2.01536364926289,0.69,0.677,1,"2","SVIP"
"TMEM14B",0.00106062373821825,0.676797403785436,1,0.983,1,"2","TMEM14B"
"ELAC2",0.00106261984803724,0.523828692126082,0.944,0.906,1,"2","ELAC2"
"LMF2",0.00106881193628072,0.667392869232621,0.972,0.902,1,"2","LMF2"
"PPP2R3C",0.00107369941518032,0.888083922154177,0.915,0.872,1,"2","PPP2R3C"
"VMA21",0.00107420452149642,0.395385293448954,0.958,0.945,1,"2","VMA21"
"FIRRM1",0.00107770013850228,1.06894219391186,0.761,0.698,1,"2","FIRRM"
"COMMD41",0.00107771454938788,0.504346810068645,0.986,0.957,1,"2","COMMD4"
"HACL21",0.00109328913988938,0.464565785939951,1,0.906,1,"2","HACL2"
"UBB",0.00110156379589377,0.250975320704715,1,1,1,"2","UBB"
"HMGA1",0.00114387043368613,0.466222813523755,1,0.97,1,"2","HMGA1"
"NAV1",0.00116374548751197,0.749048277301458,0.915,0.906,1,"2","NAV1"
"WDR54",0.00117133332263752,0.554756565961786,0.915,0.83,1,"2","WDR54"
"RPL32",0.00120065530107083,1.00384825158944,1,1,1,"2","RPL32"
"KMT2A",0.00120290809685675,0.732516322250769,0.958,0.945,1,"2","KMT2A"
"HSPA9",0.00122012777350666,0.282353346698873,1,1,1,"2","HSPA9"
"NOP561",0.00123964965938472,0.450064474603307,1,0.957,1,"2","NOP56"
"TMEM258",0.00123989157677418,0.404049376976525,1,1,1,"2","TMEM258"
"RAD54L1",0.00125256189784517,1.86359232743962,0.634,0.506,1,"2","RAD54L"
"THOC31",0.00126548596554299,0.638279437599269,0.887,0.868,1,"2","THOC3"
"SPAG9",0.00128304473855412,0.546505380677841,0.986,0.945,1,"2","SPAG9"
"SNRNP401",0.00128960985667859,0.584379903225921,1,0.889,1,"2","SNRNP40"
"SRGAP2C",0.00129261919229329,1.06353538588118,0.761,0.664,1,"2","SRGAP2C"
"DTD1",0.00129862147998794,0.522857272386269,0.958,0.923,1,"2","DTD1"
"PCBP2",0.00131491545550633,0.406463066267799,1,1,1,"2","PCBP2"
"MED21",0.00134143379320339,0.387655110238651,1,0.919,1,"2","MED21"
"SAP30BP",0.00135755035581187,0.827291139964294,1,0.979,1,"2","SAP30BP"
"ERI2",0.00135779089557397,1.15621131976077,0.803,0.63,1,"2","ERI2"
"YWHAH",0.00137195155403025,0.367425779851534,1,0.966,1,"2","YWHAH"
"TESMIN",0.00138748907505271,0.874270781075563,0.803,0.63,1,"2","TESMIN"
"LMNA1",0.00139410907759174,0.504263263973153,1,1,1,"2","LMNA"
"TM4SF1",0.00140150269789951,0.932907263802981,0.901,0.928,1,"2","TM4SF1"
"RPS7",0.00142398094617247,1.15962881920686,1,1,1,"2","RPS7"
"CAPRIN1",0.00143140172592782,0.370141193921302,1,0.966,1,"2","CAPRIN1"
"TMEM2371",0.00146191714077815,0.701620278158091,0.845,0.774,1,"2","TMEM237"
"ARMC1",0.00148090185716221,0.527362237924983,0.901,0.843,1,"2","ARMC1"
"CNIH1",0.00148512748601504,0.518664629715585,0.986,0.957,1,"2","CNIH1"
"SLC25A3",0.00148550241140599,0.881533352956293,1,1,1,"2","SLC25A3"
"PIP4K2A",0.00149679482887355,0.450270077266986,0.972,0.902,1,"2","PIP4K2A"
"RPS21",0.00150126080349233,0.629022313937478,1,1,1,"2","RPS21"
"MDM2",0.00153323882646084,1.59786774063844,1,0.991,1,"2","MDM2"
"PHGDH1",0.00153733555422453,0.872808495942957,0.859,0.66,1,"2","PHGDH"
"FAM111B1",0.00153993921089257,0.880345531881789,0.746,0.489,1,"2","FAM111B"
"PPP2R5C",0.00154133120656463,1.57775895555622,1,0.991,1,"2","PPP2R5C"
"MARS1",0.00154946467102612,0.62425817171604,1,0.996,1,"2","MARS1"
"SPECC1",0.00155029857254241,0.732245613909337,0.831,0.681,1,"2","SPECC1"
"VAMP3",0.00155449842983657,0.792266922808518,0.972,0.915,1,"2","VAMP3"
"MDFIC1",0.0015803125164171,0.906468801585347,0.761,0.651,1,"2","MDFIC"
"PCNX4",0.00159056751762665,1.12478445911843,1,0.966,1,"2","PCNX4"
"MKKS",0.00159407720500337,2.06842876714758,0.986,0.945,1,"2","MKKS"
"ADSL",0.00160129784488405,1.9381173907481,0.859,0.843,1,"2","ADSL"
"MZT2A",0.00160698173368345,0.678708930901192,1,0.949,1,"2","MZT2A"
"TCEA1",0.00161512320731316,1.29574115876407,1,0.94,1,"2","TCEA1"
"CEP76",0.00164628006300793,1.13698676735796,0.662,0.498,1,"2","CEP76"
"SMIM13",0.00165612963188067,0.597838567295348,0.831,0.668,1,"2","SMIM13"
"EMD",0.00166746891513081,0.356897797552002,1,0.974,1,"2","EMD"
"RPL7A1",0.00166753456211688,0.551908160516554,1,1,1,"2","RPL7A"
"SAR1A",0.00168506169776372,0.502906856761036,1,0.996,1,"2","SAR1A"
"ARL13B",0.00168844407040392,1.26586015639735,0.732,0.655,1,"2","ARL13B"
"ANKRD361",0.00170691687093338,0.918340373570082,0.915,0.877,1,"2","ANKRD36"
"MTBP1",0.00171042948801747,0.804988003848943,0.859,0.723,1,"2","MTBP"
"POLD31",0.00171654185452574,0.680080255263892,0.958,0.809,1,"2","POLD3"
"HAUS51",0.00174204968719804,0.593481825821788,0.915,0.796,1,"2","HAUS5"
"CEP295",0.00174670711090807,0.652487953830974,0.93,0.762,1,"2","CEP295"
"TNFAIP8L1",0.00177387269602636,1.41367473327432,0.662,0.557,1,"2","TNFAIP8L1"
"MTO1",0.00179404208138645,1.6149949921751,0.831,0.689,1,"2","MTO1"
"TTL",0.00179890424950835,0.799028272418156,0.845,0.715,1,"2","TTL"
"ADGRE5",0.00180978410795496,1.41333048433876,0.662,0.579,1,"2","ADGRE5"
"STK17A",0.00191107886323771,0.355267743089955,0.915,0.868,1,"2","STK17A"
"SF3A2",0.00196900992574989,0.608324554049212,1,0.97,1,"2","SF3A2"
"CACYBP",0.00196908736769275,0.487205784350381,1,0.979,1,"2","CACYBP"
"ZNF6951",0.00199253180026959,1.01796908508118,0.465,0.289,1,"2","ZNF695"
"C9orf401",0.00201100595687986,1.11288948557585,0.577,0.426,1,"2","C9orf40"
"VKORC11",0.00202041896830973,0.5630587522814,1,0.97,1,"2","VKORC1"
"NUDT6",0.0020243474000452,1.1597253854414,0.577,0.443,1,"2","NUDT6"
"RPSA",0.00203097099845961,1.19517168519703,1,1,1,"2","RPSA"
"SUN2",0.00203406200243661,0.629965322368836,0.958,0.936,1,"2","SUN2"
"NRDE2",0.0020414493552543,0.731095209770845,1,0.996,1,"2","NRDE2"
"CYCS",0.00205196839128563,0.850547115668119,1,0.987,1,"2","CYCS"
"TMEM971",0.0020560249853383,0.443246504793566,1,0.889,1,"2","TMEM97"
"STAMBPL1",0.00205705691940183,1.12573319615188,0.549,0.404,1,"2","STAMBPL1"
"MTHFD2",0.00206103576701322,0.642955036157573,0.972,0.94,1,"2","MTHFD2"
"CCAR1",0.00206251032600724,0.517497172053497,1,0.979,1,"2","CCAR1"
"SIRAL2",0.00207252817169556,1.20329617153525,0.732,0.634,1,"2","SIRAL2"
"ATL3",0.00215975162198667,0.554907282586288,0.986,0.966,1,"2","ATL3"
"DDX46",0.00216002780455216,0.318018125863865,1,0.991,1,"2","DDX46"
"NUDT151",0.00222026676265363,0.444618600572998,0.958,0.813,1,"2","NUDT15"
"EDC4",0.00225607707444331,1.04100996352834,0.859,0.813,1,"2","EDC4"
"CENPP1",0.00230090675774774,0.971213799574237,0.873,0.766,1,"2","CENPP"
"ZNF1071",0.0023015663692374,0.78500726823479,0.746,0.587,1,"2","ZNF107"
"TMX1",0.0023062972403125,0.304230784738713,0.986,0.932,1,"2","TMX1"
"CORO1C",0.00230775725938215,0.530786312282105,0.972,0.962,1,"2","CORO1C"
"APTX",0.00230800228515493,0.885905764234194,0.986,0.966,1,"2","APTX"
"POLE21",0.00231518427129718,0.956228006435893,0.718,0.579,1,"2","POLE2"
"DHX8",0.00235570811150554,0.571401035161212,1,0.979,1,"2","DHX8"
"EXOSC2",0.00237048457835054,0.623728778760866,0.845,0.783,1,"2","EXOSC2"
"EIF4A31",0.00237369746790073,0.336046701808406,0.986,0.979,1,"2","EIF4A3"
"GRK61",0.00238279933347063,0.476470860661927,0.93,0.864,1,"2","GRK6"
"BBS7",0.00238588595823797,0.955029381487072,0.718,0.638,1,"2","BBS7"
"RPF2",0.0023947817214125,0.731681914789314,0.887,0.8,1,"2","RPF2"
"RPL26",0.00240411155021159,1.45750852521813,1,1,1,"2","RPL26"
"ARHGAP21",0.00246262330205504,1.18900211007148,0.901,0.911,1,"2","ARHGAP21"
"POP5",0.00249170425027834,0.497868925052934,0.944,0.83,1,"2","POP5"
"ITGB1BP1",0.00250324045122885,1.40352204640963,0.972,0.97,1,"2","ITGB1BP1"
"PTDSS11",0.00250665026840946,0.495794431449676,0.972,0.889,1,"2","PTDSS1"
"EXOSC9",0.00254004736435687,0.878623561782302,0.915,0.834,1,"2","EXOSC9"
"DTL1",0.0025430743856576,0.648899813037313,0.845,0.549,1,"2","DTL"
"ASB1",0.00257589360266386,0.768601709469508,0.845,0.762,1,"2","ASB1"
"ITGA3",0.00257754373995667,0.8243520111597,0.901,0.889,1,"2","ITGA3"
"CELF2",0.00258174620673923,0.673090520422083,0.648,0.494,1,"2","CELF2"
"PTAR1",0.00259315612639721,0.44924679294678,0.93,0.855,1,"2","PTAR1"
"MRPL22",0.0025934127334768,0.775259720949109,1,0.966,1,"2","MRPL22"
"PRIM2",0.00263005290412721,1.36486343284235,0.761,0.638,1,"2","PRIM2"
"NPM1",0.00264643705841316,1.72161332118795,1,1,1,"2","NPM1"
"SLF2",0.00266836448589647,0.765323772761994,0.887,0.86,1,"2","SLF2"
"NDUFA6",0.00267319175016745,0.478279584419484,1,0.987,1,"2","NDUFA6"
"CTDSPL2",0.00275396113399595,0.56095615997887,0.958,0.957,1,"2","CTDSPL2"
"SENP11",0.00276122323073702,0.668215571734569,0.873,0.77,1,"2","SENP1"
"NAE1",0.00278511948845983,1.51524063266918,0.944,0.894,1,"2","NAE1"
"ADCY31",0.00280043993011758,0.587836361495871,0.93,0.689,1,"2","ADCY3"
"TSNAXIP1",0.00282812349673178,0.797399146977299,0.746,0.711,1,"2","TSNAXIP1"
"LNPK",0.00285574305572389,1.28550213229617,0.915,0.902,1,"2","LNPK"
"MED24",0.00290563674716671,0.503204307737458,0.93,0.86,1,"2","MED24"
"SEPTIN11",0.00291088678508267,0.477687019037365,1,0.987,1,"2","SEPTIN11"
"SARNP",0.0029251074574117,0.338273219783796,1,0.962,1,"2","SARNP"
"TRIM37",0.00294456020671685,0.789065392430411,0.915,0.843,1,"2","TRIM37"
"RTTN1",0.00298470658035521,0.677027979003173,0.676,0.494,1,"2","RTTN"
"DNAJC11",0.00299759604613614,0.427148267635632,1,0.936,1,"2","DNAJC1"
"MRTO4",0.00301737315903305,0.555698776951158,0.93,0.826,1,"2","MRTO4"
"SLC22A4",0.00304629479693189,0.405282096555615,0.268,0.472,1,"2","SLC22A4"
"STAG11",0.00304833078575584,0.481989194919736,0.972,0.889,1,"2","STAG1"
"ATG12",0.00307455950070179,1.13483467780771,0.972,0.974,1,"2","ATG12"
"NAP1L4",0.0031520628814623,0.381979042847129,1,0.987,1,"2","NAP1L4"
"TAF9",0.00316770577683756,0.918289887874761,1,0.983,1,"2","TAF9"
"LTBP4",0.0032074211388875,1.21966605719548,0.69,0.706,1,"2","LTBP4"
"SLC7A1",0.00324491868302834,0.488290002378737,0.972,0.94,1,"2","SLC7A1"
"GPS2",0.00326320810401159,0.297549648593049,1,1,1,"2","GPS2"
"NSA2",0.00327930719382263,0.791042737957373,1,0.979,1,"2","NSA2"
"SEC11A",0.00334476139913531,0.679552894847032,1,1,1,"2","SEC11A"
"MED301",0.00336050134987431,0.573237867175463,0.958,0.821,1,"2","MED30"
"RB1",0.00336572504144517,0.53870673121283,0.901,0.774,1,"2","RB1"
"TOP3A",0.00338731391631542,0.930599094706861,0.93,0.804,1,"2","TOP3A"
"MTMR2",0.00339772503575353,0.32168621472829,0.93,0.877,1,"2","MTMR2"
"NT5DC3",0.00341642404938036,0.532603182438132,0.887,0.813,1,"2","NT5DC3"
"DYNC2I21",0.00342776143522761,0.530554617479893,1,0.962,1,"2","DYNC2I2"
"GLO11",0.00342797755229762,0.292520380078107,0.986,0.974,1,"2","GLO1"
"TNFRSF12A1",0.00344466636838758,0.770686303595616,0.972,0.97,1,"2","TNFRSF12A"
"SRSF21",0.00346205559787238,0.328541601166892,1,1,1,"2","SRSF2"
"AP3S1",0.00351672692329452,1.71897764664793,0.972,0.885,1,"2","AP3S1"
"DHPS",0.00357909417949909,0.56063170162442,0.93,0.94,1,"2","DHPS"
"HSP90AA11",0.00358308177908961,0.3170950353366,1,1,1,"2","HSP90AA1"
"GOT1",0.00358651801726007,0.765695241176435,0.93,0.877,1,"2","GOT1"
"RNF10",0.00359940340906917,0.629834100910433,0.93,0.966,1,"2","RNF10"
"RPL21",0.00361836070513943,0.569661183377834,1,0.996,1,"2","RPL21"
"TSPAN3",0.00361893632065269,0.595148191793887,0.901,0.864,1,"2","TSPAN3"
"TIMELESS1",0.00363181641463117,0.939948360335038,0.817,0.655,1,"2","TIMELESS"
"BOLA3",0.00372963944921367,0.640673300611728,0.972,0.885,1,"2","BOLA3"
"ZMYM1",0.00376779853432252,1.10433337369021,0.732,0.609,1,"2","ZMYM1"
"BIRC2",0.00378968466810603,0.654696196930332,0.986,0.962,1,"2","BIRC2"
"ARHGAP19-SLIT11",0.00386241216007877,1.88606412262879,0.507,0.379,1,"2","ARHGAP19-SLIT1"
"YTHDC1",0.00387408268207068,0.841735253853699,1,0.97,1,"2","YTHDC1"
"ATG5",0.00387826558719673,0.46443655316467,0.887,0.796,1,"2","ATG5"
"UBE2D2",0.00389318297173902,0.829973983877133,1,0.991,1,"2","UBE2D2"
"DPYSL2",0.00390638696023049,0.257265999061197,0.972,0.919,1,"2","DPYSL2"
"PSMD7",0.00393121383640027,0.396215140616549,1,0.987,1,"2","PSMD7"
"STRIP2",0.00393803082790822,1.03700678288979,0.577,0.379,1,"2","STRIP2"
"PDIK1L1",0.00398967638548076,0.879293611511458,0.634,0.455,1,"2","PDIK1L"
"RPS15A",0.00400832399909179,1.57332969512871,1,0.991,1,"2","RPS15A"
"RAVER1",0.00411810289068559,0.706324627670009,0.915,0.847,1,"2","RAVER1"
"NSMCE4A",0.00412513700015138,0.453876593155497,0.972,0.872,1,"2","NSMCE4A"
"PAF1",0.00412959784057154,0.463460025084147,0.958,0.919,1,"2","PAF1"
"CRADD",0.00414071873413646,0.972389784979177,0.803,0.745,1,"2","CRADD"
"AHI1",0.00416469454800206,1.11606008130781,0.873,0.817,1,"2","AHI1"
"HNRNPM",0.00416664209789941,0.416738481928586,0.986,0.991,1,"2","HNRNPM"
"OSGEP",0.00417309980271585,0.610279448514652,0.873,0.843,1,"2","OSGEP"
"CYB5RL",0.00417688974656794,1.31286813906536,0.521,0.37,1,"2","CYB5RL"
"CHRAC1",0.00426839346694585,0.378084953954626,0.986,0.983,1,"2","CHRAC1"
"SLC12A4",0.00429661141697868,1.23482921441082,0.62,0.587,1,"2","SLC12A4"
"BTBD10",0.00445712882228566,0.593821882992073,0.887,0.779,1,"2","BTBD10"
"PIGK",0.00446428491617179,0.716724439725532,0.817,0.74,1,"2","PIGK"
"OARD1",0.00446521712686421,0.52615893745191,0.944,0.902,1,"2","OARD1"
"MDH11",0.00452208334655868,0.464569167044539,1,0.987,1,"2","MDH1"
"GBE1",0.00453541923517786,0.437309112293618,0.901,0.881,1,"2","GBE1"
"ARL2BP",0.00458006009859502,0.691835273895882,0.944,0.923,1,"2","ARL2BP"
"CHPT1",0.00458879455801298,0.57199942881742,0.901,0.838,1,"2","CHPT1"
"ANKRD18A",0.00460408242624477,1.15209811622565,0.62,0.498,1,"2","ANKRD18A"
"DDX19B",0.0046176372289044,0.746029271179516,0.831,0.757,1,"2","DDX19B"
"ZDHHC20",0.00467273964898918,0.788690024155254,0.972,0.868,1,"2","ZDHHC20"
"CEP250",0.00470636562683069,0.851869763132952,0.901,0.74,1,"2","CEP250"
"PI4K2B",0.00471333744727054,0.821179663724166,0.817,0.706,1,"2","PI4K2B"
"RECQL",0.00477916779938226,0.510753477672862,0.944,0.915,1,"2","RECQL"
"EIF1B",0.00479027782938624,0.462826451884531,0.887,0.902,1,"2","EIF1B"
"PRDX3",0.00488147857431653,0.391358304186361,1,0.987,1,"2","PRDX3"
"METAP2",0.00490463698439236,0.782920407081418,1,0.974,1,"2","METAP2"
"LARP7",0.00497011344510545,1.10939917575175,0.944,0.936,1,"2","LARP7"
"NMT1",0.00499873901262382,1.71085611249839,0.972,0.979,1,"2","NMT1"
"CD74",0.00500696774579978,0.46057767556253,0.817,0.728,1,"2","CD74"
"ZFPL1",0.00507961623325803,0.534499683601714,0.958,0.945,1,"2","ZFPL1"
"PKN2",0.00510964225876887,0.631650012240128,0.972,0.911,1,"2","PKN2"
"NIPAL3",0.00513571646303967,0.571265887278929,0.887,0.834,1,"2","NIPAL3"
"CALCOCO2",0.00516644975842073,0.497417104638287,1,0.949,1,"2","CALCOCO2"
"AMD1",0.00518010676787606,0.474715310843173,0.972,0.902,1,"2","AMD1"
"MAGOHB1",0.00519851941791316,0.385543475249534,0.972,0.847,1,"2","MAGOHB"
"NARF",0.00522795806754073,0.447049637355538,0.986,0.953,1,"2","NARF"
"SNRPA2",0.00524023731164691,0.417378468126334,0.958,0.902,1,"2","SNRPA"
"NUP188",0.00540669145800909,0.631122926564427,1,0.898,1,"2","NUP188"
"NBPF9",0.00542994390694695,0.718247337162607,0.789,0.736,1,"2","NBPF9"
"PPP1R7",0.00548062359368839,0.79002352737272,0.944,0.906,1,"2","PPP1R7"
"ING3",0.00552517192369506,0.499650538723746,0.986,0.911,1,"2","ING3"
"MRPL4",0.00555775595411512,0.402454276873522,0.986,0.945,1,"2","MRPL4"
"NSUN6",0.00566068866787539,0.668327460285858,0.732,0.621,1,"2","NSUN6"
"TRIO",0.00566570820951462,0.708712577169731,0.944,0.911,1,"2","TRIO"
"PSMC1",0.00570551910389439,0.848294833390879,1,1,1,"2","PSMC1"
"SPATA331",0.0057353376118281,0.706650168278338,0.775,0.651,1,"2","SPATA33"
"EIF4H",0.00575925594732363,0.382447236948517,1,0.987,1,"2","EIF4H"
"ELK3",0.00578280028707256,0.722943975789511,0.915,0.885,1,"2","ELK3"
"QTGAL",0.00578682955637189,1.26628182645574,0.873,0.834,1,"2","QTGAL"
"THOC7",0.00586019839591567,0.501350144238579,0.972,0.919,1,"2","THOC7"
"TAF6",0.00587272793846183,0.467964565224896,0.958,0.919,1,"2","TAF6"
"RBM25",0.00589567313212558,0.295697550867705,1,1,1,"2","RBM25"
"CFL2",0.00591611865432529,1.10755622074061,0.887,0.834,1,"2","CFL2"
"HNRNPA3",0.00592327850751739,0.375175741084937,1,0.987,1,"2","HNRNPA3"
"PINX1",0.00593210403222133,1.02716317171893,0.592,0.519,1,"2","PINX1"
"AGAP6",0.00593966871107376,0.867272694288359,0.634,0.523,1,"2","AGAP6"
"RHOC",0.00597890206234131,0.386727990920862,1,0.996,1,"2","RHOC"
"ILKAP",0.00599380188461907,0.413445864584249,0.887,0.83,1,"2","ILKAP"
"DCLRE1B",0.00610281902527188,1.39033610815724,0.577,0.443,1,"2","DCLRE1B"
"NOSIP1",0.0061327108403133,0.37284340130234,0.986,0.953,1,"2","NOSIP"
"MCUR1",0.00620466938442732,0.369766536236591,0.958,0.902,1,"2","MCUR1"
"BUD13",0.00624637011245355,0.958993695431042,0.746,0.621,1,"2","BUD13"
"PPIL1",0.00631595906665172,0.51525320357388,0.944,0.872,1,"2","PPIL1"
"ANKRD36B1",0.00632019357285207,0.565891190584044,0.859,0.783,1,"2","ANKRD36B"
"CWF19L2",0.00632919696461398,0.610094334806871,0.901,0.787,1,"2","CWF19L2"
"SMPD41",0.00636622089708583,0.381001652769442,0.986,0.97,1,"2","SMPD4"
"RP9",0.00645934110082402,0.799764307471799,0.873,0.826,1,"2","RP9"
"RGS12",0.00646546919324686,1.6024212550161,0.761,0.749,1,"2","RGS12"
"ASH2L1",0.00649417166000954,0.440223935742726,0.958,0.813,1,"2","ASH2L"
"WSB2",0.00657606481849338,0.540053047003419,0.958,0.979,1,"2","WSB2"
"MCMDC2",0.00659911110159084,0.510301371435363,0.859,0.774,1,"2","MCMDC2"
"HERC3",0.00660871440175881,0.625895382496717,0.831,0.813,1,"2","HERC3"
"QARS1",0.00663005765438807,0.655162663110898,0.93,0.936,1,"2","QARS1"
"CIAPIN1",0.00663556815923116,0.682452459808707,0.873,0.881,1,"2","CIAPIN1"
"EXOSC1",0.00663822686354831,0.571588544335712,0.873,0.868,1,"2","EXOSC1"
"KCTD9",0.00665038682831431,0.402590320853024,0.944,0.957,1,"2","KCTD9"
"SFMBT11",0.00665050867546513,0.656740640476325,0.817,0.74,1,"2","SFMBT1"
"FAM24B",0.00666921388245689,0.919042255055803,0.606,0.468,1,"2","FAM24B"
"BABAM1",0.0067114933342507,0.337269305340184,0.958,0.949,1,"2","BABAM1"
"TXNDC12",0.00674106263763363,0.359355806894422,0.986,0.932,1,"2","TXNDC12"
"SPG7",0.00680660822477019,1.00729398132878,1,0.949,1,"2","SPG7"
"ELF2",0.00683307064447591,0.491537338642587,0.986,0.923,1,"2","ELF2"
"PHIP",0.00686572884385894,0.403823598989693,0.93,0.902,1,"2","PHIP"
"RUFY2",0.00690170586086891,0.47014603162877,1,0.953,1,"2","RUFY2"
"PIM1",0.00694955771593087,1.18276048722807,0.676,0.647,1,"2","PIM1"
"TBRG1",0.00697483492499229,0.601968181369696,0.93,0.898,1,"2","TBRG1"
"DAZAP1",0.00703080954694379,0.453015290713758,0.986,0.974,1,"2","DAZAP1"
"BAZ1B",0.0070497711540034,0.533206717373471,0.972,0.906,1,"2","BAZ1B"
"PPHLN1",0.0071279274572762,0.591100567325851,1,0.962,1,"2","PPHLN1"
"MCM4",0.00719666472256275,0.535448924909976,0.958,0.86,1,"2","MCM4"
"FZD7",0.00719687327133323,0.669097275302083,0.465,0.302,1,"2","FZD7"
"PRPSAP11",0.00721294767548208,0.519546345975157,0.93,0.838,1,"2","PRPSAP1"
"TMEM161B",0.00722369743633022,1.04413622785062,0.901,0.855,1,"2","TMEM161B"
"ABL2",0.00728687784063542,1.16074847864638,0.958,0.932,1,"2","ABL2"
"KRR1",0.00729373866413852,1.16286933606986,0.986,0.983,1,"2","KRR1"
"NUP621",0.00742342510096283,0.511222594644686,0.986,0.932,1,"2","NUP62"
"CBX31",0.00746250008030414,0.378759025871371,1,0.996,1,"2","CBX3"
"NUMA1",0.0074964254633052,0.324633730413921,1,0.974,1,"2","NUMA1"
"EEF1G1",0.00749664450543297,0.452523218171594,0.986,1,1,"2","EEF1G"
"MAPK7",0.00752473447897528,0.704878748341065,0.662,0.63,1,"2","MAPK7"
"PRKDC1",0.0076582012044053,0.2924826413024,0.972,0.915,1,"2","PRKDC"
"POLR2D1",0.00778400261525292,0.311373945455894,0.986,0.919,1,"2","POLR2D"
"IGFBP7",0.00778898231897918,0.707397433363122,0.775,0.728,1,"2","IGFBP7"
"IFT52",0.00780517176237883,1.15282146998833,0.803,0.774,1,"2","IFT52"
"PER31",0.00799185504106537,0.733255686682085,0.789,0.677,1,"2","PER3"
"ZMYND101",0.00802739015676956,1.51061116540174,0.465,0.323,1,"2","ZMYND10"
"ARPC5",0.00808060950585743,0.379924873469635,0.986,0.996,1,"2","ARPC5"
"GGNBP2",0.00809890460503948,0.418156890073999,1,0.987,1,"2","GGNBP2"
"ATXN7",0.00811624244635456,0.766136783124191,0.887,0.877,1,"2","ATXN7"
"RPL18",0.00817256348153306,0.302351559853182,1,1,1,"2","RPL18"
"LRP31",0.00824215901233742,0.280421956566885,0.239,0.447,1,"2","LRP3"
"MRPL52",0.00837808310170951,1.14332231660796,0.986,0.987,1,"2","MRPL52"
"TP53I131",0.00840424632438896,0.4796052219049,0.944,0.889,1,"2","TP53I13"
"RBM8A",0.00843501771965149,0.699009989849476,1,0.996,1,"2","RBM8A"
"PGP1",0.00844005717873109,0.497089117388895,0.887,0.787,1,"2","PGP"
"EXOSC3",0.00846927025599409,1.20445810825392,0.972,0.945,1,"2","EXOSC3"
"AAK1",0.0085492057235188,1.66834298480369,1,0.966,1,"2","AAK1"
"COPS8",0.0086417451104932,0.460369475850344,0.958,0.945,1,"2","COPS8"
"RBM33",0.0086517988176229,0.358151621536984,0.958,0.915,1,"2","RBM33"
"CDK14",0.00866738928168731,0.793340294926249,0.465,0.311,1,"2","CDK14"
"RPL23A",0.00870498451510016,0.499276204061022,1,1,1,"2","RPL23A"
"RPLP2",0.00870498451510016,1.06297302683142,1,1,1,"2","RPLP2"
"KAT7",0.00873842878017173,0.440192288664688,0.972,0.936,1,"2","KAT7"
"IMPDH2",0.00874161155987574,0.349379329442695,0.972,0.953,1,"2","IMPDH2"
"SUCLG1",0.0087819685269428,0.465044634129997,0.986,0.957,1,"2","SUCLG1"
"SRSF71",0.00886268747294139,0.328077165586425,1,0.991,1,"2","SRSF7"
"POLR1F",0.00890700074006912,0.599509399280673,0.93,0.889,1,"2","POLR1F"
"EPS8",0.00892388400066468,0.467795452921778,0.958,0.906,1,"2","EPS8"
"SNX14",0.0089639645734656,1.77487029035182,0.915,0.919,1,"2","SNX14"
"LSM2",0.00898622344075473,0.463680870094206,0.958,0.911,1,"2","LSM2"
"MALSU1",0.00907458240656212,0.859252141757855,0.958,0.889,1,"2","MALSU1"
"MRPS111",0.00910317564457475,0.303386550503614,1,0.962,1,"2","MRPS11"
"NUP214",0.00912111227432799,0.690757577514836,0.986,0.945,1,"2","NUP214"
"CHUK",0.00916702927754209,0.615430263737516,0.831,0.702,1,"2","CHUK"
"CCDC151",0.00918749377277073,0.981723147066684,0.563,0.413,1,"2","CCDC15"
"TRIOBP",0.00926406923979828,0.480012127396017,0.972,0.945,1,"2","TRIOBP"
"SS18",0.00945386907512247,1.26551783947556,0.986,0.953,1,"2","SS18"
"CEP63",0.0095592101682922,1.15058138926038,0.915,0.885,1,"2","CEP63"
"UHRF2",0.00965075810356719,0.83160055437174,0.873,0.821,1,"2","UHRF2"
"RPL38",0.00969016401413625,1.82012785384738,1,1,1,"2","RPL38"
"S100A2",0.00981902682960567,0.97692845558478,0.634,0.63,1,"2","S100A2"
"RGMB",0.00987808596333584,0.416110669811779,0.986,0.928,1,"2","RGMB"
