"","p_val","avg_log2FC","pct.1","pct.2","p_val_adj"
"VEGFA",1.33404230107104e-06,5.3812542100693,1,0.562,0.0140928228685144
"ZNF630",2.55255928967024e-05,5.3010671300144,1,0.438,0.269652363360764
"PARP11",2.7492273814822e-05,4.33038287751627,0.929,0.562,0.29042838057978
"ABCC5",0.000181140939678137,2.4600737180501,1,0.75,1
"P4HA1",0.000183630235106147,2.15154288047335,1,0.875,1
"UBALD1",0.000409674763581336,3.32247305101482,0.929,0.562,1
"SLC1A1",0.000493086789938424,3.80311761021048,0.643,0.062,1
"CLCN2",0.000618775579530606,4.37925172438393,0.929,0.688,1
"ATP7A",0.000649376034377092,2.38618460316756,1,0.5,1
"KICS2",0.00084330727653037,2.61099372232137,1,0.562,1
"MTRES1",0.000857637916507947,1.32192194767969,1,0.75,1
"ZNF354A",0.000857637916507947,1.58301002785378,1,0.75,1
"INSIG2",0.00089625637817492,2.59151852413712,0.929,0.812,1
"ICA1L",0.00105024886937333,1.18643429972268,1,0.812,1
"LIPT1",0.00123579077334401,1.90201977816522,0.929,0.75,1
"ZG16B",0.00127123228891235,2.01088434115377,0.929,0.688,1
"ZNF771",0.00133512878923447,4.7482551096207,0.857,0.562,1
"ANO7",0.00140672697706878,3.66918676216177,0.714,0.25,1
"PIK3R3",0.00148225852673933,1.90053477211818,1,0.812,1
"SIAE",0.00148576554516,1.84348776181318,1,0.938,1
"DDHD1",0.00148576554516,1.70208049410658,1,1,1
"FAM13A",0.00155865651625509,5.86106525880157,0.857,0.625,1
"ARFGAP3",0.00175610852984241,1.21188442779499,1,1,1
"MARVELD2",0.00177244710977842,4.42450225458309,0.571,0.062,1
"YPEL5",0.00206914086816241,1.08917163454609,1,1,1
"SLC4A11",0.00227767781056154,1.87724302680043,1,0.625,1
"FBXO46",0.00232816512280487,0.261970552398322,1,0.562,1
"CBLB",0.00242432619259692,2.24254120286806,1,0.812,1
"PHLPP1",0.00242432619259692,1.79828944839846,1,0.812,1
"ARLN",0.00242996492809667,0.742204277650518,1,1,1
"RHBDL2",0.00266727317455828,2.64466806599485,1,0.625,1
"LPAR2",0.00279003257229316,1.38391143088,0.929,0.562,1
"TBC1D13",0.00280721008604745,0.73249333175087,1,0.688,1
"ZNF566",0.0028451959090974,1.84955224081913,1,0.938,1
"PPP1R2",0.0028451959090974,1.27980776675808,1,1,1
"DNAH2",0.00290496650539529,1.7968515978237,0.929,0.812,1
"MACROD2",0.00290496650539529,2.07089778618226,0.929,0.812,1
"PHF21A",0.00298540788085488,0.64741051072681,0.929,0.438,1
"KLHL22",0.00300676631068719,1.85130841137648,0.857,0.562,1
"CDC73",0.00332102266720097,1.13257899834148,1,1,1
"MTARC2",0.00343130808176917,0.635641541967778,0.786,0.25,1
"POGZ",0.00381708010803683,0.757132483101633,1,0.875,1
"MR1",0.00386535318512055,0.913451533216978,1,0.938,1
"VMA12",0.00386535318512055,1.37047002259728,1,1,1
"CBR4",0.00392854828175859,1.92523114616233,0.929,0.688,1
"ZNF396",0.00392854828175859,1.7516685694111,0.929,0.688,1
"UBTD2",0.00420844961076394,1.31138853091447,1,0.625,1
"ZBTB26",0.00433116774945863,4.81178528251673,0.571,0.125,1
"TNKS1BP1",0.00442807148197488,1.19743820587045,1,0.875,1
"INSR",0.0044856415961266,1.805796579809,1,1,1
"ZDHHC24",0.0044856415961266,1.20192842246099,1,1,1
"LDB1",0.00487328403221854,0.866639540538112,1,0.625,1
"HEXIM2",0.00498257922982104,2.09922010209158,0.857,0.438,1
"DPM3",0.00502110142039403,1.33251859520362,1,0.75,1
"DNASE1L1",0.00508243986022117,2.36690834651148,0.929,0.562,1
"ACVR1",0.00508791355956006,2.18555566613558,0.857,0.5,1
"BPNT1",0.00519121244331395,1.77045707049419,1,0.938,1
"LIMA1",0.00519121244331395,1.2544477755722,1,1,1
"MGST1",0.00519121244331395,1.20017134781492,1,1,1
"TRIM38",0.00519121244331395,0.997634245853527,1,1,1
"CCM2",0.00530820932842824,1.4488284038647,0.929,0.812,1
"DIXDC1",0.00545920366270258,0.842068247311168,0.857,0.562,1
"TBCD",0.00599088140828107,0.441204790944718,1,0.938,1
"GOSR1",0.00599088140828107,1.30919478480909,1,1,1
"SLC30A4",0.00599088140828107,1.53270391957774,1,1,1
"TEX9",0.00599088140828107,1.99251341415508,1,1,1
"CMYA5",0.00641715605905335,3.19177233722556,0.786,0.312,1
"OPN3",0.00641715605905335,2.75232036970003,0.786,0.312,1
"MTMR1",0.0066296401163024,2.21767156669656,0.857,0.688,1
"ZNF768",0.0066296401163024,2.56145127436818,0.857,0.688,1
"PATJ",0.00680086513330891,1.61555400390884,1,0.875,1
"S1PR2",0.00687944985195732,1.14564321446729,1,0.812,1
"MAP4K3",0.00687944985195732,2.24253195398113,0.929,0.875,1
"BACE2",0.00689559588970565,1.51909867572252,1,0.938,1
"GPR157",0.00689559588970565,1.34655772867648,1,0.938,1
"ZNF664",0.00689559588970565,1.34818130383462,1,0.938,1
"PPARA",0.00689559588970565,1.29093001271774,1,1,1
"QSOX1",0.00689559588970565,0.5991376925386,1,1,1
"ARHGEF11",0.00723979255642226,2.15036003184005,0.929,0.5,1
"GON7",0.00761589621425962,2.01178503683508,0.929,0.625,1
"NSMF",0.0078156724871139,1.65730383087363,1,0.688,1
"STARD10",0.0078156724871139,1.28674972933146,1,0.688,1
"ENTREP3",0.00791561563559466,1.56021216063146,1,0.938,1
"CD164",0.00791561563559466,1.64935329730878,1,1,1
"CLK1",0.00791561563559466,0.683398413250281,1,1,1
"FAM3A",0.00791561563559466,1.25168628949722,1,1,1
"LUC7L2",0.00791561563559466,0.896326040250538,1,1,1
"TBC1D8",0.00791561563559466,0.757613715789141,1,1,1
"MCRIP2",0.00810001603945198,0.701056543916921,0.929,0.812,1
"RFX1",0.00810001603945198,1.82594451257566,0.929,0.812,1
"UQCRHL",0.0087250079810457,1.49167767781067,0.857,0.688,1
"ATP8B1",0.00875987187005056,1.06186173693213,1,0.75,1
"ZNF783",0.00875987187005056,1.34586193875765,1,0.75,1
"AMDHD2",0.00892105718726466,0.724514649212818,1,0.375,1
"DHRS11",0.0089506399191186,1.07793312566809,1,0.688,1
"NIPAL1",0.0089506399191186,2.56536823723596,0.857,0.812,1
"BCL2L13",0.00904264757885942,1.06047387484246,1,0.812,1
"UTP20",0.00904264757885942,1.75998700226374,1,0.812,1
"EIF1AD",0.00906356591226231,0.91918664085052,1,0.938,1
"SLC39A8",0.00950227328716102,1.35507887058094,0.929,0.5,1
"LYRM9",0.00964464448202462,1.67836607065628,0.786,0.25,1
"NOTCH3",0.00975274316746,1.33018772660292,1,0.625,1
"HEMK2",0.00997231002661714,1.58924789505421,0.929,0.625,1
"SYT17",0.00997231002661714,2.17501343702981,0.929,0.625,1
"ESRP2",0.0100132252415244,1.08645656219869,0.857,0.438,1
"CIB2",0.0101949025487256,3.805938945467,0.5,0.125,1
"FN3KRP",0.0102006375553194,0.799906739336222,1,0.875,1
"XPO6",0.0102006375553194,1.32099661900337,1,0.875,1
"C1orf35",0.010328004212548,0.959817639693853,1,0.812,1
"ATXN7L3B",0.010328004212548,1.07481509831265,0.929,0.875,1
"ZNF708",0.0103513293232984,1.95049414861724,1,0.938,1
"SNAP23",0.0103513293232984,0.924801169893015,1,1,1
"TMEM150A",0.0112358406280175,0.98718271100091,0.929,0.312,1
"BFSP1",0.0113682408881559,1.65988521484773,0.929,0.625,1
"TMEM54",0.0117666519337509,1.14548358974291,1,0.812,1
"PIK3C2B",0.0117666519337509,3.20120666737565,0.929,0.875,1
"ARFGAP1",0.0117933052737477,0.690398887533464,1,0.938,1
"MIEF2",0.0117933052737477,1.76392356320839,1,0.938,1
"ZNF250",0.0117933052737477,1.33874385687261,1,0.938,1
"KYAT3",0.0122724327550707,1.58717863527167,0.857,0.625,1
"DSE",0.0123489270156802,1.79687721364535,0.929,0.5,1
"PPFIBP2",0.0127790387571951,2.14320920038437,0.714,0.25,1
"CTPS2",0.0129300743505096,1.11511198270726,1,0.562,1
"SLX4IP",0.0129300743505096,1.41957595547546,0.929,0.625,1
"PCMTD1",0.0129526567985356,1.13561955793704,1,0.75,1
"WDR36",0.0129526567985356,1.32337060525784,1,0.75,1
"DNAJB9",0.0132278683499667,1.79960972325174,0.857,0.5,1
"HDAC10",0.0132278683499667,1.66545747417088,0.857,0.5,1
"CDK20",0.0133933033483258,4.36059371930928,0.5,0.125,1
"EEF2K",0.0134029854697694,1.35883889088222,1,1,1
"GNPTG",0.0134029854697694,0.906248306721247,1,1,1
"MIPOL1",0.0134029854697694,1.52369188577963,1,1,1
"NF1",0.0134029854697694,1.58914454551957,1,1,1
"PGK1",0.0134029854697694,0.639367653556612,1,1,1
"SCAMP4",0.0134029854697694,0.840352517152719,1,1,1
"SSR4",0.0134029854697694,0.65211706591964,1,1,1
"TSC22D3",0.0134029854697694,0.985830176339074,1,1,1
"TTC3",0.0134029854697694,0.95456441870417,1,1,1
"ZNF605",0.0134029854697694,1.11800110332215,1,1,1
"TFR2",0.0136020603389395,2.80372360278875,0.929,0.688,1
"LMBRD1",0.014686843024996,1.17663823397767,1,0.75,1
"TTC13",0.0148567202466878,1.10561120001552,0.929,0.562,1
"ARID5B",0.0149649289562306,1.41639512655647,1,0.875,1
"SLC12A2",0.0149649289562306,2.11694476037559,1,0.875,1
"CNIH3",0.0150039049962463,1.49318763842663,0.857,0.5,1
"HIPK1",0.0151630823735018,1.29763564730473,1,0.812,1
"MORN1",0.0151630823735018,1.30939202280303,1,0.812,1
"CTSS",0.0151630823735018,2.18190693978955,0.929,0.875,1
"IVNS1ABP",0.0151630823735018,1.13425848139021,0.929,0.875,1
"RXYLT1",0.0151966534792459,1.01829028713992,1,0.938,1
"SOX4",0.0151966534792459,2.23479279795977,1,0.938,1
"WDR20",0.0151966534792459,0.789205042229361,1,0.938,1
"ZNF675",0.0151966534792459,1.64723608698141,1,0.938,1
"ADH5",0.0151966534792459,0.703014602564034,1,1,1
"ADNP",0.0151966534792459,0.753505728437459,1,1,1
"ERGIC1",0.0151966534792459,1.06862693659068,1,1,1
"HGSNAT",0.0151966534792459,1.04303714358628,1,1,1
"NAPG",0.0151966534792459,0.736762393529016,1,1,1
"RAB29",0.0151966534792459,1.84625653706431,1,1,1
"STXBP3",0.0151966534792459,1.38055577121468,1,1,1
"TPMT",0.0151966534792459,1.19275250224142,1,1,1
"WIPF2",0.0151966534792459,0.991204749413253,1,1,1
"TSPAN12",0.0153167447923785,2.48409566908985,0.714,0.375,1
"GABPA",0.0155609295455472,1.19032505275749,0.929,0.812,1
"PRICKLE3",0.0155609295455472,1.25172174225393,0.929,0.812,1
"SPIN4",0.0158987448140395,0.806838338674321,0.929,0.5,1
"STON2",0.0166071900410305,2.42067105582339,0.857,0.688,1
"EXOC4",0.0169237018917441,1.28230345360643,1,0.875,1
"MGRN1",0.0169237018917441,1.15432761774835,1,0.875,1
"MYO6",0.0169237018917441,1.31206731832407,1,0.875,1
"POGLUT1",0.0169910779044602,1.32357746846005,1,0.688,1
"ABCC6",0.0169910779044602,2.32611316809656,0.929,0.75,1
"EPHA1",0.0169910779044602,1.04998641374935,0.929,0.75,1
"POLN",0.0169910779044602,2.08881512666355,0.929,0.75,1
"IDUA",0.0170032630743451,3.35085066972535,0.786,0.375,1
"PIGM",0.017152455763862,1.12301887399321,1,0.812,1
"AK4",0.0171894651229597,1.04609886262349,1,0.938,1
"ADGRV1",0.0171894651229597,1.64519664585248,1,1,1
"GANC",0.0171894651229597,1.3952578041521,1,1,1
"GTF2H5",0.0171894651229597,0.601354245251566,1,1,1
"TMEM154",0.0171894651229597,0.985920909392959,1,1,1
"LYSMD1",0.0173701109541549,1.22511187143919,0.857,0.375,1
"UBXN2B",0.0174552283541751,1.13009407610654,0.929,0.938,1
"CGNL1",0.0178886958309632,1.34386297506437,0.929,0.438,1
"DNLZ",0.0178886958309632,1.10437696426023,0.929,0.438,1
"SLC29A2",0.0178886958309632,1.64915525250063,0.929,0.438,1
"CBX8",0.0178886958309632,1.85139766070184,0.786,0.562,1
"VARS2",0.0179776778277527,3.99327333323616,0.571,0.188,1
"DNAJC4",0.0183742734755774,1.22242934318211,1,0.625,1
"SUSD6",0.0183742734755774,2.0104204742501,1,0.625,1
"CPNE7",0.0186804568132171,1.57390238127892,0.714,0.25,1
"CMTM8",0.0187083754304478,1.45603658358147,0.714,0.312,1
"TAPBPL",0.0187499232839721,1.87543191463739,0.786,0.438,1
"TCEANC",0.0187527839107622,1.70212327591227,1,0.75,1
"ADSS1",0.0189267595304514,1.86691830936287,0.786,0.5,1
"NEO1",0.0189710029746049,1.30380892490541,0.929,0.562,1
"OTUD1",0.0189710029746049,1.2583362990495,0.929,0.562,1
"DENND4C",0.0190959766074994,1.11830514448779,1,0.875,1
"GDF15",0.0191761704287174,2.67687827787019,0.857,0.5,1
"CCNG2",0.0191796774471382,3.02687566113041,0.929,0.75,1
"EXD3",0.0191796774471382,2.24576595683834,0.929,0.75,1
"RAPGEF2",0.0191796774471382,1.30737853087632,0.929,0.75,1
"TGFB3",0.0192470672128675,0.277488978640072,0.857,0.312,1
"BAHCC1",0.0192470672128675,2.2425895467435,0.714,0.438,1
"INTS7",0.019357888994959,1.10979067867418,0.929,0.875,1
"CXXC5",0.019399560625604,1.075904401229,1,0.938,1
"KLHL24",0.019399560625604,1.16017305868407,1,0.938,1
"METAP1",0.019399560625604,1.45288656710667,1,0.938,1
"PRICKLE2",0.019399560625604,1.87346049171539,1,0.938,1
"SORT1",0.019399560625604,1.0941419783491,1,0.938,1
"TRAF5",0.019399560625604,0.983421442976054,1,0.938,1
"VPS4B",0.019399560625604,1.02717970205644,1,0.938,1
"ENAH",0.019399560625604,0.868134544268727,1,1,1
"MRNIP",0.019399560625604,1.52998042439591,1,1,1
"PDCD4",0.019399560625604,1.37536928307892,1,1,1
"PLEKHA1",0.019399560625604,1.59586188152945,1,1,1
"RRM2B",0.019399560625604,1.4642387225275,1,1,1
"TACSTD2",0.019399560625604,1.38929645019003,1,1,1
"TM9SF3",0.019399560625604,1.03898092278018,1,1,1
"UGGT1",0.019399560625604,0.992551930911002,1,1,1
"UNC45A",0.019399560625604,0.654137289157636,1,1,1
"UQCRC2",0.019399560625604,0.804984608908547,1,1,1
"FAN1",0.0194048005237148,2.34363690246894,0.643,0.25,1
"RBM12B",0.0196689821583875,2.24218237152523,0.929,0.688,1
"TSGA10",0.0197901049475262,2.50722575113355,0.571,0.125,1
"METTL18",0.0202810737733987,1.1841522557377,0.929,0.5,1
"SLC25A38",0.0202810737733987,1.32182505926243,0.857,0.562,1
"GPSM1",0.0211853068993539,1.02460283053251,0.786,0.438,1
"ZBTB46",0.0213535337594362,2.30161216347821,0.857,0.438,1
"IRF2BP1",0.0213535337594362,1.19270509681952,0.786,0.5,1
"LRRC61",0.0213893053473264,3.02790245184274,0.5,0.125,1
"SWT1",0.0213893053473264,3.07161405818561,0.5,0.125,1
"CC2D1A",0.0214978303761775,0.900631803919494,1,0.875,1
"CPEB2",0.0214978303761775,1.7551606643521,1,0.875,1
"GDE1",0.0214978303761775,1.13177664169627,1,0.875,1
"INTS8",0.0214978303761775,0.929655637551438,1,0.875,1
"STAP2",0.0214978303761775,1.22430579088403,1,0.875,1
"PCYT1A",0.0218437599225843,1.40771864132553,0.929,1,1
"CXorf38",0.0218437599225843,0.847893939624607,1,0.938,1
"CHMP3",0.0218437599225843,0.347340279306496,1,1,1
"CREBRF",0.0218437599225843,1.84773591527448,1,1,1
"SAMHD1",0.0218437599225843,1.02108779360914,1,1,1
"STOM",0.0218437599225843,1.04715106569046,1,1,1
"TAF7",0.0218437599225843,0.5293538868562,1,1,1
"ZNF57",0.0221388445783988,0.522427753051222,0.857,0.375,1
"DCUN1D3",0.0221390783796269,0.643978562357706,0.929,0.688,1
"SLC10A7",0.0221870351374021,0.440716698539599,0.714,0.188,1
"HOXB5",0.0221870351374021,2.14671748426004,0.643,0.25,1
"RNF144B",0.0227291789261888,2.21692922583951,0.857,0.625,1
"CIDEB",0.0238120912024209,0.961655269765185,0.714,0.25,1
"RAB27B",0.0238120912024209,3.11499754121682,0.714,0.25,1
"RELL2",0.0240346287124755,1.47828312515297,0.786,0.5,1
"SEC31B",0.0240346287124755,2.11724452128045,0.786,0.5,1
"DGLUCY",0.0241493701033899,1.35239677836283,1,0.875,1
"DUSP2",0.0241879060469765,4.23044888915791,0.429,0.125,1
"ANK3",0.0242743574892981,2.19887368440421,0.929,0.75,1
"TRIM3",0.0242838745745806,2.56977432916348,0.857,0.5,1
"MCM2",0.0244909674505711,1.01021004758549,1,0.812,1
"TMEM62",0.0244909674505711,0.904181975592086,1,0.812,1
"PTPN13",0.0245009658913233,4.76855587301512,0.643,0.5,1
"CHMP1B",0.0245420186363647,0.637466342343513,1,0.938,1
"AP3D1",0.0245420186363647,0.903693843704662,1,1,1
"BROX",0.0245420186363647,0.71790752358023,1,1,1
"CCT8",0.0245420186363647,0.523077269013895,1,1,1
"MYNN",0.0245420186363647,0.5524319216896,1,1,1
"NAMPT",0.0245420186363647,1.55043650103,1,1,1
"NIBAN1",0.0245420186363647,0.651002693928795,1,1,1
"TIMM10B",0.0245420186363647,0.871187275538658,1,1,1
"ARHGAP45",0.0248655445239196,1.33072586992168,0.929,0.688,1
"C1orf198",0.0249346671693393,1.01599559034834,0.929,0.938,1
"MAML3",0.0252442199952656,2.80696774830734,0.643,0.25,1
"PTGFRN",0.0255542129176209,2.88347556441298,0.643,0.312,1
"PAIP2B",0.0256434149626252,1.18137675791165,0.929,0.5,1
"NOP9",0.0256434149626252,1.65874619965212,0.857,0.562,1
"SMCR8",0.0256434149626252,0.715263549633611,0.857,0.562,1
"ZNF836",0.0256434149626252,1.56986825230178,0.857,0.562,1
"ATP9A",0.0261498834346157,1.58558550692079,1,0.625,1
"LMAN2L",0.0261498834346157,1.02450879934965,1,0.625,1
"ZNF337",0.0261498834346157,1.76124647751156,0.857,0.75,1
"ALG6",0.026611585847943,0.807791009002172,1,0.75,1
"COQ8A",0.026611585847943,1.02531737495643,1,0.75,1
"TEAD3",0.026611585847943,1.28157054841953,0.857,0.875,1
"UBR3",0.0266612892384217,0.383451174169032,0.929,0.625,1
"CES4A",0.0266612892384217,1.92434029647137,0.857,0.688,1
"SYNJ1",0.0269280839456432,1.6684201700704,0.929,0.562,1
"RARA",0.0269994345792359,1.39713970082193,0.857,0.438,1
"COL27A1",0.0270681721402801,2.13775506481715,1,0.875,1
"F11R",0.0270681721402801,0.863022332526773,1,0.875,1
"NEK6",0.0270681721402801,1.01651029240961,1,0.875,1
"UBFD1",0.0270681721402801,0.943013149307931,1,0.875,1
"C11orf52",0.0271885110076542,2.83050589282924,0.571,0.25,1
"TICAM1",0.0272192764986616,0.865622479559966,1,0.688,1
"GDPD1",0.0272192764986616,2.48169894794658,0.929,0.75,1
"CCDC149",0.0272422027720229,1.62309366970052,0.857,0.5,1
"LDOC1",0.0272422027720229,1.82276741256953,0.857,0.5,1
"CPEB4",0.0274570248415524,1.24487253777697,1,0.812,1
"MMUT",0.0274570248415524,1.04140475829817,1,0.812,1
"ZNF107",0.0274570248415524,0.749744750449042,1,0.812,1
"PLA2G12A",0.0275127382988932,1.67761922189197,0.929,1,1
"ACACA",0.0275127382988932,1.2361296280145,1,0.938,1
"ADSS2",0.0275127382988932,0.715302755293812,1,0.938,1
"CHERP",0.0275127382988932,1.1631497875187,1,0.938,1
"KLHL8",0.0275127382988932,1.34633851333674,1,0.938,1
"LAGE3",0.0275127382988932,0.738029887932825,1,0.938,1
"UTP14C",0.0275127382988932,1.70395445524922,1,0.938,1
"AHR",0.0275127382988932,0.984414548232104,1,1,1
"ANKRD10",0.0275127382988932,1.51489015557572,1,1,1
"BTF3L4",0.0275127382988932,0.593186505557709,1,1,1
"CDK5RAP3",0.0275127382988932,0.357254026548322,1,1,1
"DBN1",0.0275127382988932,1.19747377632183,1,1,1
"ECHDC2",0.0275127382988932,0.981437416509956,1,1,1
"FTH1",0.0275127382988932,0.427392189785504,1,1,1
"RAB13",0.0275127382988932,0.694191192919435,1,1,1
"SERHL2",0.0275127382988932,1.63086264007415,1,1,1
"SLC25A45",0.0275127382988932,1.19887730152992,1,1,1
"SQSTM1",0.0275127382988932,0.830904579520951,1,1,1
"WTIP",0.0275127382988932,1.58514517854525,1,1,1
"WARS2",0.0278651592676313,0.856890091634645,0.929,0.688,1
"HNRNPUL2-BSCL2",0.0280970625798211,2.12557545210955,0.357,0.062,1
"TSSK3",0.0280970625798211,4.69158638969822,0.357,0.062,1
"DNAAF19",0.0280970625798214,4.85884798458357,0.357,0,1
"PDZRN3",0.0280970625798214,4.00896105044221,0.357,0,1
"ZNF691",0.0280970625798214,5.58457681095434,0.357,0,1
"AJM1",0.0286090872692308,1.48004782136104,0.643,0.25,1
"HARBI1",0.0287393558122899,1.62407355804313,0.857,0.562,1
"NOSTRIN",0.0287393558122899,1.32369264805205,0.857,0.562,1
"FN3K",0.0297776808190333,1.29974493027603,1,0.75,1
"PGGHG",0.0298472298078687,0.815645444451886,1,0.562,1
"MAMSTR",0.030084730596518,0.831654226391109,0.714,0.25,1
"ZNF251",0.0302526411372916,2.2592457871318,0.786,0.5,1
"DNAJA3",0.0302760762721495,0.740258925043771,1,0.875,1
"DTWD1",0.0302760762721495,1.04724517944934,1,0.875,1
"DZANK1",0.0302760762721495,1.26564450608889,1,0.875,1
"IL4R",0.0302760762721495,0.726173128460852,1,0.875,1
"KLF4",0.0302760762721495,1.30834514278727,1,0.875,1
"CD24",0.0304561032177411,2.93008959765106,1,0.688,1
"KLF5",0.0304561032177411,1.00050173345884,1,0.688,1
"ELF1",0.0307158701351078,0.971560319821938,1,0.812,1
"MORN3",0.0307158701351078,1.61449160812219,1,0.812,1
"TMEM63B",0.0307158701351078,1.41867510359516,1,0.812,1
"KCNE4",0.0307776624243778,1.52802431522484,1,0.938,1
"RXRA",0.0307776624243778,0.355527314252408,1,0.938,1
"BNIP2",0.0307776624243778,0.742560430736615,1,1,1
"CRCP",0.0307776624243778,0.974196725632743,1,1,1
"GIPC1",0.0307776624243778,0.752920099695817,1,1,1
"ISCA1",0.0307776624243778,0.795820331816628,1,1,1
"TMEM167B",0.0307776624243778,1.24616471641747,1,1,1
"TPD52L1",0.0307776624243778,0.997446464538216,1,1,1
"IFT27",0.0309121668955683,1.52477358001717,0.786,0.375,1
"AGR2",0.0309121668955683,1.69872144578125,0.714,0.438,1
"RSAD1",0.031161233968499,1.22632284336707,0.929,0.688,1
"CCDC138",0.031279248576606,1.06027050794344,0.929,0.938,1
"FEM1C",0.031279248576606,1.10854891100514,0.929,0.938,1
"EIF4EBP3",0.0313817222795552,0.625601366125594,0.857,0.375,1
"TMEM177",0.0320571327683252,1.83601458753085,0.714,0.375,1
"PICK1",0.032145757186766,1.24885526528125,0.786,0.562,1
"NAP1L5",0.0322816369592982,2.74899053338198,0.571,0.312,1
"MUC20",0.0331167749458603,2.50563101070161,0.5,0.188,1
"TRMT11",0.0333451024745626,1.03576008413028,1,0.562,1
"ITPR1",0.033647063637084,2.23404904990506,0.786,0.438,1
"NEBL",0.033647063637084,2.49746818473532,0.786,0.438,1
"AXIN2",0.033744187417815,0.874464637590379,0.714,0.25,1
"GPCPD1",0.0337921579286036,1.16498891110153,1,0.875,1
"H1-10",0.0337921579286036,0.437147558247856,1,0.875,1
"KIF3A",0.0337921579286036,1.12217992648504,1,0.875,1
"ZBTB41",0.0337921579286036,1.13772418739214,1,0.875,1
"NFIL3",0.0338386018549033,1.85235065530435,0.786,0.5,1
"LYZ",0.0338386018549033,1.76692782636361,0.714,0.562,1
"LZTS2",0.0340058935100733,1.06808584708371,1,0.688,1
"ETNK2",0.0340058935100733,1.30199908478199,0.929,0.75,1
"TGFBRAP1",0.0340058935100733,1.49818697396712,0.929,0.75,1
"UBQLN2",0.0340058935100733,1.24331638489322,0.929,0.75,1
"CCDC120",0.034289590670781,1.75405231310817,1,0.812,1
"POLB",0.034289590670781,1.21182745268983,0.929,0.875,1
"GSTO2",0.0343565953521347,1.0282882764018,1,0.938,1
"ACAP2",0.0343565953521347,0.988941053100017,1,1,1
"APPBP2",0.0343565953521347,0.94552565414079,1,1,1
"EIF2A",0.0343565953521347,0.719839242725845,1,1,1
"HOMER2",0.0343565953521347,2.45493332231057,1,1,1
"IL6ST",0.0343565953521347,1.14867326612351,1,1,1
"NFE2L1",0.0343565953521347,1.09823983325658,1,1,1
"OTUB1",0.0343565953521347,0.449367874217472,1,1,1
"SUMO1",0.0343565953521347,0.527504315010855,1,1,1
"TBCK",0.0343565953521347,1.48820023133364,1,1,1
"ZHX1",0.0343565953521347,0.702962017837383,1,1,1
"ZNF830",0.0351111819391301,2.21548367085972,0.714,0.5,1
"DGKE",0.0351668403844174,2.06523546822562,0.929,0.812,1
"HOXB6",0.0358749280330595,1.6270685353126,0.786,0.625,1
"PPP1R9B",0.0363469727124741,1.50008251625392,0.643,0.25,1
"AMIGO1",0.0367478455474706,1.01418222717725,0.643,0.312,1
"OBSCN",0.0371741614572831,3.20751199082056,0.857,0.688,1
"PPP1R26",0.0371758668309463,1.02258692178275,0.786,0.312,1
"CYB5D1",0.0375473357232632,1.50150203416057,0.786,0.438,1
"FAM227B",0.0377573167320708,2.16155100014682,0.786,0.5,1
"TMC5",0.0377573167320708,8.35823603384982,0.786,0.5,1
"H2BC12",0.0381989947578669,0.63271635601625,1,0.812,1
"MAPT",0.0382271471763258,2.83710457044812,0.714,0.312,1
"ACSL3",0.0382728484399011,0.906863343029845,1,0.938,1
"MAP2K7",0.0382728484399011,2.06728767216006,1,0.938,1
"PPP1R12B",0.0382728484399011,1.41929362707874,1,0.938,1
"ZNF395",0.0382728484399011,1.29911998159998,1,0.938,1
"ARHGAP1",0.0382728484399011,0.324364606542704,1,1,1
"MRPL20",0.0382728484399011,0.299974161689113,1,1,1
"QTRT1",0.0382728484399011,0.705337934153786,1,1,1
"RAB11FIP1",0.0382728484399011,0.720989435495495,1,1,1
"TMEM45A",0.0382728484399011,1.53771382070984,1,1,1
"TSC2",0.0382728484399011,0.689533710027896,1,1,1
"ZBED5",0.0382728484399011,0.748540611483227,1,1,1
"IRX3",0.0386657170210905,1.8476124755462,0.714,0.438,1
"GATA3",0.03872291580388,1.94436853035277,0.929,0.688,1
"GLI3",0.03872291580388,1.14979092842287,0.929,0.688,1
"CDR2L",0.0399606870111555,0.909945990727292,0.929,0.5,1
"DAPP1",0.0399606870111555,2.922434095135,0.857,0.562,1
"STK36",0.0401807764848225,1.97799170496397,0.714,0.375,1
"LRIF1",0.0406393844701316,1.10025988532321,1,0.625,1
"GDPD3",0.0407199908817522,1.30230359071549,0.643,0.25,1
"CABLES1",0.0407199908817522,2.18245149312782,0.571,0.312,1
"ABLIM1",0.0412059123517017,1.04954390651501,1,0.75,1
"MTG1",0.0412059123517017,1.28472844048883,1,0.75,1
"LDLRAD4",0.0413434424858434,4.29146882163072,0.643,0.312,1
"METTL25",0.0413605649875441,1.29037588893961,1,0.562,1
"SYBU",0.0413605649875441,0.854052069630713,0.929,0.625,1
"IRF5",0.0417374250611193,1.46743618068483,0.786,0.688,1
"ANKZF1",0.0418392523724378,0.917811386411062,1,0.875,1
"H4C9",0.0418392523724378,0.651812411247234,1,0.875,1
"ZBTB11",0.0418392523724378,0.902301155659277,1,0.875,1
"IPMK",0.0420541982190878,1.81185053930745,0.786,0.5,1
"USP45",0.0420541982190878,2.20889644894473,0.786,0.5,1
"IRF2BP2",0.042133828166756,0.676669353657511,1,0.688,1
"PRKCH",0.042133828166756,1.30755728206603,0.929,0.75,1
"TRRAP",0.042133828166756,2.04002546788579,0.929,0.75,1
"MAP3K8",0.0422265647362077,0.925592465029736,0.857,0.5,1
"CDKN2A",0.0423296435717471,2.4103805770041,0.571,0.375,1
"PLA2R1",0.0424678613565594,1.82731577540924,1,0.812,1
"RND1",0.0424678613565594,0.759885744871498,1,0.812,1
"SIK2",0.0424678613565594,0.863625569858904,1,0.812,1
"HECA",0.0424678613565594,1.02901545500109,0.929,0.875,1
"POLA2",0.0424678613565594,1.28577712769659,0.929,0.875,1
"WDR55",0.0425475325632677,0.919324987579128,0.929,1,1
"FRMD4B",0.0425475325632677,1.1084504490397,1,0.938,1
"ICA1",0.0425475325632677,1.21199336955423,1,0.938,1
"MYO9A",0.0425475325632677,0.680494921462432,1,0.938,1
"PTGR3",0.0425475325632677,0.90899399405058,1,0.938,1
"STXBP2",0.0425475325632677,0.958185574259602,1,0.938,1
"DARS1",0.0425475325632677,0.559402766861274,1,1,1
"GGA1",0.0425475325632677,0.715426252364701,1,1,1
"HOOK2",0.0425475325632677,1.02993013336839,1,1,1
"LRIG2",0.0425475325632677,2.36430856647383,1,1,1
"LRPPRC",0.0425475325632677,0.757631631699166,1,1,1
"NCOA3",0.0425475325632677,0.884977561431409,1,1,1
"PLPP5",0.0425475325632677,0.909547972020871,1,1,1
"RAB10",0.0425475325632677,0.686926337657527,1,1,1
"RABL2B",0.0425475325632677,0.437322593088738,1,1,1
"RHBDF2",0.0425475325632677,0.607935044385529,1,1,1
"SLC9A7",0.0425475325632677,1.42399353526489,1,1,1
"SYNRG",0.0425475325632677,1.20316066111436,1,1,1
"VPS25",0.0425475325632677,0.443958433896644,1,1,1
"ZNF273",0.0425475325632677,1.21888106141651,1,1,1
"NECTIN1",0.0427025977895126,1.58264035597574,0.714,0.312,1
"TMCC3",0.0427025977895126,0.882557531384293,0.714,0.312,1
"STEAP3",0.0430327938885735,0.949249074447224,0.929,0.688,1
"ENGASE",0.0430991521782969,1.99680131869015,0.714,0.438,1
"USP36",0.0432558127540976,1.12178997329026,0.929,0.938,1
"PTPN4",0.0435368280771895,1.53902634462631,0.929,0.812,1
"SLC52A3",0.0435368280771895,1.44505971333554,0.929,0.812,1
"SSH3",0.0435368280771895,0.724377280178368,0.929,0.812,1
"NOMO1",0.0448301889646852,0.856718505113742,0.714,0.375,1
"CLYBL",0.0460791826309068,5.50155973380698,0.357,0.062,1
"PRMT6",0.0463418101750639,1.08224450803986,0.929,0.562,1
"CYBRD1",0.0464154575618967,1.43908163962689,1,0.875,1
"IFI6",0.0464154575618967,1.18296775111213,1,0.875,1
"GALNT4",0.0464833424361091,1.30067169002882,0.786,0.438,1
"SPATA2L",0.0467396848531358,0.928905581311577,0.857,0.438,1
"CLDN15",0.0467396848531358,1.26698132575759,0.714,0.562,1
"CEBPD",0.046757288710306,0.717804887126763,1,0.688,1
"KALRN",0.046757288710306,2.32506226298921,0.929,0.75,1
"BEST1",0.0471181677822938,1.01431853913965,1,0.812,1
"ZNF726",0.0471181677822938,0.70107390335233,1,0.812,1
"MLLT3",0.0471181677822938,2.51197255864134,0.857,0.938,1
"RBM4B",0.0471181677822938,0.903821089607463,0.929,0.875,1
"TYMP",0.0471181677822938,0.941319248099484,0.929,0.875,1
"GRIPAP1",0.0472053068752861,0.907901211108449,1,0.938,1
"H1-0",0.0472053068752861,0.799532265278686,1,0.938,1
"OTUD6B",0.0472053068752861,0.901739893535851,1,0.938,1
"PEF1",0.0472053068752861,0.540726726894175,1,0.938,1
"PRPF38A",0.0472053068752861,0.621034735328232,1,0.938,1
"UMPS",0.0472053068752861,1.28863226821399,1,0.938,1
"ZSWIM8",0.0472053068752861,0.868679253093362,1,0.938,1
"CD46",0.0472053068752861,0.578664876526208,1,1,1
"CIAO1",0.0472053068752861,0.733702381408134,1,1,1
"CSRP1",0.0472053068752861,0.749991554202129,1,1,1
"CYP51A1",0.0472053068752861,0.626983850927993,1,1,1
"DHRS7",0.0472053068752861,0.711811178135932,1,1,1
"ODR4",0.0472053068752861,1.22921948631727,1,1,1
"PLXNA3",0.0472053068752861,1.49863953026263,1,1,1
"PSMD11",0.0472053068752861,0.727022500737823,1,1,1
"RLIM",0.0472053068752861,0.691865585536724,1,1,1
"SMARCA4",0.0472053068752861,0.850159893635829,1,1,1
"SMIM14",0.0472053068752861,0.941086877025656,1,1,1
"SP3",0.0472053068752861,0.905930753304821,1,1,1
"STAT6",0.0472053068752861,0.538350666467135,1,1,1
"TEX10",0.0472053068752861,0.975045608229346,1,1,1
"ZBTB43",0.0472053068752861,3.10747686725089,1,1,1
"NARS2",0.0477289391080173,1.10475293934458,0.929,0.688,1
"PARP10",0.0477289391080173,1.03959617623639,0.929,0.688,1
"TMEM45B",0.0477289391080173,1.92051722092652,0.929,0.688,1
"ZNF805",0.0477761119440281,0.895234426460334,0.571,0.188,1
"CIMAP1B",0.0479620389323743,1.48184276704753,0.786,0.375,1
"TSPYL2",0.0479620389323743,1.33661832499546,0.786,0.375,1
"VDR",0.0479620389323743,2.96857295929692,0.714,0.438,1
"GPATCH2",0.0479951561886756,1.17099960637572,0.929,0.938,1
"NAA40",0.0479951561886756,0.926444603091189,0.929,0.938,1
"DSC2",0.048293857887018,1.1598109761407,0.929,0.812,1
"SHROOM3",0.048293857887018,1.16446123770509,0.929,0.812,1
"TMEM8B",0.048293857887018,2.0269953043171,0.929,0.812,1
"ALS2CL",0.0490671898312969,1.13718333872141,0.857,0.625,1
"NAALADL2",0.049464266834591,1.20587109172024,0.786,0.562,1
"ZNF668",0.049464266834591,0.98597002930008,0.786,0.562,1
"PRAG1",0.0498500526138719,1.70897191733173,0.714,0.375,1
"ALMS1",0.0500477934407408,1.59550891967102,1,0.625,1
"LRRC42",0.0500477934407408,0.791547340313945,1,0.625,1
"CYB5R2",0.0506602838931411,1.30403042942477,1,0.75,1
"SLC26A11",0.0506602838931411,0.949211694246283,1,0.75,1
"UBE2O",0.0506602838931411,0.908126804346167,1,0.75,1
"SYCE2",0.0507079793436616,2.40098046573965,0.5,0.188,1
"TLCD5",0.0508902755364664,2.35857007283666,0.857,0.688,1
"TARBP1",0.0513479895759035,1.35467337573173,0.929,0.562,1
"EXOSC4",0.0513895374294278,0.716725144740438,1,0.875,1
"LCMT2",0.0513895374294278,2.33736122160461,1,0.875,1
"ZNF770",0.0513895374294278,1.06013328633585,1,0.875,1
"FAM200A",0.0514995615367411,1.89896940116712,0.643,0.438,1
"ABCD1",0.0517611300988652,1.67245977247218,0.643,0.312,1
"GCHFR",0.0517611300988652,1.62053519026545,0.643,0.312,1
"SLC25A29",0.0517857754989035,1.90872776465001,0.929,0.75,1
"ATXN7L1",0.0518528214392975,0.742195955312548,0.857,0.438,1
"MED23",0.0519428624181202,1.00512950533225,0.857,0.5,1
"TBC1D16",0.0519428624181202,0.554466552319952,0.857,0.5,1
"SH3RF1",0.0521746832122294,0.903992080517931,1,0.812,1
"FAM199X",0.0521746832122294,1.34052252058629,0.929,0.875,1
"ZNHIT6",0.0521746832122294,0.834030597964213,0.929,0.875,1
"E2F6",0.0522682174564592,0.842140242772449,0.929,1,1
"FAM120A",0.0522682174564592,0.933336192913656,1,0.938,1
"IRF9",0.0522682174564592,0.982962899743163,1,0.938,1
"NEK5",0.0522682174564592,1.03108629387385,1,0.938,1
"OSTF1",0.0522682174564592,0.765804994088258,1,0.938,1
"RBCK1",0.0522682174564592,0.599887219943878,1,0.938,1
"SCPEP1",0.0522682174564592,1.05879479473823,1,0.938,1
"CAND1",0.0522682174564592,0.592946919988903,1,1,1
"FNIP1",0.0522682174564592,0.474187369931784,1,1,1
"KRT7",0.0522682174564592,0.798486020183246,1,1,1
"NCK1",0.0522682174564592,0.733060620082277,1,1,1
"PFKP",0.0522682174564592,0.659400476509016,1,1,1
"SRSF4",0.0522682174564592,1.27166240340203,1,1,1
"SNX33",0.0528307432111257,0.527815215935243,0.929,0.688,1
"ATP8A1",0.0529468599033815,1.15019370273773,0.571,0.188,1
"LEAP2",0.0529951329804654,1.39556204418564,0.714,0.312,1
"GPR137B",0.0531468974834908,0.7745885799989,0.929,0.938,1
"TSR2",0.0531468974834908,0.82949982649939,0.929,0.938,1
"CA12",0.0545566913825508,1.09435369584317,0.857,0.562,1
"ZNF418",0.0548109158355119,1.20091519821851,0.786,0.562,1
"RNFT1",0.0553555076606864,1.77686142901601,0.714,0.375,1
"MBTPS2",0.055377347445988,0.90599237450543,0.857,0.75,1
"CHMP4C",0.056009587225651,0.259511863811926,1,0.75,1
"NUFIP1",0.056009587225651,0.579981886730176,1,0.75,1
"VPS37A",0.056009587225651,0.788586755891611,1,0.75,1
"IFIT3",0.0562828458491773,1.14799137429235,0.857,0.688,1
"SRPK3",0.0564968977499554,1.18182650992984,0.643,0.25,1
"GM2A",0.056787498923397,0.674726964554032,1,0.875,1
"C3orf52",0.0567942241469563,1.46890306663792,0.786,0.688,1
"PSCA",0.0570628342519486,1.41448200828315,0.786,0.438,1
"ZNF623",0.0571188090165444,2.08881009141237,0.571,0.25,1
"PCLO",0.0572202787495142,2.04067538803183,0.643,0.438,1
"SLC35C1",0.0572427649264462,0.615509892948934,1,0.688,1
"PRUNE1",0.0572427649264462,1.07705454086324,0.929,0.75,1
"MNT",0.0572427649264462,2.3090323998334,0.786,0.875,1
"NDRG1",0.0572427649264462,1.32218984148453,0.857,0.812,1
"CELSR1",0.0576603339197275,0.769769888307679,1,0.812,1
"IFNGR1",0.0576603339197275,2.07536226737715,1,0.812,1
"LRBA",0.0576603339197275,0.68584660633497,1,0.812,1
"RPP25",0.0576603339197275,0.593393183511783,1,0.812,1
"VPS72",0.0576603339197275,0.633898861762425,1,0.812,1
"PKNOX1",0.0577620374539253,0.769447221322989,1,0.938,1
"SLC35F5",0.0577620374539253,1.42560269125249,1,0.938,1
"ZFP14",0.0577620374539253,1.05746020504825,1,0.938,1
"ABRAXAS1",0.0577620374539253,1.3237747164132,1,1,1
"ACBD3",0.0577620374539253,1.00177695168278,1,1,1
"BST2",0.0577620374539253,0.736188524840019,1,1,1
"CCNL1",0.0577620374539253,0.853096588306962,1,1,1
"CNBP",0.0577620374539253,0.305209774720198,1,1,1
"CPNE3",0.0577620374539253,0.468520115050624,1,1,1
"FAM162A",0.0577620374539253,0.772255208604973,1,1,1
"PDE4DIP",0.0577620374539253,0.858622433402044,1,1,1
"SH2B1",0.0577620374539253,0.955599210815037,1,1,1
"SLTM",0.0577620374539253,0.645823301608131,1,1,1
"GPC4",0.0584374479426952,1.11119424370513,0.571,0.188,1
"PARP14",0.0587365759844536,0.950796370353616,0.929,0.938,1
"ZNF576",0.0587365759844536,0.543636873553753,0.929,0.938,1
"SLC35A1",0.0590199705788661,0.855923983332344,0.786,0.375,1
"UBE2L6",0.0590674872402119,1.11581860873567,0.929,0.812,1
"LMCD1",0.0600080695806207,1.08230327561491,0.857,0.625,1
"PMEPA1",0.060289662530276,1.19545746996365,0.857,0.562,1
"CNPY4",0.0606096813994104,0.72670178877487,0.786,0.562,1
"CCDC171",0.0611516601520361,0.929603769219689,0.857,0.75,1
"CITED2",0.0611516601520361,2.26737496404786,0.857,0.75,1
"TRIM46",0.0611516601520361,1.20821762962808,0.857,0.75,1
"CTU2",0.0612539413127973,1.89852217304077,0.714,0.375,1
"BRD10",0.0618046257229143,0.736112689226497,1,0.75,1
"JAM3",0.0618135376756068,2.88706358066525,0.357,0.125,1
"PLXNB1",0.0621284129177242,0.71560413669017,0.929,0.625,1
"CSK",0.0626312505941731,1.20366160919192,1,0.875,1
"CSPP1",0.0626312505941731,0.966881514372171,1,0.875,1
"IDH2",0.0626312505941731,0.786224953597737,1,0.875,1
"ZNF284",0.0626312505941731,0.924951324745911,1,0.875,1
"ZNF286A",0.0626312505941731,1.07857082750748,1,0.875,1
"NBR2",0.062691117461565,1.18100414667662,0.786,0.688,1
"GSE1",0.0631530674291336,0.561271012847077,1,0.688,1
"ABHD3",0.0631530674291336,1.87068117412266,0.929,0.75,1
"ACSF2",0.0631530674291336,1.48450167326281,0.929,0.75,1
"KDM3A",0.0631530674291336,0.47021462927772,0.929,0.75,1
"PPIL6",0.0631530674291336,4.1759765227514,0.929,0.75,1
"HDHD3",0.0634305894868183,1.38827538779652,0.786,0.5,1
"ACOT4",0.0634305894868183,1.78234743694271,0.714,0.562,1
"RINL",0.0636009755700064,0.570239653860481,1,0.812,1
"SP110",0.0636009755700064,1.43944513172531,0.929,0.875,1
"FAM174A",0.0637094455868041,0.827957277479372,0.929,1,1
"BMAL1",0.0637094455868041,1.0757503484359,1,0.938,1
"PDP1",0.0637094455868041,0.865859037087621,1,0.938,1
"STEEP1",0.0637094455868041,0.630604696194482,1,0.938,1
"TET2",0.0637094455868041,1.03681109458854,1,0.938,1
"ANO6",0.0637094455868041,0.941312330482309,1,1,1
"APOL6",0.0637094455868041,0.980485566165418,1,1,1
"BPNT2",0.0637094455868041,0.985659472190214,1,1,1
"GPI",0.0637094455868041,0.80001892659714,1,1,1
"MGAT1",0.0637094455868041,0.716867833485948,1,1,1
"MLXIP",0.0637094455868041,0.96457832616657,1,1,1
"MRPL14",0.0637094455868041,0.437812726482518,1,1,1
"PIK3CB",0.0637094455868041,0.57762781249094,1,1,1
"RAB1A",0.0637094455868041,0.411803067408066,1,1,1
"SCARB2",0.0637094455868041,0.917703552624378,1,1,1
"SH3BP2",0.0637094455868041,0.96906342491858,1,1,1
"SINHCAF",0.0637094455868041,1.62077059410555,1,1,1
"SLC25A36",0.0637094455868041,0.691680221660285,1,1,1
"SPOP",0.0637094455868041,0.53354013122429,1,1,1
"USP3",0.0637094455868041,0.766275236563478,1,1,1
"VDAC1",0.0637094455868041,0.500731355094034,1,1,1
"VPS53",0.0637094455868041,0.507030486952067,1,1,1
"CCNP",0.0640613026819923,2.29183240922381,0.357,0.062,1
"HAS3",0.0640613026819923,2.74419018868595,0.357,0.062,1
"TRAF1",0.0642478760619689,1.14710618687406,0.571,0.188,1
"SLC66A2",0.064357157506558,0.988895239281657,0.929,0.688,1
"ANXA9",0.0643657118809016,3.41865317134118,0.571,0.25,1
"CD27",0.0643657118809016,1.350702484437,0.571,0.25,1
"UCK2",0.0651321948245003,0.92433888366492,0.929,0.812,1
"ZNF671",0.0652688310127703,1.45653863344277,0.643,0.375,1
"ADAMTSL4",0.0661052067705397,2.20424447598815,0.714,0.5,1
"DXO",0.0664902773931231,0.821563182769107,0.857,0.562,1
"HLA-C",0.0664902773931231,0.82647272719196,0.857,0.562,1
"RGS19",0.0674034087187572,1.08204679806027,0.857,0.75,1
"MYO15A",0.0680723415382092,1.62756723609438,0.857,0.875,1
"LGALSL",0.0684489953165832,1.06826525000946,0.857,0.688,1
"GTPBP8",0.0684489953165832,1.8749915909906,0.786,0.75,1
"LY6E",0.0689475007938067,0.738703214443538,1,0.875,1
"PGRMC1",0.0689475007938067,0.687779776797232,1,0.875,1
"SIRT7",0.0689475007938067,0.361233966077832,1,0.875,1
"TM9SF4",0.0689475007938067,0.748819060908989,1,0.875,1
"ZNF526",0.0689475007938067,0.866625236885914,1,0.875,1
"ZNF552",0.0689475007938067,0.504861519005482,1,0.875,1
"TSPAN15",0.0690808775178975,1.18185820893849,0.929,0.562,1
"SH3YL1",0.0695416859853526,0.644532352910251,1,0.688,1
"LAMA3",0.0695416859853526,1.07532423097055,0.929,0.75,1
"TMEM198",0.069602859389019,2.13350933857819,0.571,0.312,1
"ENOX2",0.069863258945003,0.551483866614626,0.857,0.5,1
"NMB",0.0699407709286051,1.03016841489279,0.786,0.5,1
"ZNF296",0.0699407709286051,2.13159460664526,0.714,0.562,1
"ACP2",0.0700196857195756,0.76153580645175,1,0.812,1
"SLCO3A1",0.0700196857195756,2.51004888102665,1,0.812,1
"TBC1D5",0.0701369026529047,1.07991975584813,0.929,1,1
"ARID3A",0.0701369026529047,0.631864565696223,1,0.938,1
"ATP6V0A2",0.0701369026529047,0.890107115663443,1,0.938,1
"MYO1E",0.0701369026529047,1.45248024239429,1,0.938,1
"PIP5K1A",0.0701369026529047,0.782343009261038,1,0.938,1
"SUDS3",0.0701369026529047,0.564757873753484,1,0.938,1
"AFF1",0.0701369026529047,0.738257868719042,1,1,1
"CD2AP",0.0701369026529047,0.522820795224421,1,1,1
"CORO2A",0.0701369026529047,0.978997842019237,1,1,1
"FAM227A",0.0701369026529047,0.598610823999759,1,1,1
"IQCE",0.0701369026529047,0.352157448304166,1,1,1
"KDM5A",0.0701369026529047,0.565889701329866,1,1,1
"MROH1",0.0701369026529047,0.713785926319382,1,1,1
"SMAD2",0.0701369026529047,1.04278915658978,1,1,1
"SREK1",0.0701369026529047,0.297024037035102,1,1,1
"TMEM179B",0.0701369026529047,0.469927284351644,1,1,1
"TRIM11",0.0701369026529047,1.2919139183895,1,1,1
"VPS13B",0.0701369026529047,0.894508646298753,1,1,1
"TVP23C-CDRT4",0.0701649175412293,4.04387803862654,0.429,0.188,1
"PRDM10",0.0706979843411628,2.73239667195206,0.5,0.25,1
"UBL4A",0.0716845430054152,0.724958873309661,0.929,0.812,1
"GGT7",0.0720449407219335,0.95156766701118,0.786,0.375,1
"PJA1",0.0722285572040262,1.80787003117699,0.643,0.375,1
"KCNMB3",0.0728193591542723,1.18724931104948,0.857,0.625,1
"H2BC21",0.0729625555299405,2.73428432678719,0.714,0.5,1
"GNAZ",0.0730523627075352,2.3226417069468,0.286,0,1
"LENG9",0.0730523627075352,4.04461370448785,0.286,0,1
"PIERCE2",0.0730523627075352,5.610861616967,0.286,0.062,1
"BCL6",0.0731971819387864,1.93235552521102,0.857,0.562,1
"CTSH",0.0731971819387864,0.911651870308837,0.857,0.562,1
"GMIP",0.0736775746973435,1.49946194156589,0.786,0.562,1
"TRIB3",0.0736775746973435,1.59853085328259,0.786,0.562,1
"ZFYVE9",0.0736775746973435,1.2785047224841,0.786,0.562,1
"GLRX2",0.0741492893044362,0.685372004297534,1,0.625,1
"VPS9D1",0.0741492893044362,2.88392660669162,1,0.625,1
"TTC33",0.0748357297099644,0.710659537840013,1,0.75,1
"PLBD1",0.0748357297099644,1.31351565836529,0.857,0.875,1
"WDR77",0.0748357297099644,1.01582201138738,0.857,0.875,1
"GALNT3",0.0752732818317363,1.47437675533865,0.857,0.688,1
"NOTCH1",0.0752732818317363,1.12230248354392,0.857,0.688,1
"FFAR2",0.0757583368618409,0.914953536787778,1,0.875,1
"HDAC7",0.0757583368618409,0.671221623107764,1,0.875,1
"MKNK2",0.0757583368618409,0.952589951576607,1,0.875,1
"TMEM25",0.0757583368618409,0.465387925227697,1,0.875,1
"TP53BP2",0.0764334310313024,0.918169078428363,0.929,0.75,1
"YPEL3",0.0764334310313024,0.880646033474655,0.929,0.75,1
"FAM117B",0.076510392894368,0.686108908661393,0.786,0.438,1
"LRATD2",0.0768491571207861,1.02348023100354,0.857,0.5,1
"KLHL20",0.0769429389192573,0.634700074457582,1,0.812,1
"ADAMTSL5",0.0769429389192573,0.944255474918056,0.929,0.875,1
"IL6R",0.0769429389192573,2.25152429205525,0.929,0.875,1
"PDCD7",0.0769429389192573,1.01234811010198,0.929,0.875,1
"CNOT4",0.0770673349255885,1.2131342075256,0.929,1,1
"NLN",0.0770673349255885,0.793037149990235,0.929,1,1
"CEP83",0.0770673349255885,0.738954479745242,1,0.938,1
"MYO1B",0.0770673349255885,1.06509896751628,1,0.938,1
"POFUT1",0.0770673349255885,0.92459301353396,1,0.938,1
"PRKD2",0.0770673349255885,0.905150826848991,1,0.938,1
"TBC1D17",0.0770673349255885,0.766887553985541,1,0.938,1
"TRIM14",0.0770673349255885,0.783372426124391,1,0.938,1
"UCHL5",0.0770673349255885,0.661029825665448,1,0.938,1
"AAMP",0.0770673349255885,0.504072205499553,1,1,1
"ASAH1",0.0770673349255885,0.910684624882594,1,1,1
"PPA2",0.0770673349255885,0.787829466423983,1,1,1
"PRKCI",0.0770673349255885,0.492665856671659,1,1,1
"SEC63",0.0770673349255885,0.804712088639644,1,1,1
"TMEM192",0.0770673349255885,0.779632420705387,1,1,1
"ZNF554",0.0770673349255885,1.19364425968828,1,1,1
"FA2H",0.0770919803256267,0.493908642093647,0.643,0.25,1
"SPTSSB",0.0770919803256267,3.93814240914212,0.571,0.312,1
"HLA-A",0.0774679327003165,0.982835438940162,0.571,0.188,1
"PDK1",0.0783763329893361,1.70584231289169,0.929,0.938,1
"PMS1",0.0783763329893361,0.590285940435447,0.929,0.938,1
"RNF152",0.0787449412548629,2.63232029998534,0.929,0.812,1
"CBX2",0.0793479421280072,2.73367926086203,0.643,0.5,1
"BOC",0.0799904416556771,1.26343113227242,0.857,0.625,1
"FOXC1",0.0814235606654876,1.15095122889094,0.857,0.75,1
"ZNF77",0.0814235606654876,1.2126932421888,0.857,0.75,1
"NEU1",0.0821219661926862,1.06998455852337,1,0.75,1
"NR2F2",0.0821219661926862,0.662678207182709,1,0.75,1
"RMP24",0.0821219661926862,1.05930860174502,0.857,0.875,1
"ZNF862",0.0821393775076686,0.897343361395706,0.714,0.375,1
"LGALS9",0.0826231260014987,1.77076697012308,0.929,0.625,1
"ZNF140",0.0826231260014987,1.41514081995229,0.857,0.688,1
"EPHB4",0.0830909485057953,0.822433082152147,1,0.875,1
"RNF121",0.0830909485057953,0.848281084778913,1,0.875,1
"SIAH2",0.0838528104368867,1.25063107884338,1,0.688,1
"ZNF841",0.0843939227496675,0.60313497424732,1,0.812,1
"ADCY6",0.0843939227496675,0.726424684584863,0.929,0.875,1
"HIP1R",0.0843939227496675,0.799814569223099,0.929,0.875,1
"SCD",0.0843939227496675,1.47364422765549,0.929,0.875,1
"AMN1",0.0845274507569057,0.929818052856888,0.929,1,1
"CTBP2",0.0845274507569057,0.689350193168124,0.929,1,1
"CAMKK2",0.0845274507569057,1.18600110984147,1,0.938,1
"CCNT1",0.0845274507569057,0.761257777065632,1,0.938,1
"CYB5R1",0.0845274507569057,0.636857121574968,1,0.938,1
"DOCK9",0.0845274507569057,1.63353734854234,1,0.938,1
"LANCL1",0.0845274507569057,0.678882490653909,1,0.938,1
"MTREX",0.0845274507569057,1.33932563084273,1,0.938,1
"ZNF776",0.0845274507569057,0.88395679762154,1,0.938,1
"ADAM17",0.0845274507569057,0.437575442034717,1,1,1
"AIDA",0.0845274507569057,0.44878754804466,1,1,1
"APP",0.0845274507569057,0.603445745454932,1,1,1
"BAZ2A",0.0845274507569057,0.780229337721358,1,1,1
"CKAP4",0.0845274507569057,0.425866575389549,1,1,1
"FCHO2",0.0845274507569057,0.922538719102402,1,1,1
"GNPNAT1",0.0845274507569057,0.853501381516148,1,1,1
"GTF2H3",0.0845274507569057,0.83764181011361,1,1,1
"HSPA9",0.0845274507569057,0.502814340303571,1,1,1
"MED13",0.0845274507569057,0.838373122903254,1,1,1
"OPHN1",0.0845274507569057,1.35615874674707,1,1,1
"RBM28",0.0845274507569057,0.685561282201856,1,1,1
"TSPYL1",0.0845274507569057,0.434972108999061,1,1,1
"ZNF687",0.0845274507569057,1.02327210671174,1,1,1
"FBXW8",0.0845772779245053,1.87799222428701,0.786,0.5,1
"REEP6",0.0845772779245053,1.20393306131169,0.786,0.5,1
"FGFR4",0.0845772779245053,2.412317193858,0.714,0.562,1
"MMAA",0.0845772779245053,0.449536423330955,0.714,0.562,1
"TRPM2",0.0852619304382896,0.43931151806165,0.643,0.25,1
"SEC61A2",0.0853232001130497,0.531696166254243,0.929,0.688,1
"CCSER2",0.0859639530080161,0.928509732949722,0.929,0.938,1
"EML2",0.0859639530080161,1.29521694054771,0.929,0.938,1
"COBL",0.0861880583616002,0.524670765065043,0.643,0.312,1
"RAB6B",0.0861880583616002,0.445054538565282,0.643,0.312,1
"SELENOP",0.0872590055161617,1.87379561170479,0.786,0.375,1
"KLHDC9",0.0878913828259589,1.37161525396529,0.643,0.375,1
"IRF2",0.0882089261526788,0.960336141327367,0.857,0.562,1
"NUP210",0.0882089261526788,1.0804658466342,0.857,0.562,1
"TPM2",0.0882089261526788,0.980589301615147,0.857,0.562,1
"IER5L",0.0886903916462822,0.67171548856812,0.571,0.25,1
"BTBD6",0.0892413511166674,0.546970317308476,1,0.625,1
"RCC1L",0.0905266527383024,0.820527412454437,0.929,0.625,1
"SDHAF4",0.0905266527383024,0.292705946945683,0.929,0.625,1
"DDX31",0.0905266527383024,0.575461708135106,0.857,0.688,1
"FAM161B",0.0905266527383024,1.00509742475778,0.857,0.688,1
"LARGE1",0.0909671617579584,1.01969297207242,1,0.875,1
"FAXC",0.0913963520475745,0.660652911903677,0.786,0.688,1
"MYB",0.0918258036444455,0.638452335240236,0.929,0.75,1
"SLC25A12",0.0918258036444455,1.16762392298485,0.929,0.75,1
"TSPAN9",0.0918258036444455,1.20439043209288,0.929,0.75,1
"ZNF704",0.0918258036444455,2.05180685874272,0.929,0.75,1
"CREB1",0.0923990017375214,0.699973697335486,1,0.812,1
"INTS4",0.0923990017375214,0.535015982860235,1,0.812,1
"JUP",0.0923990017375214,1.00138863684788,1,0.812,1
"SLFN13",0.0923990017375214,1.56618664567857,1,0.812,1
"ZNF74",0.0923990017375214,1.10245318277895,1,0.812,1
"COMTD1",0.0923990017375214,0.624687772364057,0.929,0.875,1
"KLF8",0.0923990017375214,1.46644014198681,0.929,0.875,1
"PNPLA4",0.0923990017375214,0.90081970439098,0.929,0.875,1
"PHETA1",0.0924686607504641,0.656560404808987,0.857,0.5,1
"HSD17B4",0.092539915112963,0.832935095586089,0.929,1,1
"TMEM184A",0.092539915112963,0.393516713805084,0.929,1,1
"TRIM52",0.092539915112963,1.56709101025026,0.929,1,1
"DMTF1",0.092539915112963,0.625603058773379,1,0.938,1
"FBXL18",0.092539915112963,0.808243951686709,1,0.938,1
"TRIM4",0.092539915112963,0.970418783627855,1,0.938,1
"ALDOA",0.092539915112963,0.83322224230324,1,1,1
"APOOL",0.092539915112963,0.390543720605383,1,1,1
"ECH1",0.092539915112963,0.698073752635528,1,1,1
"ENDOV",0.092539915112963,0.61914590639205,1,1,1
"GID8",0.092539915112963,0.753053264420378,1,1,1
"GTF2I",0.092539915112963,0.752478476918522,1,1,1
"HLTF",0.092539915112963,0.857378437966513,1,1,1
"HNRNPF",0.092539915112963,0.378470462617707,1,1,1
"KIAA1217",0.092539915112963,0.439682609289755,1,1,1
"LAMP2",0.092539915112963,0.697895539541646,1,1,1
"PDE12",0.092539915112963,0.873978871921884,1,1,1
"PPP2R2D",0.092539915112963,0.418968596995024,1,1,1
"PTPRS",0.092539915112963,1.01681173222897,1,1,1
"SLC75A1",0.092539915112963,0.365294777526707,1,1,1
"UGP2",0.092539915112963,0.472291678657978,1,1,1
"USP37",0.092539915112963,0.80775185191078,1,1,1
"VAPA",0.092539915112963,0.375657238806061,1,1,1
"WDR26",0.092539915112963,0.566800107318878,1,1,1
"YIPF4",0.092539915112963,0.357609263935516,1,1,1
"ZNF557",0.092539915112963,0.336643398619305,1,1,1
"CYFIP2",0.0927542833330497,1.67807708884876,0.786,0.5,1
"TMTC4",0.0927542833330497,1.07747658750535,0.786,0.5,1
"ZRANB1",0.0927542833330497,1.15927433651095,0.714,0.562,1
"CCDC97",0.0941126684679676,0.326014617708413,0.929,0.938,1
"PPM1H",0.0941302310660974,1.13413855900155,0.643,0.438,1
"FAM241B",0.0941978133740147,2.15699469646975,0.571,0.312,1
"ARMC2",0.0946859903381643,2.3291772039764,0.5,0.25,1
"TFCP2L1",0.0946859903381643,2.38860360641,0.5,0.25,1
"CATSPERH",0.0955300127713923,2.74796186374922,0.357,0.125,1
"PDGFB",0.0955300127713923,4.74011062601889,0.357,0.125,1
"EDN1",0.0957389760572069,1.69247212703382,0.714,0.438,1
"TRIL",0.0957389760572069,1.0963964388935,0.714,0.438,1
"TTC4",0.0959806027498806,0.797244099318821,0.857,0.625,1
"GKAP1",0.0965658622357208,1.45691676290808,0.786,0.625,1
"ATP2A1",0.0965907276839737,2.73089714908597,0.643,0.375,1
"KLHL15",0.0965907276839737,2.18261630498163,0.643,0.375,1
"PRR36",0.0979910044977512,0.814283354419872,0.571,0.25,1
"PDZD2",0.0983583337330303,0.697139673668103,1,0.75,1
"EXD2",0.0983583337330303,0.534528859096076,0.857,0.875,1
"DUS3L",0.0990066782914012,0.492924266890969,0.929,0.625,1
"DOC2A",0.0990066782914012,1.02557243583862,0.857,0.688,1
"EFCAB7",0.0993040321944292,3.73321755158752,0.5,0.312,1
"CEMIP2",0.0994139600306485,1.72540982948309,1,0.875,1
"LRRC28",0.0994139600306485,0.824203634499024,1,0.875,1
"TEFM",0.0994139600306485,0.615738764238677,1,0.875,1
"TRIB1",0.0999818494605467,0.717522114275834,0.929,0.562,1
"FAM174B",0.100375598234594,1.08733842702692,0.929,0.75,1
"GPHN",0.100375598234594,0.979539165389967,0.929,0.75,1
"IFNGR2",0.100375598234594,0.456323740952613,0.929,0.75,1
"LACTB2",0.100375598234594,1.20353691659713,0.929,0.75,1
"ANKRD13B",0.100816258537398,1.04145604331466,0.5,0.188,1
"YPEL2",0.100816258537398,0.352330598384322,0.5,0.188,1
"TRPS1",0.100980854601939,0.736587320007779,1,0.812,1
"BCLAF3",0.100980854601939,1.41457303529086,0.929,0.875,1
"C5orf63",0.100980854601939,1.34313917432077,0.929,0.875,1
"CERS6",0.100980854601939,1.54409461388134,0.929,0.875,1
"MED14",0.100980854601939,1.09299949305485,0.929,0.875,1
"TBC1D32",0.100980854601939,0.970427404735338,0.929,0.875,1
"OAS1",0.101131243803623,1.25559875054417,0.929,1,1
"CTSF",0.101131243803623,0.734163021651504,1,0.938,1
"METTL3",0.101131243803623,0.834022467519797,1,0.938,1
"PDZD7",0.101131243803623,0.906588123381601,1,0.938,1
"TBC1D20",0.101131243803623,0.987710633222581,1,0.938,1
"ZNF200",0.101131243803623,1.00009098527735,1,0.938,1
"ADAM15",0.101131243803623,0.594170172332928,1,1,1
"ARID1B",0.101131243803623,0.512630034384336,1,1,1
"DSG2",0.101131243803623,0.377492980648694,1,1,1
"EIF4A3",0.101131243803623,0.466387086494564,1,1,1
"GPAT4",0.101131243803623,0.411643337350054,1,1,1
"LGALS3BP",0.101131243803623,0.895716641870013,1,1,1
"PIAS2",0.101131243803623,0.93085252126175,1,1,1
"RBBP4",0.101131243803623,0.684922788176371,1,1,1
"RNF6",0.101131243803623,0.39937722170493,1,1,1
"SELENOW",0.101131243803623,0.543315153183091,1,1,1
"SLC27A1",0.101131243803623,0.723538463297533,1,1,1
"SMARCA5",0.101131243803623,1.07451239711211,1,1,1
"TCAF1",0.101131243803623,0.863136037338968,1,1,1
"TM2D3",0.101131243803623,0.921539243021952,1,1,1
"UFC1",0.101131243803623,0.348137016662924,1,1,1
"ZC3HAV1",0.101131243803623,0.650275282151341,1,1,1
"ZFTRAF1",0.101131243803623,0.491286622454072,1,1,1
"EPS8L1",0.101153936275756,1.44203103112726,0.714,0.625,1
"EPPK1",0.101518267354111,0.646772175696884,0.857,0.438,1
"BCL9",0.101518267354111,1.71983058206935,0.786,0.5,1
"EPB41L5",0.101518267354111,0.526477076342101,0.786,0.5,1
"MYO1D",0.101518267354111,0.990990111625315,0.786,0.5,1
"DHX58",0.101518267354111,1.56155318915553,0.714,0.562,1
"EEFSEC",0.101518267354111,1.85417844242788,0.643,0.625,1
"ISOC1",0.102041115665078,1.10866037256334,0.929,0.688,1
"LENG8",0.102848527576597,1.12661182493312,0.929,0.938,1
"SREBF1",0.102848527576597,0.775569433953048,0.929,0.938,1
"TRMT61B",0.103237352771842,0.982647787069251,0.929,0.812,1
"TSSK4",0.103348325837082,0.498670458073544,0.429,0.125,1
"SNX10",0.103729421838788,0.593674473637382,0.643,0.25,1
"MED12L",0.103729421838788,2.21134211831577,0.571,0.312,1
"TRIM66",0.104848146961951,2.86002268519259,0.714,0.75,1
"MPZL2",0.104886187797054,1.24022441909792,0.714,0.438,1
"ABCB6",0.105531286644259,0.424646684225983,0.857,0.562,1
"C9orf152",0.10605475384083,1.1895782319667,0.643,0.375,1
"LRRC26",0.10605475384083,0.994707417615573,0.643,0.375,1
"ME1",0.10605475384083,1.20579980143464,0.643,0.375,1
"FAM89B",0.106626507867497,0.715556328818364,1,0.625,1
"DNHD1",0.106626507867497,1.28313724088847,0.857,0.75,1
"FAM81A",0.107218671366071,1.29908183752841,0.571,0.25,1
"MAPK15",0.107218671366071,0.897965005634586,0.571,0.25,1
"EGFL7",0.107357425518407,0.715085591941093,1,0.75,1
"ZFAT",0.107357425518407,0.942435652333644,1,0.75,1
"ASS1",0.108089498422443,0.796223911268344,0.857,0.688,1
"HECTD3",0.108089498422443,1.09152350079059,0.857,0.688,1
"BDH1",0.108452577976577,1.2212146234243,1,0.875,1
"CD2BP2",0.108452577976577,0.534365979512773,1,0.875,1
"DCTPP1",0.108452577976577,0.429228692457836,1,0.875,1
"RNF170",0.108452577976577,0.478877861118288,1,0.875,1
"WASHC2C",0.108452577976577,0.735109556962492,1,0.875,1
"GARIN5A",0.109345327336332,3.65791025075953,0.429,0.188,1
"H3C10",0.109345327336332,3.44015397724568,0.429,0.188,1
"KBTBD11-OT1",0.109345327336332,1.61079430192846,0.429,0.188,1
"MEX3A",0.109345327336332,1.83946294031428,0.429,0.188,1
"CRABP2",0.10952763728215,0.816746510395429,1,0.688,1
"ZDHHC17",0.10952763728215,0.385339267453828,1,0.688,1
"CACNA1D",0.10952763728215,1.00974558469854,0.929,0.75,1
"COQ2",0.110165529550326,0.796483104232585,1,0.812,1
"EXOC8",0.110165529550326,0.800869860643613,1,0.812,1
"KCTD3",0.110165529550326,0.395790462818493,1,0.812,1
"NEDD9",0.110165529550326,0.714360668316814,1,0.812,1
"TMEM265",0.110165529550326,0.765257245648031,1,0.812,1
"WRAP73",0.110165529550326,0.630251200408692,1,0.812,1
"ATG2A",0.110165529550326,0.492412558155381,0.929,0.875,1
"NRSN2",0.110165529550326,0.456590384769516,0.929,0.875,1
"ADAMTS17",0.110244114268975,1.55735899852926,0.786,0.438,1
"ANKRD13C-DT",0.110244114268975,2.34101339916532,0.643,0.562,1
"BSCL2",0.110323276614187,0.250469391306586,1,0.938,1
"CFAP298",0.110323276614187,0.59191979144185,1,0.938,1
"DTX3L",0.110323276614187,1.29767145266696,1,0.938,1
"LIMD1",0.110323276614187,1.08195197475111,1,0.938,1
"NAXE",0.110323276614187,0.853887082431825,1,0.938,1
"PIKFYVE",0.110323276614187,1.06672384039128,1,0.938,1
"RAB9A",0.110323276614187,0.971823464467969,1,0.938,1
"RALGPS2",0.110323276614187,0.384074193603417,1,0.938,1
"TASOR2",0.110323276614187,1.47510575201794,1,0.938,1
"TRMT2B",0.110323276614187,0.723075662945314,1,0.938,1
"WDR33",0.110323276614187,0.551908089640318,1,0.938,1
"ZNF281",0.110323276614187,0.369031876851462,1,0.938,1
"ARL1",0.110323276614187,0.608411337563834,1,1,1
"ATF6",0.110323276614187,0.511227264855609,1,1,1
"BAG5",0.110323276614187,0.507614120087582,1,1,1
"BEX3",0.110323276614187,0.382172166707711,1,1,1
"DDX17",0.110323276614187,0.635949182514934,1,1,1
"DIABLO",0.110323276614187,0.582590919496742,1,1,1
"DNPEP",0.110323276614187,0.614989378913058,1,1,1
"EMC8",0.110323276614187,0.730664734812843,1,1,1
"GUK1",0.110323276614187,0.649949710429949,1,1,1
"IER3IP1",0.110323276614187,0.572164757340207,1,1,1
"IFITM3",0.110323276614187,0.412288681848755,1,1,1
"MSH6",0.110323276614187,0.535199101501395,1,1,1
"NPIPB4",0.110323276614187,0.518930662720201,1,1,1
"PEA15",0.110323276614187,0.525114337406724,1,1,1
"PTGR1",0.110323276614187,0.597065051478255,1,1,1
"RAD52",0.110323276614187,1.51185696681378,1,1,1
"SPINT2",0.110323276614187,0.783881802032996,1,1,1
"SPRYD4",0.110323276614187,0.953249515372303,1,1,1
"SPTSSA",0.110323276614187,0.549759566996726,1,1,1
"SSU72",0.110323276614187,0.357172334784802,1,1,1
"TBL1XR1",0.110323276614187,1.08500188232238,1,1,1
"TMEM134",0.110323276614187,0.620063694892768,1,1,1
"XAF1",0.110323276614187,1.51548598727188,1,1,1
"YEATS2",0.110323276614187,0.482458140522571,1,1,1
"CDC42EP2",0.110937609970384,0.575448899686421,0.857,0.438,1
"TGFBR3L",0.110937609970384,0.652415463636903,0.857,0.438,1
"UBL3",0.110937609970384,1.12612680320271,0.786,0.5,1
"ZSWIM4",0.111477594536065,1.18931588876224,0.5,0.188,1
"ERBB3",0.112193975251796,1.62753508124957,0.929,0.938,1
"PUSL1",0.112582415362666,0.667400244223556,0.929,0.812,1
"FHL3",0.113601444891589,0.903548157506519,0.643,0.312,1
"SPDYE1",0.113601444891589,0.668793624632283,0.643,0.312,1
"AFG2B",0.11433873018771,1.22878358573009,0.857,0.625,1
"SPATA7",0.11433873018771,1.1863472318821,0.857,0.625,1
"ZBTB34",0.115118581060347,0.643073206760227,0.857,0.562,1
"LRRC24",0.116162063447121,1.22846048347212,0.643,0.375,1
"PDE5A",0.116162063447121,2.28950867212794,0.643,0.375,1
"PREP",0.116242202256285,0.796286139300387,0.857,0.75,1
"PSMB10",0.116242202256285,0.81196061988867,0.857,0.75,1
"TMEM250",0.116242202256285,0.897393113905152,0.857,0.75,1
"INO80B-WBP1",0.116541729135432,0.617961263988048,0.429,0.125,1
"SERPINA5",0.116541729135432,1.60825284005355,0.429,0.125,1
"AKAP1",0.11697801597997,0.565620558613956,1,0.75,1
"GSTK1",0.11697801597997,0.54104310656623,1,0.75,1
"HILPDA",0.11697801597997,1.36667623249343,1,0.75,1
"PNRC1",0.11697801597997,0.485731548211216,1,0.75,1
"SHANK2",0.11697801597997,0.765276067934286,1,0.75,1
"CYP2J2",0.117321690032177,1.47602540575313,0.571,0.25,1
"ATG4C",0.117341329335332,1.91196724726206,0.5,0.25,1
"RNF214",0.11779747553124,0.803721660155286,0.929,0.625,1
"SLC41A2",0.11779747553124,1.65520630877128,0.929,0.625,1
"ZNF580",0.11779747553124,0.861877536504347,0.857,0.688,1
"HSPA6",0.118007662835249,0.712421403108823,0.357,0.062,1
"KCNMA1",0.118007662835249,0.292941901798871,0.357,0.062,1
"SYTL3",0.118007662835249,1.1411957755392,0.357,0.062,1
"B3GALT4",0.118007662835249,1.88520793972987,0.357,0.125,1
"KRABD2",0.118007662835249,2.66808080223807,0.357,0.125,1
"LTC4S",0.118007662835249,2.95900421679738,0.357,0.125,1
"CCDC110",0.118007662835249,3.83994499511623,0.286,0.062,1
"COL4A5",0.118007662835249,3.66128730599053,0.286,0.062,1
"ERICH6B",0.118007662835249,2.125729030233,0.286,0.062,1
"PANX2",0.118007662835249,3.00203600460187,0.286,0.062,1
"TMEM139",0.118007662835249,4.25599184641413,0.286,0.062,1
"TRUB1",0.118109215086299,0.82981280989211,0.857,1,1
"SIDT1",0.118109215086299,0.740295689688756,1,0.875,1
"TBL2",0.118109215086299,0.771886123513765,1,0.875,1
"ABHD14A-ACY1",0.118114441231397,0.775731772157684,0.714,0.375,1
"KRTCAP3",0.118114441231397,0.380554239465574,0.714,0.375,1
"LYPD6",0.118114441231397,1.19598718036683,0.714,0.375,1
"OXSM",0.118114441231397,0.710960637564083,0.714,0.375,1
"PPL",0.119005732771729,0.708192590296799,0.929,0.562,1
"UNC13B",0.119304984590608,0.875379220309687,1,0.688,1
"TOP3B",0.119304984590608,0.716345354942985,0.929,0.75,1
"ZNF584",0.119304984590608,0.994771341629651,0.857,0.812,1
"MOAP1",0.119974330000462,0.558048622949175,1,0.812,1
"PREPL",0.119974330000462,0.677025606517279,1,0.812,1
"SEPHS2",0.119974330000462,0.663879470737878,1,0.812,1
"LYST",0.119974330000462,0.922809521534409,0.929,0.875,1
"MTMR4",0.119974330000462,1.10767297465132,0.929,0.875,1
"RAB11FIP4",0.119974330000462,1.02467607407167,0.929,0.875,1
"SETD4",0.119974330000462,0.811943093344604,0.929,0.875,1
"CDC50A",0.120141704173713,0.571178461630762,1,0.938,1
"CRYBG1",0.120141704173713,0.898204055654324,1,0.938,1
"MCL1",0.120141704173713,0.471136966896028,1,0.938,1
"NIT2",0.120141704173713,0.667705951043001,1,0.938,1
"RPTOR",0.120141704173713,0.471478447581964,1,0.938,1
"TENT2",0.120141704173713,0.497983280911756,1,0.938,1
"THEM6",0.120141704173713,0.962177553755357,1,0.938,1
"XRRA1",0.120141704173713,1.55005113985182,1,0.938,1
"XXYLT1",0.120141704173713,0.689303726750215,1,0.938,1
"ZC3H7B",0.120141704173713,0.778561837148903,1,0.938,1
"ZNF561",0.120141704173713,0.832985287734073,1,0.938,1
"AARD",0.120141704173713,1.88454701712517,1,1,1
"ABHD18",0.120141704173713,1.32495264467082,1,1,1
"AP3S2",0.120141704173713,0.399290521628989,1,1,1
"ARIH1",0.120141704173713,0.456176689525334,1,1,1
"BAG4",0.120141704173713,1.02253413930613,1,1,1
"CAMLG",0.120141704173713,0.360832478640185,1,1,1
"CELF1",0.120141704173713,0.423016753315369,1,1,1
"CERS2",0.120141704173713,0.900230926513757,1,1,1
"DIDO1",0.120141704173713,0.464514672892046,1,1,1
"FRK",0.120141704173713,1.17287734467231,1,1,1
"HSPH1",0.120141704173713,0.877939000252239,1,1,1
"LGALS3",0.120141704173713,0.54639618482107,1,1,1
"LMLN",0.120141704173713,0.857644263398112,1,1,1
"MTHFD2",0.120141704173713,0.400473416104299,1,1,1
"NCOA7",0.120141704173713,1.20307331324325,1,1,1
"NEDD4L",0.120141704173713,0.562507819705545,1,1,1
"NOP58",0.120141704173713,0.384843376782145,1,1,1
"NUP107",0.120141704173713,0.673011899461758,1,1,1
"PFKL",0.120141704173713,0.710269025985382,1,1,1
"PRRC1",0.120141704173713,0.594685607508891,1,1,1
"PUM1",0.120141704173713,0.563008122463541,1,1,1
"RABAC1",0.120141704173713,0.566716168061449,1,1,1
"SLC31A1",0.120141704173713,0.34532218481681,1,1,1
"SLC50A1",0.120141704173713,1.13851149600972,1,1,1
"THOC2",0.120141704173713,0.675932510132056,1,1,1
"FAM8A1",0.120448080053541,1.72109882945172,0.714,0.625,1
"FNTB",0.120448080053541,2.76429786174896,0.714,0.625,1
"DSP",0.121182834795193,1.05278398438379,0.929,0.688,1
"PPP1R3B",0.122174193261127,1.40354173656862,0.929,0.938,1
"ASB7",0.122560804221213,0.517482942277999,0.929,0.812,1
"POLR3E",0.122560804221213,0.68091727431737,0.929,0.812,1
"RHPN2",0.122560804221213,0.992714422873529,0.929,0.812,1
"SELENBP1",0.122560804221213,0.993799701207716,0.929,0.812,1
"TTC39A",0.122560804221213,1.68560420716105,0.929,0.812,1
"GBP2",0.123969071535784,1.00206542406923,0.643,0.312,1
"GPATCH3",0.124046666037466,1.23426728175408,0.643,0.438,1
"RIPOR3",0.124461993289561,0.274290569104517,0.857,0.625,1
"CLEC11A",0.125178937878842,0.320735475127667,0.714,0.438,1
"APOO",0.125362196782586,0.477443720484142,0.857,0.562,1
"TSPYL4",0.125625374447279,1.08871685803081,0.571,0.312,1
"AHCYL2",0.126421206321504,1.63218741317962,0.786,0.562,1
"PDK3",0.126421206321504,0.983940536869596,0.786,0.562,1
"SNED1",0.126421206321504,0.942759092751955,0.786,0.562,1
"MAP2K5",0.126497301744724,0.931916328041074,1,0.625,1
"KRT15",0.126497301744724,1.23619674515192,0.857,0.75,1
"TMPRSS2",0.126497301744724,3.51166306720808,0.857,0.75,1
"COL16A1",0.126531422971005,0.543430212071141,0.714,0.5,1
"LRATD1",0.127054078739784,1.4200255068091,0.643,0.375,1
"ZNF41",0.127054078739784,1.22397263140796,0.643,0.375,1
"ELL",0.12724061086072,0.550460888231545,1,0.75,1
"IDE",0.12724061086072,0.521816807104157,1,0.75,1
"TMEM86A",0.127534127673006,1.22421299937107,0.571,0.25,1
"ANKRD50",0.128156355258903,0.730226038296678,0.929,0.625,1
"SPAG4",0.128156355258903,1.3213736013168,0.857,0.688,1
"WNT7B",0.128156355258903,1.24623248320607,0.857,0.688,1
"DCUN1D4",0.128403758217211,0.607726729856752,1,0.875,1
"DMXL2",0.128403758217211,0.521662315185246,1,0.875,1
"RWDD2A",0.128403758217211,0.962179404683675,1,0.875,1
"ALOX12",0.128935532233883,1.87205309352829,0.429,0.188,1
"MAMDC4",0.128935532233883,2.1804657868853,0.429,0.188,1
"REEP1",0.128935532233883,2.05299251206507,0.429,0.188,1
"RORC",0.128935532233883,1.88361931407882,0.429,0.188,1
"OSGEPL1",0.129491745355393,1.49285924450536,0.786,0.688,1
"ACTR3B",0.12973113030688,2.72198987541464,0.929,0.75,1
"BCDIN3D",0.12973113030688,0.366955633946683,0.929,0.75,1
"TNFRSF25",0.12973113030688,0.832690236482554,0.929,0.75,1
"MCM6",0.12973113030688,0.976392360043185,0.857,0.812,1
"TLCD1",0.12973113030688,0.597791986178077,0.857,0.812,1
"CASP4",0.130432437719908,0.461717262812896,0.929,0.875,1
"SQOR",0.130432437719908,0.782410960531681,0.929,0.875,1
"SWI5",0.130432437719908,0.328684884387976,0.929,0.875,1
"TRAPPC12",0.130432437719908,0.882924261108043,0.929,0.875,1
"FKBP11",0.130607059731228,0.806895433195651,0.929,1,1
"KANK1",0.130607059731228,0.582909930526448,1,0.938,1
"TRIM24",0.130607059731228,0.720701228028154,1,0.938,1
"CCDC6",0.130607059731228,0.547061815696888,1,1,1
"CRLF3",0.130607059731228,0.56091701981533,1,1,1
"ENSA",0.130607059731228,0.584471416828926,1,1,1
"ITPRIPL2",0.130607059731228,0.905701838326926,1,1,1
"JARID2",0.130607059731228,0.543270051858937,1,1,1
"MAP1LC3B",0.130607059731228,0.414412930537242,1,1,1
"MRPS18A",0.130607059731228,0.405977054110331,1,1,1
"NDRG2",0.130607059731228,1.05733324576409,1,1,1
"NDUFS1",0.130607059731228,0.509289358099535,1,1,1
"NUPR1",0.130607059731228,0.899203683725145,1,1,1
"ODF2L",0.130607059731228,0.769418570308863,1,1,1
"OGDH",0.130607059731228,0.369213002264233,1,1,1
"OGT",0.130607059731228,0.589561170643114,1,1,1
"PCYOX1",0.130607059731228,1.01304414503786,1,1,1
"PIK3C2A",0.130607059731228,1.23057845007164,1,1,1
"POLK",0.130607059731228,0.44587678431965,1,1,1
"RARS1",0.130607059731228,0.346078511087116,1,1,1
"RNF103",0.130607059731228,0.55734962116968,1,1,1
"SARAF",0.130607059731228,0.332088860269387,1,1,1
"SCFD1",0.130607059731228,0.664712528759295,1,1,1
"TMED4",0.130607059731228,0.355021197899385,1,1,1
"TMEM68",0.130607059731228,0.691286630130591,1,1,1
"URB1",0.130607059731228,1.01413823509358,1,1,1
"H2AC6",0.130974911581017,1.71751830282517,0.786,0.438,1
"JDP2",0.130974911581017,0.506983952186089,0.786,0.438,1
"DHRS13",0.131112427962146,1.39871847991423,0.714,0.625,1
"MMEL1",0.131112427962146,1.16973385148573,0.714,0.625,1
"CD302",0.131719898564649,0.639095096859558,0.929,0.688,1
"RADIL",0.131735714530076,1.25055075733042,0.786,0.5,1
"RASSF7",0.131735714530076,0.531856753582185,0.786,0.5,1
"SERINC2",0.131735714530076,0.660257750563464,0.786,0.5,1
"AIFM1",0.132810361245246,0.673053977331104,0.929,0.938,1
"BTBD2",0.133189449306994,0.564841804850921,0.929,0.812,1
"IPPK",0.133189449306994,0.837886480471344,0.929,0.812,1
"SLC22A5",0.133189449306994,1.06027428977808,0.929,0.812,1
"ZNF345",0.133189449306994,0.792310771448723,0.929,0.812,1
"MMP25",0.134132933533233,0.691414509555695,0.429,0.125,1
"LHPP",0.135255977102608,0.480333926792987,0.857,0.625,1
"LRRCC1",0.135255977102608,0.877067002933004,0.857,0.625,1
"RTKN",0.135255977102608,1.20224579887833,0.857,0.625,1
"IFIH1",0.135423021203537,1.29076915542289,0.643,0.438,1
"PEX6",0.135423021203537,0.824509906710243,0.643,0.438,1
"PLEKHH1",0.136276629487114,1.73428513111076,0.786,0.625,1
"C2CD2",0.13634521576501,1.56269824650764,0.643,0.5,1
"DDX28",0.137425680004855,0.50365089744389,1,0.625,1
"POLI",0.137425680004855,1.3186911049151,0.857,0.75,1
"RHOT1",0.137425680004855,0.725008962515979,0.857,0.75,1
"DNAJC27",0.137450091603665,0.52992162483702,0.786,0.562,1
"C1orf54",0.138804282069491,1.39594308947633,0.571,0.25,1
"KITLG",0.138804282069491,0.370379097559285,0.571,0.25,1
"AUNIP",0.139186106980909,1.20621813905636,0.857,0.688,1
"NAIF1",0.139186106980909,1.827828224879,0.857,0.688,1
"RTEL1",0.139186106980909,1.08502517142987,0.857,0.688,1
"KMT5C",0.139186106980909,2.19902091813338,0.786,0.75,1
"DNAH14",0.139361334124819,1.65706649888323,1,0.875,1
"FAIM",0.139361334124819,0.998985069347489,1,0.875,1
"MARCKSL1",0.139361334124819,0.546433119482343,1,0.875,1
"MARK4",0.139361334124819,1.25933359125375,1,0.875,1
"MED16",0.139361334124819,0.404894765704149,1,0.875,1
"PARP9",0.139361334124819,0.388280944360531,1,0.875,1
"INPP4A",0.140672904002075,1.13120603818812,0.786,0.688,1
"HEXD",0.140827185306555,0.546178601948739,0.929,0.75,1
"MCM9",0.140827185306555,0.648320274366597,0.929,0.75,1
"BRCC3",0.141559588282914,0.312545060338599,1,0.812,1
"TAF12",0.141559588282914,0.970203325803729,0.857,0.938,1
"CCNT2",0.141559588282914,0.814574237601077,0.929,0.875,1
"EDRF1",0.141559588282914,1.71727375403808,0.929,0.875,1
"ARHGEF7",0.141743617355409,1.06526340815202,0.929,1,1
"IFT43",0.141743617355409,0.715104370513567,0.929,1,1
"B4GALT4",0.141743617355409,0.503478711971882,1,0.938,1
"DRC9",0.141743617355409,0.778513421998221,1,0.938,1
"FBXW11",0.141743617355409,0.53201275437552,1,0.938,1
"GNPDA1",0.141743617355409,1.00326918550838,1,0.938,1
"HIPK2",0.141743617355409,0.692500455461222,1,0.938,1
"PLPBP",0.141743617355409,0.714885323963118,1,0.938,1
"RALGAPB",0.141743617355409,0.711301143345547,1,0.938,1
"RCC2",0.141743617355409,0.672662714895802,1,0.938,1
"SLC38A6",0.141743617355409,0.715004750284846,1,0.938,1
"SNAPIN",0.141743617355409,0.540853425106391,1,0.938,1
"ZNF224",0.141743617355409,1.68659260375342,1,0.938,1
"ALPK1",0.141743617355409,0.883742134474274,1,1,1
"ATP6V0B",0.141743617355409,0.363812180410996,1,1,1
"BLZF1",0.141743617355409,0.598970223926322,1,1,1
"CAPN1",0.141743617355409,0.529988790863364,1,1,1
"CNIH1",0.141743617355409,0.330487961305102,1,1,1
"CTNND1",0.141743617355409,0.78851264272989,1,1,1
"EIF1AX",0.141743617355409,0.390484924560118,1,1,1
"EIF2B4",0.141743617355409,0.340714355637709,1,1,1
"EIF4G1",0.141743617355409,0.473272313949701,1,1,1
"FRS2",0.141743617355409,0.730651917394426,1,1,1
"FTL",0.141743617355409,0.379036945095763,1,1,1
"GAPVD1",0.141743617355409,0.328871954132486,1,1,1
"GRN",0.141743617355409,0.405988295958139,1,1,1
"KLF11",0.141743617355409,0.92323983384308,1,1,1
"MRPL44",0.141743617355409,0.505074304276085,1,1,1
"NBR1",0.141743617355409,0.498265049067147,1,1,1
"RABIF",0.141743617355409,0.503382643893529,1,1,1
"RABL3",0.141743617355409,1.03674731624055,1,1,1
"RAP2B",0.141743617355409,0.793608253121875,1,1,1
"RPS6KB1",0.141743617355409,0.420972500743428,1,1,1
"SMG5",0.141743617355409,0.451298836095237,1,1,1
"SREBF2",0.141743617355409,0.570723865989108,1,1,1
"TNFAIP1",0.141743617355409,0.253967073638033,1,1,1
"TXNRD1",0.141743617355409,0.594690338861559,1,1,1
"USP7",0.141743617355409,1.59875324445291,1,1,1
"ZNF91",0.141743617355409,0.377039505656576,1,1,1
"JADE3",0.141745721566461,1.61709154438826,0.571,0.375,1
"ZNF750",0.142460163107301,1.88527958627547,0.714,0.625,1
"ACOX3",0.142936539985941,0.479039347125043,0.929,0.688,1
"EPB41L1",0.143172720485303,1.17791720383508,0.857,0.438,1
"SPTB",0.143172720485303,0.297562358979853,0.786,0.5,1
"ABCA1",0.143172720485303,1.32202492130763,0.714,0.562,1
"TMEM145",0.143172720485303,2.59938800015825,0.714,0.562,1
"PELI3",0.143994669332001,3.20279186645425,0.429,0.25,1
"CHPF2",0.144125900585999,0.763636760461966,0.929,0.938,1
"GALK1",0.144125900585999,0.657483605691618,0.929,0.938,1
"WDFY3",0.144125900585999,1.80351799566529,0.929,0.938,1
"RNF139",0.14449521025521,0.396283237012751,0.929,0.812,1
"TFB2M",0.14449521025521,0.753783206322343,0.929,0.812,1
"TMEM9",0.14449521025521,0.445034636457047,0.929,0.812,1
"BATF",0.144980842911878,3.70645934232222,0.286,0.125,1
"GGACT",0.147032159874655,0.643736172489719,0.643,0.312,1
"GPRC5B",0.147032159874655,0.419526769209102,0.643,0.312,1
"IL11RA",0.147614118637276,0.938917789281887,0.643,0.438,1
"PWWP2B",0.147614118637276,1.0856036201198,0.643,0.438,1
"GPRC5C",0.147891846990162,0.683848818112637,0.857,0.562,1
"MGAT4A",0.147891846990162,0.449205265761706,0.857,0.562,1
"WDR7",0.147891846990162,0.480819809986868,0.857,0.562,1
"INVS",0.147891846990162,0.905454304896815,0.786,0.625,1
"WNT9A",0.148296020548377,0.874206820891915,0.714,0.438,1
"AKR7A3",0.148525737131434,1.515626608227,0.429,0.188,1
"SLC9A1",0.149036262742382,1.00635588162319,0.857,0.75,1
"SDSL",0.149160108628176,0.888392673994388,0.786,0.562,1
"BEND3",0.149712085821554,0.995675696583459,0.714,0.5,1
"ISY1-RAB43",0.149712085821554,1.52182558253523,0.714,0.5,1
"ZYG11A",0.149786379600018,1.4486891559406,1,0.75,1
"FAM171B",0.150910537163479,1.05654140796447,0.857,0.688,1
"CFAP263",0.150910537163479,1.42353781827558,0.786,0.75,1
"LRRC27",0.150910537163479,2.04436956265141,0.786,0.75,1
"MB21D2",0.1509969886058,1.335429250589,0.643,0.375,1
"ZNF222",0.1509969886058,0.999717291057793,0.643,0.375,1
"BSDC1",0.15099980797355,0.595013118855915,1,0.875,1
"CPT2",0.15099980797355,0.941772756328799,1,0.875,1
"HIBCH",0.15099980797355,0.80194202135482,1,0.875,1
"HLA-B",0.15099980797355,1.07863581166802,1,0.875,1
"SRD5A3",0.15099980797355,0.890559206190849,1,0.875,1
"USP25",0.15099980797355,0.49123528242571,1,0.875,1
"ZNF785",0.15099980797355,1.92443590393664,1,0.875,1
"KLHL2",0.152548273506866,0.98228706465163,0.786,0.688,1
"XNDC1N",0.152548273506866,1.36402271034017,0.786,0.688,1
"B3GNT2",0.152616598477507,0.598740214927436,0.929,0.75,1
"MMGT1",0.152616598477507,0.607716382861016,0.929,0.75,1
"TMEM216",0.152616598477507,0.837009474055507,0.929,0.75,1
"ANKRD42",0.152616598477507,0.572700429433509,0.857,0.812,1
"ORMDL3",0.153378941764068,0.611988546284045,1,0.812,1
"RIMKLB",0.153378941764068,0.605976572839444,1,0.812,1
"UFSP2",0.153378941764068,0.784350286336317,1,0.812,1
"ZBTB45",0.153378941764068,1.03959117205135,1,0.812,1
"ZNF707",0.153378941764068,1.11193082992846,0.857,0.938,1
"GMPPB",0.153378941764068,0.608835359498802,0.929,0.875,1
"LCMT1",0.153378941764068,0.63777840445764,0.929,0.875,1
"STX6",0.153378941764068,1.32383503532549,0.929,0.875,1
"ZFP3",0.153378941764068,1.1022404843663,0.929,0.875,1
"CREG1",0.153569874849297,0.626087796948858,0.929,1,1
"BRCA1",0.153569874849297,0.657729581024395,1,0.938,1
"CDK17",0.153569874849297,0.661945491330264,1,0.938,1
"CYSTM1",0.153569874849297,0.59503734299033,1,0.938,1
"CYTH1",0.153569874849297,0.53861697065839,1,0.938,1
"ERG28",0.153569874849297,0.583545374992408,1,0.938,1
"KRT19",0.153569874849297,0.830308684353968,1,0.938,1
"MAST2",0.153569874849297,0.497544393633942,1,0.938,1
"PHAF1",0.153569874849297,0.282016454846669,1,0.938,1
"TM2D1",0.153569874849297,0.590009666858617,1,0.938,1
"ZNF639",0.153569874849297,0.767249383062167,1,0.938,1
"ATF7IP",0.153569874849297,0.651413272928974,1,1,1
"CLIP1",0.153569874849297,0.508758548535693,1,1,1
"ECPAS",0.153569874849297,0.486479249061691,1,1,1
"HAPSTR1",0.153569874849297,0.251642062773946,1,1,1
"MARCHF6",0.153569874849297,0.455537418934387,1,1,1
"MDM4",0.153569874849297,0.447402890038024,1,1,1
"MIDEAS",0.153569874849297,0.376168082976956,1,1,1
"NDUFS3",0.153569874849297,0.387786596119129,1,1,1
"PPA1",0.153569874849297,0.427813415949761,1,1,1
"PRPF38B",0.153569874849297,0.375359277700148,1,1,1
"RNF130",0.153569874849297,1.16654605501721,1,1,1
"SETD7",0.153569874849297,1.09769170584696,1,1,1
"SFXN2",0.153569874849297,1.36587222307543,1,1,1
"SLC35A3",0.153569874849297,0.620855166072493,1,1,1
"SLC39A11",0.153569874849297,0.553580082534975,1,1,1
"SNW1",0.153569874849297,0.454488965285102,1,1,1
"TKT",0.153569874849297,0.617895680731443,1,1,1
"TTC32",0.153569874849297,0.491161546069899,1,1,1
"UBQLN1",0.153569874849297,0.254430962511533,1,1,1
"ZNF26",0.153569874849297,0.434377774021748,1,1,1
"ZNF429",0.153569874849297,0.56441629397384,1,1,1
"PLD6",0.154553229061424,2.90047088012048,0.714,0.625,1
"SMG8",0.154845920692904,0.922183953332269,0.786,0.812,1
"ELAC1",0.154876713689939,1.07658705713009,0.571,0.375,1
"KCTD15",0.154876713689939,0.975325866376652,0.571,0.375,1
"CMC4",0.155348593333192,0.302079717587566,0.786,0.5,1
"KBTBD7",0.155348593333192,0.467588092681213,0.786,0.5,1
"TESK2",0.155348593333192,1.18191575313378,0.786,0.5,1
"CDS1",0.155348593333192,1.13383168056774,0.714,0.562,1
"CCDC86",0.156139941725044,0.671847537206292,0.929,0.938,1
"DCAF5",0.15649311910952,1.17213481927311,0.929,0.812,1
"FMO5",0.15649311910952,0.534628684678265,0.929,0.812,1
"MARCHF5",0.15649311910952,0.490586851976976,0.929,0.812,1
"ZNF747",0.15649311910952,0.844113087691629,0.929,0.812,1
"SERGEF",0.158915382350105,1.09531440063791,0.857,0.625,1
"CLN8",0.158915382350105,1.82513198542968,0.714,0.75,1
"LRCH1",0.160222565016082,0.691093917114737,0.786,0.625,1
"PARP12",0.160222565016082,0.812872799182744,0.786,0.625,1
"IGSF8",0.160509824207263,1.06547339522974,0.643,0.438,1
"ANKRD16",0.160955724408178,0.776759591602174,0.714,0.438,1
"SUSD1",0.160955724408178,0.600272357736979,0.643,0.5,1
"SNAPC4",0.161361603340057,1.04443180692874,0.857,0.75,1
"STX18",0.161361603340057,0.564319968424844,0.857,0.75,1
"ACOT1",0.161602033520563,1.113291654665,0.786,0.562,1
"ZC3H12A",0.161602033520563,1.14890486629382,0.786,0.562,1
"ZNF184",0.161602033520563,1.52597727038633,0.786,0.562,1
"TAF5L",0.162112242812202,0.907015280475934,0.857,0.875,1
"FBXL16",0.162962962962963,1.41742648263542,0.286,0.062,1
"ABCA5",0.163342298578953,1.69848177801949,1,0.875,1
"ATG2B",0.163342298578953,0.789161074970582,1,0.875,1
"FOXP4",0.163342298578953,0.510598591686455,1,0.875,1
"NINJ1",0.163342298578953,0.714652764797644,1,0.875,1
"TSTD1",0.163342298578953,0.868331922931883,1,0.875,1
"SEZ6L2",0.163350096537558,0.769201522560352,1,0.562,1
"ZNF14",0.163350096537558,0.706949692991967,0.857,0.688,1
"HDDC2",0.163350096537558,0.847592149844206,0.786,0.75,1
"ZNF565",0.164066656042464,1.03737446238144,0.571,0.438,1
"ALDH3B2",0.164384006826996,1.01305311291188,0.571,0.312,1
"MID2",0.164384006826996,1.07958232628657,0.571,0.312,1
"KLHL9",0.165116698616636,0.584875215732969,1,0.688,1
"WWC1",0.165116698616636,1.59893318398916,1,0.688,1
"ZNF587B",0.165116698616636,0.411347018811741,1,0.688,1
"SLC25A23",0.165116698616636,1.21076856233684,0.929,0.75,1
"SLC2A10",0.165116698616636,1.15281829828623,0.857,0.812,1
"SLC41A1",0.165116698616636,1.05437113636302,0.857,0.812,1
"DCLRE1B",0.165160790777642,0.299465098955965,0.929,0.562,1
"C2orf49",0.165908005749447,0.276797012703015,1,0.812,1
"COPS7B",0.165908005749447,0.566133673758865,1,0.812,1
"SYTL4",0.165908005749447,1.65928473312117,1,0.812,1
"IQCK",0.165908005749447,1.62480771103798,0.929,0.875,1
"IQSEC2",0.165908005749447,0.63939356767437,0.929,0.875,1
"MCU",0.165908005749447,0.677163406851477,0.929,0.875,1
"PFN2",0.165908005749447,0.652383805630931,0.929,0.875,1
"AREL1",0.166108112094624,0.556581575490983,0.929,1,1
"FKBP14",0.166108112094624,1.19803016431698,1,0.938,1
"KIF9",0.166108112094624,0.497785679492865,1,0.938,1
"MRPS26",0.166108112094624,0.633454429847863,1,0.938,1
"NFKBIB",0.166108112094624,0.635943057959709,1,0.938,1
"ATG10",0.166108112094624,0.915245748898902,1,1,1
"CCNDBP1",0.166108112094624,0.273338488679644,1,1,1
"CETN2",0.166108112094624,0.329951039258465,1,1,1
"CLASP1",0.166108112094624,0.25158819901635,1,1,1
"EIF4A2",0.166108112094624,0.384776403431342,1,1,1
"EVA1C",0.166108112094624,0.394220144276291,1,1,1
"LTA4H",0.166108112094624,0.497441233403428,1,1,1
"MICAL3",0.166108112094624,0.447728650844425,1,1,1
"MINDY2",0.166108112094624,1.25861215744034,1,1,1
"NBEAL1",0.166108112094624,0.963660466859724,1,1,1
"NCBP2",0.166108112094624,0.414819825401539,1,1,1
"PIGP",0.166108112094624,0.633509852603158,1,1,1
"RIPK2",0.166108112094624,0.583825154847822,1,1,1
"SAR1B",0.166108112094624,0.636230880531914,1,1,1
"SCARB1",0.166108112094624,0.568796721399224,1,1,1
"STXBP1",0.166108112094624,1.11069170208547,1,1,1
"TCF12",0.166108112094624,1.34051085989898,1,1,1
"TMEM126B",0.166108112094624,0.421469424702523,1,1,1
"VASP",0.166108112094624,0.730142228246366,1,1,1
"ZNG1E",0.166108112094624,0.31725056713771,1,1,1
"MMP17",0.167449608529069,3.03612445553524,0.429,0.25,1
"SLC9B1",0.167531879055312,1.5278092866333,0.643,0.562,1
"MAP7",0.168252591970269,0.772269755116469,0.786,0.5,1
"COL9A2",0.168820838978516,1.72857548812208,0.571,0.375,1
"NOS1AP",0.168820838978516,1.16964804003335,0.571,0.375,1
"ACSS1",0.168873925610294,0.82359996833414,0.929,0.938,1
"COMMD10",0.168873925610294,0.902200941262024,0.929,0.938,1
"MIMS1",0.168873925610294,0.448296734288444,0.929,0.938,1
"NCOA1",0.168873925610294,0.543402035400836,0.929,0.938,1
"PLEKHA7",0.168873925610294,0.308945044460218,0.929,0.938,1
"TRIM47",0.168873925610294,0.445491264881429,0.929,0.938,1
"MTERF1",0.169208577685701,0.779340124315309,0.929,0.812,1
"TFAP2C",0.169208577685701,0.568490362959804,0.929,0.812,1
"FAM117A",0.170292631462047,1.65270841714345,0.357,0.188,1
"THEMIS2",0.170292631462047,4.0098519771789,0.357,0.188,1
"ALDH5A1",0.171821155125911,1.18481599728533,0.857,0.625,1
"POLA1",0.171821155125911,0.46269882453643,0.857,0.625,1
"SLC27A3",0.171821155125911,0.329218705257055,0.857,0.625,1
"MRPL45",0.171954022988506,3.75179758845027,0.286,0.125,1
"ARHGAP39",0.173298792640144,0.719531827306812,0.786,0.625,1
"ENPP4",0.173298792640144,1.13836799571461,0.714,0.688,1
"MGMT",0.174271584537968,1.17034405136691,0.643,0.438,1
"DENND4A",0.174408702081708,0.301174336148442,0.857,0.75,1
"HID1",0.174408702081708,0.860914618609105,0.857,0.75,1
"PGAP6",0.174408702081708,0.385270394374799,0.857,0.75,1
"PODXL2",0.174444294880424,0.90969573191522,0.714,0.438,1
"SCO2",0.174444294880424,0.954445297854235,0.714,0.438,1
"CLDN3",0.174444294880424,1.20594843307115,0.643,0.5,1
"EXOC3",0.176404388105225,0.489159410102312,1,0.875,1
"NRBP2",0.176404388105225,0.508763034915755,1,0.875,1
"PIAS4",0.176404388105225,0.539361869971457,1,0.875,1
"STK35",0.176404388105225,0.538427366687381,1,0.875,1
"TRAFD1",0.176404388105225,0.457127836488472,1,0.875,1
"TGDS",0.176523035351949,0.430967626492986,0.857,0.688,1
"OAF",0.176523035351949,1.08964392311199,0.786,0.75,1
"PLCD1",0.176991504247876,0.548442252434127,0.5,0.25,1
"AUTS2",0.178110009322824,0.732508209032554,0.643,0.375,1
"CCDC183",0.178110009322824,1.1392526473826,0.643,0.375,1
"FBXO44",0.178348390304332,1.7345007868498,0.786,0.875,1
"ENO3",0.178348390304332,1.11011007656939,0.857,0.812,1
"MTFR1",0.178348390304332,1.12872959490607,0.857,0.812,1
"ZNF514",0.178348390304332,1.46485170975232,0.857,0.812,1
"PSTPIP2",0.178505229669307,0.690691113535215,0.786,0.688,1
"ANO9",0.178766523171163,1.89152610167264,0.571,0.312,1
"BTG2",0.178766523171163,0.667189275585121,0.571,0.312,1
"MEGF6",0.178766523171163,0.270594618814134,0.571,0.312,1
"NFATC4",0.178766523171163,0.845637048990426,0.571,0.312,1
"CNFN",0.178979818656203,0.660229768388702,0.714,0.375,1
"NADK2",0.179167946126696,0.390538509199922,1,0.812,1
"PKP3",0.179167946126696,0.471871564828487,1,0.812,1
"UBE2H",0.179167946126696,0.82925029044584,1,0.812,1
"CIC",0.179167946126696,0.808300361592041,0.929,0.875,1
"CRELD2",0.179167946126696,0.417338133669311,0.929,0.875,1
"PWWP2A",0.179167946126696,0.557979150222281,0.929,0.875,1
"SPICE1",0.179167946126696,0.574113685478498,0.929,0.875,1
"BAG6",0.179310344827586,2.96417351906822,0.214,0,1
"GDF9",0.179310344827586,3.25097146139672,0.214,0,1
"MIP",0.179310344827586,3.02855599790507,0.214,0,1
"STC2",0.179310344827586,3.19455332442952,0.214,0,1
"TRIM59-IFT80",0.179310344827586,2.7087949208722,0.214,0,1
"GAS2",0.179310344827586,2.1552708584193,0.214,0.062,1
"KIF5C",0.179310344827586,1.59977406808946,0.214,0.062,1
"CAB39",0.179374200068868,0.372657905665601,0.929,1,1
"LMBR1L",0.179374200068868,0.653737529461807,0.929,1,1
"ARID2",0.179374200068868,0.883219425655843,1,0.938,1
"CAPN10",0.179374200068868,0.3836447876008,1,0.938,1
"CDKAL1",0.179374200068868,0.562230366426866,1,0.938,1
"COMMD5",0.179374200068868,0.624793811617223,1,0.938,1
"DPH1",0.179374200068868,0.60341157048365,1,0.938,1
"DYRK1A",0.179374200068868,2.25945896419546,1,0.938,1
"EXOSC2",0.179374200068868,0.412781374858632,1,0.938,1
"FBXO11",0.179374200068868,0.824951144426145,1,0.938,1
"GALNT6",0.179374200068868,0.29495272108857,1,0.938,1
"HIVEP1",0.179374200068868,0.68472314170237,1,0.938,1
"MIA3",0.179374200068868,0.92282686819655,1,0.938,1
"NFIA",0.179374200068868,0.885784187082387,1,0.938,1
"PAXBP1",0.179374200068868,0.687292771850433,1,0.938,1
"PROM2",0.179374200068868,1.18350267246531,1,0.938,1
"SCYL2",0.179374200068868,0.576272583287797,1,0.938,1
"TCTN1",0.179374200068868,0.638808184652656,1,0.938,1
"TIMM23B",0.179374200068868,0.531897021875453,1,0.938,1
"TP53BP1",0.179374200068868,0.712385042238665,1,0.938,1
"AFTPH",0.179374200068868,0.749085401999618,1,1,1
"ATXN3",0.179374200068868,0.869827494018653,1,1,1
"CLN5",0.179374200068868,0.717799361915215,1,1,1
"CLU",0.179374200068868,0.796600225636543,1,1,1
"CREBBP",0.179374200068868,1.46232325843263,1,1,1
"DDX6",0.179374200068868,0.381702354013816,1,1,1
"DPF2",0.179374200068868,0.427759642542982,1,1,1
"ERCC1",0.179374200068868,0.4317487851251,1,1,1
"GOLGA3",0.179374200068868,0.673384003464804,1,1,1
"GOLGB1",0.179374200068868,0.650794165535596,1,1,1
"HIKESHI",0.179374200068868,0.423573780264869,1,1,1
"METTL2B",0.179374200068868,0.708428534558625,1,1,1
"NEDD4",0.179374200068868,1.1365016388498,1,1,1
"NPEPL1",0.179374200068868,0.437977594555991,1,1,1
"OGFOD3",0.179374200068868,0.471903638475877,1,1,1
"PERP",0.179374200068868,0.473708583884007,1,1,1
"PRKAA1",0.179374200068868,0.3332454086441,1,1,1
"RAB3D",0.179374200068868,0.530427222124877,1,1,1
"RASEF",0.179374200068868,0.500155590421117,1,1,1
"RBBP5",0.179374200068868,0.562795161435024,1,1,1
"SCD5",0.179374200068868,0.924033867199384,1,1,1
"SEPTIN9",0.179374200068868,0.702878667215698,1,1,1
"TMEM248",0.179374200068868,0.466651400245586,1,1,1
"U2AF2",0.179374200068868,0.32438578580738,1,1,1
"USP34",0.179374200068868,0.323744230885403,1,1,1
"XPNPEP3",0.179374200068868,1.09650429641526,1,1,1
"ZNF260",0.179374200068868,0.362947313159263,1,1,1
"DNAL4",0.180840051250605,0.810893483238766,0.929,0.688,1
"H2BC5",0.18098561314458,1.15066871284481,0.857,0.5,1
"C2orf76",0.181950675848866,0.536611140762679,0.786,0.5,1
"IFITM1",0.181950675848866,0.869468089133608,0.786,0.5,1
"ABHD14A",0.181950675848866,1.53555594668034,0.714,0.562,1
"BBS2",0.182344012032511,0.606562043335892,0.929,0.938,1
"BLVRB",0.182344012032511,0.821441500142926,0.929,0.938,1
"LINS1",0.182344012032511,0.53496353889144,0.929,0.938,1
"C6orf141",0.182653000984888,0.788166204459579,0.929,0.812,1
"LIN7B",0.182653000984888,0.985874534129404,0.929,0.812,1
"SLC66A3",0.182653000984888,0.682554678885097,0.929,0.812,1
"S100A9",0.18377619583741,0.721188579306457,0.571,0.375,1
"DENND1C",0.18544061302682,2.63236563530341,0.357,0.125,1
"MSMP",0.18544061302682,1.64135506522816,0.357,0.125,1
"NECTIN4",0.185481968338156,0.337990029921042,0.857,0.625,1
"SAAL1",0.185481968338156,0.585919664065559,0.857,0.625,1
"BIK",0.187126319880995,0.693991983556574,0.786,0.625,1
"MIB2",0.187126319880995,0.973742296591104,0.786,0.625,1
"ENPP5",0.18807929368649,1.73006412106486,0.5,0.312,1
"DCPS",0.188207375500416,0.804454656235879,0.857,0.75,1
"SHROOM1",0.188207375500416,0.762121109239524,0.857,0.75,1
"RHPN1",0.18869790422986,0.78646492620832,0.714,0.438,1
"H4C8",0.18869790422986,0.892860134859623,0.643,0.5,1
"THTPA",0.18869790422986,0.810450856257012,0.643,0.5,1
"EFNA3",0.188761731965115,0.986809584319365,0.643,0.438,1
"PCDH1",0.188761731965115,1.00108486579274,0.643,0.438,1
"RALGAPA2",0.188761731965115,0.861791457842698,0.643,0.438,1
"OCEL1",0.188961288189754,0.450911826276997,0.857,0.875,1
"STXBP4",0.188961288189754,0.782369510432234,0.857,0.875,1
"REPS2",0.190206554789341,0.800562467787074,0.857,1,1
"FOXO3",0.190206554789341,1.54604686366502,1,0.875,1
"NOL4L",0.190206554789341,1.68726906829957,1,0.875,1
"OSTM1",0.190206554789341,0.652139706195237,1,0.875,1
"RSPH3",0.190206554789341,0.681072087338118,1,0.875,1
"SOX9",0.190206554789341,0.737051074179781,1,0.875,1
"SPATA2",0.190206554789341,0.332827250396121,1,0.875,1
"ZNF226",0.190206554789341,0.573181806042119,1,0.875,1
"ZNF70",0.190206554789341,0.346297906607099,1,0.875,1
"RTL6",0.190447081240941,0.311348488556325,0.929,0.625,1
"ANKRD46",0.190447081240941,1.19931420251061,0.857,0.688,1
"LNX2",0.190447081240941,0.912794481907709,0.857,0.688,1
"OCRL",0.190447081240941,0.964088700129962,0.857,0.688,1
"RRS1",0.190447081240941,0.464483730359828,0.857,0.688,1
"TADA1",0.190447081240941,0.382318224622937,0.857,0.688,1
"ZNF606",0.192327503259034,0.66194384026216,0.929,0.75,1
"DTNB",0.192327503259034,0.760519383756895,0.857,0.812,1
"MAP3K5",0.192327503259034,1.4208865161142,0.857,0.812,1
"SLC25A53",0.192327503259034,1.50073125447919,0.857,0.812,1
"GRB7",0.192866731408977,0.925836769086059,0.643,0.375,1
"POLR3B",0.192866731408977,1.58507203303812,0.571,0.438,1
"TPRA1",0.193172873487577,0.426852946056377,1,0.812,1
"CCL28",0.193172873487577,1.09431623878915,0.929,0.875,1
"CLCN6",0.193172873487577,0.467489548535464,0.929,0.875,1
"RIMOC1",0.193172873487577,0.799205575434733,0.929,0.875,1
"TUFT1",0.193172873487577,0.32353477265898,0.929,0.875,1
"CDKN2B",0.193303348325837,1.50203783095,0.429,0.188,1
"CFAP298-TCP10L",0.193303348325837,2.10741017391172,0.429,0.188,1
"ECD",0.193387736816146,0.507122389009036,1,0.938,1
"GMPS",0.193387736816146,0.474466453460423,1,0.938,1
"HADH",0.193387736816146,0.581011200589781,1,0.938,1
"HERC1",0.193387736816146,1.14176716381505,1,0.938,1
"ISG15",0.193387736816146,0.936505614867464,1,0.938,1
"MAPK3",0.193387736816146,1.16544112260883,1,0.938,1
"NHLRC3",0.193387736816146,0.497823309448613,1,0.938,1
"PDP2",0.193387736816146,0.456524117513713,1,0.938,1
"PRIM2",0.193387736816146,0.873252168006787,1,0.938,1
"SGK3",0.193387736816146,0.763642761314812,1,0.938,1
"TARS2",0.193387736816146,0.425930727562125,1,0.938,1
"TGIF2",0.193387736816146,0.419298094279338,1,0.938,1
"UBR1",0.193387736816146,0.573692606413459,1,0.938,1
"ZNF160",0.193387736816146,0.256953021135939,1,0.938,1
"ACADSB",0.193387736816146,0.56661636410225,1,1,1
"ACER3",0.193387736816146,0.921552969072526,1,1,1
"ANKEF1",0.193387736816146,1.25137040430033,1,1,1
"ARFRP1",0.193387736816146,0.496435871909131,1,1,1
"ATP6V1G1",0.193387736816146,0.277058882741709,1,1,1
"BBIP1",0.193387736816146,0.874608087883222,1,1,1
"BCAM",0.193387736816146,0.982832729363519,1,1,1
"CACUL1",0.193387736816146,0.809895662290963,1,1,1
"ELAPOR1",0.193387736816146,0.788198378800314,1,1,1
"EP300",0.193387736816146,1.02547471902587,1,1,1
"GCC2",0.193387736816146,0.418159715589302,1,1,1
"HIF1A",0.193387736816146,0.605301814493007,1,1,1
"KIDINS220",0.193387736816146,0.254222572993557,1,1,1
"LAMTOR3",0.193387736816146,0.535328986965021,1,1,1
"MAZ",0.193387736816146,0.487280655439764,1,1,1
"MED25",0.193387736816146,0.645567673386598,1,1,1
"NAA35",0.193387736816146,0.578361712136172,1,1,1
"PTGR2",0.193387736816146,0.58383331359704,1,1,1
"R3HDM1",0.193387736816146,0.701739144630063,1,1,1
"RBM4",0.193387736816146,0.35773061646587,1,1,1
"RFK",0.193387736816146,0.250712736523555,1,1,1
"RNF19A",0.193387736816146,0.579666414327336,1,1,1
"RUNX1",0.193387736816146,0.526125672420114,1,1,1
"S100PBP",0.193387736816146,0.860934044465514,1,1,1
"SHARPIN",0.193387736816146,0.53721129901707,1,1,1
"TRIP11",0.193387736816146,0.481691456400564,1,1,1
"TRPM4",0.193387736816146,0.788946480662345,1,1,1
"VKORC1L1",0.193387736816146,0.915002471666577,1,1,1
"ZC3H11A",0.193387736816146,0.480509044232176,1,1,1
"ZFP36L1",0.193387736816146,0.587189227126533,1,1,1
"ZNF587",0.193387736816146,0.479806743051765,1,1,1
"PAK6",0.193648934046909,0.669193786569662,0.714,0.375,1
"ZFYVE28",0.193648934046909,2.11434848073339,0.571,0.5,1
"PPP1R3D",0.194389121228859,1.3499379919496,0.571,0.312,1
"MAPRE3",0.194662668665667,1.78226107954422,0.5,0.25,1
"DDX20",0.196414252454096,0.499341195996185,0.786,0.5,1
"NHEJ1",0.196414252454096,0.662099391748174,0.786,0.5,1
"H2BC4",0.196414252454096,1.08900373261182,0.714,0.562,1
"PLS1",0.196414252454096,0.87112788234585,0.714,0.562,1
"C1GALT1",0.196568918842952,1.00882485989144,0.929,0.938,1
"OTULIN",0.196568918842952,1.57820922789198,0.929,0.938,1
"AP5B1",0.196849411551534,0.282869681648578,0.929,0.812,1
"MRPL39",0.196849411551534,0.47546227028621,0.929,0.812,1
"SPATA13",0.196849411551534,0.314913302302839,0.929,0.812,1
"XAB2",0.196849411551534,0.378344246385625,0.929,0.812,1
"ZNF563",0.196849411551534,0.954149072978664,0.929,0.812,1
"GPD1L",0.201733904289685,0.378168922280092,0.857,0.562,1
"PON3",0.201733904289685,1.02344658977186,0.857,0.562,1
"NAGLU",0.202760044126544,0.987825555217912,0.857,0.75,1
"SLC2A11",0.20339745503925,0.508797125392491,0.786,0.562,1
"TMEM117",0.20339745503925,0.367580060627494,0.786,0.562,1
"EFHD1",0.203518536569349,0.961880838920726,0.857,0.875,1
"SETDB2",0.203518536569349,0.81836426439168,0.857,0.875,1
"ZBTB10",0.203518536569349,1.06355686981659,0.857,0.875,1
"ZNF330",0.203518536569349,0.831848902319889,0.857,0.875,1
"DDR1",0.204109173483434,0.871602206178299,0.643,0.438,1
"ITPKC",0.204109173483434,1.09512146892207,0.643,0.438,1
"CCDC200",0.204761135084333,0.933169426077874,1,0.875,1
"POLM",0.204761135084333,0.370031294809607,1,0.875,1
"TFAP2A",0.204761135084333,1.276646938338,1,0.875,1
"TUT7",0.204761135084333,0.5206412979522,1,0.875,1
"NAT14",0.205030735406291,0.304565711208625,0.714,0.5,1
"RBP1",0.205030735406291,3.81373881440642,0.714,0.5,1
"C5orf34",0.205039234768581,1.68376585358833,0.5,0.312,1
"POU2F2",0.205039234768581,2.03663779337091,0.5,0.312,1
"ZFP62",0.205139067892954,1.00908711578507,0.929,0.625,1
"GPR160",0.205139067892954,0.758362485687452,0.857,0.688,1
"ANKRD18A",0.205139067892954,0.975778642153429,0.714,0.812,1
"ATG16L1",0.207071187488471,0.8919526396799,0.929,0.75,1
"ZNF543",0.207071187488471,0.366520118291095,0.929,0.75,1
"ANKRD39",0.207071187488471,0.679022507687188,0.786,0.875,1
"ZNF808",0.207071187488471,2.12784397467704,0.786,0.875,1
"NKIRAS1",0.207071187488471,0.674129648406677,0.857,0.812,1
"PRKCD",0.207071187488471,0.263380363352909,0.857,0.812,1
"ABCA7",0.207511517718953,0.290951550705458,0.929,0.562,1
"CCDC191",0.207511517718953,0.923253104556061,0.786,0.688,1
"C20orf204",0.207847655119809,0.356831816262368,0.571,0.25,1
"LCP1",0.207918263090677,3.42716435534961,0.286,0.062,1
"PDIA5",0.207941134351985,0.812294434870908,1,0.812,1
"HES2",0.207941134351985,1.54060566825444,0.857,0.938,1
"DRC3",0.207941134351985,0.645909912307801,0.929,0.875,1
"ENDOD1",0.207941134351985,0.789958441286256,0.929,0.875,1
"JMY",0.207941134351985,0.430160090292439,0.929,0.875,1
"NUDT16L1",0.207941134351985,0.648942914790149,0.929,0.875,1
"PABPC1L",0.207941134351985,0.48401752027691,0.929,0.875,1
"WASHC5",0.207941134351985,0.552875175245344,0.929,0.875,1
"UBE2F",0.208161333849759,0.475309431660586,0.929,1,1
"ALG3",0.208161333849759,0.552099087335931,1,0.938,1
"CNOT11",0.208161333849759,0.566472597499065,1,0.938,1
"CORO1B",0.208161333849759,0.708417300312941,1,0.938,1
"CYB5A",0.208161333849759,0.920322385035162,1,0.938,1
"KIAA1671",0.208161333849759,0.453433818919015,1,0.938,1
"MAGED1",0.208161333849759,1.34900696882116,1,0.938,1
"NADK",0.208161333849759,0.346999945640869,1,0.938,1
"NFS1",0.208161333849759,0.482579392095098,1,0.938,1
"PARD3",0.208161333849759,0.629643510717016,1,0.938,1
"PPP6R1",0.208161333849759,0.283141427412955,1,0.938,1
"RASA2",0.208161333849759,0.334684232870627,1,0.938,1
"ZNF468",0.208161333849759,0.320526701825753,1,0.938,1
"ABHD12",0.208161333849759,0.385889043081068,1,1,1
"AEBP2",0.208161333849759,0.258677351468667,1,1,1
"CALCOCO2",0.208161333849759,0.394155474228145,1,1,1
"CFAP97",0.208161333849759,1.02569195698702,1,1,1
"DCAF13",0.208161333849759,0.466342557041543,1,1,1
"ERO1A",0.208161333849759,0.870080562762263,1,1,1
"GALNT2",0.208161333849759,0.823053118193467,1,1,1
"KCNK6",0.208161333849759,0.74381382798032,1,1,1
"KRT8",0.208161333849759,0.675413150480725,1,1,1
"LRRFIP1",0.208161333849759,0.281585796895092,1,1,1
"NAA20",0.208161333849759,0.335084918122432,1,1,1
"NVL",0.208161333849759,0.289279614850405,1,1,1
"OSBPL2",0.208161333849759,0.402459080467856,1,1,1
"PPM1K",0.208161333849759,0.951700096555627,1,1,1
"SLC39A4",0.208161333849759,0.433140277937999,1,1,1
"SNRNP70",0.208161333849759,0.579482950911189,1,1,1
"THADA",0.208161333849759,1.44783363657791,1,1,1
"TMEM183A",0.208161333849759,0.538666778534422,1,1,1
"INHBB",0.208593384766165,0.789813359968303,0.571,0.438,1
"KCNK1",0.208593384766165,2.04902025708885,0.571,0.438,1
"PERM1",0.209092742930221,1.31004070650591,0.571,0.5,1
"DCAF15",0.209847824625699,0.57408573371042,0.929,0.688,1
"MAP2K6",0.210388606866158,1.16733096180963,0.571,0.312,1
"TNK1",0.210388606866158,0.693200653468723,0.571,0.312,1
"GRAMD1C",0.210554894551348,1.12147689974673,0.714,0.625,1
"TMEM79",0.210554894551348,1.03366140431325,0.714,0.625,1
"PLAAT4",0.211282360195891,1.12339364452088,0.643,0.562,1
"HAUS8",0.211561532615185,0.745890636016801,0.929,0.938,1
"RPRD1A",0.211561532615185,0.601242896181635,0.929,0.938,1
"DUSP10",0.211696119604456,1.146172718775,0.786,0.5,1
"BCS1L",0.211806212476837,0.531826142081445,0.929,0.812,1
"RPS6KA4",0.211806212476837,0.579375098651244,0.929,0.812,1
"ZNF599",0.211806212476837,1.81896230471198,0.929,0.812,1
"RORA",0.21510029299076,1.06483092995404,0.857,0.625,1
"EFNB1",0.215692153923039,0.301801391447685,0.429,0.188,1
"GOLGA7B",0.215692153923039,1.24189380001545,0.429,0.188,1
"NPIPB15",0.217129715156182,0.42593402278256,0.786,0.625,1
"SLC67A2",0.217129715156182,1.80961276772029,0.786,0.625,1
"OTX1",0.217158087622855,1.63210876013641,0.429,0.25,1
"SEMA3E",0.217158087622855,2.08875890395533,0.429,0.25,1
"VASH1",0.217158087622855,0.608768981790469,0.429,0.25,1
"CCDC142",0.218094901637589,1.82831600368789,0.857,0.75,1
"BLOC1S5-TXNDC5",0.218179798989394,2.23532695000758,0.357,0.188,1
"C17orf67",0.218179798989394,0.954419613282662,0.357,0.188,1
"PTGES",0.21885342158642,1.14388606936543,0.857,0.875,1
"RABEP2",0.21885342158642,1.08081023515254,0.857,0.875,1
"CCDC71",0.218900498151337,0.280861819682464,0.786,0.562,1
"MUTYH",0.218900498151337,0.756444520347618,0.786,0.562,1
"TP73",0.218900498151337,0.764826339371767,0.786,0.562,1
"ARRDC4",0.219157088122605,1.47435230255345,0.357,0.125,1
"GP1BB",0.219921645644326,1.36122748423761,0.5,0.438,1
"DYNLT2B",0.220085636576277,0.582836510812711,1,0.875,1
"MYORG",0.220085636576277,0.771828780826181,1,0.875,1
"RALGDS",0.220085636576277,1.02068739457694,1,0.875,1
"PRKAB2",0.220203774961504,0.801118580374372,0.643,0.438,1
"TENT5C",0.220203774961504,0.952419540013914,0.643,0.438,1
"ZNF860",0.220203774961504,0.666431865313714,0.643,0.438,1
"NINL",0.220613614761247,1.30503881638879,0.786,0.75,1
"LRRC20",0.220799129159191,1.54892350285577,0.714,0.5,1
"OASL",0.220799129159191,0.71251400692998,0.714,0.5,1
"AP3M2",0.222590899252816,0.765860807222022,0.929,0.75,1
"CCDC40",0.222590899252816,0.574128027325811,0.929,0.75,1
"ST7L",0.222590899252816,0.650101549066177,0.929,0.75,1
"ELF3",0.222590899252816,0.559354699338018,0.857,0.812,1
"ZNF672",0.222590899252816,1.15194315475411,0.857,0.812,1
"GRHL3",0.223166311581052,1.27649521324164,0.5,0.312,1
"WHR1",0.223200377795278,0.265010030227737,0.786,0.688,1
"AARS2",0.223483387305315,0.575878804188817,1,0.812,1
"PAQR4",0.223483387305315,0.516788954179049,1,0.812,1
"SLC35A2",0.223483387305315,0.432575345524621,1,0.812,1
"VAV2",0.223483387305315,0.827309531084278,1,0.812,1
"CNOT6L",0.223483387305315,0.643629624553699,0.929,0.875,1
"NFKB2",0.223483387305315,0.526413744634968,0.929,0.875,1
"PBX1",0.223483387305315,0.760499987803958,0.929,0.875,1
"WDR19",0.223483387305315,0.259261656632945,0.929,0.875,1
"MECR",0.223711260984575,0.496871025289551,0.929,1,1
"MX1",0.223711260984575,0.819230638675863,0.929,1,1
"ZZEF1",0.223711260984575,1.06997187291011,0.929,1,1
"BMPR2",0.223711260984575,0.290268815119856,1,0.938,1
"GFUS",0.223711260984575,0.547271084425535,1,0.938,1
"NR1D2",0.223711260984575,0.720286899771242,1,0.938,1
"P4HA2",0.223711260984575,0.522999219762947,1,0.938,1
"VPS36",0.223711260984575,0.346267768561636,1,0.938,1
"ZNF593",0.223711260984575,0.323956793065109,1,0.938,1
"ZSCAN29",0.223711260984575,0.373305875374607,1,0.938,1
"CDC14B",0.223711260984575,0.815418918869856,1,1,1
"CDK7",0.223711260984575,0.617818277896633,1,1,1
"COMMD2",0.223711260984575,0.535106038633681,1,1,1
"EPB41L4A",0.223711260984575,0.469930717289157,1,1,1
"GABPB2",0.223711260984575,0.65998298751582,1,1,1
"INTS1",0.223711260984575,0.872901898382701,1,1,1
"ITM2B",0.223711260984575,0.509041118376725,1,1,1
"JTB",0.223711260984575,0.609435580589301,1,1,1
"LTBR",0.223711260984575,0.433017560955506,1,1,1
"MAP3K9",0.223711260984575,0.607862732439793,1,1,1
"NUMA1",0.223711260984575,0.990637488710235,1,1,1
"OAT",0.223711260984575,0.624991597863096,1,1,1
"POLR2H",0.223711260984575,0.293513181135475,1,1,1
"PSPH",0.223711260984575,0.371207920626452,1,1,1
"PTOV1",0.223711260984575,0.394989933785504,1,1,1
"PUS7L",0.223711260984575,0.32295276497847,1,1,1
"SHOC2",0.223711260984575,0.380005821199629,1,1,1
"SLC38A9",0.223711260984575,0.859750303503794,1,1,1
"SRPRB",0.223711260984575,0.683048535169903,1,1,1
"TCOF1",0.223711260984575,0.95380497084889,1,1,1
"TOR3A",0.223711260984575,0.610070690740128,1,1,1
"TRABD",0.223711260984575,0.318133377181232,1,1,1
"TSC22D2",0.223711260984575,0.731584812745714,1,1,1
"TULP4",0.223711260984575,0.548684457765644,1,1,1
"ZMIZ2",0.223711260984575,0.343051852879826,1,1,1
"HHEX",0.225099380134494,0.566368038725813,0.643,0.375,1
"RARRES1",0.225099380134494,0.448054483492623,0.643,0.375,1
"OXNAD1",0.225099380134494,1.97394813270156,0.571,0.438,1
"TNS3",0.225523014206691,0.835903131932689,0.929,0.688,1
"MAL2",0.225545280335409,0.369975570352042,0.714,0.375,1
"SLC12A7",0.225545280335409,0.36740194136038,0.714,0.375,1
"CLDN23",0.225545280335409,2.13655390462214,0.571,0.5,1
"ARHGEF25",0.225900383141763,3.87355827132058,0.286,0.125,1
"CCDC73",0.225900383141763,2.76664281425075,0.286,0.125,1
"HPX",0.225900383141763,4.47456357471139,0.286,0.125,1
"SAMD14",0.225900383141763,1.50367497862379,0.286,0.125,1
"ZGLP1",0.225900383141763,2.32466151575381,0.286,0.125,1
"ZNF772",0.226545399470887,1.4438548694639,0.714,0.625,1
"CARS2",0.227336885392873,0.555558476207233,0.929,0.938,1
"CREB3L1",0.227336885392873,0.37819706280164,0.929,0.938,1
"DDX60L",0.227336885392873,0.452685893225227,0.929,0.938,1
"ITPKB",0.227336885392873,0.986271457899689,0.929,0.938,1
"RALB",0.227336885392873,0.477867013685898,0.929,0.938,1
"TRMO",0.227336885392873,0.61774517380056,0.929,0.938,1
"SMPD2",0.227470124586829,1.32226217174995,0.571,0.312,1
"TSSK6",0.227470124586829,0.733837766622157,0.571,0.312,1
"FOXO1",0.227520941971395,3.53350726369021,0.643,0.562,1
"NSUN6",0.227542740497656,0.307826934367234,0.929,0.812,1
"RELB",0.227542740497656,0.443418523098341,0.929,0.812,1
"TSPAN13",0.227542740497656,0.934498950777441,0.929,0.812,1
"ZER1",0.227542740497656,0.430185987797547,0.929,0.812,1
"BICDL2",0.227786746461651,0.702074692309631,0.786,0.5,1
"NUDT8",0.227786746461651,0.676471458090283,0.786,0.5,1
"NBEA",0.227786746461651,0.722767227430836,0.714,0.562,1
"MESP1",0.231088129825696,0.370879013001836,0.857,0.625,1
"ITGA2B",0.233329059584415,2.32790265020964,0.786,0.625,1
"SOX12",0.233468143809072,0.82108420119568,0.571,0.375,1
"SPTBN2",0.233468143809072,1.905623453806,0.571,0.375,1
"SYTL2",0.233468143809072,0.908741367760812,0.571,0.375,1
"TJP3",0.233468143809072,0.93982376624787,0.571,0.375,1
"APLP1",0.234209293701962,0.516881331945331,0.857,0.75,1
"ATP23",0.234209293701962,0.594961266728424,0.857,0.75,1
"CYP27A1",0.234209293701962,0.498633564375917,0.857,0.75,1
"SEPTIN5",0.234209293701962,0.751892303601602,0.857,0.75,1
"SULT2B1",0.234209293701962,0.954758915363535,0.857,0.75,1
"RNASE4",0.234973906235737,1.12904496677036,0.857,0.875,1
"METRN",0.235183914750571,0.918279153453359,0.786,0.562,1
"FAM234A",0.23618854487445,0.484768383591404,1,0.875,1
"FMN1",0.23618854487445,0.798216206721287,1,0.875,1
"HLCS",0.23618854487445,0.348578856342426,1,0.875,1
"NF2",0.23618854487445,0.27536386055609,1,0.875,1
"NR4A2",0.23618854487445,0.445934746474373,1,0.875,1
"SIRT5",0.23618854487445,0.66261925531203,1,0.875,1
"HOXB7",0.2365452842894,0.554026011604777,0.714,0.438,1
"SLC1A2",0.2365452842894,1.15385143112501,0.643,0.5,1
"ATG4A",0.236881834280658,0.701112142380858,0.857,0.688,1
"ZDHHC14",0.236881834280658,1.26988850371698,0.857,0.688,1
"CCNE2",0.236881834280658,0.93458397869316,0.786,0.75,1
"EPHX1",0.236881834280658,0.60090385859663,0.786,0.75,1
"AKNAD1",0.237229510459768,1.30527071128974,0.643,0.438,1
"POP1",0.237229510459768,0.305805722284203,0.643,0.438,1
"ZNF174",0.237229510459768,0.72021238914689,0.643,0.438,1
"APOLTP",0.238901766866825,1.6361605099274,0.929,0.75,1
"LHFPL2",0.238901766866825,0.456311454038256,0.929,0.75,1
"CHUK",0.238901766866825,0.292101368253233,0.857,0.812,1
"TLCD3A",0.239679362245262,0.556945615261248,0.786,0.688,1
"AGTPBP1",0.239814183035761,0.475313065251596,1,0.812,1
"BIN3",0.239814183035761,0.666500411168975,1,0.812,1
"CYB561",0.239814183035761,0.40289112956484,1,0.812,1
"KCTD13",0.239814183035761,0.531909386700443,1,0.812,1
"NFKB1",0.239814183035761,0.252464591089749,1,0.812,1
"SGSM2",0.239814183035761,0.697842776902076,1,0.812,1
"TKFC",0.239814183035761,0.487724113133028,1,0.812,1
"GRPEL2",0.239814183035761,0.529041894350608,0.857,0.938,1
"CARMIL1",0.239814183035761,1.17366939577696,0.929,0.875,1
"CILK1",0.240046251384112,0.309044620700626,0.929,1,1
"TXNIP",0.240046251384112,0.517561584668798,0.929,1,1
"ARFIP2",0.240046251384112,0.484534142609466,1,0.938,1
"CNOT6",0.240046251384112,0.532844810837756,1,0.938,1
"DNASE2",0.240046251384112,0.481429055991126,1,0.938,1
"DNPH1",0.240046251384112,0.354896781558975,1,0.938,1
"ENTPD6",0.240046251384112,0.351552447923572,1,0.938,1
"MCCC1",0.240046251384112,0.519142232704201,1,0.938,1
"NAAA",0.240046251384112,0.812417593166564,1,0.938,1
"NTAQ1",0.240046251384112,0.679148127725318,1,0.938,1
"PARP1",0.240046251384112,0.522794005976462,1,0.938,1
"PDE8A",0.240046251384112,1.50608752211013,1,0.938,1
"POR",0.240046251384112,0.684683092803542,1,0.938,1
"SLC25A44",0.240046251384112,0.68350568186566,1,0.938,1
"SURF1",0.240046251384112,0.511037672265412,1,0.938,1
"UBR2",0.240046251384112,0.527223042594048,1,0.938,1
"VPS13A",0.240046251384112,0.745612577653804,1,0.938,1
"ABRACL",0.240046251384112,0.38260496761783,1,1,1
"ACSF3",0.240046251384112,0.289896790975958,1,1,1
"ARF1",0.240046251384112,0.5892947719093,1,1,1
"ARHGEF12",0.240046251384112,0.404683989575226,1,1,1
"ATP6V0E1",0.240046251384112,0.410144534132835,1,1,1
"BRIX1",0.240046251384112,0.484530474009485,1,1,1
"CCT2",0.240046251384112,0.470793111641311,1,1,1
"CD81",0.240046251384112,0.334857221303244,1,1,1
"CLUAP1",0.240046251384112,0.883265198292689,1,1,1
"COA6",0.240046251384112,0.456629636684789,1,1,1
"DAAM1",0.240046251384112,0.576604026249278,1,1,1
"DCAF8",0.240046251384112,0.481384089820398,1,1,1
"EIF2S3",0.240046251384112,0.464751930659872,1,1,1
"ERP29",0.240046251384112,0.351234722712663,1,1,1
"GBA1",0.240046251384112,0.541749125598778,1,1,1
"HERPUD2",0.240046251384112,1.18057034535801,1,1,1
"MTAP",0.240046251384112,1.47283126512695,1,1,1
"NDUFA1",0.240046251384112,0.463977583729985,1,1,1
"NKAP",0.240046251384112,0.339879483790507,1,1,1
"NOPCHAP1",0.240046251384112,0.470666134507653,1,1,1
"PIGN",0.240046251384112,1.01772413974316,1,1,1
"PLK2",0.240046251384112,0.459522575988561,1,1,1
"PPP1R15B",0.240046251384112,0.281576380391157,1,1,1
"QTRT2",0.240046251384112,0.682762102765044,1,1,1
"RCHY1",0.240046251384112,0.515229080547373,1,1,1
"SMC3",0.240046251384112,0.411605100979384,1,1,1
"STX16",0.240046251384112,0.441778868420423,1,1,1
"TMEM205",0.240046251384112,0.447698298511392,1,1,1
"UBOX5",0.240046251384112,0.553175984244373,1,1,1
"UBXN4",0.240046251384112,0.389310510960405,1,1,1
"CD14",0.240746293519907,1.74637111094901,0.429,0.25,1
"FKBPL",0.240746293519907,1.35416198566073,0.429,0.25,1
"H2BC6",0.240746293519907,1.62918202692885,0.429,0.25,1
"SNX32",0.241634738186462,0.555899643786168,0.357,0.125,1
"TRANK1",0.241634738186462,0.506819374764009,0.357,0.125,1
"DIS3L2",0.241988988305985,0.703619256788881,0.929,0.688,1
"ZNF354B",0.241988988305985,1.43426245880807,0.786,0.812,1
"CNBD2",0.242533470107052,4.96485318692936,0.5,0.312,1
"CDC50B",0.242654152799761,0.427489811114208,0.643,0.375,1
"TOMM40L",0.242654152799761,0.455323032996125,0.643,0.375,1
"HACD4",0.242818817629369,1.03238899585577,0.571,0.5,1
"DNAH5",0.24339179567423,0.962867896485744,0.714,0.625,1
"HK2",0.24339179567423,1.4485189715841,0.714,0.625,1
"MAPK12",0.24339179567423,0.602255477097002,0.714,0.625,1
"CEP104",0.243903957893774,1.06479183818248,0.929,0.938,1
"CHEK2",0.243903957893774,0.944322369153493,0.929,0.938,1
"FBXO38",0.243903957893774,0.72036633508496,0.929,0.938,1
"RANBP2",0.243903957893774,1.3659705992143,0.929,0.938,1
"CTC1",0.244063327813218,0.463083522249425,0.929,0.812,1
"GRB10",0.244713061425943,0.858246906979134,0.714,0.562,1
"HVCN1",0.244713061425943,0.556820382199548,0.714,0.562,1
"MSH5-SAPCD1",0.24520815615584,0.507428046611618,0.571,0.312,1
"PRSS22",0.24520815615584,0.534827913043318,0.571,0.312,1
"STAG3",0.247655243585638,0.867564666456879,0.571,0.875,1
"RBM27-POU4F3",0.247889402392027,0.485409535146267,0.857,0.625,1
"ZNF324",0.250341729719935,0.642576824153378,0.786,0.625,1
"KDM5B",0.251895352633281,0.662821930314104,1,0.75,1
"MACROD1",0.251895352633281,0.930847349560829,0.857,0.875,1
"OCLN",0.251895352633281,0.684202834834079,0.857,0.875,1
"TRAPPC9",0.251895352633281,0.915178879692922,0.857,0.875,1
"CITED4",0.251910604725157,1.82634008087246,0.571,0.375,1
"PROSER2",0.251910604725157,1.16934751920355,0.571,0.375,1
"NXT2",0.252302042992951,0.313568087022956,0.786,0.562,1
"MUC5B",0.252384918651785,3.39448261914382,0.357,0.188,1
"ACAD9",0.253083516721172,0.513212987272322,1,0.875,1
"CRLS1",0.253083516721172,0.259725122039777,1,0.875,1
"KIAA0930",0.253083516721172,1.13255069442359,1,0.875,1
"PRR14",0.253083516721172,0.763225569947332,1,0.875,1
"ZMYM5",0.253083516721172,0.289408285363508,1,0.875,1
"GID4",0.253955925374086,1.1833319561554,0.786,0.75,1
"ATPSCKMT",0.254160845273957,0.870496317521937,0.714,0.438,1
"CPEB3",0.254160845273957,0.362391881790651,0.714,0.438,1
"ZCWPW2",0.254160845273957,0.277083054973003,0.714,0.438,1
"CA2",0.254160845273957,1.49722398981478,0.643,0.5,1
"SPINT1",0.254829365503007,0.665703113458322,0.714,0.5,1
"TMEM164",0.254829365503007,1.73169934820562,0.714,0.5,1
"TUT1",0.254829365503007,0.745274694194994,0.714,0.5,1
"POLR3G",0.254966111715384,0.559113254121112,0.643,0.438,1
"SMARCD2",0.256009800397359,0.685679771154302,1,0.688,1
"ZNF598",0.256009800397359,0.390217777599453,1,0.688,1
"CABYR",0.256009800397359,0.593664637456443,0.929,0.75,1
"KATNIP",0.256009800397359,0.778082182989444,0.929,0.75,1
"HELQ",0.25693999921264,0.493915683365382,1,0.812,1
"NBPF11",0.25693999921264,0.761554530151859,1,0.812,1
"OBSL1",0.25693999921264,0.568371223796886,1,0.812,1
"RBM38",0.25693999921264,0.571471335214427,1,0.812,1
"C1orf21",0.25693999921264,0.523610712344758,0.929,0.875,1
"CHCHD6",0.25693999921264,0.569246602208586,0.929,0.875,1
"DMKN",0.25693999921264,0.739297270674037,0.929,0.875,1
"REXO1",0.25693999921264,0.97011320395475,0.929,0.875,1
"SOWAHC",0.25693999921264,1.13513993214802,0.929,0.875,1
"LRRC37A",0.25717871026647,0.57803005001615,0.929,1,1
"PDHX",0.25717871026647,0.601438483226437,0.929,1,1
"RABGGTA",0.25717871026647,0.446589174976099,0.929,1,1
"REPS1",0.25717871026647,0.599228304487069,0.929,1,1
"B4GALT3",0.25717871026647,0.496486008974765,1,0.938,1
"CLDN7",0.25717871026647,0.666772287704938,1,0.938,1
"FKRP",0.25717871026647,0.441829191155472,1,0.938,1
"METTL15",0.25717871026647,0.624283885067371,1,0.938,1
"OXLD1",0.25717871026647,0.418484631712416,1,0.938,1
"PTEN",0.25717871026647,0.376634230646171,1,0.938,1
"TFRC",0.25717871026647,0.432946334289913,1,0.938,1
"VPS13C",0.25717871026647,0.693851710775476,1,0.938,1
"ZFC3H1",0.25717871026647,0.263482910018563,1,0.938,1
"ARHGEF28",0.25717871026647,1.02037353689332,1,1,1
"ATAD2",0.25717871026647,0.467517073861892,1,1,1
"B2M",0.25717871026647,0.354502142800051,1,1,1
"CANX",0.25717871026647,0.478759525032801,1,1,1
"DYM",0.25717871026647,0.629310910317343,1,1,1
"EMC10",0.25717871026647,0.784197625795464,1,1,1
"GEMIN6",0.25717871026647,0.404184013901669,1,1,1
"IDS",0.25717871026647,0.412199239467242,1,1,1
"LRRC41",0.25717871026647,0.651236199625599,1,1,1
"MSI2",0.25717871026647,0.867780397686207,1,1,1
"PDCD6",0.25717871026647,0.634711606995326,1,1,1
"PDIA6",0.25717871026647,0.312904918780151,1,1,1
"PTK7",0.25717871026647,0.744048569192651,1,1,1
"RNF115",0.25717871026647,0.396413149871961,1,1,1
"RNF168",0.25717871026647,0.41300363695423,1,1,1
"RUVBL1",0.25717871026647,0.549482305332247,1,1,1
"STK24",0.25717871026647,0.609637560096109,1,1,1
"TCEAL4",0.25717871026647,0.323567728436636,1,1,1
"TMTC3",0.25717871026647,0.309492669671633,1,1,1
"TNIP1",0.25717871026647,0.394315646481736,1,1,1
"UQCC5",0.25717871026647,0.635044659333964,1,1,1
"TRMT1",0.25926556501591,0.283652089782042,0.929,0.688,1
"MBP",0.25926556501591,0.81674300278198,0.786,0.812,1
"DYRK1B",0.260915679071369,0.725816223178809,0.643,0.375,1
"DNAJA4",0.260915679071369,1.19130538460358,0.571,0.438,1
"DDRGK1",0.261273903811768,0.547785947876908,0.929,0.938,1
"DDX49",0.261273903811768,0.532984644691573,0.929,0.938,1
"DHCR24",0.261273903811768,0.40338230397048,0.929,0.938,1
"TRAF6",0.261273903811768,0.650793178553501,0.929,0.938,1
"UAP1L1",0.261273903811768,0.604542300363743,0.929,0.938,1
"FBXL3",0.261383996684148,0.676768939694735,0.929,0.812,1
"GOLPH3L",0.261383996684148,0.434732330596571,0.929,0.812,1
"IMPACT",0.261383996684148,0.257543777625674,0.929,0.812,1
"SAMD1",0.261383996684148,0.690261855590816,0.929,0.812,1
"UNC119",0.261383996684148,0.492753664587376,0.929,0.812,1
"SEPTIN6",0.262462961845531,0.733884465374996,0.786,0.5,1
"CLCN5",0.262462961845531,2.53591146169101,0.714,0.562,1
"SMIM5",0.262462961845531,1.77728143740577,0.714,0.562,1
"OXTR",0.262650704231647,2.46826149124033,0.643,0.562,1
"FGF2",0.264112388250319,0.495104407771834,0.357,0.125,1
"TMEM217",0.264131917529367,0.571154322127711,0.429,0.625,1
"ATG9B",0.264222742429955,0.477975187790662,0.571,0.312,1
"CDK3",0.265000832916875,0.701483942585744,0.5,0.25,1
"PLPP6",0.265000832916875,2.49270644387226,0.429,0.25,1
"SIPA1L2",0.265000832916875,1.77498701481879,0.429,0.25,1
"C1RL",0.268179841967561,0.656967428991976,0.857,0.562,1
"SOCS6",0.268179841967561,0.704410746982645,0.786,0.625,1
"RHOD",0.268845116485445,0.396129618000195,1,0.625,1
"TAF4",0.268845116485445,1.59147725142952,0.857,0.75,1
"ARL8A",0.269620538887763,1.19499337331611,1,0.75,1
"SLC12A8",0.269620538887763,1.22209826698652,0.857,0.875,1
"WFS1",0.269620538887763,0.723578837093016,0.857,0.875,1
"DUSP16",0.270228628375871,0.925509583502479,0.786,0.562,1
"GBF1",0.270774898068681,0.328590831394845,1,0.875,1
"MEAK7",0.270774898068681,0.292136801073873,1,0.875,1
"PLEKHF2",0.270774898068681,0.297229698698349,1,0.875,1
"SQLE",0.270774898068681,0.286037061385192,1,0.875,1
"VPS41",0.270774898068681,0.304102592340632,1,0.875,1
"ZMYM4",0.270774898068681,1.27305577623942,1,0.875,1
"PHKA2",0.271840729102253,0.740959850977355,0.857,0.688,1
"TLR5",0.271840729102253,0.385656248032997,0.857,0.688,1
"ZNF197",0.271840729102253,0.371244673173585,0.857,0.688,1
"ATP2A3",0.272698779609163,0.898305289108066,0.643,0.5,1
"NIPA1",0.272698779609163,1.43406311648234,0.643,0.5,1
"OPLAH",0.273105579992941,0.548942829543187,0.714,0.5,1
"ARMCX1",0.273638853088076,0.803145373647949,0.643,0.438,1
"DEXI",0.273638853088076,0.671553187741013,0.643,0.438,1
"NUPR2",0.273638853088076,0.797030731992953,0.643,0.438,1
"SDCBP2",0.273638853088076,1.1651072884815,0.643,0.438,1
"GYS1",0.273926126032271,0.416225089095021,0.929,0.75,1
"GSDMB",0.273926126032271,1.78080157343874,0.857,0.812,1
"ZNF586",0.273926126032271,0.399820020641763,0.857,0.812,1
"HMBOX1",0.274871466915321,0.311888430331444,1,0.812,1
"IRF3",0.274871466915321,0.303600746192939,1,0.812,1
"PIGB",0.274871466915321,0.484408418879842,1,0.812,1
"TSEN54",0.274871466915321,0.550654291394277,1,0.812,1
"RAB12",0.274871466915321,0.347025248353722,0.857,0.938,1
"COX15",0.274871466915321,0.53091097916419,0.929,0.875,1
"PEX11B",0.274871466915321,0.27510637338995,0.929,0.875,1
"SLC1A4",0.274871466915321,0.423229776045555,0.929,0.875,1
"SPSB3",0.274871466915321,0.341046227538672,0.929,0.875,1
"ZNF800",0.274871466915321,0.404292391675725,0.929,0.875,1
"CNST",0.27509353682292,0.737972150379605,0.786,0.688,1
"ACSL1",0.275112859806767,0.574541644573794,0.929,1,1
"ATF7",0.275112859806767,0.627899340179475,0.929,1,1
"BICRA",0.275112859806767,1.16098603705112,0.929,1,1
"ESCO1",0.275112859806767,0.40614696171373,0.929,1,1
"TLE1",0.275112859806767,0.765406179338265,0.929,1,1
"C17orf75",0.275112859806767,0.28436738279639,1,0.938,1
"CATSPERG",0.275112859806767,1.69224107001361,1,0.938,1
"COLEC12",0.275112859806767,0.379282614121071,1,0.938,1
"COX11",0.275112859806767,0.814086594728939,1,0.938,1
"DYNC2LI1",0.275112859806767,0.485817096635438,1,0.938,1
"LIMK1",0.275112859806767,0.29632082885099,1,0.938,1
"PPP2R5A",0.275112859806767,0.494066323668483,1,0.938,1
"SELENOM",0.275112859806767,0.469105504313671,1,0.938,1
"SLC39A1",0.275112859806767,0.43062681219403,1,0.938,1
"SNX13",0.275112859806767,0.362889115807875,1,0.938,1
"CAPS",0.275112859806767,0.421017849604391,1,1,1
"CFAP92",0.275112859806767,0.290358151535111,1,1,1
"EPS8",0.275112859806767,0.616258139270959,1,1,1
"GATAD1",0.275112859806767,0.593103971768527,1,1,1
"GK5",0.275112859806767,0.350090725518896,1,1,1
"GSK3B",0.275112859806767,0.607045118010019,1,1,1
"IVD",0.275112859806767,0.409206853139858,1,1,1
"MAN2B2",0.275112859806767,1.08537503778035,1,1,1
"MMAB",0.275112859806767,0.297208960759435,1,1,1
"MRPL46",0.275112859806767,0.397182764858913,1,1,1
"MRPS5",0.275112859806767,0.324239263876205,1,1,1
"NDUFB4",0.275112859806767,0.374446647434688,1,1,1
"NUP160",0.275112859806767,0.694970202852721,1,1,1
"RAB6A",0.275112859806767,0.332926678784187,1,1,1
"S100A11",0.275112859806767,0.618168105953501,1,1,1
"STRAP",0.275112859806767,0.338302080301652,1,1,1
"TMED9",0.275112859806767,0.294743277871962,1,1,1
"TMEM64",0.275112859806767,0.366182899345136,1,1,1
"TMEM67",0.275112859806767,0.817954337229656,1,1,1
"TP53RK",0.275112859806767,0.294156551865561,1,1,1
"UFM1",0.275112859806767,0.2568645895034,1,1,1
"USP53",0.275112859806767,0.85023489955771,1,1,1
"ZDHHC21",0.277350915185682,0.285611952752644,0.929,0.688,1
"ZNF700",0.277350915185682,0.504291234972221,0.929,0.688,1
"APOL2",0.277350915185682,0.575897441989132,0.786,0.812,1
"ARAP1",0.277350915185682,0.70472742891183,0.786,0.812,1
"PIP5KL1",0.277350915185682,2.04690553359904,0.786,0.812,1
"POLL",0.279450821544852,0.592840122794707,0.929,0.938,1
"RESF1",0.279450821544852,0.269918410252779,0.929,0.938,1
"SEC24D",0.279450821544852,0.84281562297716,0.929,0.938,1
"FAM47E-STBD1",0.279503839411564,0.509822346709085,0.929,0.812,1
"SFXN4",0.279503839411564,0.765131815617642,0.929,0.812,1
"TRIM8",0.279503839411564,0.356207962668032,0.929,0.812,1
"CEP72",0.279577514304423,1.16148856604125,0.714,0.625,1
"LSR",0.279577514304423,0.454335508410812,0.714,0.625,1
"PPM1J",0.279846743295019,1.69141439715197,0.286,0.125,1
"RETREG1",0.280283195175718,0.956443271565688,0.643,0.375,1
"ADCY5",0.280283195175718,1.8053130589531,0.571,0.438,1
"CDK18",0.281083042929859,1.14137356303744,0.714,0.562,1
"GEMIN8",0.281083042929859,0.483400919133541,0.714,0.562,1
"NEMP2",0.281083042929859,1.22004693941426,0.714,0.562,1
"PARP16",0.281083042929859,0.892562745230137,0.714,0.562,1
"SHLD1",0.283364984174579,2.33918739094286,0.429,0.312,1
"SYNGAP1",0.283820896569259,2.4381495514099,0.571,0.312,1
"SLC4A3",0.284896849820704,0.759279063969204,0.5,0.312,1
"C9orf43",0.285568326947637,2.27114550576497,0.214,0.062,1
"EEPD1",0.285568326947637,4.25403660297912,0.214,0.062,1
"MPDZ",0.286844262767137,0.489115402820273,0.857,0.562,1
"PCYOX1L",0.286844262767137,0.443702865578095,0.857,0.562,1
"TANC1",0.286844262767137,0.611323676704726,0.857,0.562,1
"VASN",0.286844262767137,1.01422095498647,0.786,0.625,1
"ZNF227",0.286844262767137,0.292515888354491,0.786,0.625,1
"TMX3",0.286844262767137,2.36116770161277,0.714,0.688,1
"ARMCX3",0.287379447531136,0.279630932746263,0.857,0.75,1
"SLC35B3",0.287379447531136,0.597493622559829,0.857,0.75,1
"CAMK2N1",0.288160481162927,0.462236489892406,1,0.75,1
"FAM151B",0.288160481162927,1.72726319916844,0.857,0.875,1
"RP2",0.288160481162927,0.565797026565884,0.857,0.875,1
"SGF29",0.289004599867249,0.542626550310125,0.786,0.562,1
"SNN",0.289004599867249,0.498700993987089,0.786,0.562,1
"ACSS2",0.289271889682954,0.677770536673026,1,0.875,1
"BCL7A",0.289271889682954,0.800200391449636,1,0.875,1
"FAM120AOS",0.289271889682954,0.543794135873143,1,0.875,1
"H6PD",0.289271889682954,0.558563639040126,1,0.875,1
"LRRC49",0.289271889682954,0.353903755481128,1,0.875,1
"CGN",0.290545349960039,0.810126004774231,0.857,0.688,1
"GNAL",0.290545349960039,0.976020159661982,0.786,0.75,1
"MNS1",0.291234210895928,0.395692140032865,0.571,0.375,1
"RHOV",0.291234210895928,1.0177343568768,0.571,0.375,1
"MED12",0.292082386739207,1.07818302828692,0.643,0.5,1
"ARHGAP42",0.292190554189709,0.449075874128002,0.714,0.5,1
"C1QTNF6",0.292652999265761,0.725272022325563,0.929,0.75,1
"VPS26B",0.292652999265761,0.448225868509908,0.857,0.812,1
"BIVM-ERCC5",0.29272030651341,1.10545029483239,0.429,0.25,1
"ELL3",0.29272030651341,1.14733232502252,0.429,0.25,1
"CADPS2",0.293097194093012,1.1591525387433,0.643,0.438,1
"ASAP3",0.293609906433092,0.861146713662075,1,0.812,1
"COG2",0.293609906433092,0.43230747546499,1,0.812,1
"CTCF",0.293609906433092,0.566099008264215,0.857,0.938,1
"TEN1-CDK3",0.293609906433092,0.608341065889919,0.857,0.938,1
"TRAPPC11",0.293609906433092,0.751799340532885,0.857,0.938,1
"COPRS",0.293856621740729,0.636403688105209,0.929,1,1
"HSPBAP1",0.293856621740729,0.284206020704767,0.929,1,1
"MAGI1",0.293856621740729,0.752051990176942,0.929,1,1
"ANO10",0.293856621740729,0.315895951714798,1,0.938,1
"ARHGAP35",0.293856621740729,0.624059841194521,1,0.938,1
"BPHL",0.293856621740729,0.57406971101867,1,0.938,1
"CCDC186",0.293856621740729,0.900535631413323,1,0.938,1
"GXYLT1",0.293856621740729,0.319861101559678,1,0.938,1
"MED1",0.293856621740729,0.499698851972084,1,0.938,1
"PARN",0.293856621740729,0.34781488711759,1,0.938,1
"SSH2",0.293856621740729,0.349570484034634,1,0.938,1
"TCF7L1",0.293856621740729,0.898123127713236,1,0.938,1
"TUBGCP4",0.293856621740729,0.260341750253687,1,0.938,1
"VEZT",0.293856621740729,0.630610692836864,1,0.938,1
"ACTR6",0.293856621740729,0.402860009634055,1,1,1
"AHSA1",0.293856621740729,0.272274396934952,1,1,1
"ATG3",0.293856621740729,0.389171498278313,1,1,1
"ATP1B1",0.293856621740729,0.368058346355832,1,1,1
"CLINT1",0.293856621740729,0.339540674299618,1,1,1
"DEGS1",0.293856621740729,0.493844690764904,1,1,1
"DNAJA1",0.293856621740729,0.271244652390885,1,1,1
"DSTYK",0.293856621740729,0.473140710019351,1,1,1
"DTX2",0.293856621740729,0.578494600562189,1,1,1
"FLAD1",0.293856621740729,0.314601095537856,1,1,1
"FTSJ3",0.293856621740729,0.285911155541238,1,1,1
"HAX1",0.293856621740729,0.676833138861131,1,1,1
"IFT122",0.293856621740729,0.64363888118393,1,1,1
"KLC3",0.293856621740729,0.461926201048678,1,1,1
"KYNU",0.293856621740729,0.814620596462979,1,1,1
"LARS1",0.293856621740729,0.338746513934157,1,1,1
"LTBP3",0.293856621740729,0.43814171753046,1,1,1
"MFN1",0.293856621740729,0.525172990019535,1,1,1
"NEK9",0.293856621740729,0.387771171217441,1,1,1
"NPHP1",0.293856621740729,0.701182936615724,1,1,1
"OSBP",0.293856621740729,0.584119885517187,1,1,1
"OXR1",0.293856621740729,0.373424080082732,1,1,1
"PLOD1",0.293856621740729,0.505768223111165,1,1,1
"PTBP3",0.293856621740729,0.400056242821463,1,1,1
"RAB3GAP2",0.293856621740729,0.357405544238677,1,1,1
"RCN1",0.293856621740729,0.307755336989581,1,1,1
"SCAMP1",0.293856621740729,0.255824004472641,1,1,1
"SDC3",0.293856621740729,0.741867378308741,1,1,1
"STK3",0.293856621740729,0.620026361448377,1,1,1
"THOC3",0.293856621740729,0.333442739275382,1,1,1
"UBE2Z",0.293856621740729,0.368967669726539,1,1,1
"VGLL4",0.293856621740729,0.54490937195868,1,1,1
"YTHDC2",0.293856621740729,0.390183576740769,1,1,1
"ZDHHC7",0.293856621740729,0.256602370089101,1,1,1
"TM7SF2",0.294042301174834,0.975282120068176,0.786,0.688,1
"STAT5A",0.296259300690212,0.514376826013685,0.929,0.688,1
"CXCL16",0.298434917388227,0.318864241637845,0.929,0.812,1
"LACTB",0.298434917388227,0.264706530908208,0.929,0.812,1
"PPIC",0.298434917388227,0.599126674044093,0.929,0.812,1
"RBM14-RBM4",0.298434917388227,0.550159332987056,0.929,0.812,1
"SERAC1",0.298434917388227,0.418782464756154,0.929,0.812,1
"SRXN1",0.298434917388227,0.408458010843381,0.929,0.812,1
"PTPRK",0.298441353798505,1.18141007999122,0.929,0.938,1
"ZFP82",0.298441353798505,0.700328206403392,0.929,0.938,1
"MCIDAS",0.300450971624611,0.808332018398741,0.571,0.438,1
"NMRK1",0.300450971624611,0.86750528647406,0.571,0.438,1
"RIBC2",0.300450971624611,0.349240194574589,0.571,0.438,1
"SLC13A3",0.300531247963909,2.17967585673332,0.571,0.5,1
"RAB40C",0.300534576193155,0.448819084883685,0.786,0.5,1
"FANCB",0.301335317893169,1.07964627626904,0.643,0.562,1
"FBF1",0.301335317893169,0.652420978405779,0.643,0.562,1
"NR1H3",0.301335317893169,0.86204171357616,0.643,0.562,1
"ZNF235",0.301335317893169,2.03742007084239,0.643,0.562,1
"EPHA6",0.302324393358876,2.94323282133072,0.286,0.188,1
"H2AC13",0.302324393358876,2.55664637568982,0.286,0.188,1
"MYC",0.303193721336786,0.794595143957764,0.857,0.625,1
"FANCF",0.303193721336786,1.29447061315788,0.714,0.75,1
"GRK4",0.306719443855644,0.599778911435437,0.857,0.75,1
"ADAM8",0.307273030151591,0.968025663560419,0.5,0.312,1
"OSBPL5",0.307513460332097,0.273435352714812,1,0.75,1
"RLF",0.307513460332097,0.441384698942506,1,0.75,1
"FBXW4",0.308065973892998,0.369593716048709,0.857,1,1
"DUSP11",0.308573913937424,0.322729419626119,1,0.875,1
"B3GNT3",0.308594969800961,0.319471064260071,0.786,0.562,1
"PLEKHO1",0.308594969800961,0.483966425068011,0.786,0.562,1
"TBC1D9",0.310070448092088,0.369472045296795,0.857,0.688,1
"UBA7",0.310070448092088,0.886671009283973,0.857,0.688,1
"ERMP1",0.311952300423576,1.02474335994647,0.571,0.375,1
"PTPN6",0.311952300423576,0.345028774542746,0.571,0.375,1
"SH3PXD2B",0.31216053479968,0.741649853397045,0.714,0.5,1
"E4F1",0.312195632489913,0.467857105238337,1,0.688,1
"LRRN2",0.312195632489913,1.38114873858003,0.929,0.75,1
"STRIP1",0.312195632489913,0.295461491739631,0.929,0.75,1
"HS2ST1",0.312195632489913,1.08820641611919,0.857,0.812,1
"PLK3",0.312195632489913,0.651280201245432,0.857,0.812,1
"RBM41",0.312195632489913,1.11444042232476,0.857,0.812,1
"ZXDC",0.312195632489913,0.478156208004039,0.857,0.812,1
"BRPF3",0.313161479115963,0.439473501355007,1,0.812,1
"RBL1",0.313161479115963,0.577891134069759,1,0.812,1
"RMI1",0.313161479115963,0.557692692947377,1,0.812,1
"RNF111",0.313161479115963,0.360312102350176,1,0.812,1
"CYP4V2",0.313161479115963,0.390123569700785,0.857,0.938,1
"PHTF2",0.313161479115963,0.929448489357647,0.857,0.938,1
"CXADR",0.313161479115963,0.870874927884154,0.929,0.875,1
"MPPE1",0.313161479115963,0.531589424493641,0.929,0.875,1
"PFKFB3",0.313161479115963,0.640867227218609,0.929,0.875,1
"RNASET2",0.313161479115963,0.340176802845501,0.929,0.875,1
"TRIM65",0.313161479115963,0.30779208504347,0.929,0.875,1
"B3GALNT1",0.313409308417687,1.07048041632276,1,0.938,1
"BAIAP2",0.313409308417687,0.366746834500645,1,0.938,1
"BBX",0.313409308417687,0.46583744009135,1,0.938,1
"BET1",0.313409308417687,0.703256545383697,1,0.938,1
"C22orf39",0.313409308417687,0.272089397766925,1,0.938,1
"CRKL",0.313409308417687,0.327820941474937,1,0.938,1
"DYNC1LI1",0.313409308417687,0.391043043995597,1,0.938,1
"HMCES",0.313409308417687,0.322477112165437,1,0.938,1
"ITSN2",0.313409308417687,1.16938892935196,1,0.938,1
"MOV10",0.313409308417687,0.471414259587907,1,0.938,1
"ZBTB3",0.313409308417687,1.39137945623336,1,0.938,1
"ACTR3",0.313409308417687,0.357110265980578,1,1,1
"ADAR",0.313409308417687,0.320313723807198,1,1,1
"ASTN2",0.313409308417687,1.1653412094661,1,1,1
"ATP6V1D",0.313409308417687,0.253007900367821,1,1,1
"CHP1",0.313409308417687,0.306357221005676,1,1,1
"COPA",0.313409308417687,0.464413382523177,1,1,1
"DCAF6",0.313409308417687,0.255422366847729,1,1,1
"ELL2",0.313409308417687,0.81689087356938,1,1,1
"GINM1",0.313409308417687,0.256309437688573,1,1,1
"GOLPH3",0.313409308417687,0.401412273907689,1,1,1
"HSPB1",0.313409308417687,0.480877554746709,1,1,1
"IFITM2",0.313409308417687,0.897476968690837,1,1,1
"KIAA1328",0.313409308417687,0.79995769093706,1,1,1
"MRPL42",0.313409308417687,0.399017356928377,1,1,1
"NCOR2",0.313409308417687,0.475630951004529,1,1,1
"NDUFAF6",0.313409308417687,0.479365132802251,1,1,1
"NDUFB5",0.313409308417687,0.568668447458316,1,1,1
"NUMB",0.313409308417687,0.266634322715579,1,1,1
"NUP42",0.313409308417687,0.441042595418499,1,1,1
"NXPE3",0.313409308417687,0.816699187255848,1,1,1
"PARD6B",0.313409308417687,0.503079081349739,1,1,1
"PDIA3",0.313409308417687,0.488286266703948,1,1,1
"PGBD2",0.313409308417687,2.00876508356485,1,1,1
"PPP1R13L",0.313409308417687,0.311173040644444,1,1,1
"PPP4R3B",0.313409308417687,0.610996320612822,1,1,1
"RBM18",0.313409308417687,0.295116192494343,1,1,1
"SEC31A",0.313409308417687,0.382402568411009,1,1,1
"SH3BGRL",0.313409308417687,0.697899995327432,1,1,1
"SMIM19",0.313409308417687,0.48158211291706,1,1,1
"TCF3",0.313409308417687,0.437515705107407,1,1,1
"TMEM80",0.313409308417687,0.862288960130897,1,1,1
"TRAPPC3",0.313409308417687,0.40591003332692,1,1,1
"ZMYM6",0.313409308417687,0.78679888077248,1,1,1
"SLC25A14",0.313798835016616,1.14333327582325,0.786,0.688,1
"TNFSF10",0.313798835016616,1.8404656030454,0.786,0.688,1
"IFITM10",0.314176245210728,1.09230168467722,0.214,0.125,1
"TARBP2",0.315983363667323,0.341891872718438,0.929,0.688,1
"ERCC6L",0.315983363667323,0.924865190130555,0.786,0.812,1
"LDAH",0.317124313660163,1.86274672155615,0.5,0.438,1
"MAP1LC3A",0.318171440595492,0.375311458497947,0.929,0.812,1
"NSMAF",0.318171440595492,0.916280243167729,0.929,0.812,1
"TZMP1",0.318171440595492,0.360259251663381,0.929,0.812,1
"ZBTB1",0.318171440595492,0.315619449959273,0.929,0.812,1
"ATR",0.318244702897949,0.655014657728745,0.929,0.938,1
"CNOT10",0.318244702897949,0.532517897945635,0.929,0.938,1
"CSNK1G2",0.318244702897949,0.889352463395763,0.929,0.938,1
"DNAJC22",0.318244702897949,0.460709334297045,0.929,0.938,1
"EFCAB5",0.318244702897949,1.06265912095848,0.929,0.938,1
"CSGALNACT1",0.319141605667754,2.26888447498853,0.714,0.625,1
"IGSF3",0.320439780109945,1.88088825460984,0.429,0.25,1
"LRP3",0.320439780109945,0.769353493638452,0.429,0.25,1
"PSORS1C1",0.320439780109945,0.794134450443609,0.429,0.25,1
"TMEM102",0.320439780109945,1.17184774327448,0.429,0.25,1
"ZKSCAN2",0.320439780109945,1.34755272663649,0.429,0.25,1
"MEIS3",0.320851297777324,0.609824533033459,0.714,0.562,1
"TAF6L",0.320851297777324,1.73762091997575,0.714,0.562,1
"TMTC2",0.321586533874446,0.750578069052316,0.571,0.5,1
"ST14",0.321666810213744,0.408496990467161,0.643,0.375,1
"KHK",0.321666810213744,0.679624400127862,0.571,0.438,1
"MAFB",0.321666810213744,0.443860908409458,0.571,0.438,1
"ZNF821",0.322036903804719,0.263738112635188,0.786,0.438,1
"GDPD5",0.322036903804719,1.02035316697077,0.643,0.562,1
"ROGDI",0.322036903804719,0.604491636792416,0.643,0.562,1
"WDR4",0.322036903804719,0.481224496053668,0.643,0.562,1
"TAP2",0.323290958579878,0.601384183485295,0.857,0.625,1
"SPDYA",0.326542927366726,1.78351532522884,0.5,0.375,1
"ZNF827",0.326679536048969,1.5657468470746,0.857,0.562,1
"STRADA",0.326881939147385,0.835921792019,0.714,0.875,1
"DNAAF4",0.326881939147385,0.936680195495502,0.857,0.75,1
"EPC2",0.326881939147385,0.701454105002322,0.857,0.75,1
"MYH14",0.326881939147385,0.725804615941815,0.857,0.75,1
"SAP130",0.327685128883787,0.36766158962176,1,0.75,1
"ARV1",0.327685128883787,0.5321684113303,0.857,0.875,1
"MBOAT7",0.327685128883787,0.299515121685777,0.857,0.875,1
"SLC23A2",0.327685128883787,0.481492345614444,0.857,0.875,1
"WASHC1",0.327685128883787,0.301394392222698,0.857,0.875,1
"ZNF596",0.327685128883787,0.705186374486122,0.857,0.875,1
"SEC24A",0.328685578091587,0.667599127215143,1,0.875,1
"TOM1L1",0.328685578091587,0.378130427428757,1,0.875,1
"ZMIZ1",0.328685578091587,0.568955960087297,1,0.875,1
"BCL3",0.329053457447403,0.402251282387114,0.786,0.562,1
"CACFD1",0.329053457447403,0.450996867573368,0.786,0.562,1
"CDYL2",0.329053457447403,0.81441824469271,0.786,0.562,1
"SAP30L",0.329053457447403,0.254677383627017,0.786,0.562,1
"PXK",0.330418705336015,0.591967043048925,0.857,0.688,1
"MXD1",0.330418705336015,1.2167698238123,0.714,0.812,1
"MINDY4",0.330418705336015,0.768619874984396,0.786,0.75,1
"RAPGEF5",0.330433379801327,1.43526987306961,0.5,0.312,1
"IL16",0.332173177257261,0.378847448620849,0.357,0.688,1
"ALDH1B1",0.332550669969453,0.902811889639835,0.786,0.875,1
"FIRRM",0.332550669969453,0.478580871513267,0.857,0.812,1
"S100P",0.33291658264435,0.428160128717526,0.714,0.5,1
"MAPK14",0.333522471650312,0.648582833865926,1,0.812,1
"PLEKHH2",0.333522471650312,0.605655301721406,1,0.812,1
"TPST2",0.333522471650312,0.524880995694418,1,0.812,1
"ACAD10",0.333522471650312,0.7661446267423,0.857,0.938,1
"ZNF276",0.333522471650312,0.652436180341694,0.857,0.938,1
"KCNN4",0.333522471650312,0.5258297651372,0.929,0.875,1
"LRRC8E",0.333522471650312,0.461255632954271,0.929,0.875,1
"SNX21",0.333522471650312,0.405775851474258,0.929,0.875,1
"TTBK2",0.333522471650312,0.686523805484551,0.929,0.875,1
"ZNF414",0.333522471650312,1.01427303886274,0.929,0.875,1
"ZNF585B",0.333522471650312,1.20337780236122,0.929,0.875,1
"CDC14A",0.333754567504689,0.324830593211416,0.571,0.375,1
"C3orf38",0.333773890488536,0.355544262679619,1,0.938,1
"DHX57",0.333773890488536,0.435551354479839,1,0.938,1
"PAK1",0.333773890488536,0.672511762070457,1,0.938,1
"ALAD",0.333773890488536,0.612912779155145,1,1,1
"ARPIN",0.333773890488536,0.859090848848908,1,1,1
"ASAP1",0.333773890488536,0.289558827864488,1,1,1
"ATP2A2",0.333773890488536,0.340626786220692,1,1,1
"BAZ1B",0.333773890488536,0.253240032691128,1,1,1
"CCNL2",0.333773890488536,0.289929088381922,1,1,1
"CHAF1B",0.333773890488536,0.686797920595053,1,1,1
"IRF2BPL",0.333773890488536,0.276003188140302,1,1,1
"KLHL42",0.333773890488536,0.638875529113136,1,1,1
"MARK2",0.333773890488536,1.00459608850101,1,1,1
"MDK",0.333773890488536,0.345417086814255,1,1,1
"MGST3",0.333773890488536,0.303062924048472,1,1,1
"MMADHC",0.333773890488536,0.33639599428978,1,1,1
"PHPT1",0.333773890488536,0.252373042640645,1,1,1
"POLR2B",0.333773890488536,0.463950672285183,1,1,1
"PPP1R7",0.333773890488536,0.343214822149617,1,1,1
"RBBP6",0.333773890488536,0.453211846626899,1,1,1
"SDE2",0.333773890488536,0.373517403092515,1,1,1
"SGPL1",0.333773890488536,0.361685850038285,1,1,1
"SLC38A1",0.333773890488536,0.399231945344813,1,1,1
"TIA1",0.333773890488536,0.512649528798357,1,1,1
"TIGD1",0.333773890488536,0.497931570983022,1,1,1
"TMED10",0.333773890488536,0.293528179636043,1,1,1
"UGGT2",0.333773890488536,0.271558836012511,1,1,1
"USP4",0.333773890488536,0.271257142647671,1,1,1
"WARS1",0.333773890488536,0.395412363571998,1,1,1
"ZKSCAN1",0.333773890488536,0.31633824971623,1,1,1
"RSC1A1",0.334477205841524,0.602090388765648,0.357,0.188,1
"IRF7",0.336534849190472,0.587207746170848,0.786,0.812,1
"CHAMP1",0.338719941714729,1.00279463667276,0.929,0.812,1
"ICE1",0.338719941714729,0.375494380977042,0.929,0.812,1
"MSH5",0.338719941714729,0.302250542732042,0.929,0.812,1
"ATG14",0.338862202885485,0.327845048233321,0.929,0.938,1
"GMEB2",0.338862202885485,0.56487947165186,0.929,0.938,1
"NXT1",0.338862202885485,0.314856493310418,0.929,0.938,1
"PVR",0.338862202885485,0.663195118254988,0.929,0.938,1
"MIPEP",0.34017751358239,0.720749640629478,0.714,0.625,1
"ZNF232",0.34017751358239,0.701285971900058,0.714,0.625,1
"SESN1",0.343685948563386,1.71961551542607,0.643,0.375,1
"EIF4E3",0.343685948563386,1.57203702433539,0.571,0.438,1
"DCLRE1A",0.343721527609089,0.897936985284044,0.571,0.5,1
"BAHD1",0.344207119006716,0.629420720703047,0.714,0.75,1
"ALDH4A1",0.346426786606697,0.836000713633381,0.429,0.312,1
"ABCB7",0.347846427663361,0.679407385938727,0.786,0.625,1
"IFT140",0.347846427663361,1.91944818364096,0.786,0.625,1
"C2CD5",0.347847376621287,0.820252904543731,0.857,0.75,1
"LPAR5",0.34815925370648,1.75698635758821,0.357,0.25,1
"C1orf74",0.349527458492976,1.44286988321601,0.286,0.188,1
"FOXH1",0.349527458492976,2.60599182790996,0.286,0.188,1
"GPC3",0.349527458492976,1.81617818793484,0.286,0.188,1
"BRD4",0.349600899584607,0.266004880553284,1,0.875,1
"PPP1R16A",0.349600899584607,0.609938393813423,1,0.875,1
"TRPT1",0.349600899584607,0.308510393258841,1,0.875,1
"ADCK1",0.349666804024888,1.74746363211886,0.5,0.375,1
"NRL",0.349666804024888,1.28993587002787,0.5,0.375,1
"NSMCE3",0.350324651915528,0.711837622348276,0.786,0.562,1
"EOLA1",0.351584029106878,1.24995498130448,0.857,0.688,1
"MISP",0.351584029106878,0.521975342571031,0.857,0.688,1
"LTBP2",0.351624187906047,0.563230308002241,0.429,0.25,1
"OMG",0.351624187906047,1.83576996617174,0.429,0.25,1
"TMEM132A",0.353720312186528,0.518013294849895,0.929,0.75,1
"TTLL4",0.353720312186528,0.453209670250371,0.929,0.75,1
"FAM110B",0.353940222871021,0.658578842720388,0.5,0.312,1
"LMF1",0.353940222871021,0.949965303799888,0.5,0.312,1
"ANGEL1",0.354587288399144,0.608948718384166,0.714,0.5,1
"FAM50B",0.354587288399144,0.379102213781414,0.714,0.5,1
"RNF113A",0.354587288399144,0.372494177660641,0.714,0.5,1
"H1-2",0.354693530427769,0.535466603158499,1,0.812,1
"ZNF19",0.354693530427769,0.430385957443838,1,0.812,1
"TTC5",0.354693530427769,0.472701650752565,0.857,0.938,1
"ZNF512B",0.354693530427769,0.787746159838511,0.857,0.938,1
"EDEM2",0.354693530427769,0.253084184584861,0.929,0.875,1
"VMAC",0.354693530427769,0.489461626628916,0.929,0.875,1
"NHLRC2",0.354944234109295,0.490698704291908,0.929,1,1
"SIL1",0.354944234109295,0.462281494767446,0.929,1,1
"TFAM",0.354944234109295,0.891477610590528,0.929,1,1
"ZNF169",0.354944234109295,0.569271153352888,0.929,1,1
"CIPC",0.354944234109295,0.443365581034422,1,0.938,1
"DEDD2",0.354944234109295,0.961575981407762,1,0.938,1
"FAM200B",0.354944234109295,0.589510198702532,1,0.938,1
"INPP5B",0.354944234109295,0.42762526248551,1,0.938,1
"MED30",0.354944234109295,0.261744312825487,1,0.938,1
"MIDN",0.354944234109295,0.285861908819403,1,0.938,1
"NHSL3",0.354944234109295,0.381588592141385,1,0.938,1
"PCNX1",0.354944234109295,0.44324811096617,1,0.938,1
"PLAA",0.354944234109295,0.328452766857833,1,0.938,1
"AAR2",0.354944234109295,0.328090636298849,1,1,1
"ANGEL2",0.354944234109295,0.410407769798314,1,1,1
"ANKRD36C",0.354944234109295,0.365801750529384,1,1,1
"ATP5MC1",0.354944234109295,0.297779255084151,1,1,1
"ATP6AP1",0.354944234109295,0.373274575351797,1,1,1
"ATRX",0.354944234109295,0.853823776020795,1,1,1
"BBLN",0.354944234109295,0.280046396799978,1,1,1
"CUL3",0.354944234109295,0.317140503709351,1,1,1
"ERBB2",0.354944234109295,0.625706690336647,1,1,1
"FAM228B",0.354944234109295,0.584788485684723,1,1,1
"GRSF1",0.354944234109295,0.318179917488186,1,1,1
"IDH1",0.354944234109295,1.25734101253102,1,1,1
"ING1",0.354944234109295,0.300673089683075,1,1,1
"KANSL1",0.354944234109295,0.439856233335217,1,1,1
"MPHOSPH8",0.354944234109295,0.582963759236157,1,1,1
"MPV17",0.354944234109295,0.356467926910287,1,1,1
"MRPL48",0.354944234109295,0.465051926874108,1,1,1
"MTDH",0.354944234109295,0.320035865147948,1,1,1
"NIPBL",0.354944234109295,0.908148737371557,1,1,1
"NUDT19",0.354944234109295,0.360204182427132,1,1,1
"OTUD4",0.354944234109295,0.254847719445864,1,1,1
"PAK2",0.354944234109295,0.259066318618065,1,1,1
"PHF3",0.354944234109295,0.323089486834929,1,1,1
"PKD1",0.354944234109295,0.475292728250169,1,1,1
"PLPP2",0.354944234109295,0.34167870273449,1,1,1
"POLR3K",0.354944234109295,0.375133123973925,1,1,1
"PTPN3",0.354944234109295,0.581524060248408,1,1,1
"RIT1",0.354944234109295,0.506659083091749,1,1,1
"SHKBP1",0.354944234109295,0.369042254304993,1,1,1
"SMYD4",0.354944234109295,0.519058906879347,1,1,1
"SRPK1",0.354944234109295,0.419954419133048,1,1,1
"TOMM20",0.354944234109295,0.324673036847292,1,1,1
"VPS37B",0.354944234109295,0.288551180315215,1,1,1
"ZNF451",0.354944234109295,0.368498899359819,1,1,1
"KDM1B",0.355795628157713,1.43881930531541,0.786,0.688,1
"TXLNG",0.355795628157713,0.773262251338956,0.786,0.688,1
"PTPRU",0.35607460803482,0.786780179844234,0.571,0.375,1
"MEST",0.356638687880002,1.50068364541708,0.643,0.438,1
"UCN",0.356638687880002,0.674405028087102,0.643,0.438,1
"OSBP2",0.357897913788204,0.459920664242606,0.929,0.688,1
"PPP1R9A",0.357897913788204,1.38861805535802,0.786,0.812,1
"TIFA",0.357897913788204,0.281616539794266,0.786,0.812,1
"MUL1",0.360069487100275,0.312206566772246,0.929,0.812,1
"NCOA2",0.360069487100275,0.250762514795063,0.929,0.812,1
"VPS37C",0.360069487100275,0.968129598689403,0.929,0.812,1
"SLC25A10",0.360287568633984,0.383768462816335,0.929,0.938,1
"FAM187A",0.360766283524904,0.352717066389009,0.286,0.125,1
"SLC45A3",0.360766283524904,1.00329628028357,0.286,0.125,1
"SNX18",0.36208059025183,0.744816169974417,0.714,0.625,1
"EID2",0.364045056934897,0.295421632631582,0.786,0.5,1
"C4orf33",0.364045056934897,1.22684250986309,0.643,0.625,1
"TRAPPC6A",0.365960384101035,0.285187730510745,0.857,0.625,1
"ZNF239",0.367967127547337,0.251829767288763,0.214,0.438,1
"CEP290",0.369628147742434,0.474397664215219,0.857,0.75,1
"RAB20",0.369628147742434,0.836003939799567,0.857,0.75,1
"RANBP6",0.369628147742434,0.524520892692376,0.857,0.75,1
"ATP11A",0.369842447197454,0.541410464683171,0.857,0.562,1
"CLIC3",0.369842447197454,0.725690649249637,0.786,0.625,1
"TMEM187",0.370334832583708,1.59592950443546,0.429,0.312,1
"L3MBTL1",0.370463024421742,0.824007464498955,0.857,0.875,1
"FOXJ2",0.371319108247734,0.255619197754962,1,0.875,1
"LIPH",0.371319108247734,0.78534346689925,1,0.875,1
"ESRRA",0.372456936306528,0.6342050084461,0.786,0.562,1
"GPR39",0.372456936306528,0.374252024344355,0.786,0.562,1
"PALB2",0.372456936306528,0.334490891564743,0.786,0.562,1
"ST3GAL3",0.372456936306528,0.517427471882466,0.786,0.562,1
"GLI4",0.373566763230012,0.318126361099966,0.857,0.688,1
"ZFP41",0.373566763230012,0.371736738551767,0.857,0.688,1
"INPP4B",0.373566763230012,0.57671521893001,0.786,0.75,1
"LRIG1",0.373566763230012,1.37019214365813,0.786,0.75,1
"SAXO6",0.373566763230012,0.689202134366151,0.786,0.75,1
"IRX5",0.375478927203065,4.30593845096066,0.214,0.125,1
"SEMA4G",0.375478927203065,1.30012811348854,0.214,0.125,1
"DKK3",0.375523349436393,0.640268357656705,0.357,0.188,1
"SAMD15",0.375523349436393,1.62131725164539,0.357,0.188,1
"MACO1",0.375693625495474,1.3691143358418,0.929,0.75,1
"NIF3L1",0.375693625495474,0.438291498909662,0.929,0.75,1
"C1orf216",0.375693625495474,0.499892114465619,0.857,0.812,1
"OSGIN2",0.375693625495474,0.583280713195195,0.857,0.812,1
"USF1",0.375693625495474,0.795626855553823,0.857,0.812,1
"PLEKHG3",0.376665372164279,0.787113198266558,1,0.812,1
"PPP1R13B",0.376665372164279,0.314252442493937,1,0.812,1
"ARK2N",0.376665372164279,0.530984740430494,0.857,0.938,1
"PDCD11",0.376665372164279,1.17013636391262,0.929,0.875,1
"TMEM116",0.376665372164279,0.258199423475384,0.929,0.875,1
"ARL5B",0.376918015020697,0.651760292318789,0.929,1,1
"ENC1",0.376918015020697,0.371730085753695,0.929,1,1
"NBPF15",0.376918015020697,0.268314576429201,0.929,1,1
"RASGEF1B",0.376918015020697,0.62313644754239,0.929,1,1
"RSBN1L",0.376918015020697,1.6560584787339,0.929,1,1
"TM2D2",0.376918015020697,0.514784465516879,0.929,1,1
"BLTP2",0.376918015020697,0.30619251579696,1,0.938,1
"DHRS4L2",0.376918015020697,0.668920498313279,1,0.938,1
"GLE1",0.376918015020697,0.552710820029032,1,0.938,1
"PLSCR1",0.376918015020697,0.546836575308195,1,0.938,1
"RIC8B",0.376918015020697,0.766521205779142,1,0.938,1
"SDC1",0.376918015020697,0.59340174418568,1,0.938,1
"THAP6",0.376918015020697,1.22471084635499,1,0.938,1
"TIPARP",0.376918015020697,0.284486683560551,1,0.938,1
"BLOC1S2",0.376918015020697,0.279621682418906,1,1,1
"COP1",0.376918015020697,0.433690699495674,1,1,1
"COX5B",0.376918015020697,0.3521187830607,1,1,1
"CYP3A5",0.376918015020697,0.640303362881832,1,1,1
"FDPS",0.376918015020697,0.402432925617846,1,1,1
"HSD17B12",0.376918015020697,0.480602400548531,1,1,1
"LUC7L3",0.376918015020697,0.2879409142783,1,1,1
"MKRN1",0.376918015020697,0.357778619374116,1,1,1
"MRPL47",0.376918015020697,0.321928274087227,1,1,1
"NFE2L2",0.376918015020697,0.32915157185418,1,1,1
"NHERF1",0.376918015020697,0.671173763897625,1,1,1
"PHF20",0.376918015020697,0.254671711573859,1,1,1
"SCP2",0.376918015020697,0.43679906565724,1,1,1
"SFXN1",0.376918015020697,0.26725114578915,1,1,1
"TUBGCP2",0.376918015020697,0.345201437299161,1,1,1
"YARS1",0.376918015020697,0.54360473196321,1,1,1
"ZMYM2",0.376918015020697,0.788170008181698,1,1,1
"AS3MT",0.378212998763776,0.418743545155633,0.5,0.312,1
"EFNA4",0.378521946457112,0.626643454429097,0.714,0.438,1
"CCDC92",0.379343661502582,0.721213902690026,0.429,0.25,1
"MISP3",0.379343661502582,0.716406079412206,0.429,0.25,1
"SECTM1",0.379362970733416,0.328331610288178,0.571,0.375,1
"SNORC",0.379362970733416,0.584226335289247,0.571,0.375,1
"VAMP5",0.379362970733416,0.341331790521852,0.571,0.375,1
"PHKA1",0.379424652998578,0.636926863567485,0.643,0.438,1
"BBS1",0.382222070939075,1.19146698467428,0.786,0.938,1
"IFIT1",0.382222070939075,0.858660994271982,0.786,0.938,1
"RAD18",0.382222070939075,0.598349236010896,0.929,0.812,1
"STK11IP",0.382222070939075,0.600681990630659,0.929,0.812,1
"LRSAM1",0.382516921793661,0.398711024205688,0.929,0.938,1
"MCM3AP",0.382516921793661,1.0296277491088,0.929,0.938,1
"ZHX2",0.384780392741366,0.629068184563933,0.857,0.5,1
"SLC67A1",0.386899855885611,1.28193716791237,0.643,0.625,1
"ZNF138",0.388522436408215,0.890670198684458,0.714,0.75,1
"ZC2HC1C",0.390687834617263,0.621101432486156,0.571,0.438,1
"ZNF484",0.390687834617263,0.85145922447515,0.571,0.438,1
"ETV7",0.390727168235628,1.25377094585076,0.571,0.5,1
"PRICKLE4",0.391826309067688,1.24155024056055,0.214,0.062,1
"AREG",0.392658366379246,1.0170231919106,0.786,0.625,1
"XYLB",0.392658366379246,0.951471598624643,0.714,0.688,1
"ATF3",0.393056378587452,0.644377713399847,0.857,0.875,1
"GGPS1",0.393056378587452,0.487739874122268,0.857,0.875,1
"MREG",0.393056378587452,0.537921943849444,0.857,0.875,1
"TIGAR",0.393056378587452,1.37064308680411,0.857,0.875,1
"ZNF462",0.393056378587452,1.94297273074104,0.857,0.875,1
"ATP2C1",0.393828926609966,0.703637072084923,1,0.875,1
"CTSZ",0.393828926609966,0.54646549130201,1,0.875,1
"JAK1",0.393828926609966,0.800414033037971,1,0.875,1
"NPDC1",0.393828926609966,0.398318973045997,1,0.875,1
"RHOB",0.393828926609966,0.345932314149455,1,0.875,1
"ZNF136",0.393828926609966,1.08070055339312,1,0.875,1
"NAPEPLD",0.39635245328832,0.603803330209011,0.857,0.688,1
"ARHGEF3",0.39635245328832,0.705233936117161,0.786,0.75,1
"CHDH",0.398467171642937,0.985554676248791,0.929,0.75,1
"SOS1",0.398467171642937,0.768293594809796,0.929,0.75,1
"DPF1",0.398467171642937,0.460913952755333,0.786,0.875,1
"TDRD3",0.398467171642937,0.742984642164206,0.857,0.812,1
"HHAT",0.399233599574482,0.738415485883313,0.5,0.375,1
"IFT70A",0.399233599574482,1.01205257547666,0.5,0.375,1
"STOX1",0.399233599574482,0.866201940947574,0.5,0.375,1
"TBX1",0.399233599574482,0.315777314100137,0.5,0.375,1
"DNAAF2",0.399433678413631,0.581756003275136,0.857,0.938,1
"FAM217B",0.399433678413631,0.707280087030354,0.857,0.938,1
"JMJD4",0.399433678413631,0.625885466002755,0.929,0.875,1
"PCSK6",0.399433678413631,0.960939283793374,0.929,0.875,1
"RUFY3",0.399433678413631,0.355682808242848,0.929,0.875,1
"SHMT1",0.399433678413631,0.373392082840467,0.929,0.875,1
"SPHK1",0.399433678413631,0.363583039198893,0.929,0.875,1
"UBAC2",0.399433678413631,0.589597475755946,0.929,0.875,1
"LYPLA2",0.399683405631206,0.633783624834898,0.929,1,1
"OSMR",0.399683405631206,0.361876381537742,0.929,1,1
"BRWD1",0.399683405631206,0.707739631285524,1,0.938,1
"EVPL",0.399683405631206,0.296672160121933,1,0.938,1
"NIT1",0.399683405631206,0.271959799234472,1,0.938,1
"AMMECR1L",0.399683405631206,0.280654875307872,1,1,1
"BTBD9",0.399683405631206,0.298601311703334,1,1,1
"CCAR2",0.399683405631206,0.491910301365915,1,1,1
"CDKL5",0.399683405631206,0.745307924368064,1,1,1
"CEP41",0.399683405631206,0.600788388040127,1,1,1
"COASY",0.399683405631206,0.27906262183047,1,1,1
"DDAH1",0.399683405631206,0.385680643531795,1,1,1
"EIF5B",0.399683405631206,0.447838250392487,1,1,1
"FUNDC2",0.399683405631206,0.364762402999903,1,1,1
"GRINA",0.399683405631206,0.337361371838241,1,1,1
"L2HGDH",0.399683405631206,0.464049003941538,1,1,1
"MBD6",0.399683405631206,0.433068096060171,1,1,1
"ME2",0.399683405631206,0.295987715161147,1,1,1
"MED29",0.399683405631206,0.389064881332515,1,1,1
"NDUFS2",0.399683405631206,0.336979000341108,1,1,1
"OCIAD1",0.399683405631206,0.447885619327094,1,1,1
"R3HDM4",0.399683405631206,0.662128416253443,1,1,1
"RAB3IP",0.399683405631206,0.630070588942635,1,1,1
"REEP5",0.399683405631206,0.269692463343393,1,1,1
"RRP15",0.399683405631206,0.603989295478294,1,1,1
"SCAF8",0.399683405631206,0.468802800456719,1,1,1
"SERP1",0.399683405631206,0.289336199510551,1,1,1
"SPPL2A",0.399683405631206,0.260097593094682,1,1,1
"SRD5A1",0.399683405631206,0.810297997958559,1,1,1
"SYNGR2",0.399683405631206,0.299946912932221,1,1,1
"TNFRSF10B",0.399683405631206,0.26769193990923,1,1,1
"TSEN15",0.399683405631206,0.394950820923692,1,1,1
"UBAP2L",0.399683405631206,0.300573304488363,1,1,1
"UBE2D4",0.399683405631206,0.441075584731447,1,1,1
"ZFAND3",0.399683405631206,0.480734642603346,1,1,1
"ZNF706",0.399683405631206,0.353993704429023,1,1,1
"TLE2",0.400405507600517,0.315349826911006,0.714,0.5,1
"PUS3",0.402326652291329,0.936991356574171,0.643,0.5,1
"CCDC15",0.402326652291329,1.57585384640395,0.571,0.562,1
"EFS",0.40255872063968,0.253465468891848,0.5,0.312,1
"MOCS1",0.40255872063968,0.573864060853297,0.5,0.312,1
"KLC4",0.403058835219473,1.06366146639362,0.786,0.812,1
"MTMR2",0.403058835219473,0.954476708079507,0.786,0.812,1
"SLA2",0.403058835219473,0.350559127065118,0.786,0.812,1
"TDRD7",0.403058835219473,0.885454326441403,0.786,0.812,1
"TP53I11",0.403430854232327,0.628703537074505,0.571,0.375,1
"RASL11A",0.404753178966073,2.22306414631479,0.357,0.25,1
"ABHD11",0.405537884652445,0.547824184817586,0.929,0.938,1
"ANKRD52",0.405537884652445,0.321727793972442,0.929,0.938,1
"LAT",0.405537884652445,1.82435903317371,0.929,0.938,1
"UBQLN4",0.405537884652445,0.251613102019126,0.929,0.938,1
"VMA22",0.405537884652445,0.438971275043015,0.929,0.938,1
"DHRS12",0.408339318472859,0.4143024259118,0.714,0.625,1
"FUZ",0.408339318472859,1.1213676812034,0.714,0.625,1
"SLC33A2",0.411909724532299,0.421079191664224,0.857,0.625,1
"COXFA4L3",0.413466689427904,0.653353218514017,0.643,0.562,1
"ST20",0.413643291873155,1.33064645668923,0.5,0.438,1
"FSCN2",0.414712643678161,0.762744351433949,0.286,0.125,1
"PMEL",0.414712643678161,1.41038371889926,0.286,0.125,1
"EHF",0.415599781808442,0.551608511333056,0.571,0.438,1
"MAPK11",0.415599781808442,0.45017724655049,0.571,0.438,1
"PRSS53",0.415859383689648,1.72048071990311,0.357,0.562,1
"MED26",0.416283815436623,1.41766224771473,0.714,0.688,1
"NBEAL2",0.416283815436623,1.52664497519001,0.714,0.688,1
"ARHGAP32",0.416443597946469,0.880973369204836,0.857,0.875,1
"PEX14",0.416443597946469,0.52973459277058,0.857,0.875,1
"PYURF",0.416443597946469,0.511749187830135,0.857,0.875,1
"SBNO2",0.416569493031262,0.675591210408574,0.357,0.188,1
"TAPBP",0.416569493031262,1.21538011430494,0.357,0.188,1
"EPCAM",0.417123890755001,0.475868561778252,1,0.875,1
"MTOR",0.417123890755001,0.55446181260888,1,0.875,1
"PRSS27",0.417123890755001,0.786491636036429,1,0.875,1
"SLC48A1",0.417123890755001,0.262715379954487,1,0.875,1
"DIPK1B",0.418390804597701,5.50188478940061,0.143,0,1
"LENG1",0.418390804597701,2.14192852108716,0.143,0,1
"LMNTD2",0.418390804597701,1.88727825228098,0.143,0,1
"PPP1R11",0.418390804597701,3.85104729179974,0.143,0,1
"RDM1",0.418390804597701,4.73515099595497,0.143,0,1
"RIBC1",0.418390804597701,4.98365538578242,0.143,0,1
"SERINC4",0.418390804597701,3.70335455977868,0.143,0,1
"SH3BP1",0.418390804597701,3.67654088126385,0.143,0,1
"TSNAX-DISC1",0.418390804597701,1.9080374671528,0.143,0,1
"CISH",0.418390804597701,5.01880426373677,0.143,0.062,1
"IL4I1",0.418390804597701,3.98760945107287,0.143,0.062,1
"INHA",0.418390804597701,4.19114080111541,0.143,0.062,1
"KIF3C",0.419196497382544,0.648237885040376,0.786,0.562,1
"SLC5A3",0.419196497382544,0.811759060502111,0.786,0.562,1
"FGD6",0.419936354492173,0.821362453553796,0.786,0.75,1
"FRMD6",0.420024855133493,0.436793578402808,0.643,0.875,1
"PRMT9",0.420024855133493,0.404142355187978,0.714,0.812,1
"FBXW9",0.422025808561148,1.02657999085777,0.786,0.875,1
"TGS1",0.422982743234506,0.349207403615992,1,0.812,1
"ABCC3",0.422982743234506,1.06720557471826,0.857,0.938,1
"TENT4A",0.422982743234506,0.361040774596514,0.929,0.875,1
"SCCPDH",0.423232456699067,0.547426425570808,0.929,1,1
"CHMP7",0.423232456699067,0.303418021072475,1,0.938,1
"NME4",0.423232456699067,0.274571849801355,1,0.938,1
"TMEM97",0.423232456699067,0.322288863883041,1,0.938,1
"TOPORS",0.423232456699067,0.400598968335837,1,0.938,1
"A1BG",0.423232456699067,0.388131055823103,1,1,1
"ACOT11",0.423232456699067,0.672272485459333,1,1,1
"ALG13",0.423232456699067,0.285008694611831,1,1,1
"ARF3",0.423232456699067,0.314775933075839,1,1,1
"CCNB1IP1",0.423232456699067,0.754393015791465,1,1,1
"CEP350",0.423232456699067,0.324490479097364,1,1,1
"CHMP2A",0.423232456699067,0.285995750483814,1,1,1
"HERC4",0.423232456699067,0.777019347488275,1,1,1
"JPT2",0.423232456699067,0.657030211297818,1,1,1
"MPZL1",0.423232456699067,0.438756220583543,1,1,1
"NCBP1",0.423232456699067,0.848529852262644,1,1,1
"NUP214",0.423232456699067,0.370433010409191,1,1,1
"PLEKHH3",0.423232456699067,0.460835179139651,1,1,1
"PLEKHJ1",0.423232456699067,0.280340904925574,1,1,1
"SAT1",0.423232456699067,0.252583357715205,1,1,1
"SLC25A33",0.423232456699067,0.89661101492973,1,1,1
"TSPAN31",0.423232456699067,0.547219753817852,1,1,1
"USP16",0.423232456699067,0.33831061283666,1,1,1
"XYLT2",0.423232456699067,0.554299715939558,1,1,1
"YTHDF2",0.423232456699067,0.285465943972222,1,1,1
"CCDC7",0.425773779776778,1.14153557710018,0.429,0.312,1
"RRAGB",0.426963264153957,0.78293570756849,0.643,0.5,1
"ZNF709",0.427998632262816,0.427198950448963,0.5,0.312,1
"EPHA4",0.428401265483529,0.702693358227868,0.571,0.375,1
"NUDT7",0.428401265483529,0.918767508302736,0.571,0.375,1
"POLR3D",0.428880007880477,0.456915420879092,0.929,0.812,1
"HAUS6",0.429341022643133,0.60883722511253,0.929,0.938,1
"NOL8",0.429341022643133,0.525929344239733,0.929,0.938,1
"SFN",0.429341022643133,0.378130352025221,0.929,0.938,1
"SLC35A5",0.429341022643133,0.33367586492207,0.929,0.938,1
"TTLL7",0.429341022643133,2.32230667866675,0.929,0.938,1
"EXOC6B",0.432657052966465,1.35889594000431,0.714,0.625,1
"PLEKHG6",0.432657052966465,0.529450635029614,0.714,0.625,1
"EGR2",0.43362763062913,0.773648495556227,0.429,0.25,1
"SESTD1",0.435111525764466,0.422374637017791,0.714,0.562,1
"VAMP8",0.435111525764466,0.442731015774523,0.714,0.562,1
"MACROH2A2",0.435111525764466,0.99196735802697,0.643,0.625,1
"MFHAS1",0.435111525764466,1.33523731429072,0.643,0.625,1
"HASPIN",0.438397698295675,0.65018145460472,0.643,0.562,1
"METTL4",0.438397698295675,0.463992792262808,0.643,0.562,1
"PLEKHN1",0.438397698295675,0.608871187407632,0.643,0.562,1
"PLA2G6",0.44038157048067,1.06713742404096,0.5,0.438,1
"ANKRD27",0.440604891912489,0.2953706930311,1,0.75,1
"MTMR3",0.440604891912489,0.398191133370191,1,0.75,1
"PTPN18",0.440604891912489,0.868862802781422,1,0.75,1
"RAD9B",0.440604891912489,0.632462439629019,0.857,0.875,1
"VCF2",0.440703157193333,0.296352747417811,0.857,0.562,1
"ZNF746",0.440703157193333,0.286674279110898,0.714,0.688,1
"EBF4",0.441134988061525,1.31402021958956,0.357,0.25,1
"MRPS27",0.441186754404016,0.540440022586044,0.857,1,1
"FIBCD1",0.441186754404016,0.460190160987018,1,0.875,1
"PAQR5",0.441186754404016,0.633383438877658,1,0.875,1
"PBXIP1",0.441186754404016,0.28928225071454,1,0.875,1
"FAM219A",0.44126693447222,0.709995758303627,0.571,0.438,1
"ICAM3",0.44126693447222,0.310971903991767,0.571,0.438,1
"ZDHHC23",0.44126693447222,0.364543341585045,0.571,0.438,1
"PRLR",0.44126693447222,1.52935627067427,0.5,0.5,1
"TOP1MT",0.444298978821563,0.269776840959533,0.857,0.688,1
"ZNF181",0.444298978821563,0.448546427642604,0.857,0.688,1
"FUCA1",0.444298978821563,0.689988377064698,0.786,0.75,1
"KRT10-AS1",0.444298978821563,0.545368163983505,0.786,0.75,1
"PAPSS2",0.444298978821563,0.880657369872893,0.786,0.75,1
"TVP23A",0.444298978821563,0.965392910124619,0.786,0.75,1
"TUBE1",0.447302650704232,0.353585329605461,0.857,0.938,1
"BOD1",0.447302650704232,0.323902432977002,0.929,0.875,1
"RECQL5",0.447302650704232,0.472474769033275,0.929,0.875,1
"STX5",0.447302650704232,0.253148322867272,0.929,0.875,1
"MAGOHB",0.447547426836977,0.398206616553584,0.929,1,1
"WDR18",0.447547426836977,0.371377338907283,0.929,1,1
"ATAD2B",0.447547426836977,0.299784859182363,1,0.938,1
"ATP2B4",0.447547426836977,0.588927137486876,1,0.938,1
"CMTR1",0.447547426836977,0.288909249162197,1,0.938,1
"IMP4",0.447547426836977,0.38372320028058,1,0.938,1
"MIX23",0.447547426836977,0.424776059064786,1,0.938,1
"MKNK1",0.447547426836977,0.427273339396444,1,0.938,1
"POLR1C",0.447547426836977,0.270465574335509,1,0.938,1
"RYBP",0.447547426836977,0.434538340272029,1,0.938,1
"SLC9A8",0.447547426836977,0.361840282465385,1,0.938,1
"ST3GAL1",0.447547426836977,0.409008132764474,1,0.938,1
"AGO3",0.447547426836977,0.66268421499181,1,1,1
"ARRDC1",0.447547426836977,0.346003186136858,1,1,1
"ATP1B3",0.447547426836977,0.294619475341117,1,1,1
"C2orf92",0.447547426836977,0.802900071360864,1,1,1
"COX17",0.447547426836977,0.315180310469086,1,1,1
"EGLN1",0.447547426836977,0.442587327585608,1,1,1
"GALE",0.447547426836977,0.252607143547725,1,1,1
"H3-3A",0.447547426836977,0.284692454666169,1,1,1
"HYCC2",0.447547426836977,0.477497590223043,1,1,1
"KRT18",0.447547426836977,0.443624745290432,1,1,1
"LITAF",0.447547426836977,0.577536949340637,1,1,1
"MCM3",0.447547426836977,0.34614539353402,1,1,1
"MICU2",0.447547426836977,0.270057373199457,1,1,1
"MTIF3",0.447547426836977,0.30711550064199,1,1,1
"NDUFV3",0.447547426836977,0.336296137997226,1,1,1
"NR1H2",0.447547426836977,0.282269619130184,1,1,1
"PWWP3A",0.447547426836977,0.388851534653903,1,1,1
"RIGI",0.447547426836977,0.477190180567979,1,1,1
"RNF213",0.447547426836977,0.397635137533341,1,1,1
"SEC14L1",0.447547426836977,0.326287564048648,1,1,1
"SKP1",0.447547426836977,0.290546924292412,1,1,1
"SMUG1",0.447547426836977,0.266843469398667,1,1,1
"SPTLC3",0.447547426836977,1.33602343469279,1,1,1
"TBC1D9B",0.447547426836977,0.950298873780225,1,1,1
"TOP1",0.447547426836977,0.256607598983615,1,1,1
"UCP2",0.447547426836977,0.459531832254934,1,1,1
"XRCC5",0.447547426836977,0.294197161148334,1,1,1
"ZBTB37",0.447547426836977,0.692759711218503,1,1,1
"ZNF440",0.447547426836977,0.333709624899774,1,1,1
"FAM98B",0.451383912446941,0.717737020126762,0.786,0.812,1
"MON1A",0.452445548811422,0.575926333656131,0.643,0.5,1
"AQP11",0.452915764340052,0.980161918406004,0.5,0.375,1
"ARHGEF38",0.452915764340052,3.5432284368899,0.429,0.438,1
"AGPAT1",0.453175187432084,0.513993680748854,0.643,0.438,1
"CHML",0.453359051468418,0.576148746844692,0.929,0.812,1
"CLOCK",0.453359051468418,0.353059812055581,0.929,0.812,1
"IFNAR2",0.453359051468418,0.589277946023183,0.929,0.812,1
"NEU3",0.453359051468418,0.380442655498008,0.929,0.812,1
"USP32",0.453359051468418,0.664191130353009,0.929,0.812,1
"UTP25",0.453359051468418,0.398465342827153,0.929,0.812,1
"ZDHHC6",0.453359051468418,0.515303847623191,0.929,0.812,1
"COA5",0.453908099269938,0.684529397519165,0.929,0.938,1
"DENND5B",0.453908099269938,1.61157012039261,0.929,0.938,1
"OMA1",0.453908099269938,0.333230879025605,0.929,0.938,1
"POU5F2",0.453908099269938,0.953578894004958,0.929,0.938,1
"ZNF44",0.453908099269938,0.28073622290454,0.929,0.938,1
"LYPD3",0.453928068645416,0.687046539332495,0.571,0.375,1
"FANCD2OS",0.457304680992837,0.813675783279336,0.429,0.312,1
"RPS17",0.459667943805875,0.953362259199908,0.286,0.188,1
"SUFU",0.46042361688093,0.351945505177591,0.714,0.562,1
"LGR4",0.46042361688093,1.50359968615362,0.643,0.625,1
"DCAKD",0.461048375021296,0.392141642413665,0.857,0.625,1
"TWNK",0.463079571325448,3.43666525605608,0.357,0.312,1
"ABLIM3",0.464216436673304,0.512147775782407,0.643,0.562,1
"RAB15",0.464216436673304,0.717753068763048,0.643,0.562,1
"PNPLA3",0.464606623416878,2.95114893528143,0.857,0.75,1
"RECQL4",0.464606623416878,0.757153209100373,0.857,0.75,1
"CENPK",0.465523289266959,0.367378410717453,1,0.875,1
"ADNP2",0.465529876960385,1.57245347857674,0.857,0.875,1
"CASZ1",0.465529876960385,0.688787362655437,0.857,0.875,1
"HMGXB3",0.465529876960385,0.610844581192857,0.857,0.875,1
"ING4",0.465529876960385,0.483889053284685,0.857,0.875,1
"LHFPL5",0.465529876960385,0.793339874509956,0.857,0.875,1
"FNIP2",0.4659090337872,0.849660040025979,0.714,0.688,1
"TMEM201",0.4659090337872,0.541209449210671,0.714,0.688,1
"DOP1B",0.466005621200408,0.76153494857022,1,0.875,1
"SH3BP5",0.466005621200408,0.628424786385205,1,0.875,1
"WHRN",0.467882027338584,1.21246040091994,0.643,0.375,1
"ZNF404",0.467882027338584,0.552837454382441,0.571,0.438,1
"ZNF256",0.467882027338584,1.72788734108799,0.5,0.5,1
"CASD1",0.467905627509603,0.722900818256276,0.571,0.5,1
"DUSP8",0.468659003831418,0.259937270867684,0.286,0.125,1
"TTC36",0.468659003831418,0.859678391709418,0.286,0.125,1
"CARNMT1",0.469176433455099,0.976532618323927,0.643,0.688,1
"MLH3",0.469429172582611,0.529753971215106,0.857,0.688,1
"FKBP4",0.469429172582611,1.08174083060777,0.786,0.75,1
"RARG",0.47144548812625,0.381859375579591,1,0.688,1
"ZNF18",0.47144548812625,1.22532502546272,0.929,0.75,1
"PRR5",0.471496663089164,1.85293019067419,0.786,0.875,1
"NIPSNAP1",0.472372042392976,0.766997295227092,1,0.812,1
"TBC1D14",0.472372042392976,0.39802250362901,1,0.812,1
"HFE",0.472372042392976,0.653655062728578,0.857,0.938,1
"PHGDH",0.472372042392976,0.625981928764338,0.857,0.938,1
"FKTN",0.472372042392976,0.633102614469068,0.929,0.875,1
"IGF1R",0.472372042392976,0.794486015346443,0.929,0.875,1
"ATMIN",0.472383017297681,0.277170110962655,1,0.812,1
"AKAP11",0.472614618043575,0.625988827356236,0.929,1,1
"DPP3",0.472614618043575,0.610972301740618,0.929,1,1
"QRSL1",0.472614618043575,1.9476694596075,0.929,1,1
"RNF13",0.472614618043575,0.343669984339367,0.929,1,1
"DHFR",0.472614618043575,0.419027916481671,1,0.938,1
"NDUFAF7",0.472614618043575,0.915404807174477,1,0.938,1
"ATP5PF",0.472614618043575,0.270604920854554,1,1,1
"BLOC1S5",0.472614618043575,0.458154188177802,1,1,1
"CLN3",0.472614618043575,0.396679234001723,1,1,1
"COPS5",0.472614618043575,0.275794437395581,1,1,1
"EMC2",0.472614618043575,0.43335071820681,1,1,1
"ENOSF1",0.472614618043575,0.352512153299138,1,1,1
"FOSL2",0.472614618043575,0.408923237115126,1,1,1
"HNRNPH2",0.472614618043575,0.315199473850425,1,1,1
"IFRD1",0.472614618043575,0.270263904879584,1,1,1
"LPGAT1",0.472614618043575,0.979228782093428,1,1,1
"MCCC2",0.472614618043575,0.449054000310193,1,1,1
"MCPH1",0.472614618043575,0.930117680186783,1,1,1
"MITD1",0.472614618043575,0.416512851890193,1,1,1
"PCBD1",0.472614618043575,0.300601629325301,1,1,1
"RIOK3",0.472614618043575,0.344979931543513,1,1,1
"SMARCA2",0.472614618043575,1.80151259623385,1,1,1
"SRCAP",0.472614618043575,0.444256499818035,1,1,1
"SRGAP1",0.472614618043575,0.531731836008386,1,1,1
"TMEM181",0.472614618043575,0.397467663247644,1,1,1
"TONSL",0.472614618043575,0.932956038801349,1,1,1
"ZFAND5",0.472614618043575,0.372140561825093,1,1,1
"ZNF8",0.472614618043575,0.579833248849614,1,1,1
"MKS1",0.474818112099781,0.547248630625529,0.786,0.688,1
"SIRT1",0.474818112099781,0.567476216007209,0.786,0.688,1
"TSHZ1",0.475369786726864,1.30617057375768,0.571,0.625,1
"MARVELD1",0.476698300316646,0.698925583423603,0.929,0.688,1
"TRAK2",0.476698300316646,0.617392201554671,0.929,0.688,1
"RHBDD1",0.476698300316646,0.461142555058665,0.786,0.812,1
"ANKRD23",0.478138708423566,0.294327965867179,0.357,0.188,1
"MTSS1",0.478587648040445,0.532934990348324,0.786,0.938,1
"TSNARE1",0.47873417264536,1.01496767639391,0.571,0.562,1
"RGS5",0.479042583971172,1.4706210434131,0.5,0.312,1
"PAQR7",0.479223614886743,0.64048471180458,0.929,0.938,1
"TIMM29",0.479223614886743,0.295977024263976,0.929,0.938,1
"HSF2BP",0.480688874688903,0.409639537652246,0.571,0.375,1
"THAP2",0.480872312381821,0.835785896769739,0.5,0.375,1
"CHST10",0.483300805737482,1.57726763731349,0.357,0.5,1
"CEMP1",0.485601643622633,0.356227233584822,0.357,0.25,1
"GNB1L",0.48676711523839,1.36956667090643,0.714,0.75,1
"MFSD2A",0.487334110722417,2.2705550713483,0.357,0.312,1
"TUBA8",0.489182075628852,0.623520067838588,0.429,0.312,1
"C1GALT1C1",0.490239888655603,0.49878748336475,0.857,0.75,1
"ZNF213",0.490239888655603,0.642321690255059,0.857,0.75,1
"GMPR",0.490741364783724,0.745510371756794,0.643,0.562,1
"ANO1",0.491192202316454,0.341755316586546,0.857,0.875,1
"IQSEC1",0.491192202316454,0.865861163108704,0.857,0.875,1
"ATF5",0.49155722104548,1.24024171850483,0.857,1,1
"RAD9A",0.49155722104548,0.90937914118573,0.857,1,1
"SMARCAD1",0.49155722104548,0.519371865731384,0.857,1,1
"LIN54",0.49155722104548,0.257239053737026,1,0.875,1
"SPACA9",0.49155722104548,0.41324527685692,1,0.875,1
"RBPMS",0.491866705106339,1.55600339256452,0.786,0.625,1
"OAZ3",0.491866705106339,0.582942904655262,0.714,0.688,1
"HOXB2",0.495275925848565,0.620376041703951,0.571,0.438,1
"MAPK10",0.495275925848565,0.637810662073397,0.571,0.438,1
"ZDHHC11",0.495275925848565,0.257375651460608,0.571,0.438,1
"HS1BP3",0.497270497877996,0.313821797440963,0.929,0.75,1
"FARSB",0.497270497877996,0.838814105770993,0.786,0.875,1
"CDH3",0.497270497877996,1.84519604102478,0.857,0.812,1
"DENND4B",0.497270497877996,0.619300273228445,0.857,0.812,1
"NT5DC1",0.497270497877996,0.271908263119889,0.857,0.812,1
"PPM1L",0.497270497877996,0.314120467599138,0.857,0.812,1
"SCRIB",0.497270497877996,0.534599032849399,0.857,0.812,1
"SDR42E1",0.497270497877996,0.720699659874851,0.857,0.812,1
"SPHK2",0.497270497877996,0.587682441698704,0.857,0.812,1
"JSRP1",0.498084291187739,1.35032990200768,0.214,0.125,1
"ACAD8",0.498174923546139,0.524606346910307,0.857,0.938,1
"GNA13",0.498174923546139,0.297100258970359,0.929,0.875,1
"MIEF1",0.498174923546139,0.57590297855207,0.929,0.875,1
"TP53",0.498174923546139,1.82594309999167,0.929,0.875,1
"LEMD3",0.498410320123736,0.52691744981149,0.929,1,1
"FARSA",0.498410320123736,0.266902063756477,1,0.938,1
"GPAA1",0.498410320123736,0.479207455209952,1,0.938,1
"KLHDC10",0.498410320123736,0.471226461402575,1,0.938,1
"MAPK8IP3",0.498410320123736,0.427339513400922,1,0.938,1
"PTCD2",0.498410320123736,0.48819851934312,1,0.938,1
"SEC24B",0.498410320123736,0.865659976315486,1,0.938,1
"SKIL",0.498410320123736,0.508473099745212,1,0.938,1
"VPS35L",0.498410320123736,0.467083029382447,1,0.938,1
"AKT2",0.498410320123736,1.5976607789968,1,1,1
"BTBD1",0.498410320123736,0.725914709588334,1,1,1
"COX14",0.498410320123736,0.266298369651349,1,1,1
"DIS3",0.498410320123736,0.660549279661471,1,1,1
"DPY19L3",0.498410320123736,0.684028368157557,1,1,1
"ETNK1",0.498410320123736,0.308482286873152,1,1,1
"GNAS",0.498410320123736,0.290359181286135,1,1,1
"HAUS2",0.498410320123736,0.350406182780484,1,1,1
"MOB4",0.498410320123736,0.365334362646239,1,1,1
"MSL1",0.498410320123736,0.30638943275507,1,1,1
"NANS",0.498410320123736,0.250746790890792,1,1,1
"NSFL1C",0.498410320123736,0.292895685532049,1,1,1
"PTBP2",0.498410320123736,0.591112679992453,1,1,1
"RHBDD3",0.498410320123736,0.531677167419248,1,1,1
"RUFY2",0.498410320123736,0.29947995164984,1,1,1
"SPECC1",0.498410320123736,0.446178577969297,1,1,1
"SYNJ2BP",0.498410320123736,0.815120920520059,1,1,1
"SYPL1",0.498410320123736,0.280070151034924,1,1,1
"TAF1D",0.498410320123736,0.539852484208723,1,1,1
"TLE3",0.498410320123736,0.461585397565634,1,1,1
"TMEM41A",0.498410320123736,0.427630679801699,1,1,1
"UGCG",0.498410320123736,0.420703749728221,1,1,1
"ZCCHC7",0.498410320123736,0.340162391944356,1,1,1
"TFPT",0.500898611581722,0.281684542328341,0.929,0.562,1
"SLC25A22",0.502025877326215,1.47484886955901,0.571,0.625,1
"APOBEC3F",0.502743633343287,0.390291067078331,0.786,0.812,1
"KPTN",0.502743633343287,0.644828937854425,0.786,0.812,1
"GIN1",0.504141613403824,1.07430891932014,0.786,0.938,1
"MTRF1L",0.504141613403824,0.268464985050554,0.786,0.938,1
"CHMP4B",0.505263419201992,0.355119616002344,0.929,0.938,1
"METTL14",0.505263419201992,0.369233524433326,0.929,0.938,1
"SH3BP4",0.505263419201992,1.10841080374339,0.929,0.938,1
"UBA5",0.505263419201992,0.513874012343636,0.929,0.938,1
"C20orf96",0.510306828010143,0.854584350777183,0.714,0.625,1
"JAZF1",0.510306828010143,0.44551733580768,0.714,0.625,1
"KLHL23",0.513386939141368,0.606279848280254,0.643,0.625,1
"TMEM91",0.513386939141368,1.30234634360796,0.643,0.625,1
"H2AC17",0.51447609528569,1.07547427548367,0.357,0.312,1
"PILRA",0.515998842683921,0.688337804165243,0.286,0.5,1
"SLC3A1",0.516208631150541,0.673211905616075,0.714,0.875,1
"CEP131",0.516599890629161,0.729561237398098,0.857,0.75,1
"ACAP3",0.517576533370742,0.531220725015615,1,0.75,1
"EXPH5",0.517823785045902,0.376772245764082,1,0.875,1
"RNMT",0.517823785045902,0.866799635189563,1,0.875,1
"SSBP3",0.517823785045902,0.282554179958851,1,0.875,1
"CRACR2B",0.518037520627371,0.27402941071534,0.857,0.875,1
"FUT4",0.518565457553301,1.21001584149486,0.714,0.688,1
"FHIP1A",0.521579210394803,0.781211307291705,0.214,0.312,1
"SMIM3",0.521895419679221,0.35091289086784,0.786,0.75,1
"SLC46A1",0.522260919763716,0.673131519645429,0.786,0.562,1
"C17orf100",0.522263078986822,0.645572343924501,0.429,0.375,1
"CARNS1",0.522605363984674,1.50806519090782,0.286,0.188,1
"SNAI1",0.522605363984674,0.966745181078193,0.286,0.188,1
"CORO1A",0.523138430784608,0.816811520090399,0.429,0.312,1
"PTP4A3",0.523138430784608,0.591670121228179,0.429,0.312,1
"CDON",0.523804613001377,0.983129379145453,0.786,0.875,1
"MICALL1",0.523804613001377,0.531771463220546,0.857,0.812,1
"MLYCD",0.523804613001377,0.37558939562854,0.857,0.812,1
"CTNNBIP1",0.524683925667025,0.84317844597927,0.857,0.938,1
"ZNF507",0.524683925667025,0.412369403775389,0.857,0.938,1
"CDK14",0.524835140049514,0.92655239423783,0.429,0.562,1
"NSUN3",0.524915113822518,0.705058988314811,0.929,1,1
"RANBP9",0.524915113822518,0.585558233923924,0.929,1,1
"SNRNP48",0.524915113822518,0.371228140736434,0.929,1,1
"SNX12",0.524915113822518,0.354008457333364,0.929,1,1
"ASH2L",0.524915113822518,0.257586672453621,1,0.938,1
"CSNK1G1",0.524915113822518,0.273890670606081,1,0.938,1
"ELP4",0.524915113822518,0.414289697383569,1,0.938,1
"MRPS21",0.524915113822518,0.391703527452675,1,0.938,1
"NAA30",0.524915113822518,0.265497009525206,1,0.938,1
"TBL1X",0.524915113822518,0.359373666467437,1,0.938,1
"TOPBP1",0.524915113822518,0.5525111702334,1,0.938,1
"ALG14",0.524915113822518,0.513849504643638,1,1,1
"ATP6V0A1",0.524915113822518,0.582755447612782,1,1,1
"BAZ2B",0.524915113822518,0.358731177059865,1,1,1
"GCNT2",0.524915113822518,0.29255948651867,1,1,1
"MPHOSPH10",0.524915113822518,0.291041781965982,1,1,1
"MYEF2",0.524915113822518,0.287774573695798,1,1,1
"NAA15",0.524915113822518,0.374871035249267,1,1,1
"NDUFS7",0.524915113822518,0.433312394830275,1,1,1
"PIGG",0.524915113822518,0.358631734820325,1,1,1
"PPDPF",0.524915113822518,0.673423858225116,1,1,1
"PTPN2",0.524915113822518,0.700578059358315,1,1,1
"RICTOR",0.524915113822518,0.273710009903746,1,1,1
"RNF149",0.524915113822518,0.25633779418113,1,1,1
"STAG2",0.524915113822518,0.558006034793174,1,1,1
"STYX",0.524915113822518,0.260580201763577,1,1,1
"TAF8",0.524915113822518,0.356348817583209,1,1,1
"TFDP2",0.524915113822518,0.282216611615288,1,1,1
"TMED8",0.524915113822518,0.262157728704645,1,1,1
"ZNF146",0.524915113822518,0.546295004782257,1,1,1
"FAM153CP",0.525684746206188,1.71130691636916,0.5,0.438,1
"SAPCD1",0.525684746206188,0.991870742111681,0.5,0.438,1
"ZNF324B",0.525684746206188,0.817313485933108,0.5,0.438,1
"C7orf25",0.526430118274196,0.437260790033912,0.214,0.375,1
"C1R",0.527710633847163,0.391793020537931,0.786,0.688,1
"PPAN",0.527710633847163,0.298542181714159,0.786,0.688,1
"SLC16A6",0.530068299183742,1.50871965853298,0.357,0.25,1
"SEPSECS",0.531191796602559,0.299767642744597,0.786,0.938,1
"FBXL17",0.531191796602559,0.521726687000609,0.929,0.812,1
"SNX29",0.531191796602559,0.272021423801916,0.929,0.812,1
"ARMC1",0.532006442599134,0.253448701638142,0.929,0.938,1
"DYNLL2",0.532006442599134,0.362873076805716,0.929,0.938,1
"SS18L1",0.532006442599134,0.67064019849772,0.929,0.938,1
"BLTP1",0.532461516059995,0.294530202416315,0.929,0.938,1
"DDX60",0.533706837671635,0.590639831919687,0.571,0.562,1
"OSGIN1",0.534273241776085,1.69448931865206,0.5,0.562,1
"ENDOG",0.537621247855604,0.506022148325919,0.714,0.625,1
"RALGPS1",0.537621247855604,0.318523831978111,0.714,0.625,1
"RTN2",0.537621247855604,0.661126986826734,0.714,0.625,1
"C1orf226",0.540067977707053,0.50177524248633,0.5,0.375,1
"YPEL1",0.5409788672915,0.42475258133199,0.714,0.562,1
"INMT-MINDY4",0.541040590815703,1.21831761515483,0.357,0.312,1
"ZNF670-ZNF695",0.543643169815161,0.50586934525172,0.714,0.875,1
"TBC1D12",0.544649711607904,0.952427028164928,0.857,0.875,1
"TMEM141",0.544649711607904,0.270358426350877,0.857,0.875,1
"ARMC6",0.544776445626516,0.386175140021206,0.857,1,1
"CEPT1",0.544776445626516,0.339089967152688,1,0.875,1
"KDELR3",0.544776445626516,0.652404150573302,1,0.875,1
"LGMN",0.544776445626516,0.289151574840189,1,0.875,1
"TMEM87B",0.544776445626516,0.506812690056491,1,0.875,1
"AMBRA1",0.545971417456047,0.355733125135507,0.786,0.625,1
"CEACAM19",0.545971417456047,0.850861767003759,0.786,0.625,1
"PITPNM2",0.545971417456047,0.931844126774278,0.643,0.75,1
"KCTD2",0.546047911716656,0.296034185884425,0.643,0.562,1
"KDM7A",0.549181645847183,0.975463046708588,0.714,0.812,1
"NUAK2",0.549181645847183,0.719402058124117,0.786,0.75,1
"TMCC1",0.551028111675157,0.948539013904774,1,0.688,1
"ZNF263",0.551028111675157,0.852546010858345,0.786,0.875,1
"OBI1",0.551028111675157,0.52805885871546,0.857,0.812,1
"PIP5K1C",0.551028111675157,1.11109149730555,0.857,0.812,1
"ZNHIT2",0.551028111675157,0.373291468203644,0.857,0.812,1
"TUBD1",0.551877731584844,0.680552094399137,0.857,0.938,1
"UBIAD1",0.551877731584844,0.722140126849051,0.857,0.938,1
"PPP1R37",0.551877731584844,0.663260727284348,0.929,0.875,1
"ABCE1",0.552099361396013,0.37619771064638,0.929,1,1
"COG8",0.552099361396013,0.534833410620094,0.929,1,1
"ABCD3",0.552099361396013,0.257660487097786,1,0.938,1
"C2CD2L",0.552099361396013,0.617888453585403,1,0.938,1
"M6PR",0.552099361396013,0.293871588943089,1,0.938,1
"SH2D3A",0.552099361396013,1.06332560314079,1,0.938,1
"SH3GLB2",0.552099361396013,0.490636071342538,1,0.938,1
"TPBG",0.552099361396013,0.408848800643269,1,0.938,1
"YAF2",0.552099361396013,0.303710522908347,1,0.938,1
"ZNF217",0.552099361396013,0.626665470239238,1,0.938,1
"ABL2",0.552099361396013,0.28104585026364,1,1,1
"ATP6V1H",0.552099361396013,0.403370502670817,1,1,1
"COX6C",0.552099361396013,0.473985429538297,1,1,1
"GAA",0.552099361396013,0.409047371017414,1,1,1
"GPATCH2L",0.552099361396013,0.424063550603035,1,1,1
"HOOK3",0.552099361396013,0.291462024618252,1,1,1
"HSBP1L1",0.552099361396013,0.301306443461264,1,1,1
"HSPA4",0.552099361396013,0.253458969510293,1,1,1
"KIAA0513",0.552099361396013,0.288678246166533,1,1,1
"KLHL36",0.552099361396013,0.691008702246233,1,1,1
"LRRC58",0.552099361396013,0.31429513038622,1,1,1
"MRE11",0.552099361396013,0.291314642991046,1,1,1
"NCKAP1",0.552099361396013,0.352202935987592,1,1,1
"NSMCE2",0.552099361396013,0.332968970332559,1,1,1
"OGFOD1",0.552099361396013,0.287056712259795,1,1,1
"ORC2",0.552099361396013,0.267612504027307,1,1,1
"PACSIN2",0.552099361396013,0.677923221669863,1,1,1
"SENP7",0.552099361396013,0.645523047468979,1,1,1
"SMC1A",0.552099361396013,0.513124613517477,1,1,1
"TLCD2",0.552099361396013,0.417487962839176,1,1,1
"C6orf120",0.552557474272839,0.935975267743913,0.5,0.5,1
"JPH1",0.552900391909309,0.483983463432887,0.429,0.375,1
"ZSCAN31",0.556058166307283,0.612902943094795,0.5,0.438,1
"B9D1",0.55695757212553,0.449471662375724,0.786,0.812,1
"DENND6B",0.55695757212553,0.291727471910284,0.786,0.812,1
"CTU1",0.557672274973624,0.452527809712959,0.429,0.312,1
"AEN",0.559422277165511,0.339045155371079,0.929,0.938,1
"PON2",0.559422277165511,0.558385114458092,0.929,0.938,1
"TSEN2",0.559422277165511,0.502917319668113,0.929,0.938,1
"VPS45",0.559422277165511,0.359086802947574,0.929,0.938,1
"PPP1R42",0.5615992003998,1.81118073241387,0.286,0.25,1
"RBPMS2",0.562302378222653,0.710432817696812,0.643,0.5,1
"CACNB2",0.562302378222653,1.65039452549492,0.571,0.562,1
"DLEC1",0.562992683224951,1.60076749949667,0.5,0.562,1
"ZNF510",0.564874879381774,0.370126949386124,0.571,0.75,1
"ANG",0.565659378772946,0.305898157676985,0.714,0.625,1
"HMGN5",0.568302556668002,0.492773224131182,0.714,0.75,1
"ATP2C2",0.56928031340367,0.953780906335552,0.643,0.625,1
"CLSTN3",0.56928031340367,0.633593931173083,0.643,0.625,1
"DENND11",0.56928031340367,0.46551949027892,0.643,0.625,1
"FAAH",0.570492531512022,1.12601248197539,0.357,0.312,1
"SPATA6",0.570492531512022,2.81724374700506,0.357,0.312,1
"TMEM63C",0.570741763621113,0.827496103165136,0.5,0.375,1
"CLDN4",0.572390791188513,0.739706465221358,0.857,0.875,1
"FAM110A",0.572390791188513,0.485497632763935,0.857,0.875,1
"HSF2",0.572390791188513,0.423853165079541,0.857,0.875,1
"MPP3",0.572390791188513,0.83384175022391,0.857,0.875,1
"TPP1",0.572390791188513,0.744704089325328,0.857,0.875,1
"MYCBP",0.572391616369318,0.340595614154173,1,0.875,1
"KIF16B",0.574061988613536,0.815455534350773,0.786,0.625,1
"ATL1",0.574061988613536,0.944020898659491,0.714,0.688,1
"VAV3",0.574798517493919,2.49582001863777,0.643,0.562,1
"RERG",0.577139142846877,0.73295711346467,0.714,0.812,1
"RELL1",0.577139142846877,0.301494693339186,0.786,0.75,1
"EHHADH",0.578267343796282,4.10074021733836,0.643,0.688,1
"GAPDHS",0.578577377977678,0.491619094072502,0.357,0.25,1
"SLC9A3",0.578577377977678,0.414235253197505,0.357,0.25,1
"TMEM51",0.578577377977678,0.593315083444513,0.357,0.25,1
"GRHL1",0.579722660169743,0.600755410235778,0.786,1,1
"MIGA2",0.579722660169743,0.909968595647508,0.857,0.938,1
"ZSCAN25",0.579722660169743,0.466008599114511,0.857,0.938,1
"ZNF254",0.579722660169743,0.496480741149668,0.929,0.875,1
"MTG2",0.579938018606796,0.312760331989844,0.929,1,1
"PPIL4",0.579938018606796,0.389843519052002,0.929,1,1
"TNFRSF1B",0.579938018606796,1.2887145623236,0.929,1,1
"ADIPOR2",0.579938018606796,0.589274879739011,1,0.938,1
"CARS1",0.579938018606796,0.881149871798674,1,0.938,1
"CEP15",0.579938018606796,0.261467865439033,1,0.938,1
"DIS3L",0.579938018606796,1.02069352928241,1,0.938,1
"KLHL28",0.579938018606796,0.29343518648097,1,0.938,1
"MAP3K2",0.579938018606796,0.256956300265169,1,0.938,1
"MEGF9",0.579938018606796,0.257197122284666,1,0.938,1
"POLH",0.579938018606796,0.380611883305779,1,0.938,1
"SHTN1",0.579938018606796,0.782923540847928,1,0.938,1
"ULK3",0.579938018606796,1.34952498525881,1,0.938,1
"ABHD2",0.579938018606796,0.288863814256517,1,1,1
"ANKRD12",0.579938018606796,0.258321748591168,1,1,1
"BCAS4",0.579938018606796,0.582154558478408,1,1,1
"BIRC6",0.579938018606796,0.490641703920569,1,1,1
"CEP95",0.579938018606796,0.301513827915946,1,1,1
"CIAO3",0.579938018606796,0.361144989855891,1,1,1
"COQ8B",0.579938018606796,0.372243350644258,1,1,1
"EIF4E",0.579938018606796,0.343355368062095,1,1,1
"FOXK1",0.579938018606796,0.399747700456446,1,1,1
"IKBKB",0.579938018606796,0.429196632641815,1,1,1
"KNTC1",0.579938018606796,1.00986096822976,1,1,1
"LMAN2",0.579938018606796,0.348165943480883,1,1,1
"MEF2A",0.579938018606796,0.321050672083881,1,1,1
"POP5",0.579938018606796,0.258871696198735,1,1,1
"PPP4R3A",0.579938018606796,0.47622480140507,1,1,1
"PTK2",0.579938018606796,0.251466108928364,1,1,1
"RDH13",0.579938018606796,0.434751541785824,1,1,1
"RSF1",0.579938018606796,0.25819895452453,1,1,1
"SCLY",0.579938018606796,0.329416829993724,1,1,1
"SERTAD2",0.579938018606796,0.286827845474174,1,1,1
"SLC25A5",0.579938018606796,0.250793070906793,1,1,1
"SSH1",0.579938018606796,0.680424947895818,1,1,1
"TBC1D15",0.579938018606796,0.711148156315103,1,1,1
"USP8",0.579938018606796,0.363626190492552,1,1,1
"ZFYVE16",0.579938018606796,0.450140579683749,1,1,1
"ZNF761",0.579938018606796,0.518684211426582,1,1,1
"GRAMD4",0.582128488559298,1.54387348717821,0.571,0.5,1
"RANBP10",0.582128488559298,0.440425323751597,0.571,0.5,1
"ABCG1",0.582311389884693,0.743165334821989,0.5,0.5,1
"PHOSPHO2",0.582311389884693,1.01743799196076,0.5,0.5,1
"SH3D21",0.585561955864173,0.79320017707419,0.429,0.375,1
"BTAF1",0.58649318615546,0.424002809422976,0.929,0.812,1
"B3GALT9",0.586907523190589,0.860988738070188,0.5,0.438,1
"SMNDC1",0.587484420844273,0.360197996439016,0.929,0.938,1
"SAMD11",0.588279193736465,1.16914096732294,0.286,0.25,1
"FMO4",0.591264367816092,2.49787772971368,0.214,0.188,1
"COL7A1",0.595612052934661,2.35412829249059,0.429,0.5,1
"GPR176",0.59682486242259,0.367902773069007,0.714,0.75,1
"SLC37A1",0.59682486242259,0.71801408555342,0.714,0.75,1
"PFKFB4",0.598250431028036,0.653081428627227,0.643,0.625,1
"RNF19B",0.598250431028036,0.413113772862905,0.643,0.625,1
"PPP1R21",0.599701043870909,0.430938258947645,0.857,0.75,1
"ZBTB21",0.599701043870909,1.10325886965685,0.857,0.75,1
"DNAJC14",0.600634694692557,1.20738594452716,1,0.875,1
"DRAM2",0.600634694692557,0.258815364439034,1,0.875,1
"GLUL",0.600634694692557,0.60045791795575,1,0.875,1
"PAPLN",0.600634694692557,0.898253982585073,1,0.875,1
"SDCCAG8",0.600634694692557,0.332323430242638,1,0.875,1
"TSPAN6",0.600634694692557,0.643513360774504,1,0.875,1
"NSDHL",0.600761291181035,0.45544741414904,0.857,0.875,1
"MYBBP1A",0.601208085327821,0.253383275489922,0.714,1,1
"CA11",0.601277139208174,0.72719621402374,0.286,0.188,1
"NPHP3-ACAD11",0.601277139208174,2.02096623262988,0.286,0.188,1
"PTPRCAP",0.601277139208174,0.767332805814637,0.286,0.188,1
"SLC44A3",0.601277139208174,0.678990968866852,0.286,0.188,1
"SMPDL3B",0.601277139208174,0.489945800372589,0.286,0.188,1
"USP50",0.601277139208174,0.372871728476183,0.286,0.188,1
"PPFIA3",0.601676939308124,0.645121792541915,0.429,0.438,1
"PYCARD",0.602795320605951,0.858275235300536,0.643,0.75,1
"XRCC1",0.602795320605951,0.411701236274325,0.643,0.75,1
"CDAN1",0.605726335318753,0.424727250066641,0.714,0.812,1
"JMJD8",0.607269354658756,0.32079485492712,0.786,0.562,1
"CIMIP5",0.607269354658756,2.67496334810984,0.643,0.688,1
"DNAJC25",0.607269354658756,0.540897065387905,0.643,0.688,1
"C1orf167",0.607508698351203,0.834070813079283,0.786,0.875,1
"DHCR7",0.608192126846793,0.464303120134395,1,0.812,1
"ATPAF1",0.608192126846793,0.382455580439572,0.929,0.875,1
"PPAT",0.608192126846793,0.710423878422619,0.929,0.875,1
"SKAP2",0.608192126846793,1.22958499775129,0.929,0.875,1
"AGO4",0.608213237722384,1.29053528986127,0.786,1,1
"CCNK",0.608395836481484,0.748178752677217,0.929,1,1
"METTL22",0.608395836481484,0.532676119481724,0.929,1,1
"DGKZ",0.608395836481484,0.394606411517828,1,0.938,1
"FSAF1",0.608395836481484,0.583696719791703,1,0.938,1
"FUBP3",0.608395836481484,0.354121697678329,1,0.938,1
"GNAQ",0.608395836481484,0.869819136384884,1,0.938,1
"HINT3",0.608395836481484,0.323352967845378,1,0.938,1
"NAGK",0.608395836481484,0.512446325756795,1,0.938,1
"NUDT9",0.608395836481484,0.475472594850352,1,0.938,1
"ADPGK",0.608395836481484,0.345416635843925,1,1,1
"BNIP3L",0.608395836481484,0.408931155412317,1,1,1
"CAPZA1",0.608395836481484,0.25131079554931,1,1,1
"CSDE1",0.608395836481484,0.337535211209232,1,1,1
"EMSY",0.608395836481484,0.302101654461474,1,1,1
"FADS2",0.608395836481484,0.569669815070182,1,1,1
"FRA10AC1",0.608395836481484,1.35337951277692,1,1,1
"LRRC47",0.608395836481484,0.307647878649302,1,1,1
"MAPK6",0.608395836481484,0.313165269663265,1,1,1
"MRPL55",0.608395836481484,0.440905583285907,1,1,1
"PPP4R2",0.608395836481484,0.512951378215341,1,1,1
"RAPGEF6",0.608395836481484,0.742694140624422,1,1,1
"RCOR3",0.608395836481484,0.299533856608412,1,1,1
"SEC11C",0.608395836481484,0.419244570944562,1,1,1
"SLC1A5",0.608395836481484,0.252922007314869,1,1,1
"SPPL2B",0.608395836481484,0.341020069519052,1,1,1
"SRP54",0.608395836481484,0.385398224063668,1,1,1
"TACC2",0.608395836481484,0.477459856129283,1,1,1
"TMEM185A",0.608395836481484,0.371256542093673,1,1,1
"MT1F",0.608810448576881,0.629163560181576,0.357,0.438,1
"KLF12",0.612100279409659,0.423532954151104,0.786,0.688,1
"PLRG1",0.612100279409659,0.309418858485481,0.786,0.688,1
"RASSF2",0.61252747551233,1.03205790987562,0.571,0.5,1
"NRIP1",0.616033765023233,0.769619735398914,0.571,0.625,1
"CACNB3",0.616156978270411,0.476059022716182,0.929,0.938,1
"MTERF3",0.616156978270411,0.614412056003716,0.929,0.938,1
"DEPP1",0.61858288605955,0.733581821197178,0.5,0.438,1
"ZNF75D",0.61858288605955,0.988365257750073,0.5,0.438,1
"LRRC46",0.620689655172414,0.654230683827083,0.214,0.125,1
"LURAP1L",0.621582074459846,0.375387544994926,0.643,0.5,1
"C2orf81",0.622813216714656,1.25813025752002,0.429,0.688,1
"IQGAP2",0.623044033538786,0.602722839515982,0.357,0.25,1
"PEX12",0.623044033538786,0.37684886636123,0.357,0.25,1
"FBXO4",0.625987192162433,0.528926028884397,0.714,0.75,1
"GPM6B",0.625987192162433,1.44462080955754,0.714,0.75,1
"SKI",0.625987192162433,0.956308049846116,0.714,0.75,1
"SUPT3H",0.625987192162433,0.384310126736136,0.714,0.75,1
"H2BC15",0.628653296330851,0.83567136826647,0.714,0.875,1
"SAYSD1",0.628653296330851,0.257761386504497,0.857,0.75,1
"BRAF",0.629734434468352,0.89655366806962,0.857,0.875,1
"DUOX1",0.629734434468352,0.684111076107921,0.857,0.875,1
"LMTK2",0.629734434468352,1.01286140705901,0.857,0.875,1
"MCC",0.629734434468352,0.757024442079281,0.857,0.875,1
"KAZALD1",0.632151210256585,1.06230500747765,0.786,0.625,1
"ARHGAP33",0.632649743239835,1.16577503266075,0.571,0.812,1
"VSIG10L",0.632745849297573,1.88660636469825,0.286,0.25,1
"LCN2",0.633578649271855,1.36076351253931,0.429,0.438,1
"TMEM242",0.634917697669913,0.433332630111322,0.786,0.75,1
"ZNF189",0.634917697669913,0.339562664091952,0.786,0.75,1
"ZSCAN22",0.634917697669913,0.563247558508976,0.786,0.75,1
"CDK5",0.636509622725617,0.250836627884413,0.786,0.875,1
"PABIR3",0.636509622725617,0.509622508484894,0.786,0.875,1
"CCSAP",0.636509622725617,0.861838059460532,0.857,0.812,1
"TAF4B",0.636903770337054,1.24933557985315,0.357,0.312,1
"TMEM121",0.636903770337054,0.890512934382383,0.357,0.312,1
"PHF10",0.637247196835019,0.539362319158545,0.929,0.875,1
"ARAF",0.63744244836646,0.288207212491545,0.929,1,1
"CENPB",0.63744244836646,0.582320041349883,0.929,1,1
"YTHDF3",0.63744244836646,0.595677131416122,0.929,1,1
"ARFGEF3",0.63744244836646,0.504757615821725,1,0.938,1
"DCXR",0.63744244836646,0.514791743687745,1,0.938,1
"HSPE1-MOB4",0.63744244836646,0.280760735376215,1,0.938,1
"SUCLA2",0.63744244836646,0.334285394598306,1,0.938,1
"USP6NL",0.63744244836646,0.3069860732225,1,0.938,1
"ZNF483",0.63744244836646,0.420647459472858,1,0.938,1
"ARNT",0.63744244836646,0.275014675089765,1,1,1
"BCLAF1",0.63744244836646,0.281043023162029,1,1,1
"CTSD",0.63744244836646,0.374167116373853,1,1,1
"DESI1",0.63744244836646,0.518779610102006,1,1,1
"EPN1",0.63744244836646,0.547053840885363,1,1,1
"ERLIN2",0.63744244836646,0.266513869814434,1,1,1
"FARP1",0.63744244836646,0.457576412558923,1,1,1
"GGCT",0.63744244836646,0.412622226970733,1,1,1
"IRAK4",0.63744244836646,1.0703598009967,1,1,1
"NDUFA3",0.63744244836646,0.507369521778228,1,1,1
"PDZD11",0.63744244836646,0.305686223463117,1,1,1
"PDZD8",0.63744244836646,1.10130456119459,1,1,1
"PPP1CB",0.63744244836646,0.354673934155825,1,1,1
"RAD51C",0.63744244836646,0.351263079960139,1,1,1
"SCYL3",0.63744244836646,0.399434070911555,1,1,1
"TINAGL1",0.63744244836646,0.507437339087641,1,1,1
"WNK1",0.63744244836646,0.284068138082832,1,1,1
"ADCK5",0.641466373796246,0.488727513326775,0.786,0.688,1
"IFI44",0.641466373796246,0.371258353006268,0.786,0.688,1
"POFUT3",0.641466373796246,0.601608900276497,0.786,0.688,1
"ASIC3",0.642043422733078,0.489461588137971,0.143,0.25,1
"ZNF275",0.643298165158907,0.253511063192996,0.571,0.5,1
"GPLD1",0.644248539644866,0.502701516417857,0.786,0.938,1
"MAFG",0.644248539644866,0.363922895677017,0.786,0.938,1
"THAP9",0.644248539644866,0.38872696256067,0.786,0.938,1
"JUNB",0.645407918675681,0.370068878367878,0.929,0.938,1
"MRPS30",0.645407918675681,0.367529842436239,0.929,0.938,1
"MRPS9",0.645407918675681,0.293426189425464,0.929,0.938,1
"PGM3",0.645407918675681,0.361112838267307,0.929,0.938,1
"PPP1R18",0.652181662866537,0.818914109049066,0.5,0.625,1
"FUT2",0.655719831862535,1.16478402348945,0.714,0.75,1
"C1QTNF3-AMACR",0.657471264367816,1.14034074715399,0.143,0.062,1
"CBLN3",0.657471264367816,1.72100207461417,0.143,0.062,1
"CILP2",0.657471264367816,1.60916059056249,0.143,0.062,1
"PPT2-EGFL8",0.657471264367816,0.825325669729173,0.143,0.062,1
"URGCP-MRPS24",0.657471264367816,1.21987593329693,0.143,0.062,1
"NAA80",0.658056592618723,0.572268198964462,0.643,0.625,1
"ZBTB2",0.658056592618723,0.868343738122435,0.643,0.625,1
"WWC2",0.658159877749464,0.514478666480926,0.857,0.75,1
"CAMSAP2",0.658878431441314,0.39974955309965,0.857,1,1
"HSD17B7",0.658878431441314,0.34539285373315,0.857,1,1
"ZFP90",0.658878431441314,1.26220752570755,0.857,1,1
"ZNF329",0.658878431441314,0.448767345015088,1,0.875,1
"CIMIP2A",0.65992337164751,1.48176199001794,0.214,0.188,1
"CAMKMT",0.662071606095817,1.31709391667006,0.571,0.812,1
"ABCB10",0.662071606095817,0.278724921427212,0.786,0.625,1
"PRMT3",0.662071606095817,0.284067866184995,0.786,0.625,1
"MTURN",0.662071606095817,0.444484031414689,0.643,0.75,1
"SERPINF1",0.662071606095817,1.11818478101799,0.643,0.75,1
"TRIM45",0.662071606095817,1.04513589935879,0.714,0.688,1
"INO80B",0.664214559386973,0.586881543946114,0.286,0.188,1
"FBP1",0.664544824251101,0.325192555045451,0.643,0.562,1
"GLCCI1",0.664665850769146,0.361734997310434,0.929,0.625,1
"ACSBG1",0.666164104050486,0.577110116305432,0.786,0.875,1
"STRN",0.666164104050486,0.34155469315297,0.857,0.812,1
"EEIG1",0.666855756848098,0.345335600956995,1,0.812,1
"KLHL35",0.666855756848098,0.910176504664109,0.857,0.938,1
"SMYD2",0.666880471013203,0.294191814142192,0.857,0.938,1
"MED27",0.667037296625165,0.492899015653236,0.929,1,1
"UNC50",0.667037296625165,0.355860259684912,0.929,1,1
"USP54",0.667037296625165,0.977206566750322,0.929,1,1
"ACACB",0.667037296625165,1.09344844089445,1,0.938,1
"ERN1",0.667037296625165,0.256320707777491,1,0.938,1
"GALC",0.667037296625165,0.364249087335106,1,0.938,1
"PRP4K",0.667037296625165,0.311483747931645,1,0.938,1
"ZNF548",0.667037296625165,0.545117846241795,1,0.938,1
"ARHGEF9",0.667037296625165,0.353795149543473,1,1,1
"FRMD8",0.667037296625165,0.298143566899067,1,1,1
"GATD1",0.667037296625165,0.52696786598684,1,1,1
"GMPPA",0.667037296625165,0.51256716202849,1,1,1
"GTF2F1",0.667037296625165,0.573231569773644,1,1,1
"ICE2",0.667037296625165,0.251946487476741,1,1,1
"MORC2",0.667037296625165,0.595735414665876,1,1,1
"NCBP2AS2",0.667037296625165,0.266650079936883,1,1,1
"P4HTM",0.667037296625165,0.257322996154421,1,1,1
"PAN3",0.667037296625165,0.292923926718179,1,1,1
"PLEKHA3",0.667037296625165,0.90117236471622,1,1,1
"PRKX",0.667037296625165,0.447938001137314,1,1,1
"SLC37A2",0.667037296625165,0.297941553430942,1,1,1
"TMEM167A",0.667037296625165,0.298990961663411,1,1,1
"USP33",0.667037296625165,0.537793803514091,1,1,1
"ZNF621",0.667037296625165,0.743145675898476,1,1,1
"PPP2R5B",0.667172901337429,0.968896091633988,0.643,0.688,1
"REM2",0.667510689099895,1.70391231048847,0.357,0.25,1
"SERPINB5",0.667510689099895,0.971502333601327,0.357,0.25,1
"PRR19",0.67136603009125,0.68296764828544,0.786,0.688,1
"POLG2",0.672991842572006,0.577312216924049,0.786,0.812,1
"C1orf122",0.673956341402742,0.274478108951072,0.786,0.938,1
"ERV3-1",0.673956341402742,1.07690200952572,0.929,0.812,1
"GTF2E2",0.675196161809016,0.815361890679617,0.929,0.938,1
"ARHGEF10L",0.677131884694048,1.48757079860962,0.571,0.625,1
"ZNF398",0.677131884694048,1.48799427580186,0.571,0.625,1
"SOCS1",0.677212504858682,1.33497965587454,0.286,0.25,1
"INAFM1",0.682698650674663,0.536769261581259,0.286,0.438,1
"SCFD2",0.685119634885,0.654723977080855,0.5,0.562,1
"PCDHB2",0.686012686811049,0.901267834561797,0.714,0.75,1
"ZC3H10",0.688202826691229,1.86638386114221,0.857,0.75,1
"MFAP2",0.688801110280773,0.684718583169847,0.643,0.625,1
"MXI1",0.688801110280773,0.674912642711509,0.643,0.625,1
"SLC25A13",0.689324935055692,0.349754846263341,0.857,0.875,1
"AMY2B",0.692537405188015,0.823394659851116,0.714,0.688,1
"KLF13",0.694943976240294,0.303071134995694,0.786,0.75,1
"DNAI4",0.695237080462177,0.505353074575753,0.714,0.812,1
"MBLAC2",0.695602951878034,0.399045526475717,0.643,0.562,1
"PLA2G4B",0.695602951878034,1.20177628989921,0.643,0.562,1
"KIAA1549",0.696446878040168,1.02593264550665,0.714,0.938,1
"HOPX",0.696973783490092,1.12073357029432,0.857,0.938,1
"PHF8",0.696973783490092,0.8448959174485,0.929,0.875,1
"POLR1B",0.696973783490092,0.381641481269342,0.929,0.875,1
"ZNF530",0.696973783490092,1.0751562074605,0.929,0.875,1
"RNF125",0.697145146037232,0.665251499937203,0.929,1,1
"CAPN7",0.697145146037232,0.385739458952211,1,0.938,1
"EED",0.697145146037232,0.269561413795102,1,0.938,1
"TMEM160",0.697145146037232,0.277906598001798,1,0.938,1
"ZNF765",0.697145146037232,0.391333007084709,1,0.938,1
"ATL2",0.697145146037232,0.277499213798245,1,1,1
"C6orf62",0.697145146037232,0.266761707679481,1,1,1
"CERT1",0.697145146037232,0.938347850165609,1,1,1
"CTSC",0.697145146037232,0.729192047830155,1,1,1
"FLVCR1",0.697145146037232,0.671924370793273,1,1,1
"MRPS22",0.697145146037232,0.371413719588046,1,1,1
"NQO1",0.697145146037232,0.444339825145711,1,1,1
"RASAL2",0.697145146037232,0.470486686149568,1,1,1
"SLC39A6",0.697145146037232,0.351101923273088,1,1,1
"SPAG9",0.697145146037232,0.528423559142665,1,1,1
"PRR3",0.698646466240564,0.714250099965514,0.429,0.438,1
"ZNF547",0.698646466240564,1.60074566861966,0.429,0.438,1
"ZNF182",0.700685914352765,0.336285567992894,0.357,0.5,1
"CENPP",0.701452548579511,0.467345491271865,0.643,0.812,1
"PRR12",0.701795755029262,2.28236405348358,0.643,0.812,1
"DCPH1",0.701795755029262,0.365435143486477,0.786,0.688,1
"TGFBI",0.702672262080174,0.4982800075911,0.429,0.5,1
"EBLN2",0.702735195869557,0.712278440375113,0.429,0.625,1
"ZNF627",0.703377984210509,0.398213971291593,0.786,0.812,1
"PUS7",0.703907392708874,0.298101056954938,0.786,0.938,1
"PRELID3A",0.704172413277365,0.618204400673127,0.786,0.938,1
"CYP1A1",0.704980842911877,1.58249822745912,0.071,0.188,1
"MBLAC1",0.704980842911877,3.246813400671,0.071,0.188,1
"APBA3",0.705485110901722,0.443049466053615,0.929,0.938,1
"GNL3L",0.705485110901722,0.287956883817085,0.929,0.938,1
"HBP1",0.705485110901722,0.550898267755471,0.929,0.938,1
"ZNF280C",0.714717109969267,1.73713105103033,0.571,0.75,1
"CENPS",0.714717109969267,0.418410107324662,0.714,0.625,1
"OAS3",0.718722180017662,0.658124714845633,0.714,0.875,1
"TLNRD1",0.718722180017662,0.292593699822465,0.714,0.875,1
"MAML1",0.718907213060137,0.712980705090544,0.357,0.312,1
"TMEM131",0.719212722500119,0.676967531697653,0.857,1,1
"ZNF778",0.719861548413959,1.25528651266329,0.714,1,1
"FBLN7",0.719861548413959,0.671559916063432,0.857,0.875,1
"TMEM140",0.72007375741094,0.541313558095269,0.571,0.688,1
"MTM1",0.723488410593465,0.279510417525688,0.714,0.688,1
"ST6GALNAC4",0.723488410593465,0.741830411519714,0.714,0.688,1
"SLC16A14",0.725028596812705,0.772526908281397,0.357,0.375,1
"PGAP2",0.725696346873003,0.301538723251556,0.857,0.688,1
"TRIM5",0.725696346873003,1.57586016972723,0.786,0.75,1
"FBXO6",0.726973217897415,0.381311772415511,0.786,0.875,1
"LANCL2",0.726973217897415,0.378761124711453,0.857,0.812,1
"PNPLA6",0.726973217897415,0.650118530068037,0.857,0.812,1
"GCLC",0.727565120088735,0.331402279889343,0.929,0.875,1
"HSD11B1L",0.727565120088735,1.15143214239487,0.929,0.875,1
"SCMH1",0.727565120088735,0.507021657067375,0.929,0.875,1
"PTPN23",0.727592997446925,0.274279879628677,0.857,0.938,1
"INKA2",0.727720721682502,0.773236078128528,0.929,1,1
"TTC38",0.727720721682502,0.739574427334309,0.929,1,1
"CLCN3",0.727720721682502,0.535105650449377,1,0.938,1
"MKLN1",0.727720721682502,0.325703315364115,1,0.938,1
"RAD50",0.727720721682502,0.324769050948998,1,0.938,1
"SLC35E2B",0.727720721682502,0.262820880929484,1,0.938,1
"THG1L",0.727720721682502,0.494678831458287,1,0.938,1
"WDR3",0.727720721682502,0.346857624968423,1,0.938,1
"C4orf36",0.727720721682502,0.386669102879174,1,1,1
"CDK10",0.727720721682502,0.364020039964724,1,1,1
"CYBC1",0.727720721682502,0.295703537166036,1,1,1
"DNAL1",0.727720721682502,0.786309331593442,1,1,1
"DNTTIP2",0.727720721682502,0.315628744205214,1,1,1
"FKBP10",0.727720721682502,0.339686674612326,1,1,1
"GFOD2",0.727720721682502,0.366556852086303,1,1,1
"GYG1",0.727720721682502,0.365209538094492,1,1,1
"HEMK1",0.727720721682502,0.530869316478079,1,1,1
"HYPK",0.727720721682502,0.307811286273806,1,1,1
"MBD4",0.727720721682502,0.2807727552525,1,1,1
"NPLOC4",0.727720721682502,0.416837144948965,1,1,1
"PHC3",0.727720721682502,0.436769554345128,1,1,1
"PPP3R1",0.727720721682502,0.283747570215851,1,1,1
"PPP6R3",0.727720721682502,0.382568458624711,1,1,1
"RDH11",0.727720721682502,0.294585643889736,1,1,1
"SAMD4B",0.727720721682502,0.82687818153899,1,1,1
"SELENON",0.727720721682502,0.944506044322419,1,1,1
"THUMPD1",0.727720721682502,0.291499130030519,1,1,1
"TSR1",0.727720721682502,0.537007809716908,1,1,1
"TWF1",0.727720721682502,0.349563627562444,1,1,1
"ACCS",0.732213776152859,2.05582818090827,0.429,0.438,1
"DOCK11",0.732213776152859,1.99812377193601,0.429,0.438,1
"ZNF518B",0.73267428205402,0.800790202993364,0.786,0.688,1
"NAGA",0.734223421484992,0.293331066307939,0.786,0.812,1
"SYCP3",0.734223421484992,1.34872945260596,0.786,0.812,1
"CDC42BPG",0.73445382571872,0.564480219761678,0.357,0.5,1
"LRP6",0.734845291492541,0.261596704638084,0.929,0.812,1
"MASTL",0.736228720864886,0.26989866104633,0.929,0.938,1
"CPM",0.736521838839782,1.16897030195467,0.929,0.938,1
"LTBP1",0.736521838839782,0.49095878130026,0.929,0.938,1
"KLHL29",0.739465822644233,1.06506216824366,0.286,0.25,1
"LYPD1",0.743295019157088,0.356601299212514,0.214,0.125,1
"GDAP1",0.744640930308839,0.288296017745735,0.571,0.625,1
"MGAT5",0.747298218795659,1.43506771601771,0.571,0.562,1
"PLEK2",0.748045227472263,0.474596962014079,0.714,0.75,1
"TNNT2",0.74950556369562,0.614477119988673,0.714,0.875,1
"FBXO31",0.749694241286649,1.35092862646488,0.714,0.875,1
"CD99L2",0.749694241286649,0.603803652755285,0.857,0.75,1
"CEP120",0.749694241286649,0.338099894829045,0.857,0.75,1
"PIK3R4",0.749694241286649,0.33754564660885,0.857,0.75,1
"USP12",0.749800001959804,1.17450391124207,0.857,1,1
"ANKAR",0.751801010399513,0.288891256824186,0.643,0.625,1
"ZMAT1",0.752831097351221,2.19509232384109,0.5,0.75,1
"TGFB2",0.752831097351221,0.345075249679906,0.571,0.688,1
"ABHD15",0.754895452170715,0.9517250538715,0.571,0.812,1
"SESN2",0.754895452170715,0.680630774365821,0.714,0.688,1
"UTRN",0.755519825226706,0.410459334115499,0.571,0.812,1
"WLS",0.755519825226706,0.28616463752581,0.643,0.75,1
"CD36",0.75754840845831,1.12182394885102,0.5,0.688,1
"LRRTM2",0.75754840845831,0.377685025945509,0.5,0.688,1
"WNT2B",0.75804355820026,0.894869639866453,0.929,0.75,1
"FASTKD5",0.75804355820026,0.327240726877671,0.786,0.875,1
"POLE2",0.75804355820026,0.703565726835931,0.786,0.875,1
"SH3D19",0.75804355820026,0.712533210922401,0.786,0.875,1
"LRP5",0.75804355820026,0.582236141116596,0.857,0.812,1
"PDE7A",0.75804355820026,0.350678179171449,0.857,0.812,1
"URGCP",0.75804355820026,0.429700306171553,0.857,0.812,1
"MFGE8",0.758580750904218,0.252364825493986,0.857,0.938,1
"THBS1",0.758609948551696,0.788830456402866,0.857,0.938,1
"GINS3",0.758724469894396,0.939304168642201,0.929,1,1
"JMJD6",0.758724469894396,0.311689505306585,0.929,1,1
"CHORDC1",0.758724469894396,0.881736859233446,1,0.938,1
"DGKD",0.758724469894396,0.990214487555087,1,0.938,1
"GLMP",0.758724469894396,0.258548798638717,1,0.938,1
"ZNF780A",0.758724469894396,0.324715994711778,1,0.938,1
"CD151",0.758724469894396,0.369058037441161,1,1,1
"CNDP2",0.758724469894396,0.388802451356029,1,1,1
"EIF2AK2",0.758724469894396,0.321236908218522,1,1,1
"EIF4B",0.758724469894396,0.572026992618876,1,1,1
"FAM241A",0.758724469894396,0.612708154132771,1,1,1
"LIAS",0.758724469894396,0.338197381264994,1,1,1
"NOP16",0.758724469894396,0.260198848051254,1,1,1
"RCAN1",0.758724469894396,0.640366988000256,1,1,1
"RSL1D1",0.758724469894396,0.431506313581855,1,1,1
"SDHC",0.758724469894396,0.339353598271421,1,1,1
"SENP5",0.758724469894396,0.314358388849016,1,1,1
"SNAPC1",0.758724469894396,0.596681533431937,1,1,1
"USP43",0.760711340236315,0.836109745236881,0.429,0.375,1
"ZNF438",0.760711340236315,0.316559992221268,0.429,0.375,1
"LRRC73",0.762911877394636,1.44276128310259,0.214,0.188,1
"TGIF2-RAB5IF",0.762911877394636,0.712599903000777,0.214,0.188,1
"WNT3",0.762911877394636,0.424149828988374,0.214,0.188,1
"CLPSL2",0.763729246487867,0.785961781992775,0.143,0.125,1
"HIC1",0.763729246487867,0.944361159895477,0.143,0.125,1
"P2RY11",0.764001253587173,1.06258732785314,0.643,0.812,1
"AGPAT5",0.765498846723869,0.25656802278405,0.786,0.812,1
"ST6GALNAC6",0.767386365296884,0.600008070093994,0.929,0.938,1
"TBCCD1",0.767386365296884,0.256475287586435,0.929,0.938,1
"GLYCTK",0.771570994688414,0.467035512966372,0.571,0.5,1
"BMP1",0.772914389038711,1.10656743811788,0.571,0.625,1
"LIN37",0.779689412259814,0.38789430018524,0.714,0.75,1
"VWA8",0.779978555613834,0.404250373493888,0.571,0.562,1
"ZNF134",0.781055017726775,0.521957652317774,0.857,0.75,1
"DNAAF1",0.782208304172647,0.328860999315253,0.857,0.875,1
"RTN4RL2",0.783339613303084,0.63253293066786,0.5,0.562,1
"PLSCR3",0.788469652342731,0.422013190823386,0.857,0.688,1
"TMEM131L",0.788469652342731,0.494342464023162,0.714,0.812,1
"METRNL",0.788469652342731,0.261002325193391,0.786,0.75,1
"ZNF718",0.789501320890982,0.54560550439819,0.714,0.938,1
"MFAP3",0.789501320890982,0.416085810605777,0.929,0.75,1
"EHBP1L1",0.789501320890982,0.504206017231755,0.857,0.812,1
"ZNF439",0.789980517137372,0.427900181711111,0.857,0.938,1
"GIGYF1",0.790107017354756,0.519289967600556,0.929,1,1
"ATG9A",0.790107017354756,0.287466906356443,1,0.938,1
"NAXD",0.790107017354756,0.276746701202693,1,0.938,1
"P3H4",0.790107017354756,0.499855711305774,1,0.938,1
"VAMP4",0.790107017354756,0.414367359119022,1,0.938,1
"ZNF432",0.790107017354756,0.493358963920032,1,0.938,1
"CAMK1D",0.790107017354756,0.283706311322517,1,1,1
"DNAJC21",0.790107017354756,0.257542161138823,1,1,1
"DPP9",0.790107017354756,0.263916951013455,1,1,1
"EFHC1",0.790107017354756,0.526568368077593,1,1,1
"IRAK1",0.790107017354756,0.381831829356641,1,1,1
"MTO1",0.790107017354756,0.367864907743622,1,1,1
"PPM1B",0.790107017354756,0.268808357324656,1,1,1
"RABGAP1",0.790107017354756,0.318324561194243,1,1,1
"RETREG3",0.790107017354756,0.343183603246736,1,1,1
"TARS1",0.790107017354756,0.943645520574441,1,1,1
"TP53INP1",0.790107017354756,0.333750091130122,1,1,1
"SART3",0.795686807439074,0.376754633734318,0.643,0.812,1
"LRP1",0.795686807439074,1.47873237001084,0.786,0.688,1
"LPCAT4",0.797140322167778,0.873942651849508,0.786,0.812,1
"SOCS7",0.798266363894076,0.668976327795721,0.429,0.375,1
"NR4A1",0.798908134512035,0.455320487618033,0.929,0.938,1
"NSUN4",0.798908134512035,0.594333187964561,0.929,0.938,1
"TARS3",0.798908134512035,0.319870179084057,0.929,0.938,1
"FRAT2",0.80808832597805,0.775096667764239,0.5,0.5,1
"URB2",0.809640339788826,0.384691681293788,0.571,0.625,1
"PCDHGB6",0.809648550337834,1.62082686436821,0.571,0.75,1
"MOSPD2",0.809931216022536,0.680148489689344,0.714,0.625,1
"TET1",0.810554722638681,0.266772714267778,0.286,0.375,1
"ZNF573",0.811713977892375,1.39569977762643,0.714,0.75,1
"ZNF616",0.812688736471118,0.453378369416113,0.714,0.875,1
"SLC43A2",0.812769906756288,0.698014594352524,0.714,0.75,1
"NEDD1",0.812777677208867,0.478581169938947,0.857,0.75,1
"CERS4",0.812900725419884,1.06982590998391,0.857,1,1
"RPF1",0.812900725419884,0.450590076743024,0.857,1,1
"ARL15",0.812985361464435,1.16582781542402,0.571,0.562,1
"ACAP1",0.813925586226495,0.723891365509842,0.857,0.875,1
"FBXO48",0.813925586226495,0.311369134600707,0.857,0.875,1
"MAP3K14",0.813925586226495,0.291912448034872,0.857,0.875,1
"ZNF487",0.814220643376282,0.683352812122128,0.857,0.875,1
"B4GALNT4",0.816454586604187,0.26974342433787,0.643,0.625,1
"PANK1",0.816454586604187,0.957340865096115,0.643,0.625,1
"ZBTB14",0.819709443523852,0.465569505146038,0.357,0.438,1
"RAI1",0.821292222825636,0.729873432576612,0.929,0.75,1
"ASL",0.821712157337224,0.253516446910119,0.857,0.938,1
"KLHL12",0.821712157337224,0.267859007815803,0.857,0.938,1
"VCPIP1",0.821712157337224,0.250837107902536,0.857,0.938,1
"EFR3B",0.821743706749996,0.758767591057395,0.929,0.875,1
"NPHP3",0.821825193354475,0.393801373283244,0.929,1,1
"RRP12",0.821825193354475,0.256803932094992,0.929,1,1
"SUCO",0.821825193354475,0.280215441708171,0.929,1,1
"BLTP3A",0.821825193354475,0.664427568105476,1,0.938,1
"CCN1",0.821825193354475,0.259927063485765,1,0.938,1
"LIMCH1",0.821825193354475,0.346716916679095,1,0.938,1
"WDPCP",0.821825193354475,0.310367293527758,1,0.938,1
"WDR31",0.821825193354475,0.557976176647124,1,0.938,1
"INTS6",0.821825193354475,0.421241720866535,1,1,1
"MORC4",0.821825193354475,0.559886915694949,1,1,1
"NUP133",0.821825193354475,0.439605935290637,1,1,1
"P2RX4",0.821825193354475,0.802911467699409,1,1,1
"PLIN2",0.821825193354475,0.426432705498328,1,1,1
"PPP2R5E",0.821825193354475,0.373640336899915,1,1,1
"SIN3A",0.821825193354475,0.29712213671228,1,1,1
"SLC35E1",0.821825193354475,0.35365865551073,1,1,1
"ZNF814",0.821825193354475,0.359693163185677,1,1,1
"CD160",0.823825706685701,2.91326089489914,0.5,0.562,1
"CCDC22",0.823930243340662,0.311590708882134,0.643,0.562,1
"ERMAP",0.825737059230963,0.82858066082847,0.643,0.688,1
"SKAP1",0.825737059230963,0.47197298317026,0.643,0.688,1
"ZNF219",0.829116779759415,1.07647894363188,0.643,0.938,1
"MSL2",0.829116779759415,0.54345937637794,0.786,0.812,1
"OSBPL6",0.82919808757472,0.644069864823444,0.786,0.938,1
"NME3",0.82919808757472,0.306837076846925,0.929,0.812,1
"NRP2",0.82964042574516,0.639992185517849,0.786,0.812,1
"EHD2",0.830749661289067,0.479563372083429,0.929,0.938,1
"ARVCF",0.835256056182435,0.337202034859759,0.429,0.438,1
"MTERF2",0.835720192879137,1.12009918263518,0.429,0.625,1
"NKRF",0.838499113016591,1.91852404437769,0.357,0.5,1
"IL18BP",0.84058415236826,0.36223230906356,0.286,0.375,1
"SLC43A1",0.84058415236826,0.67823604634738,0.286,0.375,1
"PGCKA1",0.842228215097817,0.340332330276291,0.571,0.75,1
"PIK3IP1",0.842331857806907,1.88688459715155,0.571,0.75,1
"TRIM23",0.844029007168243,0.615442580886276,0.714,0.75,1
"PCMTD2",0.844631664216052,0.343566375957278,1,0.875,1
"ACTMAP",0.844793427159829,0.362977581793941,0.857,0.75,1
"NDUFC2-KCTD14",0.84479467868405,0.513635801456828,1,0.875,1
"AMN",0.848020434227331,1.19516200734909,0.143,0.188,1
"ALG10",0.848141749558657,0.666564941705178,0.429,0.688,1
"POMGNT2",0.851300376643464,0.498542113189667,0.643,0.75,1
"S100A2",0.851988164844306,1.12124901096835,0.643,0.75,1
"MTF1",0.852609828556654,0.380749046158664,0.857,0.688,1
"NAPRT",0.853826337605191,0.650751490249145,0.929,1,1
"ZNF620",0.853826337605191,0.341399431387068,0.929,1,1
"EXT1",0.853826337605191,0.512799188607698,1,0.938,1
"MGAT4B",0.853826337605191,0.544400120340343,1,0.938,1
"SLC5A6",0.853826337605191,0.697540821565646,1,0.938,1
"ANKRD17",0.853826337605191,0.294552441058981,1,1,1
"ARFGEF2",0.853826337605191,0.813840838150051,1,1,1
"CEP250",0.853826337605191,0.282567834447301,1,1,1
"FBXO45",0.853826337605191,0.454747812885412,1,1,1
"LCOR",0.853826337605191,0.553210995775022,1,1,1
"PABPN1",0.853826337605191,0.267917490692626,1,1,1
"PFDN2",0.853826337605191,0.328939689108624,1,1,1
"PNKD",0.853826337605191,0.263711692918781,1,1,1
"SERF2",0.853826337605191,0.307277426758636,1,1,1
"SNTB2",0.853826337605191,0.668085982178448,1,1,1
"TACC1",0.853826337605191,0.260152800194416,1,1,1
"TPCN1",0.853826337605191,1.26936098050174,1,1,1
"ZNF416",0.855194624909767,0.613796121054841,0.357,0.312,1
"ZNF79",0.855194624909767,0.487782318563915,0.357,0.312,1
"STX16-NPEPL1",0.855887611749681,1.15244184269823,0.214,0.25,1
"ZNF195",0.861171987105862,0.500722781926923,0.929,0.812,1
"NICN1",0.861263252102879,0.661662786048646,0.786,0.938,1
"ANAPC4",0.861359179371443,0.27457754965612,0.786,0.812,1
"C19orf47",0.862857996526333,0.431456903067126,0.929,0.938,1
"MVD",0.862857996526333,0.493317367491475,0.929,0.938,1
"ARL10",0.863021010994331,1.56340361774954,0.929,0.938,1
"ABCC11",0.865900383141762,3.14202358454617,0.214,0.188,1
"C1QTNF9B",0.865900383141762,1.1142219036412,0.214,0.188,1
"ZFHX2",0.865900383141762,0.799193758297081,0.214,0.188,1
"APOC1",0.870382586484535,1.46872796422477,0.286,0.375,1
"ARID5A",0.872865789327558,1.34541064740017,0.286,0.25,1
"CHKB-CPT1B",0.874741108977675,0.879940153351457,0.429,0.438,1
"ZNF518A",0.876942595093922,0.781969431630688,1,0.875,1
"AKAP10",0.878195150790618,1.10080302628004,0.857,0.875,1
"REXO4",0.878195150790618,0.532368058705781,0.857,0.875,1
"HIC2",0.880001980433932,0.559704096484633,0.571,0.562,1
"BMP8B",0.882362905234689,0.910841819284965,0.714,0.562,1
"MMP24",0.882362905234689,0.508251936714676,0.643,0.625,1
"ZBTB22",0.883780332056194,1.06305765471012,0.214,0.25,1
"ARNT2",0.884710668401609,0.439983327248212,0.643,0.75,1
"AQP3",0.884710668401609,0.338236725559293,0.714,0.688,1
"PEX3",0.885435974823046,0.281113654715752,0.714,0.812,1
"EPB41L4B",0.88569125825804,0.287487619744269,0.929,0.75,1
"ELOVL6",0.885837507802686,0.267765618866739,0.857,0.812,1
"INTS2",0.88598443124499,0.420552251180051,0.929,0.875,1
"LRRC45",0.88598443124499,0.369977992996994,0.929,0.875,1
"MED31",0.88598443124499,0.336137120983583,0.929,0.875,1
"FAM47E",0.886064487536074,0.729984980397054,0.929,1,1
"PIGA",0.886064487536074,0.933522141936188,0.929,1,1
"RAP2C",0.886064487536074,0.652715075870617,1,0.938,1
"BNIP3",0.886064487536074,0.995230556516751,1,1,1
"EPS8L2",0.886064487536074,0.291621327073247,1,1,1
"HELB",0.886064487536074,1.27276063560365,1,1,1
"MAU2",0.886064487536074,0.269523764461636,1,1,1
"NAA25",0.886064487536074,0.576538130326758,1,1,1
"PEAK1",0.886064487536074,0.366490143577189,1,1,1
"PICALM",0.886064487536074,0.381194102485677,1,1,1
"PMPCB",0.886064487536074,0.27325302497302,1,1,1
"PPFIA1",0.886064487536074,0.374886018853534,1,1,1
"RABL6",0.886064487536074,0.333472499296664,1,1,1
"SVIL",0.886064487536074,0.448489112442038,1,1,1
"UQCC2",0.886064487536074,0.300482764868224,1,1,1
"ZNF688",0.886064487536074,0.325595086340356,1,1,1
"ZNF888",0.886064487536074,0.756293858222211,1,1,1
"PTK2B",0.887847070616738,2.43259685292471,0.357,0.438,1
"PDXP",0.889915867659565,0.749220046282386,0.5,0.688,1
"ADM2",0.892756112483834,2.17403615722591,0.643,0.812,1
"YIPF1",0.892756112483834,0.369515943734152,0.643,0.812,1
"EXO5",0.893559632292557,0.302148628178156,0.786,0.938,1
"HEATR6",0.893834596289746,0.518471812121796,0.786,0.812,1
"AMPD2",0.894265258151798,0.313019094746276,0.786,0.812,1
"NBAS",0.895186379978226,0.378797455722347,0.929,0.938,1
"ARL14EP",0.895314104213803,0.610121770667536,0.929,0.938,1
"LSMEM2",0.896551724137931,0.41731927708798,0.143,0.062,1
"PBX2",0.896551724137931,0.339539980661555,0.143,0.062,1
"ZNF513",0.897178077627853,0.263251848962804,0.286,0.375,1
"RHOBTB1",0.898402247104862,0.776281580747345,0.429,0.5,1
"AATK",0.906263070735014,0.978852160026596,0.429,0.5,1
"SLC22A4",0.906603306533868,1.23100060336207,0.429,0.438,1
"AMZ1",0.913885925974061,1.77696284407307,0.5,0.625,1
"CCNE1",0.913885925974061,0.295591251417993,0.571,0.562,1
"DYRK4",0.913885925974061,0.556963148226689,0.571,0.562,1
"KIF24",0.915661384993778,0.545712804270786,0.571,0.688,1
"CPT1B",0.916862724468519,0.771365476478909,0.571,0.688,1
"AMACR",0.916899321237214,0.336338094400846,0.714,0.688,1
"ZNF703",0.916899321237214,0.320608681607642,0.714,0.688,1
"GLIPR1",0.917612896338209,0.470916775863146,0.571,0.812,1
"SLC4A5",0.917612896338209,1.00677461457976,0.714,0.688,1
"MBNL2",0.917714971203769,0.27640226875454,0.786,0.75,1
"ARHGEF2",0.918197000570922,0.578724562373844,0.857,0.812,1
"F12",0.918424172846497,0.34412122449833,0.857,0.938,1
"ERCC8",0.918424172846497,0.599229707233023,0.929,0.875,1
"ATG5",0.918484521069359,0.758250491715973,0.929,1,1
"FAM168A",0.918484521069359,0.26400513198561,0.929,1,1
"PABPC4",0.918484521069359,0.308551642193871,0.929,1,1
"PTPN12",0.918484521069359,0.637066329100411,0.929,1,1
"KMT2C",0.918484521069359,0.521414713518123,1,0.938,1
"LNPEP",0.918484521069359,0.297830878821814,1,0.938,1
"CNKSR3",0.918484521069359,0.348796414656772,1,1,1
"DAPK2",0.918484521069359,1.06217522042668,1,1,1
"ECE1",0.918484521069359,0.260952287932776,1,1,1
"REV3L",0.918484521069359,0.257980309564282,1,1,1
"RNF114",0.918484521069359,0.255555308735756,1,1,1
"SLC38A2",0.918484521069359,0.631761679535662,1,1,1
"TAGLN2",0.918484521069359,0.269524734693833,1,1,1
"JMJD7-PLA2G4B",0.924842511664704,0.403493464640827,0.643,0.688,1
"TMEM186",0.926026247282276,0.335220948130037,0.786,0.938,1
"SLC17A9",0.92628954872409,0.256527393814944,0.643,0.688,1
"CSGALNACT2",0.926472381284418,0.27532195579851,0.786,0.812,1
"ZBTB7A",0.927679194458498,0.357021598285767,0.929,0.938,1
"HSPA12A",0.93511910711311,2.03402814524931,0.286,0.312,1
"CRLF1",0.937420178799489,1.06470282133171,0.143,0.188,1
"ADPRM",0.939580612170695,0.556838252972507,0.429,0.625,1
"B3GNT4",0.939580612170695,2.30641300979646,0.571,0.5,1
"RNF207",0.941733646420684,0.508342206624147,0.857,1,1
"PIK3CA",0.941733646420684,0.783559721897094,1,0.875,1
"TBC1D10A",0.941733646420684,0.254548070547295,1,0.875,1
"COQ5",0.941788933534609,0.551900473657303,0.857,1,1
"ERRFI1",0.941788933534609,1.44638605979319,0.857,1,1
"ZNF154",0.941788933534609,1.66130428587349,1,0.875,1
"ZNF670",0.94311277109983,2.71935647908048,0.357,0.5,1
"CDC6",0.943242723323581,0.604152955091337,0.857,0.875,1
"RLIG1",0.943242723323581,0.416642931804275,0.857,0.875,1
"VPS50",0.943242723323581,0.323138904118299,0.857,0.875,1
"PASK",0.943393470103614,0.787952551319752,1,0.75,1
"ARL4D",0.946255527207157,0.544860790192779,0.5,0.5,1
"GNPDA2",0.949089211844026,0.63146406486914,0.571,0.688,1
"CYSRT1",0.949709018899563,0.324462476259761,0.5,0.625,1
"LRFN4",0.949941912428719,1.37772460698966,0.714,0.688,1
"PIR",0.950286012824341,0.643432991997761,0.571,0.688,1
"PRKACA",0.950982671718836,0.810210301417436,0.714,0.938,1
"ATAD5",0.950993344057246,0.707649246111183,0.929,0.875,1
"PITPNC1",0.950993344057246,0.267754480117584,0.929,0.875,1
"SETD6",0.950993344057246,0.573783859067833,0.929,0.875,1
"TTC28",0.951038550212338,0.481571810261696,0.929,1,1
"USP14",0.951038550212338,0.277665229393456,0.929,1,1
"DNTTIP1",0.951038550212338,0.403865751741601,1,0.938,1
"FEM1B",0.951038550212338,0.484684285406558,1,0.938,1
"NCSTN",0.951038550212338,0.461264819250623,1,0.938,1
"REPIN1",0.951038550212338,0.349877748166856,1,0.938,1
"RILPL1",0.951038550212338,0.319070339176857,1,0.938,1
"SECISBP2L",0.951038550212338,0.411609861566011,1,0.938,1
"SLC12A6",0.951038550212338,0.891755669200193,1,0.938,1
"ARB2A",0.951038550212338,0.541997661545308,1,1,1
"BTBD7",0.951038550212338,0.618756137109959,1,1,1
"DNAJC10",0.951038550212338,0.631863201651959,1,1,1
"HECTD4",0.951038550212338,0.270797929845256,1,1,1
"MECP2",0.951038550212338,0.280692448246861,1,1,1
"NOLC1",0.951038550212338,0.500971466995727,1,1,1
"POLR3A",0.951038550212338,0.27020582973975,1,1,1
"RALGAPA1",0.951038550212338,0.316870979951037,1,1,1
"RTTN",0.951038550212338,0.471179992279219,1,1,1
"TAF1",0.951038550212338,0.279261421411989,1,1,1
"FAM53A",0.951203696397415,2.27910766180206,0.357,0.438,1
"STS",0.954464989727359,0.679334723996385,0.286,0.375,1
"LHX4",0.955382893348647,1.14183233556687,0.357,0.438,1
"TUBB1",0.95816091954023,0.91997676573532,0.214,0.25,1
"PRPF40B",0.958231307462884,0.657961783399224,0.643,0.688,1
"ASCC2",0.960288166890067,0.273307176891351,0.929,0.938,1
"MRM1",0.967458492975734,1.98951281779377,0.214,0.25,1
"POPDC2",0.967458492975734,0.741377867256196,0.214,0.25,1
"PRRG2",0.967862735299017,0.628215795979641,0.286,0.312,1
"METAP1D",0.970114942528736,0.270047546068629,0.357,0.375,1
"ZBTB42",0.970555836632767,0.287583968357501,0.429,0.5,1
"CPQ",0.974110880576224,0.337774379304631,0.571,0.75,1
"CGAS",0.974383492808119,0.27485905331173,0.857,1,1
"MTMR10",0.974902875359706,0.615409254541268,0.857,0.75,1
"CAMK1",0.975106846301651,0.259404088773042,0.714,0.875,1
"MCEE",0.975106846301651,0.411355377704,0.714,0.875,1
"ZNF282",0.97534595619287,2.35737325168099,0.714,0.75,1
"NSF",0.982625508711073,0.272030307453652,0.643,0.625,1
"FRRS1",0.983056129314084,0.70218067105486,0.714,0.688,1
"NDOR1",0.983363357880743,0.430595582298453,0.786,0.75,1
"CLMB",0.983552846899564,0.349360371205103,0.786,0.875,1
"ZNF2",0.983552846899564,0.33930822587298,0.786,0.875,1
"AP4B1",0.983644964583412,0.363042561606788,0.857,0.938,1
"ANKRD9",0.983669995067825,0.264887948544926,0.929,1,1
"PELP1",0.983669995067825,0.353809375375161,0.929,1,1
"PYGL",0.983669995067825,0.530878977682288,0.929,1,1
"ATP6V1C1",0.983669995067825,0.302389385670135,1,1,1
"BLOC1S6",0.983669995067825,0.289746718569767,1,1,1
"NAPA",0.983669995067825,0.26714856909304,1,1,1
"PAG1",0.983669995067825,1.23350543213874,1,1,1
"PANK3",0.983669995067825,0.599183165425603,1,1,1
"SERINC1",0.983669995067825,0.329616870268699,1,1,1
"TBC1D10B",0.983669995067825,0.36579270695947,1,1,1
"SLC38A10",0.983669995067826,0.40902979937385,1,0.938,1
"VAT1",0.983669995067826,0.3576887425646,1,0.938,1
"ARSD",0.983669995067826,0.279254445494519,1,1,1
"DHX32",0.983669995067826,0.52443907596924,1,1,1
"IRGQ",0.983669995067826,0.835898813184823,1,1,1
"SFT2D2",0.983669995067826,0.283021533589886,1,1,1
"TMEM14A",0.983669995067826,0.375282359451447,1,1,1
"TYRO3",0.983669995067826,0.844180269914148,1,1,1
"ZNF609",0.983669995067826,0.611527445668597,1,1,1
"ZC3H4",0.98367931961092,0.646664989636794,0.786,1,1
"PAXIP1",0.983704020023012,0.826048720490573,0.714,0.938,1
"EME2",0.983704020023012,0.568847118963345,0.929,0.75,1
"MARCHF9",0.983704020023012,0.390233072865902,0.786,0.875,1
"ZBTB24",0.983704020023012,0.374135409344978,0.857,0.812,1
"ZNF142",0.983704020023012,0.362333090179407,0.857,0.812,1
"LIFR",0.983739392773514,0.378333326463718,0.714,0.812,1
"ASB16",0.983782866048916,0.355337867391192,0.643,0.75,1
"CCDC126",0.983843640615193,0.564488266629157,0.571,0.688,1
"ZNF461",0.991351561921138,1.00040875768945,0.786,0.938,1
"TMEM150C",0.992055166087407,0.956276219590497,0.786,0.812,1
"ZSCAN5A",0.992055166087407,0.436516849230491,0.786,0.812,1
"RIN1",0.992318715083463,0.279126072355577,0.929,0.688,1
"ABITRAM",0.992956497327532,0.474534390451661,0.929,0.938,1
"LRRC51",0.992956497327532,0.39314038682835,0.929,0.938,1
"CTDNEP1",0.99297489885948,0.363032360461756,0.929,0.938,1
"HTATIP2",1,0.294381155292426,0.714,0.875,1
"NR6A1",1,0.519054753450702,0.857,1,1
"CBLL1",1,1.10310783013332,1,0.875,1
"CNOT3",1,0.292751443685274,0.714,0.812,1
"ARAP2",1,1.02470340026832,0.786,0.875,1
"C1orf159",1,0.465735331263102,0.857,0.938,1
"AGER",1,0.98713420842488,0.071,0.125,1
"NFKBIL1",1,0.461598540138691,0.143,0.188,1
"RASGRP1",1,1.00386124472806,0.143,0.188,1
"TLCD4-RWDD3",1,0.702533742745103,0.143,0.188,1
"FARS2",1,0.27138948850209,0.786,0.75,1
"NOD2",1,0.60288591440732,0.214,0.25,1
"TAF15",1,0.758339209214746,0.214,0.188,1
"ABR",1,0.768884080458414,0.357,0.375,1
"RTN4IP1",1,0.334265356852685,0.643,0.625,1
"CCDC78",1,0.917717169972352,0.143,0.125,1
"CFAP126",1,0.339374170067023,0.143,0.125,1
"GJD3",1,0.278129621160704,0.143,0.125,1
"PAM16",1,0.79142868598414,0.143,0.125,1
"RASGRP2",1,0.459019925897641,0.143,0.125,1
"DIMT1",1,0.354620280394876,1,1,1
"GTF3C3",1,0.423218175845997,1,1,1
"MBTPS1",1,0.345318378372803,1,1,1
"PEX26",1,0.251574651621677,1,1,1
"PRKDC",1,0.321115625049463,1,1,1
