"gene","logFC_hyp","logFC_circ","score"
"VEGFA",5.3812542100693,0.618094078819245,5.99934828888854
"CLYBL",5.50155973380698,0.432682806132414,5.9342425399394
"ZBTB26",4.81178528251673,1.10047995847299,5.91226524098972
"ZNF691",5.58457681095434,0.277274396053375,5.86185120700771
"PDGFB",4.74011062601889,1.01689070705519,5.75700133307408
"SLC26A1",-4.78257127828892,-0.917263201138518,5.69983447942744
"PIERCE2",5.610861616967,0.0706988850032415,5.68156050197024
"DIPK1B",5.50188478940061,0.084205591496068,5.58609038089668
"CISH",5.01880426373677,0.322481036612921,5.34128530034969
"HPX",4.47456357471139,0.756181976312495,5.23074555102389
"PDZRN3",4.00896105044221,0.91888689556245,4.92784794600466
"TUBB1",0.91997676573532,3.9481865340039,4.86816329973922
"JAM3",2.88706358066525,1.96572322460187,4.85278680526712
"PTPN13",4.76855587301512,0.0792271779782983,4.84778305099342
"TAGLN",-4.47767997154266,-0.343201316630392,4.82088128817305
"ZNF771",4.7482551096207,0.0437577488494192,4.79201285847012
"INHA",4.19114080111541,0.548600640175799,4.73974144129121
"PARP11",4.33038287751627,0.35188087171958,4.68226374923585
"LDLRAD4",4.29146882163072,0.368161348614741,4.65963017024546
"IRX5",4.30593845096066,0.327824102966254,4.63376255392691
"H3C10",3.44015397724568,1.0996796473039,4.53983362454959
"RAB3A",-4.25826677288358,-0.148790166206892,4.40705693909047
"TMEM139",4.25599184641413,0.0964474328366332,4.35243927925076
"SPTSSB",3.93814240914212,0.354794828005744,4.29293723714786
"MUC5B",3.39448261914382,0.89232800808557,4.28681062722939
"EEPD1",4.25403660297912,0.0170564620123013,4.27109306499142
"TVP23C-CDRT4",4.04387803862654,0.199779518242809,4.24365755686935
"TMPRSS2",3.51166306720808,0.650163111698969,4.16182617890705
"SLC67A1-AS",-3.91433514871398,-0.200135579575169,4.11447072828915
"TSEN34",-3.9820896596629,-0.0876269564465559,4.06971661610946
"BATF",3.70645934232222,0.27776371966359,3.98422306198581
"RBP1",3.81373881440642,0.159690447324019,3.97342926173044
"PPP1R11",3.85104729179974,0.107975503187386,3.95902279498712
"PARD6G",-3.40497453163284,-0.546108629380896,3.95108316101373
"MRPL45",3.75179758845027,0.198703009462801,3.95050059791307
"COL4A5",3.66128730599053,0.258986124755327,3.92027343074586
"ANXA9",3.41865317134118,0.485617690608216,3.90427086194939
"EFCAB7",3.73321755158752,0.142743492003218,3.87596104359074
"FOXO1",3.53350726369021,0.326918073502798,3.86042533719301
"STC2",3.19455332442952,0.647801469325974,3.8423547937555
"KDM6B",-3.73029334967183,-0.0388718226770979,3.76916517234893
"CMYA5",3.19177233722556,0.517006945494678,3.70877928272024
"CCNG2",3.02687566113041,0.630042829455166,3.65691849058558
"ARHGEF38",3.5432284368899,0.0888455372921073,3.63207397418201
"CTIF",-2.67604031243196,-0.884335811663244,3.56037612409521
"DAPP1",2.922434095135,0.626859355916792,3.54929345105179
"PANX2",3.00203600460187,0.546818975394896,3.54885497999676
"ZNF575",-3.19314347337974,-0.288744073061173,3.48188754644091
"RNASEK-C17orf49",-3.39247678208881,-0.0803532491278336,3.47283003121664
"ZBTB43",3.10747686725089,0.353022420386178,3.46049928763707
"FSCN3",-3.25266175657005,-0.202388694336674,3.45505045090673
"LRRC61",3.02790245184274,0.423276799002013,3.45117925084475
"ITGA2B",2.32790265020964,1.07949862643528,3.40740127664492
"EPHA6",2.94323282133072,0.444714634353594,3.38794745568431
"ZNF396",1.7516685694111,1.63216652807515,3.38383509748625
"SWT1",3.07161405818561,0.291949074150994,3.3635631323366
"TNFSF12-TNFSF13",-3.18917258428862,-0.154657231620085,3.34382981590871
"SARM1",-3.11123708252396,-0.219888605851454,3.33112568837542
"BRICD5",-3.1591572121559,-0.145067252439775,3.30422446459568
"UFSP1",-2.60041147916509,-0.690399010682988,3.29081048984807
"CIMIP5",2.67496334810984,0.60527387610842,3.28023722421826
"STARD5",-2.30049663093295,-0.965786752644497,3.26628338357745
"RAB27B",3.11499754121682,0.134851161455462,3.24984870267228
"CLCN5",2.53591146169101,0.700861481755264,3.23677294344628
"PAFAH2",-3.19763443191353,-0.00836121191706329,3.20599564383059
"RNF152",2.63232029998534,0.568707151740379,3.20102745172572
"PTGFRN",2.88347556441298,0.26701566089946,3.15049122531244
"HOMER2",2.45493332231057,0.688905420741352,3.14383874305193
"ZNF670",2.71935647908048,0.419852672272058,3.13920915135254
"BAG6",2.96417351906822,0.169934016936306,3.13410753600453
"SRRM5",-2.9152011244398,-0.197967714023657,3.11316883846346
"ACTR3B",2.72198987541464,0.381243929254822,3.10323380466946
"VDR",2.96857295929692,0.10406247335035,3.07263543264727
"LEKR1",-2.54529403136323,-0.507163305904577,3.05245733726781
"TLCD5",2.35857007283666,0.684031020391465,3.04260109322813
"PDE5A",2.28950867212794,0.739265510171838,3.02877418229977
"COL7A1",2.35412829249059,0.672957410502696,3.02708570299329
"OXTR",2.46826149124033,0.553099721944902,3.02136121318524
"KLF8",1.46644014198681,1.55451320987076,3.02095335185757
"MUC20",2.50563101070161,0.499765062122253,3.00539607282387
"TSPAN12",2.48409566908985,0.503458995826254,2.98755466491611
"CD24",2.93008959765106,0.0568312461140117,2.98692084376507
"LIPT2",-2.64418909784356,-0.325350287398022,2.96953938524158
"MMP19",-1.29113524163771,-1.67385082035018,2.96498606198789
"LAT",1.82435903317371,1.12498536795861,2.94934440113233
"CCNP",2.29183240922381,0.652206413515263,2.94403882273908
"PLD6",2.90047088012048,0.0426950530968933,2.94316593321738
"ZNF594",-2.70617616525014,-0.235075199655929,2.94125136490607
"C11orf52",2.83050589282924,0.108820806668424,2.93932669949767
"CCDC73",2.76664281425075,0.166606084463959,2.93324889871471
"TRIM59-IFT80",2.7087949208722,0.204079430681093,2.9128743515533
"MAPT",2.83710457044812,0.0634099614078656,2.90051453185599
"PPFIBP2",2.14320920038437,0.753487695539086,2.89669689592345
"CFAP157",-2.55219162651561,-0.306508724074035,2.85870035058964
"ZFYVE28",2.11434848073339,0.743345736179978,2.85769421691337
"KICS2",2.61099372232137,0.237448136768883,2.84844185909025
"DGKE",2.06523546822562,0.783078704975147,2.84831417320077
"KRABD2",2.66808080223807,0.177358176388095,2.84543897862616
"HAS3",2.74419018868595,0.0989893201231227,2.84317950880908
"SYCE2",2.40098046573965,0.427564423754618,2.82854488949427
"H2AC13",2.55664637568982,0.260740012138084,2.8173863878279
"FAN1",2.34363690246894,0.444306261156502,2.78794316362545
"HSPA1B",-1.93904202044524,-0.836230626140442,2.77527264658568
"CATSPERH",2.74796186374922,0.0151079032105663,2.76306976695979
"LHFPL4",-2.30569412997241,-0.455648832601627,2.76134296257404
"TRIM26",-2.49190012017674,-0.261335838269202,2.75323595844595
"CSGALNACT1",2.26888447498853,0.48350681643711,2.75239129142564
"KLHL15",2.18261630498163,0.56869527608304,2.75131158106467
"SLC60A2",-1.89803425007546,-0.847516753626421,2.74555100370188
"INSIG2",2.59151852413712,0.147152186618649,2.73867071075577
"OMG",1.83576996617174,0.902752306420241,2.73852227259198
"MAP4K3",2.24253195398113,0.491780716277259,2.73431267025839
"ABCC6",2.32611316809656,0.403480194830438,2.729593362927
"C9orf40",-2.11443674455682,-0.614125408350394,2.72856215290721
"SGK1",-2.06608869923057,-0.657986736023228,2.7240754352538
"NIPAL1",2.56536823723596,0.153282686691698,2.71865092392766
"NFIL3",1.85235065530435,0.864777135777778,2.71712779108213
"VAV3",2.49582001863777,0.220798074390467,2.71661809302824
"RFESD",-2.41885160626548,-0.296443777135254,2.71529538340073
"TEX9",1.99251341415508,0.715043300352345,2.70755671450742
"TPK1",-2.66276200868504,-0.0432466005582171,2.70600860924326
"AMZ1",1.77696284407307,0.927448484948312,2.70441132902139
"PFN4",-2.51043864520113,-0.193844905769262,2.70428355097039
"DOCK11",1.99812377193601,0.704276488031881,2.70240025996789
"ZGLP1",2.32466151575381,0.373263772535687,2.6979252882895
"GNAZ",2.3226417069468,0.374891707438739,2.69753341438553
"ABCC5",2.4600737180501,0.233963910721016,2.69403762877111
"MLLT3",2.51197255864134,0.170396003098879,2.68236856174021
"GP1BB",1.36122748423761,1.30805792438382,2.66928540862143
"FMO4",2.49787772971368,0.135548834074761,2.63342656378844
"ARMC2",2.3291772039764,0.295363930483592,2.62454113445999
"SIPA1L2",1.77498701481879,0.847503750852055,2.62249076567085
"HOXB5",2.14671748426004,0.462313857293486,2.60903134155352
"SOX4",2.23479279795977,0.372532210862023,2.60732500882179
"MAP2K7",2.06728767216006,0.535491750261521,2.60277942242158
"TMPPE",-2.58510135892819,-0.0143499718263764,2.59945133075456
"MNT",2.3090323998334,0.284033484038065,2.59306588387146
"OXNAD1",1.97394813270156,0.601819206291208,2.57576733899277
"ERICH6B",2.125729030233,0.436817227689186,2.56254625792218
"STIMATE",-2.51527910318881,-0.0454290643534496,2.56070816754226
"P4HA1",2.15154288047335,0.407573250064431,2.55911613053778
"NEBL",2.49746818473532,0.060768613895644,2.55823679863096
"PIK3R3",1.90053477211818,0.653143771142284,2.55367854326046
"MTMR1",2.21767156669656,0.328802750151305,2.54647431684786
"TMEM45B",1.92051722092652,0.619207878415821,2.53972509934234
"TSGA10",2.50722575113355,0.0290975393553164,2.53632329048886
"SLCO3A1",2.51004888102665,0.026129517526019,2.53617839855267
"RGS5",1.4706210434131,1.05835542337615,2.52897646678925
"ZNF296",2.13159460664526,0.394718582447562,2.52631318909282
"CREBRF",1.84773591527448,0.668490116824297,2.51622603209878
"HDAC4",-2.33102214162147,-0.176294197624807,2.50731633924628
"ALOXE3",-1.44010710494133,-1.05150060274995,2.49160770769128
"RPH3AL",-2.28070735996906,-0.192173352403416,2.47288071237247
"ZNF282",2.35737325168099,0.110728216318781,2.46810146799977
"SERPINB5",0.971502333601327,1.49566420399252,2.46716653759385
"UBAP1L",-2.160413667388,-0.28903353391756,2.44944720130556
"LYZ",1.76692782636361,0.680184686336243,2.44711251269985
"HSPA1A",-1.64386122562337,-0.797403049399608,2.44126427502298
"CASKIN1",-2.340125032702,-0.101040503509598,2.44116553621159
"MEX3A",1.83946294031428,0.567265993548987,2.40672893386327
"SEMA3E",2.08875890395533,0.314033019267294,2.40279192322263
"ALKBH8",-1.32810367089962,-1.07409086595316,2.40219453685278
"DYRK1A",2.25945896419546,0.138332603667806,2.39779156786327
"SOCS3",-1.15679302732596,-1.22680019917662,2.38359322650258
"B3GNT4",2.30641300979646,0.0758730076511398,2.3822860174476
"ADAMTSL4",2.20424447598815,0.174526309993032,2.37877078598119
"TMEM91",1.30234634360796,1.07134849505966,2.37369483866762
"ANK3",2.19887368440421,0.165449719296993,2.36432340370121
"RASSF5",-2.33037135892962,-0.030449211079316,2.36082057000894
"EXD3",2.24576595683834,0.109242614912546,2.35500857175089
"ZXDA",-1.24930730820328,-1.0996903258862,2.34899763408948
"C16orf95",-1.56824639065582,-0.780600375528441,2.34884676618426
"MORN3",1.61449160812219,0.734057728861001,2.34854933698319
"ITPR1",2.23404904990506,0.111469316778022,2.34551836668308
"JADE3",1.61709154438826,0.726923976456459,2.34401552084472
"PSRC1",-1.98617061428302,-0.350114685498585,2.3362852997816
"ALOX12",1.87205309352829,0.454384402034945,2.32643749556323
"FAM241B",2.15699469646975,0.168569414537364,2.32556411100712
"IFNGR1",2.07536226737715,0.248574747011039,2.32393701438819
"HNRNPUL2-BSCL2",2.12557545210955,0.194979455745174,2.32055490785472
"LPAR5",1.75698635758821,0.560379113251772,2.31736547083999
"ADGRV1",1.64519664585248,0.661114913695053,2.30631155954754
"SYTL3",1.1411957755392,1.16156918704575,2.30276496258495
"CEMIP2",1.72540982948309,0.575957046340836,2.30136687582392
"LRRC27",2.04436956265141,0.252515436884079,2.29688499953549
"PGBD2",2.00876508356485,0.28481791110733,2.29358299467218
"TNFSF10",1.8404656030454,0.443145568081895,2.28361117112729
"ZNF675",1.64723608698141,0.630934203183397,2.27817029016481
"WTIP",1.58514517854525,0.689467642148192,2.27461282069345
"TMEM164",1.73169934820562,0.541611019246701,2.27331036745232
"POLN",2.08881512666355,0.182550917528559,2.2713660441921
"ZNF251",2.2592457871318,0.00699890491387611,2.26624469204568
"WNT4",-1.12499968198578,-1.13813842477542,2.26313810676121
"SMIM1",-1.75053929286684,-0.500138138957469,2.25067743182431
"MEGF8",-2.08078390907569,-0.169570089753156,2.25035399882885
"CACNB2",1.65039452549492,0.594207424609656,2.24460195010458
"ITGA5",-1.32712318839544,-0.917203326784825,2.24432651518026
"CADPS2",1.1591525387433,1.07690530766497,2.23605784640827
"HSPA12A",2.03402814524931,0.199472178068502,2.23350032331781
"ADM2",2.17403615722591,0.0562647795199531,2.23030093674587
"CDH3",1.84519604102478,0.382305885163963,2.22750192618874
"LENG1",2.14192852108716,0.0853679973154757,2.22729651840264
"PHF7",-1.96543722761208,-0.261679346405717,2.2271165740178
"RNF144B",2.21692922583951,0.00965828013953374,2.22658750597904
"IPMK",1.81185053930745,0.413607620962265,2.22545816026971
"STK36",1.97799170496397,0.247453633112626,2.2254453380766
"ADAMTS15",1.27567861817017,0.936992571513247,2.21267118968341
"PDE8A",1.50608752211013,0.703907669098766,2.2099951912089
"TLE6",-1.44631257097788,-0.761012382292322,2.2073249532702
"TNS3",0.835903131932689,1.35430390980933,2.19020704174202
"ACVR1",2.18555566613558,0.00304012773120732,2.18859579386679
"HYAL3",-2.04083689486881,-0.145018282960566,2.18585517782938
"ADCK1",1.74746363211886,0.43716575442286,2.18462938654172
"H2AC6",1.71751830282517,0.464895928172307,2.18241423099747
"ARHGEF11",2.15036003184005,0.030394759736148,2.18075479157619
"ADSS1",1.86691830936287,0.311898615317056,2.17881692467993
"INSR",1.805796579809,0.370622335263028,2.17641891507203
"C5orf34",1.68376585358833,0.481664144677278,2.16542999826561
"GDPD3",1.30230359071549,0.861072805521377,2.16337639623687
"USP7",1.59875324445291,0.553300451432041,2.15205369588495
"ZNF704",2.05180685874272,0.0973530536553349,2.14915991239805
"CLDN23",2.13655390462214,0.0124735150617736,2.14902741968391
"MRM1",1.98951281779377,0.157232952420356,2.14674577021412
"ABCA5",1.69848177801949,0.439318404041279,2.13780018206077
"ZNF708",1.95049414861724,0.186787104704634,2.13728125332187
"WWC1",1.59893318398916,0.535936149164793,2.13486933315395
"TBC1D19",-2.01635013011391,-0.118491901558233,2.13484203167215
"ZNF641",-1.76592285064365,-0.367907700105531,2.13383055074918
"SMARCA2",1.80151259623385,0.331972149709226,2.13348474594308
"DNAJB9",1.79960972325174,0.331227133885025,2.13083685713676
"TRRAP",2.04002546788579,0.0842474484702072,2.124272916356
"TMEM8B",2.0269953043171,0.0965526329134159,2.12354793723052
"NPHP3-ACAD11",2.02096623262988,0.0982458281582916,2.11921206078817
"CC2D1B",-1.53266970525101,-0.583838566854401,2.11650827210541
"TSACC",-1.44499052426318,-0.662068845776369,2.10705937003955
"ZNF462",1.94297273074104,0.161622392398056,2.1045951231391
"CDKL1",-2.0366120599703,-0.0664776830475982,2.1030897430179
"DDHD1",1.70208049410658,0.398314249547341,2.10039474365392
"SLC16A13",-1.84704731621103,-0.250562804995616,2.09761012120665
"SYCP3",1.34872945260596,0.744267487734445,2.0929969403404
"ACCS",2.05582818090827,0.0349003486457717,2.09072852955404
"CBR4",1.92523114616233,0.165286822806301,2.09051796896863
"ZNF836",1.56986825230178,0.518117967174088,2.08798621947587
"WDFY3",1.80351799566529,0.283044854413265,2.08656285007856
"ZNF140",1.41514081995229,0.671000939630044,2.08614175958234
"UTP20",1.75998700226374,0.321182290113819,2.08116929237756
"EMILIN3",1.80057600179656,0.274279619859882,2.07485562165644
"SWSAP1",-1.38568284056453,-0.683568845877817,2.06925168644235
"DBP",-1.6620565695342,-0.403535686425962,2.06559225596016
"SPTBN2",1.905623453806,0.155389893343423,2.06101334714942
"ARL6",-1.73354100279829,-0.325549501297432,2.05909050409573
"IER3",1.66328570260231,0.395045782217077,2.05833148481939
"ZNF248",-0.877396912646276,-1.17949655749266,2.05689347013893
"DNAH2",1.7968515978237,0.260025315055656,2.05687691287935
"IQGAP2",0.602722839515982,1.45277969226041,2.05550253177639
"ENPP5",1.73006412106486,0.315951355511657,2.04601547657652
"RNF215",-1.89039756287876,-0.148521745543967,2.03891930842272
"RSBN1L",1.6560584787339,0.377864178612814,2.03392265734671
"TSNAX-DISC1",1.9080374671528,0.123720382354299,2.0317578495071
"CES4A",1.92434029647137,0.105971758458967,2.03031205493033
"RASGRP1",1.00386124472806,1.02372813055759,2.02758937528566
"THAP1",-1.7101871704176,-0.313968666602212,2.02415583701981
"FOSB",-0.476069990163111,-1.54657514827682,2.02264513843993
"RAB29",1.84625653706431,0.174709476540785,2.02096601360509
"RFX1",1.82594451257566,0.194793378472843,2.02073789104851
"DET1",-1.20768808795498,-0.810125888351499,2.01781397630648
"STS",0.679334723996385,1.33764805082942,2.0169827748258
"PPP1R42",1.81118073241387,0.204363909243015,2.01554464165688
"PROSER2",1.16934751920355,0.843510124026259,2.01285764322981
"RAPGEF2",1.30737853087632,0.705339929569,2.01271846044532
"SHQ1",-1.84494352526032,-0.164510621947615,2.00945414720793
"NKRF",1.91852404437769,0.090867803342917,2.00939184772061
"TRIM5",1.57586016972723,0.433225152083356,2.00908532181059
"CREG2",-0.380360237156937,-1.62834215197243,2.00870238912937
"ZNF224",1.68659260375342,0.319890963759478,2.0064835675129
"QRSL1",1.9476694596075,0.0565557706349429,2.00422523024244
"CASKIN2",-1.57919282040238,-0.424082838974631,2.00327565937701
"YPEL2",0.352330598384322,1.64716902914252,1.99949962752684
"TAPBPL",1.87543191463739,0.122662423531673,1.99809433816906
"MED26",1.41766224771473,0.576948957819637,1.99461120553437
"MTHFSD",-1.78779548304726,-0.204659393773143,1.99245487682041
"NDRG1",1.32218984148453,0.669908991531534,1.99209883301607
"ZNF750",1.88527958627547,0.099651230522487,1.98493081679796
"TEP1",-1.4358917281847,-0.54571074349539,1.98160247168009
"GPAM",-1.72353677632179,-0.257034343927729,1.98057112024952
"NSMF",1.65730383087363,0.321977445758239,1.97928127663187
"SIAE",1.84348776181318,0.134903940818475,1.97839170263165
"EIF4E3",1.57203702433539,0.404403566516687,1.97644059085207
"JPH1",0.483983463432887,1.48572044455661,1.9697039079895
"ALMS1",1.59550891967102,0.368766543078934,1.96427546274995
"KLHL25",-1.27547862950403,-0.684407295907711,1.95988592541174
"C6orf47",-1.73423068176184,-0.224932275107792,1.95916295686964
"EEFSEC",1.85417844242788,0.103407418122455,1.95758586055033
"LGR4",1.50359968615362,0.453695061095817,1.95729474724943
"PPM1J",1.69141439715197,0.264623577757024,1.95603797490899
"QSOX2",-1.82789145087913,-0.125823399931114,1.95371485081025
"ZC3H10",1.86638386114221,0.08467138415853,1.95105524530074
"MIPOL1",1.52369188577963,0.42501412736515,1.94870601314478
"NF1",1.58914454551957,0.358645228128073,1.94778977364765
"LIPT1",1.90201977816522,0.0454916838044763,1.9475114619697
"SLC4A11",1.87724302680043,0.0700519496958254,1.94729497649626
"DAB2IP",-1.86114117881056,-0.0859179563637951,1.94705913517436
"ZNF256",1.72788734108799,0.213782125813204,1.9416694669012
"APOLD1",-1.81688976485742,-0.117231027033282,1.9341207918907
"GPR107",-1.83702579734282,-0.0970646199307978,1.93409041727361
"PATJ",1.61555400390884,0.317499787174295,1.93305379108314
"SIX5",-1.30231608686795,-0.629563223264572,1.93187931013252
"RORC",1.88361931407882,0.0432141096790648,1.92683342375788
"ATXN7L3",-1.87453368092359,-0.0520683549434087,1.926602035867
"LDAH",1.86274672155615,0.0633806158720005,1.92612733742815
"ADGRB2",-1.13579302204305,-0.789234214957984,1.92502723700104
"OTULIN",1.57820922789198,0.346122781443962,1.92433200933594
"MAPKAPK2",-1.88209119191296,-0.0361198292732059,1.91821102118617
"SEMA6A",-0.563947657837776,-1.35369298284125,1.91764064067902
"ZNF449",-1.90172794347528,-0.0156541213481052,1.91738206482339
"PTPN4",1.53902634462631,0.378279775851655,1.91730612047797
"ZNF202",-1.42765003494374,-0.487322659121524,1.91497269406526
"CCDC149",1.62309366970052,0.287832856588744,1.91092652628927
"POU2F3",-1.82720012400751,-0.0828354429842042,1.91003556699171
"RNFT1",1.77686142901601,0.132106954054333,1.90896838307035
"FAM171B",1.05654140796447,0.850767697500093,1.90730910546457
"B3GALT4",1.88520793972987,0.0192322056431644,1.90444014537304
"SNX16",-1.57800983829617,-0.326074837040646,1.90408467533681
"LRRC20",1.54892350285577,0.355159888339841,1.90408339119561
"POLR3B",1.58507203303812,0.316724931218256,1.90179696425638
"QNG1",-1.48482840515083,-0.415768694639811,1.90059709979064
"DENND5B",1.61157012039261,0.287110390288894,1.89868051068151
"AMN",1.19516200734909,0.69711610418046,1.89227811152955
"CATSPERG",1.69224107001361,0.198603197019812,1.89084426703342
"UTP14C",1.70395445524922,0.184160676480787,1.88811513173
"ZNF354A",1.58301002785378,0.304777706880383,1.88778773473416
"KYAT3",1.58717863527167,0.298947752294698,1.88612638756637
"FUT2",1.16478402348945,0.71932606545695,1.8841100889464
"DNAH14",1.65706649888323,0.22639065699545,1.88345715587868
"LOXL1",-1.67361353613272,-0.201560575036909,1.87517411116963
"RAPGEF5",1.43526987306961,0.439836405093096,1.87510627816271
"RNF144A",-1.38766763245322,-0.487383355389699,1.87505098784292
"CYFIP2",1.67807708884876,0.196756780999948,1.87483386984871
"ENKD1",-1.54590508975786,-0.328250575868212,1.87415566562607
"THADA",1.44783363657791,0.425409965764361,1.87324360234228
"PPP1R9A",1.38861805535802,0.483871468397771,1.87248952375579
"SERPINA5",1.60825284005355,0.259804176916118,1.86805701696967
"CCDC120",1.75405231310817,0.104225311724328,1.85827762483249
"ARID5B",1.41639512655647,0.437235985353135,1.8536311119096
"ZRANB1",1.15927433651095,0.69338231867472,1.85265665518566
"CD164",1.64935329730878,0.201978497779576,1.85133179508836
"DAPK2",1.06217522042668,0.786447573707087,1.84862279413377
"P3R3URF-PIK3R3",1.23732683279825,0.610438714081394,1.84776554687965
"ATP9A",1.58558550692079,0.261871375565013,1.8474568824858
"ZYG11A",1.4486891559406,0.395748418527062,1.84443757446766
"SLC41A2",1.65520630877128,0.187276582096314,1.84248289086759
"TSNAXIP1",-1.81702373489891,-0.0197905346173148,1.83681426951622
"XRRA1",1.55005113985182,0.286536458381322,1.83658759823314
"NEK5",1.03108629387385,0.805166810607319,1.83625310448117
"TRIM52",1.56709101025026,0.267760119858818,1.83485113010907
"SDCBP2",1.1651072884815,0.668108329962242,1.83321561844374
"NUDT18",-1.42300371691278,-0.406623773176257,1.82962749008903
"TARBP1",1.35467337573173,0.470072864815752,1.82474624054749
"MAPKBP1",-1.56673351466407,-0.256604592571796,1.82333810723587
"BACE2",1.51909867572252,0.303895030934626,1.82299370665715
"SESN1",1.71961551542607,0.101232239837534,1.8208477552636
"SLC25A53",1.50073125447919,0.318242577034405,1.81897383151359
"ATL1",0.944020898659491,0.873437626954759,1.81745852561425
"AHDC1",-1.13792622358824,-0.676396817048476,1.81432304063672
"RNF123",-1.29256600913364,-0.52122356284939,1.81378957198303
"SLC16A1",-1.63686938656857,-0.17591049359155,1.81277988016011
"TRIB3",1.59853085328259,0.212953419331885,1.81148427261448
"ERBB3",1.62753508124957,0.182624448623042,1.81015952987262
"CREBBP",1.46232325843263,0.345202247613777,1.80752550604641
"DOCK9",1.63353734854234,0.173628183462093,1.80716553200444
"NBEAL2",1.52664497519001,0.279937406010336,1.80658238120035
"MFHAS1",1.33523731429072,0.47028063384629,1.80551794813701
"DDX51",-1.58865731268835,-0.216574658076385,1.80523197076473
"MB21D2",1.335429250589,0.469502078163361,1.80493132875237
"MVB12B",-1.14254484371891,-0.662352530279987,1.8048973739989
"SSTR2",0.179991170286341,1.61916011019182,1.79915128047816
"POLR2J2-UPK3BL1",-1.78904387601825,-0.00805471838096938,1.79709859439922
"SLC3A1",0.673211905616075,1.12379486025566,1.79700676587173
"MPND",-1.51816674474429,-0.275996126102045,1.79416287084633
"PRKX",0.447938001137314,1.34243192710782,1.79036992824514
"NOL4L",1.68726906829957,0.102569735809899,1.78983880410947
"SLC1A2",1.15385143112501,0.635107591499287,1.7889590226243
"ABTB1",-1.18925831208734,-0.598253218991548,1.78751153107889
"HK2",1.4485189715841,0.337451442357978,1.78597041394207
"SLC16A6",1.50871965853298,0.276952031045101,1.78567168957808
"RFX3",-1.43912267802915,-0.343529247162693,1.78265192519184
"ZNF827",1.5657468470746,0.216804354138715,1.78255120121332
"DDTL",-1.64770640317697,-0.134231209081657,1.78193761225863
"CXCR5",-1.35784368570356,-0.423158376274316,1.78100206197787
"MMD",-1.39217277232873,-0.386274415647939,1.77844718797667
"ANKRD13B",1.04145604331466,0.736121139319537,1.7775771826342
"SPECC1L",-1.6068864454513,-0.170436452026493,1.77732289747779
"OAF",1.08964392311199,0.684235151836802,1.77387907494879
"PLEKHH1",1.73428513111076,0.0378847559703062,1.77216988708106
"ZFYVE9",1.2785047224841,0.492198609446327,1.77070333193043
"SINHCAF",1.62077059410555,0.148070099391442,1.768840693497
"ADNP2",1.57245347857674,0.195239138527742,1.76769261710448
"WDFY2",-1.69047466387659,-0.0736828957490343,1.76415755962563
"NOP9",1.65874619965212,0.104011080254645,1.76275727990677
"DUSP6",-0.768704122449263,-0.987628642451951,1.75633276490121
"ITGB2",-1.66469691181923,-0.0872760055301733,1.75197291734941
"SLC30A4",1.53270391957774,0.218864742379881,1.75156866195762
"TTC39A",1.68560420716105,0.0657452289871117,1.75134943614817
"SAPCD1",0.991870742111681,0.759161571216504,1.75103231332819
"ARHGAP30",-1.27946317748895,-0.471562818951059,1.75102599644001
"SERPINF1",1.11818478101799,0.631678828226879,1.74986360924486
"MCTS2",-1.44113261288853,-0.308650446699091,1.74978305958762
"C6orf141",0.788166204459579,0.959513473553375,1.74767967801295
"CPM",1.16897030195467,0.577928294210104,1.74689859616477
"PRSS53",1.72048071990311,0.0244780778877478,1.74495879779085
"HACD4",1.03238899585577,0.70867231597219,1.74106131182796
"UBTD2",1.31138853091447,0.429561573961104,1.74095010487558
"IQCK",1.62480771103798,0.115351628133808,1.74015933917179
"CD27",1.350702484437,0.388604089445832,1.73930657388284
"ARHGEF10L",1.48757079860962,0.251406498625929,1.73897729723555
"TMEM150C",0.956276219590497,0.778888999487572,1.73516521907807
"GALNT3",1.47437675533865,0.260755704436798,1.73513245977545
"BGLAP",-0.801443691794732,-0.932465240654945,1.73390893244968
"DLEC1",1.60076749949667,0.132880009830753,1.73364750932743
"FRK",1.17287734467231,0.560761906704709,1.73363925137702
"AGR2",1.69872144578125,0.0336398606307871,1.73236130641204
"ARL10",1.56340361774954,0.168919377385805,1.73232299513535
"RASSF2",1.03205790987562,0.699468420596161,1.73152633047179
"RPS6KL1",-1.30987464135576,-0.421415870702038,1.73129051205779
"ZBTB3",1.39137945623336,0.338092650012482,1.72947210624584
"FAM151B",1.72726319916844,0.00145158932592704,1.72871478849437
"BFSP1",1.65988521484773,0.0687810571031897,1.72866627195092
"MEST",1.50068364541708,0.227349662965023,1.7280333083821
"LYRM9",1.67836607065628,0.0448407274548526,1.72320679811113
"HMOX1",-1.18173797397841,-0.533867494128359,1.71560546810677
"ABCC3",1.06720557471826,0.645605620983917,1.71281119570217
"PLA2G4B",1.20177628989921,0.510008740421179,1.71178503032039
"NEURL2",-1.05140988615708,-0.660189658842152,1.71159954499924
"MYO6",1.31206731832407,0.398638847715108,1.71070616603918
"CRLF1",1.06470282133171,0.640819886150109,1.70552270748182
"MTAP",1.47283126512695,0.231411524937321,1.70424279006427
"TRMT11",1.03576008413028,0.667482709723527,1.70324279385381
"SESN2",0.680630774365821,1.02057776258799,1.70120853695381
"DZANK1",1.26564450608889,0.435334004913125,1.70097851100202
"GALNT4",1.30067169002882,0.397954737671335,1.69862642770015
"BEND3",0.995675696583459,0.702872234132338,1.6985479307158
"XAF1",1.51548598727188,0.181068643254072,1.69655463052595
"AGO4",1.29053528986127,0.40241396911327,1.69294925897454
"SCD",1.47364422765549,0.217875929454817,1.69152015711031
"MGAT5",1.43506771601771,0.254754301397287,1.68982201741499
"CAMKMT",1.31709391667006,0.369455270077629,1.68654918674768
"BMP8B",0.910841819284965,0.775408332952326,1.68625015223729
"FBXO31",1.35092862646488,0.334079540379481,1.68500816684436
"TMEM135",-1.56121371993903,-0.123307602898126,1.68452132283715
"FANCD2OS",0.813675783279336,0.870402307677929,1.68407809095726
"SEMA4G",1.30012811348854,0.383046276561136,1.68317439004967
"CYB5D1",1.50150203416057,0.181580386135387,1.68308242029596
"PDXP",0.749220046282386,0.925679650168963,1.67489969645135
"CIMAP1B",1.48184276704753,0.192134819393812,1.67397758644134
"H2AX",-1.63929436514772,-0.030410457391314,1.66970482253903
"RAD54L",-1.36199755616279,-0.307362858119872,1.66936041428267
"DCDC2B",-1.21104231880442,-0.456739270961231,1.66778158976565
"CARMIL1",1.17366939577696,0.491215320918011,1.66488471669497
"PIGA",0.933522141936188,0.728713651012225,1.66223579294841
"RANBP2",1.3659705992143,0.293883283478626,1.65985388269292
"HERC1",1.14176716381505,0.517800375031751,1.6595675388468
"SLC9B1",1.5278092866333,0.130865389946293,1.65867467657959
"C2CD2",1.56269824650764,0.0913226685796236,1.65402091508726
"BCAS3",-1.17913972096022,-0.473801360611999,1.65294108157222
"METTL25",1.29037588893961,0.362270493041542,1.65264638198115
"CEBPD",0.717804887126763,0.933872427363086,1.65167731448985
"ZBTB2",0.868343738122435,0.778917473785882,1.64726121190832
"BCLAF3",1.41457303529086,0.228576200520266,1.64314923581113
"POU5F2",0.953578894004958,0.685295465302445,1.6388743593074
"NOTCH3",1.33018772660292,0.303175504412356,1.63336323101528
"ZMYND8",-1.15757369501862,-0.472987013433048,1.63056070845167
"FDX2",-1.2608550897997,-0.368746538688643,1.62960162848835
"NAMPT",1.55043650103,0.0772249245356358,1.62766142556564
"PLEKHA1",1.59586188152945,0.0299578812079302,1.62581976273738
"FAAP24",-1.29611665349439,-0.327521628217517,1.62363828171191
"LCN2",1.36076351253931,0.261544440961888,1.62230795350119
"C3orf52",1.46890306663792,0.152699019968738,1.62160208660666
"CHST14",-1.51330096687494,-0.107267422527555,1.62056838940249
"PLXNA3",1.49863953026263,0.119904902563632,1.61854443282626
"PSKH1",-1.19360113219415,-0.424171310814226,1.61777244300838
"ISY1-RAB43",1.52182558253523,0.0949068259044576,1.61673240843969
"CDON",0.983129379145453,0.632422201648441,1.61555158079389
"GRAMD4",1.54387348717821,0.0712816258234521,1.61515511300166
"ABHD14A",1.53555594668034,0.0785943778783746,1.61415032455871
"NUMBL",-1.10780871027029,-0.504235676752326,1.61204438702261
"ZNF664",1.34818130383462,0.263368495162933,1.61154979899755
"DTX3L",1.29767145266696,0.313331038131845,1.61100249079881
"MGST1",1.20017134781492,0.409942989838116,1.61011433765303
"CIMIP2A",1.48176199001794,0.127830130082921,1.60959212010086
"HDHD3",1.38827538779652,0.220400589678775,1.60867597747529
"PLAUR",-1.39817545937807,-0.209893148734075,1.60806860811215
"TPMT",1.19275250224142,0.414683397350836,1.60743589959225
"S1PR2",1.14564321446729,0.459975823869971,1.60561903833726
"SLC22A17",-0.707298842154358,-0.897327750249775,1.60462659240413
"PPARA",1.29093001271774,0.312286531256958,1.6032165439747
"BCL2L2",-1.37491889878445,-0.224748138748627,1.59966703753308
"LIMA1",1.2544477755722,0.344940032679954,1.59938780825215
"ZNF549",-1.39122276635356,-0.206909025500172,1.59813179185373
"KLHL24",1.16017305868407,0.435354300067865,1.59552735875193
"ZNF200",1.00009098527735,0.595196827459076,1.59528781273642
"ZNF554",1.19364425968828,0.401091636103128,1.5947358957914
"MARK4",1.25933359125375,0.331674109023995,1.59100770027774
"SIRAL1",-1.30400178721773,-0.285040873214279,1.58904266043201
"PIP4P2",-1.30270360136453,-0.284989843928032,1.58769344529257
"SLC25A22",1.47484886955901,0.112338231297141,1.58718710085615
"RNF125",0.665251499937203,0.921439452665453,1.58669095260266
"NINL",1.30503881638879,0.280148306976819,1.58518712336561
"ZNF398",1.48799427580186,0.0955083487861277,1.58350262458799
"GANC",1.3952578041521,0.188121095187384,1.58337889933948
"REPS2",0.800562467787074,0.781751704013521,1.58231417180059
"TACSTD2",1.38929645019003,0.192670670785768,1.58196712097579
"HES2",1.54060566825444,0.0413418717936236,1.58194754004807
"SSH1",0.680424947895818,0.901441424490982,1.5818663723868
"ETFRF1",-1.36085520443584,-0.216583402296854,1.5774386067327
"TMEM45A",1.53771382070984,0.0323139865550016,1.57002780726484
"PPM1M",-1.5259257141474,-0.0440212430629434,1.56994695721035
"CARNMT1",0.976532618323927,0.593282822302895,1.56981544062682
"MYO1E",1.45248024239429,0.115028358297858,1.56750860069215
"EXOC4",1.28230345360643,0.283801942937068,1.5661053965435
"SLC12A9",-1.51113353500184,-0.0539479698276382,1.56508150482948
"ATP8B1",1.06186173693213,0.503145855417923,1.56500759235005
"NUP58",-1.50961805351976,-0.0553589666300969,1.56497702014985
"TEDC1",-1.37955528212641,-0.185309092939376,1.56486437506578
"PCYT1A",1.40771864132553,0.156752140515243,1.56447078184078
"DGLUCY",1.35239677836283,0.211172142773423,1.56356892113625
"LPAR2",1.38391143088,0.178457698955107,1.5623691298351
"TRANK1",0.506819374764009,1.0543622326782,1.56118160744221
"RAD52",1.51185696681378,0.0475362264700507,1.55939319328384
"ANGPT2",-0.805377513180776,-0.752603411118729,1.5579809242995
"TESK2",1.18191575313378,0.372712633065049,1.55462838619883
"BNIP3",0.995230556516751,0.558713835326676,1.55394439184343
"NCDN",-1.41775936403266,-0.134841256541276,1.55260062057393
"AKR7A3",1.515626608227,0.035151899202944,1.55077850742995
"PTGR3",0.90899399405058,0.640526169201907,1.54952016325249
"SHROOM3",1.16446123770509,0.384700252059257,1.54916148976434
"MMRN2",-0.543335868102951,-1.00517909946113,1.54851496756408
"INCA1",-1.13141303822128,-0.416541749751663,1.54795478797294
"MESP2",-1.13828113033372,-0.409411989368369,1.54769311970209
"FOXC1",1.15095122889094,0.395755199039736,1.54670642793067
"CA2",1.49722398981478,0.0458011794827362,1.54302516929752
"MYO15B",-1.02027814565281,-0.522411212418585,1.5426893580714
"HR",-1.28824155573015,-0.25180386076425,1.5400454164944
"HECA",1.02901545500109,0.50967427351919,1.53868972852028
"SLC4A5",1.00677461457976,0.531170525193391,1.53794513977315
"TECPR1",-1.23180114289209,-0.30481401386232,1.53661515675441
"MPZL2",1.24022441909792,0.294940620844533,1.53516503994245
"SAMD10",-1.14719558237586,-0.386248939396683,1.53344452177254
"NEMP2",1.22004693941426,0.313388655027174,1.53343559444144
"TIGD5",-0.514860713797476,-1.01786326838728,1.53272398218476
"C10orf95",-1.3531326717212,-0.179310243400748,1.53244291512195
"PDCD4",1.37536928307892,0.155787428002482,1.5311567110814
"ARFGAP3",1.21188442779499,0.319103146727628,1.53098757452262
"PECR",-1.26142063189174,-0.268849313208105,1.53026994509985
"WDR36",1.32337060525784,0.205978430422897,1.52934903568073
"MTG1",1.28472844048883,0.244525821536876,1.5292542620257
"ERCC6L",0.924865190130555,0.601879589068335,1.52674477919889
"TBC1D5",1.07991975584813,0.446294835685257,1.52621459153338
"TBCK",1.48820023133364,0.0379116223299891,1.52611185366363
"SLF1",-1.49712952538267,-0.0280469574602353,1.5251764828429
"KLF5",1.00050173345884,0.522022637689423,1.52252437114826
"ABLIM1",1.04954390651501,0.472952156559917,1.52249606307493
"TAF4B",1.24933557985315,0.273110970124957,1.52244654997811
"IFT52",-1.360055798125,-0.162203080045538,1.52225887817053
"WWC2",0.514478666480926,1.00772614451404,1.52220481099496
"CYP2J2",1.47602540575313,0.0455859529320191,1.52161135868515
"DCAF7",-1.49680786711473,-0.0246567858998414,1.52146465301457
"DNAJA4",1.19130538460358,0.329699147754379,1.52100453235796
"CTPS2",1.11511198270726,0.405739000348973,1.52085098305623
"ACSF2",1.48450167326281,0.0348587002116894,1.5193603734745
"LEAP2",1.39556204418564,0.123610140271183,1.51917218445682
"PDCD11",1.17013636391262,0.348232081305135,1.51836844521775
"GRHL3",1.27649521324164,0.24034559421927,1.51684080746091
"HELB",1.27276063560365,0.241919290246887,1.51467992585054
"HIPK1",1.29763564730473,0.216043012719698,1.51367866002443
"OSGEPL1",1.49285924450536,0.0188105626694925,1.51166980717486
"SRPK3",1.18182650992984,0.328654688948746,1.51048119887858
"ZNF23",-1.24421912252807,-0.266166687381017,1.51038580990909
"SLC25A38",1.32182505926243,0.18785771713838,1.50968277640081
"CFAP73",-1.32008395434545,-0.189172478457439,1.50925643280289
"SLC39A8",1.35507887058094,0.153606046940982,1.50868491752192
"OPHN1",1.35615874674707,0.152467574550726,1.5086263212978
"EPB41L1",1.17791720383508,0.32998035673196,1.50789756056704
"ABCA1",1.32202492130763,0.184996731501974,1.5070216528096
"POLI",1.3186911049151,0.188296365047945,1.50698746996304
"ZSWIM4",1.18931588876224,0.315749388800795,1.50506527756304
"FGD1",-0.828278465501415,-0.673767679471636,1.50204614497305
"PSCA",1.41448200828315,0.0854364916888706,1.49991849997202
"FRRS1",0.70218067105486,0.797153192220101,1.49933386327496
"SLX4IP",1.41957595547546,0.078112315272282,1.49768827074775
"FKBP14",1.19803016431698,0.297856157852768,1.49588632216975
"BBS5",-0.929612298690438,-0.56587349943018,1.49548579812062
"LRATD1",1.4200255068091,0.0754380150851786,1.49546352189428
"RASD1",-0.719693852667025,-0.774186306834251,1.49388015950128
"NUPR2",0.797030731992953,0.696320081837255,1.49335081383021
"CACUL1",0.809895662290963,0.682653244259225,1.49254890655019
"CBLL1",1.10310783013332,0.388328109905485,1.4914359400388
"ALDH5A1",1.18481599728533,0.304878018839468,1.48969401612479
"MAGEE1",-0.533079762811357,-0.956402353413444,1.4894821162248
"DENND4C",1.11830514448779,0.370198698364674,1.48850384285246
"KNTC1",1.00986096822976,0.477182400549781,1.48704336877954
"FMC1",-1.36190709536343,-0.124799334804212,1.48670643016764
"ARAP2",1.02470340026832,0.461432341920851,1.48613574218917
"FOXN2",-1.14129448367715,-0.343145429530654,1.48443991320781
"VPS13D",-1.35425733886103,-0.13006889471271,1.48432623357374
"GSAP",-0.927922776654772,-0.556254897217466,1.48417767387224
"SRSF4",1.27166240340203,0.211959752202055,1.48362215560409
"PDZD8",1.10130456119459,0.381818140632395,1.48312270182698
"FRA10AC1",1.35337951277692,0.129389617844215,1.48276913062114
"OSBPL6",0.644069864823444,0.837013242112774,1.48108310693622
"MACO1",1.3691143358418,0.111290093805744,1.48040442964754
"ATAD3B",-1.10190163340596,-0.377298192263054,1.47919982566902
"SLC52A1",-0.813658958673088,-0.664660826295067,1.47831978496815
"TASOR2",1.47510575201794,0.00306118927863075,1.47816694129657
"DIXDC1",0.842068247311168,0.63580210661774,1.47787035392891
"CYB5D2",-1.00033995711848,-0.477362532896449,1.47770249001493
"NUP93",-1.23822387705415,-0.237578988240819,1.47580286529497
"PLCD4",-0.951903898703217,-0.523690517636168,1.47559441633939
"RARA",1.39713970082193,0.0780761199223425,1.47521582074427
"SURF6",-1.0349593193166,-0.439831146637546,1.47479046595415
"C1QTNF6",0.725272022325563,0.749474733682108,1.47474675600767
"SCD5",0.924033867199384,0.550391840912069,1.47442570811145
"ST7",-1.33472300657204,-0.139374424416653,1.47409743098869
"KIZ",-0.971030019227086,-0.502150286165273,1.47318030539236
"PRICKLE4",1.24155024056055,0.230266884289111,1.47181712484966
"APOL6",0.980485566165418,0.491177822741981,1.4716633889074
"XPO6",1.32099661900337,0.150123307065306,1.47111992606868
"EP300",1.02547471902587,0.445530536948481,1.47100525597435
"BCL2L2-PABPN1",-1.23200790390155,-0.238608012948341,1.47061591684989
"MTFR1",1.12872959490607,0.340817526327359,1.46954712123343
"TCF12",1.34051085989898,0.128737262150089,1.46924812204907
"ITSN2",1.16938892935196,0.29965129915581,1.46904022850777
"CDK14",0.92655239423783,0.541899743670335,1.46845213790817
"CRADD",-0.886956888281244,-0.580030712136575,1.46698760041782
"FADD",-1.06763373980315,-0.3975361829701,1.46516992277325
"ANKUB1",-1.33295557508306,-0.130809807259468,1.46376538234253
"FIZ1",-0.982834907404603,-0.479964061038627,1.46279896844323
"SNAPC4",1.04443180692874,0.417851179756014,1.46228298668475
"ZC3H12A",1.14890486629382,0.312865669214146,1.46177053550797
"BANP",-0.861165736280431,-0.600193470327688,1.46135920660812
"SH3BP4",1.10841080374339,0.352488493438976,1.46089929718237
"KRT15",1.23619674515192,0.224580300818407,1.46077704597033
"EPS8L1",1.44203103112726,0.0164231519932629,1.45845418312052
"ARHGAP45",1.33072586992168,0.127484800298912,1.45821067022059
"PAG1",1.23350543213874,0.224442672026498,1.45794810416524
"PACSIN1",-0.727666878372698,-0.72679339819424,1.45446027656694
"C5orf63",1.34313917432077,0.110897870916681,1.45403704523746
"USP12",1.17450391124207,0.278362166572573,1.45286607781465
"HOXB4",-0.716349889394581,-0.735746879837257,1.45209676923184
"LTBP2",0.563230308002241,0.888790347057743,1.45202065505998
"FZD7",-0.951763907748632,-0.500250880069232,1.45201478781786
"MTREX",1.33932563084273,0.110858721625046,1.45018435246778
"KIAA1328",0.79995769093706,0.650159022341078,1.45011671327814
"PARP14",0.950796370353616,0.498483533446999,1.44927990380062
"EPHA1",1.04998641374935,0.399111445530301,1.44909785927965
"FAM98B",0.717737020126762,0.730411180816736,1.4481482009435
"PPP1R3D",1.3499379919496,0.0963565687660877,1.44629456071569
"KDM4A",-1.28664204894118,-0.158467154438689,1.44510920337987
"POLG",-1.33081938299817,-0.111809021280321,1.44262840427849
"C11orf24",-1.41865404735208,-0.0236528636443252,1.4423069109964
"USP49",-0.718990227458816,-0.722475254939729,1.44146548239855
"S100A2",1.12124901096835,0.319693103803033,1.44094211477138
"ZMYM4",1.27305577623942,0.167575875744835,1.44063165198425
"CCSER2",0.928509732949722,0.511824915941308,1.44033464889103
"PLBD1",1.31351565836529,0.126802725733502,1.4403183840988
"NOS1AP",1.16964804003335,0.270507856223682,1.44015589625703
"TBL1XR1",1.08500188232238,0.353484802506898,1.43848668482928
"SFXN2",1.36587222307543,0.0716277289633318,1.43749995203876
"EBF4",1.31402021958956,0.122715781777989,1.43673600136755
"RBM41",1.11444042232476,0.32218617391762,1.43662659624238
"FHIP1A",0.781211307291705,0.65366812342459,1.43487943071629
"PTPDC1",-1.17658396177636,-0.257861889228857,1.43444585100522
"ERMP1",1.02474335994647,0.406791062920239,1.43153442286671
"NR6A1",0.519054753450702,0.91042600486034,1.42948075831104
"VMA12",1.37047002259728,0.0569412507393121,1.42741127333659
"AP1M1",-1.33882101385986,-0.0885760068953587,1.42739702075522
"CERT1",0.938347850165609,0.488922674184347,1.42727052434996
"METTL18",1.1841522557377,0.24260535354709,1.42675760928479
"ZNF136",1.08070055339312,0.345550536522949,1.42625108991607
"PLA2G6",1.06713742404096,0.356823792821297,1.42396121686226
"U2AF1L4",-1.19741777800569,-0.225092056486157,1.42250983449184
"C14orf93",-0.906685204011819,-0.51366610920283,1.42035131321465
"HACL1",-1.22194914072819,-0.198383091519138,1.42033223224733
"ZNF286A",1.07857082750748,0.340283073780743,1.41885390128823
"IDH1",1.25734101253102,0.1611877487824,1.41852876131342
"DND1",-1.06229616333914,-0.356088998639486,1.41838516197862
"STAG3",0.867564666456879,0.550790007502686,1.41835467395957
"FAM199X",1.34052252058629,0.076985744560313,1.4175082651466
"MT1F",0.629163560181576,0.787845653453028,1.4170092136346
"IL6ST",1.14867326612351,0.267486385094435,1.41615965121795
"MAPK7",-1.12152200514902,-0.29463510832381,1.41615711347283
"FRMD4B",1.1084504490397,0.306253812409898,1.4147042614496
"ZNF77",1.2126932421888,0.200350700403201,1.413043942592
"CRACR2A",-0.587979471666014,-0.824761620964426,1.41274109263044
"DFFB",-0.521423959363172,-0.891103553908441,1.41252751327161
"SMIM20",-1.35695416979281,-0.0551361150577661,1.41209028485058
"HSD17B6",-1.14362366592327,-0.267367837574292,1.41099150349756
"BCL2L13",1.06047387484246,0.350436627077564,1.41091050192003
"RTEL1",1.08502517142987,0.325293817059216,1.41031898848908
"EXOC6B",1.35889594000431,0.0508513980807788,1.40974733808509
"STX6",1.32383503532549,0.0858542932779436,1.40968932860343
"NRIP1",0.769619735398914,0.638584468974503,1.40820420437342
"MCIDAS",0.808332018398741,0.599296389603483,1.40762840800222
"JSRP1",1.35032990200768,0.0566547389955634,1.40698464100325
"CDC73",1.13257899834148,0.273721056091237,1.40630005443272
"HAUS8",0.745890636016801,0.660014838668357,1.40590547468516
"PCTP",-1.05887798216057,-0.346781839816213,1.40565982197678
"RNASE4",1.12904496677036,0.275700167262288,1.40474513403265
"SLC25A14",1.14333327582325,0.260018959661038,1.40335223548429
"ASAH1",0.910684624882594,0.492461007584589,1.40314563246718
"ZNF362",-0.917660417285194,-0.48490609401293,1.40256651129812
"EPHA2",-0.964218382506453,-0.432393979712336,1.39661236221879
"SYTL2",0.908741367760812,0.484700714584091,1.3934420823449
"CBX7",-0.583077341231973,-0.810075333998571,1.39315267523054
"KLHL8",1.34633851333674,0.0463726844215482,1.39271119775828
"STOM",1.04715106569046,0.345559259366686,1.39271032505714
"UMPS",1.28863226821399,0.103776788934349,1.39240905714833
"UBQLN2",1.24331638489322,0.148869157553962,1.39218554244718
"PAOX",-0.633265592916842,-0.758852413644392,1.39211800656123
"TFAP2A",1.276646938338,0.114375727411591,1.39102266574959
"DOK1",-0.979748302095528,-0.410325579510664,1.39007388160619
"DGKD",0.990214487555087,0.399800279482804,1.39001476703789
"ENDOD1",0.789958441286256,0.599780233102752,1.38973867438901
"TDRD3",0.742984642164206,0.644945291716558,1.38792993388076
"ATP2C2",0.953780906335552,0.433865782768511,1.38764668910406
"RMP24",1.05930860174502,0.327693960985064,1.38700256273009
"ARID3B",-0.770963961643004,-0.615408599751527,1.38637256139453
"GOLGA7B",1.24189380001545,0.143640407665769,1.38553420768122
"ERO1A",0.870080562762263,0.515218606947087,1.38529916970935
"ST20",1.33064645668923,0.053017277854261,1.38366373454349
"PIK3C2A",1.23057845007164,0.152844843502929,1.38342329357457
"DNAJC4",1.22242934318211,0.160567850372204,1.38299719355432
"MADD",-1.23258538094243,-0.148697943082426,1.38128332402486
"FANCB",1.07964627626904,0.300599167900743,1.38024544416978
"PMEPA1",1.19545746996365,0.18478792935985,1.3802453993235
"POGLUT1",1.32357746846005,0.0565007385818053,1.38007820704185
"THBS1",0.788830456402866,0.590801593140704,1.37963204954357
"RNMT",0.866799635189563,0.512462337536473,1.37926197272604
"ESRP2",1.08645656219869,0.291888645617829,1.37834520781652
"EFEMP2",-0.393535318948339,-0.983806723329849,1.37734204227819
"FAM219B",-1.34374114292546,-0.0334882750465368,1.377229417972
"SYNRG",1.20316066111436,0.170500405666656,1.37366106678102
"HS2ST1",1.08820641611919,0.283958539001966,1.37216495512116
"ISOC1",1.10866037256334,0.26208885101524,1.37074922357858
"SLC41A1",1.05437113636302,0.316028262576793,1.37039939893981
"SKI",0.956308049846116,0.41402808494058,1.3703361347867
"TRIM35",-0.438407410776952,-0.931627759144576,1.37003516992153
"EXOC8",0.800869860643613,0.56608545094425,1.36695531158786
"IVNS1ABP",1.13425848139021,0.232644678325806,1.36690315971602
"POMZP3",-1.28886420727913,-0.0731272123551641,1.36199141963429
"MARK2",1.00459608850101,0.357252233730547,1.36184832223155
"ARL4D",0.544860790192779,0.816750534926012,1.36161132511879
"ZNF14",0.706949692991967,0.653092991282969,1.36004268427494
"MTERF2",1.12009918263518,0.239869535628729,1.35996871826391
"TET2",1.03681109458854,0.322616256968784,1.35942735155732
"SAMD11",1.16914096732294,0.1899198551522,1.35906082247514
"NEDD9",0.714360668316814,0.643555989680974,1.35791665799779
"LMCD1",1.08230327561491,0.275403637894335,1.35770691350925
"TADA2A",-1.28181886622434,-0.0736069691132686,1.35542583533761
"AK4",1.04609886262349,0.30903132045072,1.35513018307421
"CA11",0.72719621402374,0.627835418428667,1.35503163245241
"DPH2",-1.29651563635061,-0.0583726406376037,1.35488827698821
"PICK1",1.24885526528125,0.10260410214117,1.35145936742242
"KANTR",-0.0186374993223413,-1.33260328016294,1.35124077948528
"EML3",-1.20476548912399,-0.146403667237685,1.35116915636168
"FAM161B",1.00509742475778,0.345879460453708,1.35097688521148
"PARP3",-1.09358793736637,-0.256020526397632,1.34960846376401
"EXPH5",0.376772245764082,0.971879091135815,1.3486513368999
"PEX39",-0.618019955964774,-0.73023090468835,1.34825086065312
"MORN4",-1.06167818483248,-0.286536096138921,1.3482142809714
"ZNF414",1.01427303886274,0.333306544834521,1.34757958369726
"SORT1",1.0941419783491,0.251658165313969,1.34580014366307
"ASTE1",-0.680200629683042,-0.665129169680181,1.34532979936322
"MEPCE",-1.00403504223136,-0.34034552070371,1.34438056293507
"SKAP2",1.22958499775129,0.114211192505997,1.34379619025729
"YPEL5",1.08917163454609,0.254163181272036,1.34333481581813
"TPD52L1",0.997446464538216,0.345553833725408,1.34300029826362
"USP36",1.12178997329026,0.220944800989608,1.34273477427987
"SLC25A26",-1.29882292595831,-0.0422494199683123,1.34107234592662
"CSPP1",0.966881514372171,0.373553279601857,1.34043479397403
"DTWD2",-1.00878145934309,-0.329424484449102,1.33820594379219
"ELMO3",-0.70149283426926,-0.636644384255135,1.3381372185244
"CCDC186",0.900535631413323,0.433927084600669,1.33446271601399
"ZFP82",0.700328206403392,0.634050761563814,1.33437896796721
"ADO",-0.814393802688721,-0.519649536419315,1.33404333910804
"CXXC5",1.075904401229,0.256517259594198,1.3324216608232
"R3HDM1",0.701739144630063,0.629941009962312,1.33168015459238
"EOLA1",1.24995498130448,0.0807372107879827,1.33069219209246
"SERGEF",1.09531440063791,0.235342606490996,1.33065700712891
"MST1",-0.590067965584635,-0.73813595421658,1.32820391980121
"HCRTR1",-1.15165952208348,-0.176168514130874,1.32782803621435
"TAPBP",1.21538011430494,0.111627146732882,1.32700726103782
"CCNF",-1.1331583148207,-0.193427137645284,1.32658545246598
"CYB5R2",1.30403042942477,0.0223677488274541,1.32639817825222
"IGFBP7",-1.12541767558113,-0.200535058597124,1.32595273417825
"TP73",0.764826339371767,0.559931172631217,1.32475751200298
"TM7SF2",0.975282120068176,0.348054710315079,1.32333683038325
"MTMR6",-1.13470784630971,-0.187528001314292,1.322235847624
"CERS4",1.06982590998391,0.252310993759232,1.32213690374315
"SMARCA5",1.07451239711211,0.24674439455498,1.32125679166709
"PRKCH",1.30755728206603,0.0133677910655736,1.3209250731316
"QPCTL",-0.728994467925555,-0.591517408767882,1.32051187669344
"DSP",1.05278398438379,0.264179632606085,1.31696361698988
"ZNF420",-1.05931605950689,-0.257468458283598,1.31678451779049
"C9orf152",1.1895782319667,0.12709136178605,1.31666959375275
"CPEB4",1.24487253777697,0.0716468951250349,1.316519432902
"MGMT",1.17034405136691,0.144317950098592,1.3146620014655
"TSSK6",0.733837766622157,0.580745834531727,1.31458360115388
"LYPD1",0.356601299212514,0.957033795218554,1.31363509443107
"PCMTD1",1.13561955793704,0.177147055745253,1.3127666136823
"ODR4",1.22921948631727,0.0835127005605134,1.31273218687778
"GOSR1",1.30919478480909,0.00179226870031712,1.3109870535094
"BAG4",1.02253413930613,0.287128200220766,1.30966233952689
"PBX1",0.760499987803958,0.548837554823041,1.309337542627
"LGALSL",1.06826525000946,0.240116747710489,1.30838199771995
"MINPP1",-1.07583355715006,-0.231680412608393,1.30751396975845
"MCM3AP",1.0296277491088,0.277885151021263,1.30751290013006
"NFIX",-1.04959732259651,-0.257570237410323,1.30716756000683
"UGGT1",0.992551930911002,0.312042186267548,1.30459411717855
"ZNF395",1.29911998159998,0.00305717853953791,1.30217716013951
"ALS2CL",1.13718333872141,0.164845306243988,1.30202864496539
"PTPRK",1.18141007999122,0.120503975802136,1.30191405579336
"BTBD3",-1.16450838083452,-0.137279377724682,1.3017877585592
"OGFOD2",-0.92537152572677,-0.376050594664891,1.30142212039166
"IPO13",-1.0788867510138,-0.222269651436664,1.30115640245047
"MLXIP",0.96457832616657,0.332925375397308,1.29750370156388
"UCK2",0.92433888366492,0.371971227548729,1.29631011121365
"FHL3",0.903548157506519,0.392098854541904,1.29564701204842
"TMEM167B",1.24616471641747,0.0486558090434412,1.29482052546091
"ADGRL1",-1.16893434502265,-0.125548137863925,1.29448248288657
"FUT4",1.21001584149486,0.0841136109563958,1.29412945245126
"ZBTB41",1.13772418739214,0.156212963101269,1.29393715049341
"ACACA",1.2361296280145,0.0564237790103381,1.29255340702484
"CRCP",0.974196725632743,0.31791224014537,1.29210896577811
"CHDH",0.985554676248791,0.306029861529547,1.29158453777834
"S100A4",-1.26664745957775,-0.0247976814091935,1.29144514098695
"PCYOX1",1.01304414503786,0.27786403915328,1.29090818419114
"CCL28",1.09431623878915,0.196430829856638,1.29074706864579
"SAMD1",0.690261855590816,0.600232554173743,1.29049440976456
"PXK",0.591967043048925,0.697472907936914,1.28943995098584
"ZNF205",-0.930173073994951,-0.356110911185062,1.28628398518001
"RHOV",1.0177343568768,0.266586011788047,1.28432036866485
"TM9SF3",1.03898092278018,0.244090474599239,1.28307139737942
"PODXL2",0.90969573191522,0.372897121863506,1.28259285377873
"FAAH",1.12601248197539,0.155827053145297,1.28183953512069
"DUS2",-1.03399298287179,-0.24708388062743,1.28107686349922
"SLC25A40",-1.14046463324149,-0.140567800697274,1.28103243393876
"SLC2A10",1.15281829828623,0.127856912229996,1.28067521051622
"CKB",-1.01064596835667,-0.269742918438372,1.28038888679505
"WNT2B",0.894869639866453,0.385384565423218,1.28025420528967
"PREPL",0.677025606517279,0.602122645139335,1.27914825165661
"EPB41L4B",0.287487619744269,0.990483096392807,1.27797071613708
"ELL2",0.81689087356938,0.460917103073971,1.27780797664335
"GABPA",1.19032505275749,0.086716191049736,1.27704124380723
"LYPD6",1.19598718036683,0.0807244263478926,1.27671160671472
"THAP3",-1.10254514546955,-0.174009763344759,1.2765549088143
"DCAF5",1.17213481927311,0.103911288892602,1.27604610816571
"KIF3A",1.12217992648504,0.153381049178969,1.275560975664
"EXOSC7",-1.20635362079348,-0.0691440108848527,1.27549763167833
"CCDC85C",-1.14429647259952,-0.129473888470573,1.2737703610701
"CCDC7",1.14153557710018,0.132166034264691,1.27370161136487
"TMEM154",0.985920909392959,0.287194877687393,1.27311578708035
"CCDC78",0.917717169972352,0.352758414745653,1.27047558471801
"SAMHD1",1.02108779360914,0.247254912032823,1.26834270564196
"TTC3",0.95456441870417,0.313478829601832,1.268043248306
"FBXL15",-1.12116145158524,-0.146470155682422,1.26763160726766
"POLB",1.21182745268983,0.0547288769137149,1.26655632960355
"TFAM",0.891477610590528,0.374932698472762,1.26641030906329
"BCL7A",0.800200391449636,0.466120180896566,1.2663205723462
"CLUAP1",0.883265198292689,0.382442200882329,1.26570739917502
"C2CD5",0.820252904543731,0.445372442481288,1.26562534702502
"LRCH4",-0.753100283397846,-0.509508631565563,1.26260891496341
"TBRG1",-1.00654694900764,-0.255762314967654,1.2623092639753
"OTUD1",1.2583362990495,0.00392694863769072,1.26226324768719
"ZNF219",1.07647894363188,0.185153177352677,1.26163212098456
"RALGAPA2",0.861791457842698,0.399551052729687,1.26134251057238
"INTS7",1.10979067867418,0.151043969737723,1.2608346484119
"SRM",-1.04828692097459,-0.211955521778451,1.26024244275304
"TPP1",0.744704089325328,0.513460295315234,1.25816438464056
"IRF2BP1",1.19270509681952,0.0614845829786619,1.25418967979818
"ZZEF1",1.06997187291011,0.18300543052364,1.25297730343375
"DDX50",-1.10210347027966,-0.150201065112793,1.25230453539245
"RAP1GAP",-1.02019797442044,-0.231771706650373,1.25196968107081
"AKAP10",1.10080302628004,0.150793131206044,1.25159615748609
"NAALADL2",1.20587109172024,0.0456015337282664,1.2514726254485
"KDM7A",0.975463046708588,0.275526293284299,1.25098933999289
"ZNF222",0.999717291057793,0.251125354581175,1.25084264563897
"CXADR",0.870874927884154,0.378149537576533,1.24902446546069
"LMBRD1",1.17663823397767,0.0713249325888619,1.24796316656653
"CCDC191",0.923253104556061,0.324357037242435,1.2476101417985
"ZC3HC1",-0.653344312979533,-0.594133220090757,1.24747753307029
"SLC22A5",1.06027428977808,0.185020969250669,1.24529525902875
"RPAP1",-0.8082741268008,-0.4364535686341,1.2447276954349
"MR1",0.913451533216978,0.330699342428309,1.24415087564529
"SEPTIN10",-1.09862602217846,-0.145327913918092,1.24395393609655
"GNAO1",-0.416779940756148,-0.826380530926959,1.24316047168311
"LZTR1",-0.783269583876867,-0.459886834807174,1.24315641868404
"CELSR1",0.769769888307679,0.473196031792322,1.2429659201
"NLK",-1.07313354896633,-0.169433693656972,1.2425672426233
"TVP23A",0.965392910124619,0.277124245962663,1.24251715608728
"TMEM51",0.593315083444513,0.648656965681153,1.24197204912567
"ENTPD7",-0.282071940804,-0.959488710747366,1.24156065155137
"URGCP-MRPS24",1.21987593329693,0.0215021681322369,1.24137810142917
"IFITM1",0.869468089133608,0.371607022789869,1.24107511192348
"CD2AP",0.522820795224421,0.717842280214259,1.24066307543868
"VAMP1",-0.64708312877877,-0.591796573291574,1.23887970207034
"SDC3",0.741867378308741,0.495829904107456,1.2376972824162
"POLD1",-1.22649152928475,-0.0108049106810784,1.23729643996583
"GATB",-0.966747609946933,-0.270319787146891,1.23706739709382
"NEDD4",1.1365016388498,0.0997926846757085,1.23629432352551
"VIL1",-0.905592736278675,-0.330367222045432,1.23595995832411
"ETV4",-1.1861027294778,-0.0493988608312712,1.23550159030907
"HARS1",-1.02747591153475,-0.207443249935464,1.23491916147021
"SCPEP1",1.05879479473823,0.175218356018927,1.23401315075716
"LPGAT1",0.979228782093428,0.254271659476441,1.23350044156987
"AMN1",0.929818052856888,0.301969185138814,1.2317872379957
"CCDC138",1.06027050794344,0.171387120370769,1.23165762831421
"CDC14A",0.324830593211416,0.905946983087075,1.23077757629849
"C3orf18",-1.18055974039438,-0.050100619032956,1.23066035942733
"MAPK3",1.16544112260883,0.0647482374379509,1.23018936004678
"FLCN",-1.14641175556696,-0.0835299978993276,1.22994175346629
"ECHDC2",0.981437416509956,0.24756738043656,1.22900479694652
"TRIM24",0.720701228028154,0.506358289763647,1.2270595177918
"PLEKHO2",-0.807811119972832,-0.418425985074123,1.22623710504695
"AQP11",0.980161918406004,0.245604139881831,1.22576605828783
"BEST1",1.01431853913965,0.211227465035915,1.22554600417556
"RGS3",-0.562805217206365,-0.662224963832419,1.22503018103878
"ELAC1",1.07658705713009,0.146888099394382,1.22347515652447
"ARMC7",-0.588225379316853,-0.635142546201227,1.22336792551808
"GPATCH2",1.17099960637572,0.0522040849312204,1.22320369130694
"C19orf73",-0.126147885627541,-1.09561397672959,1.22176186235713
"NXPE3",0.816699187255848,0.404977249660521,1.22167643691637
"ODF2L",0.769418570308863,0.452102102744559,1.22152067305342
"ZNF284",0.924951324745911,0.29482297350006,1.21977429824597
"TAPT1",-0.482753984962009,-0.736768510638709,1.21952249560072
"GTF2E2",0.815361890679617,0.403863140964257,1.21922503164387
"UBA7",0.886671009283973,0.332352021343026,1.219023030627
"UPP1",-1.11820073744503,-0.0996293933695425,1.21783013081457
"RNF130",1.16654605501721,0.0509762309591326,1.21752228597634
"GALNT2",0.823053118193467,0.39398121106156,1.21703432925503
"GLI3",1.14979092842287,0.0668807164194858,1.21667164484236
"MMUT",1.04140475829817,0.175245544174317,1.21665030247248
"ABCB8",-1.11872082670507,-0.0963264711969845,1.21504729790205
"NCBP1",0.848529852262644,0.36579053053052,1.21432038279316
"SETD7",1.09769170584696,0.113374531564539,1.2110662374115
"ARHGAP10",-1.02417558654596,-0.186874486466819,1.21105007301278
"LTBP1",0.49095878130026,0.719860339696415,1.21081912099667
"LHX4",1.14183233556687,0.0689145491565069,1.21074688472337
"RORA",1.06483092995404,0.144072806466361,1.2089037364204
"SH3RF1",0.903992080517931,0.304479182101813,1.20847126261974
"FEM1C",1.10854891100514,0.0997105101599827,1.20825942116512
"GNAQ",0.869819136384884,0.33794193473852,1.2077610711234
"BICRA",1.16098603705112,0.0464645648220247,1.20745060187314
"TMCC1",0.948539013904774,0.257883525684454,1.20642253958923
"EPM2AIP1",-1.12571159483993,-0.0794920535509793,1.20520364839091
"HGH1",-0.78568609082073,-0.417236006406071,1.2029220972268
"MYG1",-0.808487406121444,-0.394246769694139,1.20273417581558
"RAB20",0.836003939799567,0.36636513760786,1.20236907740743
"WIPF2",0.991204749413253,0.21019472197848,1.20139947139173
"ZNF860",0.666431865313714,0.534409672828286,1.200841538142
"ZSWIM8",0.868679253093362,0.332091616058487,1.20077086915185
"ZBTB21",1.10325886965685,0.0974471909582144,1.20070606061507
"FMC1-LUC7L2",-1.19223234315937,-0.00789084343026492,1.20012318658964
"ARFGEF2",0.813840838150051,0.38618070968426,1.20002154783431
"GSTT2B",-0.877705009962365,-0.322268801051863,1.19997381101423
"H2BC15",0.83567136826647,0.363020152257389,1.19869152052386
"PSTPIP2",0.690691113535215,0.507960091081503,1.19865120461672
"MAP4K2",-1.08316887727852,-0.114971043748762,1.19813992102728
"FBXW9",1.02657999085777,0.171299078791696,1.19787906964946
"PAXIP1",0.826048720490573,0.371619627724053,1.19766834821463
"B3GALNT1",1.07048041632276,0.125700597127656,1.19618101345041
"E2F6",0.842140242772449,0.353129149424667,1.19526939219712
"COQ8A",1.02531737495643,0.169843930964458,1.19516130592089
"HELZ2",-0.482235930893851,-0.712446340073951,1.1946822709678
"PPP1R10",-0.649477398071432,-0.544506520010732,1.19398391808216
"PIKFYVE",1.06672384039128,0.127000083440595,1.19372392383187
"MID2",1.07958232628657,0.113586648334117,1.19316897462068
"ATP13A2",-1.12810955510593,-0.0618991698646632,1.1900087249706
"TSPAN15",1.18185820893849,0.00813854913485201,1.18999675807334
"SLC5A2",-0.987003147569896,-0.202471544071589,1.18947469164148
"CCDC92",0.721213902690026,0.467627084795571,1.1888409874856
"CEP104",1.06479183818248,0.123524142820756,1.18831598100324
"DUSP4",-0.831693417061539,-0.356607287321663,1.1883007043832
"IFIT1",0.858660994271982,0.328958987721241,1.18761998199322
"FOXN3",-1.13181291892925,-0.0556028973410614,1.18741581627031
"ASAP3",0.861146713662075,0.325144147023652,1.18629086068573
"JAK1",0.800414033037971,0.385861493051108,1.18627552608908
"TRIM4",0.970418783627855,0.215163679864273,1.18558246349213
"ACAP2",0.988941053100017,0.196080321988487,1.1850213750885
"MTMR10",0.615409254541268,0.569217976820584,1.18462723136185
"SLC7A8",-0.37373054405885,-0.810788670965525,1.18451921502437
"MXI1",0.674912642711509,0.508995770236898,1.18390841294841
"H2AC17",1.07547427548367,0.108341762681139,1.18381603816481
"PAIP2B",1.18137675791165,0.00234339392341676,1.18372015183506
"MYH10",-1.01235354706034,-0.171214346005685,1.18356789306603
"PIGN",1.01772413974316,0.165277631286566,1.18300177102972
"ZNF770",1.06013328633585,0.12172559959735,1.1818588859332
"C1QTNF3-AMACR",1.14034074715399,0.040046581796334,1.18038732895032
"SLC38A2",0.631761679535662,0.548508709589873,1.18027038912554
"NBEAL1",0.963660466859724,0.215929355403496,1.17958982226322
"TMEM54",1.14548358974291,0.0339205994784368,1.17940418922135
"H2BC5",1.15066871284481,0.0269076603209601,1.17757637316577
"ACER3",0.921552969072526,0.25515026399675,1.17670323306928
"UGCG",0.420703749728221,0.755902583530001,1.17660633325822
"FARSB",0.838814105770993,0.337551554155652,1.17636565992664
"ONECUT2",-0.862793473812363,-0.313551772313799,1.17634524612616
"PIAS2",0.93085252126175,0.245071703560528,1.17592422482228
"R3HCC1",-0.896451547060635,-0.278364828626021,1.17481637568666
"LRCH1",0.691093917114737,0.483369274616532,1.17446319173127
"CPNE1",-1.01042479443276,-0.164009397026716,1.17443419145948
"PTGES",1.14388606936543,0.0302124415354719,1.1740985109009
"BTG2",0.667189275585121,0.505236094205109,1.17242536979023
"IFIT3",1.14799137429235,0.0243946107548378,1.17238598504718
"ASTN2",1.1653412094661,0.00682104481685286,1.17216225428295
"CDIN1",-0.101695983505352,-1.06982369783375,1.1715196813391
"ZNF345",0.792310771448723,0.379147748183394,1.17145851963212
"INPP5J",-1.07650895720962,-0.0948607624803388,1.17136971968996
"MMEL1",1.16973385148573,0.00148219503984359,1.17121604652557
"ATAD5",0.707649246111183,0.463470174028858,1.17111942014004
"BMAL1",1.0757503484359,0.095215394325328,1.17096574276122
"PHTF2",0.929448489357647,0.241184728722681,1.17063321808033
"TGFBR3",-1.00315618874487,-0.167138815028971,1.17029500377384
"SKIL",0.508473099745212,0.661697539585846,1.17017063933106
"KLF11",0.92323983384308,0.246887432125026,1.17012726596811
"PLCD1",0.548442252434127,0.621172036097709,1.16961428853184
"IRS2",0.144716450827225,1.02412141408388,1.16883786491111
"SNORC",0.584226335289247,0.583738300931865,1.16796463622111
"ANGPTL4",-0.418409730965056,-0.749420346537134,1.16783007750219
"REXO1",0.97011320395475,0.19700706090805,1.1671202648628
"ENO3",1.11011007656939,0.0543800141952993,1.16449009076469
"DHRS7B",-0.888782496496023,-0.273111894396461,1.16189439089248
"NOMO1",0.856718505113742,0.305156723948905,1.16187522906265
"HES6",-0.784007727147633,-0.377690133580876,1.16169786072851
"MISFA",-1.10691707456574,-0.0547347959594493,1.16165187052519
"PGCKA1",0.340332330276291,0.820211481662847,1.16054381193914
"SMIM14",0.941086877025656,0.218833411119108,1.15992028814476
"C1orf198",1.01599559034834,0.143638488087478,1.15963407843582
"SLC45A3",1.00329628028357,0.15617408772518,1.15947036800875
"CDC14B",0.815418918869856,0.34385147939746,1.15927039826732
"GPSM1",1.02460283053251,0.134592547121434,1.15919537765395
"NUDT7",0.918767508302736,0.240354545349661,1.1591220536524
"MBTD1",-1.03380709417251,-0.123910525737005,1.15771761990951
"B4GALNT1",-0.668975275409204,-0.48871351954043,1.15768879494963
"GNPTG",0.906248306721247,0.251393884460017,1.15764219118126
"ASCC1",-1.12810048111149,-0.0279425739199901,1.15604305503148
"ZDHHC1",-0.175569528140402,-0.980321083573501,1.1558906117139
"MLH3",0.529753971215106,0.625527060934437,1.15528103214954
"EFHD1",0.961880838920726,0.192416495187124,1.15429733410785
"PCSK6",0.960939283793374,0.192232214193031,1.1531714979864
"LIN52",-1.01713446613362,-0.135341074924876,1.15247554105849
"FSTL3",-0.818177911921977,-0.334046454612772,1.15222436653475
"DBF4B",-0.730903991795362,-0.42108799991265,1.15199199170801
"JDP2",0.506983952186089,0.644551225390207,1.1515351775763
"S1PR3",-0.475262495493622,-0.67556842507757,1.15083092057119
"ATF2",-1.02895407837418,-0.121219000826572,1.15017307920075
"ZNF263",0.852546010858345,0.296902032128058,1.1494480429864
"SLC66A2",0.988895239281657,0.160045462488446,1.1489407017701
"GABPB2",0.65998298751582,0.488903147161022,1.14888613467684
"C10orf88",-0.941383300702908,-0.207497549035467,1.14888084973838
"STX18",0.564319968424844,0.584419790253745,1.14873975867859
"KLC4",1.06366146639362,0.0846047341212834,1.14826620051491
"SLC10A7",0.440716698539599,0.707538679460099,1.1482553779997
"GDPGP1",-0.94986473077908,-0.198330063664842,1.14819479444392
"CENPT",-1.0260253255273,-0.121323497482492,1.14734882300979
"BPNT2",0.985659472190214,0.161536003683605,1.14719547587382
"ARHGEF28",1.02037353689332,0.12571552958311,1.14608906647643
"PITPNM2",0.931844126774278,0.21390575745675,1.14574988423103
"DUSP28",-0.963647827933494,-0.181500013331302,1.1451478412648
"ACTR5",-0.311072888768024,-0.833904016811786,1.14497690557981
"ALG6",0.807791009002172,0.33619954057795,1.14399054958012
"FMNL3",-1.06941977213473,-0.0745636568289569,1.14398342896369
"TENT5C",0.952419540013914,0.191562164657353,1.14398170467127
"SFXN5",-0.447118261310174,-0.696506464850248,1.14362472616042
"MBD5",-0.964693595830544,-0.178134105862229,1.14282770169277
"LMBR1L",0.653737529461807,0.488746281900449,1.14248381136226
"STEAP3",0.949249074447224,0.190899057102348,1.14014813154957
"IFRD2",-1.09844659825581,-0.041419553772533,1.13986615202834
"KRABD3",-1.0843022632407,-0.0544157147541942,1.1387179779949
"SYBU",0.854052069630713,0.2845318168998,1.13858388653051
"PMF1-BGLAP",-0.998634614100412,-0.13941923525881,1.13805384935922
"ATXN3",0.869827494018653,0.266525607532926,1.13635310155158
"SLC16A14",0.772526908281397,0.362800636690385,1.13532754497178
"MTMR4",1.10767297465132,0.0274231944433216,1.13509616909465
"TARS1",0.943645520574441,0.190749030910876,1.13439455148532
"RRAGB",0.78293570756849,0.35016126346339,1.13309697103188
"TCF7",-0.857000972631975,-0.27597359819071,1.13297457082269
"WDR6",-0.984877207678379,-0.14680056426616,1.13167777194454
"CA12",1.09435369584317,0.0367475515245195,1.13110124736769
"CMTR2",-0.856182706592922,-0.274549459011959,1.13073216560488
"SEC63",0.804712088639644,0.325525336621794,1.13023742526144
"MYO1B",1.06509896751628,0.0646056011671052,1.12970456868339
"CEP85",-0.962486314458635,-0.16469204118649,1.12717835564513
"PPM1K",0.951700096555627,0.174761885048113,1.12646198160374
"KRABD4",-0.587114921485843,-0.538297476829364,1.12541239831521
"HLA-B",1.07863581166802,0.0453764409395925,1.12401225260761
"MAP3K8",0.925592465029736,0.198271144730652,1.12386360976039
"TTC13",1.10561120001552,0.0179000400452969,1.12351124006082
"FGD6",0.821362453553796,0.301605248589059,1.12296770214286
"PAQR5",0.633383438877658,0.488501821422365,1.12188526030002
"RHPN2",0.992714422873529,0.129114213524988,1.12182863639852
"CCDC171",0.929603769219689,0.191804638315887,1.12140840753558
"INVS",0.905454304896815,0.21447134843451,1.11992565333132
"WDR20",0.789205042229361,0.330090253264268,1.11929529549363
"TSC22D3",0.985830176339074,0.132939619824846,1.11876979616392
"TRNAU1AP",-1.07568497982486,-0.0427064514932898,1.11839143131815
"CCDC86",0.671847537206292,0.444637450692637,1.11648498789893
"RPIA",-0.966263916312739,-0.149837717970934,1.11610163428367
"ENAH",0.868134544268727,0.247764432708884,1.11589897697761
"SLC71A1",-1.0269278670524,-0.0882647920873048,1.1151926591397
"ANO6",0.941312330482309,0.173687839404994,1.1150001698873
"POGZ",0.757132483101633,0.35578386939405,1.11291635249568
"MRPL23",-1.05605105039555,-0.0557712030784336,1.11182225347398
"VPS37A",0.788586755891611,0.323217246192982,1.11180400208459
"LYN",-1.09791016850414,-0.0136310194338649,1.11154118793801
"HASPIN",0.65018145460472,0.461130671732842,1.11131212633756
"BRD10",0.736112689226497,0.375093175659344,1.11120586488584
"NUMA1",0.990637488710235,0.12033443901065,1.11097192772089
"ATG5",0.758250491715973,0.352639790251295,1.11089028196727
"ZBTB17",-0.592222161391448,-0.518302976553628,1.11052513794508
"NUDCD2",-0.881061353779309,-0.229323524164345,1.11038487794365
"RAB11FIP4",1.02467607407167,0.0855259818750924,1.11020205594677
"SEPTIN5",0.751892303601602,0.358179393210815,1.11007169681242
"ZNF138",0.890670198684458,0.219336077054098,1.11000627573856
"TIMM9",-0.918593290690672,-0.191177707843918,1.10977099853459
"KAZALD1",1.06230500747765,0.0474119795389809,1.10971698701664
"IFITM10",1.09230168467722,0.0170075368495799,1.1093092215268
"TENT4A",0.361040774596514,0.745732979941127,1.10677375453764
"TBC1D32",0.970427404735338,0.136325164141361,1.1067525688767
"URB1",1.01413823509358,0.0917046557450076,1.10584289083859
"CALB2",-1.06176146596966,-0.0428426825032853,1.10460414847295
"SIDT2",-0.325064942125175,-0.77952171415351,1.10458665627868
"PROSER1",-0.87151822806038,-0.228518156753919,1.1000363848143
"VPS4B",1.02717970205644,0.0726770291270844,1.09985673118353
"FAM241A",0.612708154132771,0.484763266122579,1.09747142025535
"TRIB2",-0.637811088336605,-0.459514553335076,1.09732564167168
"LMLN",0.857644263398112,0.238841168552161,1.09648543195027
"AHR",0.984414548232104,0.111608491678686,1.09602303991079
"STXBP2",0.958185574259602,0.137759580305667,1.09594515456527
"CORO2A",0.978997842019237,0.115962241806393,1.09496008382563
"NIP7",-1.06023659065981,-0.0342358779007981,1.09447246856061
"LGALS3BP",0.895716641870013,0.198673031202699,1.09438967307271
"PRSS27",0.786491636036429,0.30781618097081,1.09430781700724
"TIMM23B",0.531897021875453,0.562176364493728,1.09407338636918
"CC2D1A",0.900631803919494,0.192173110397911,1.09280491431741
"ZKSCAN3",-0.922398301762992,-0.16979996287864,1.09219826464163
"PRAF2",-0.596633636090328,-0.495495753068537,1.09212938915887
"SH3BP2",0.96906342491858,0.121402646328455,1.09046607124703
"PWWP2B",1.0856036201198,0.00441318276482683,1.09001680288463
"SQOR",0.782410960531681,0.306781759588985,1.08919272012067
"LNX2",0.912794481907709,0.174811856139674,1.08760633804738
"PIBF1",-0.70223835768993,-0.384964065170583,1.08720242286051
"IQSEC1",0.865861163108704,0.220535020261199,1.0863961833699
"MED12",1.07818302828692,0.00805369290170499,1.08623672118862
"LYAR",-1.03270852714533,-0.0535166377698202,1.08622516491515
"ELF1",0.971560319821938,0.114115420135626,1.08567573995756
"TYMP",0.941319248099484,0.144223286021202,1.08554253412069
"ANKRD36C",0.365801750529384,0.717356679317832,1.08315842984722
"ZBTB10",1.06355686981659,0.0195748970955831,1.08313176691217
"ZNF669",-0.900780967351599,-0.181205193322993,1.08198616067459
"ANAPC2",-0.79522196276524,-0.286727590439555,1.0819495532048
"KYNU",0.814620596462979,0.267208079129571,1.08182867559255
"STMN3",-0.966736635381853,-0.114986071526681,1.08172270690853
"MAPK14",0.648582833865926,0.432649146872756,1.08123198073868
"LRCH3",-0.968896505242126,-0.112099059270482,1.08099556451261
"LRRCC1",0.877067002933004,0.203861774271615,1.08092877720462
"PRUNE1",1.07705454086324,0.00380600841808487,1.08086054928133
"CDK3",0.701483942585744,0.379179569231252,1.080663511817
"C2orf76",0.536611140762679,0.543718555936615,1.08032969669929
"P2RY11",1.06258732785314,0.0176752038363643,1.08026253168951
"ANKRD13D",-1.01799549769263,-0.0614903362985544,1.07948583399118
"PGBD4",0.0723139196936091,1.00705553488092,1.07936945457453
"FAIM",0.998985069347489,0.0793000591976867,1.07828512854518
"USP43",0.836109745236881,0.241281398007105,1.07739114324399
"PCDH1",1.00108486579274,0.0753473613630522,1.07643222715579
"USP19",-0.574876131905556,-0.500427732436744,1.0753038643423
"ELP6",-0.987200654261797,-0.0879417519948271,1.07514240625662
"ALYREF",-0.640974719816797,-0.433413115862682,1.07438783567948
"ADNP",0.753505728437459,0.319387293730657,1.07289302216812
"TJP3",0.93982376624787,0.133021037678423,1.07284480392629
"TRAK2",0.617392201554671,0.455406935688091,1.07279913724276
"WDR25",-0.613228373088392,-0.458589130298353,1.07181750338675
"RABL3",1.03674731624055,0.0323158305691584,1.06906314680971
"MED23",1.00512950533225,0.0637002412037746,1.06882974653603
"ANKRD50",0.730226038296678,0.338425360563685,1.06865139886036
"ZNF805",0.895234426460334,0.173241860513529,1.06847628697386
"TTC38",0.739574427334309,0.327522408038186,1.0670968353725
"CIDEB",0.961655269765185,0.104413432936034,1.06606870270122
"ZNF518A",0.781969431630688,0.283598826441845,1.06556825807253
"CTNS",-0.820624359102107,-0.243969283579731,1.06459364268184
"ARK2N",0.530984740430494,0.533234408267646,1.06421914869814
"INTS5",-0.81232858825804,-0.250647142714667,1.06297573097271
"CHAMP1",1.00279463667276,0.059419467882424,1.06221410455518
"PDLIM1",-0.97844195194759,-0.0837626587450107,1.0622046106926
"H4C8",0.892860134859623,0.168931019995011,1.06179115485463
"SCARA3",-0.375909721509998,-0.68525628351005,1.06116600502005
"NIPBL",0.908148737371557,0.152139126377584,1.06028786374914
"DIS3L",1.02069352928241,0.0394927698080929,1.0601862990905
"DRC9",0.778513421998221,0.281182962924107,1.05969638492233
"GMPR",0.745510371756794,0.31415577204446,1.05966614380125
"FBXL3",0.676768939694735,0.382592574777674,1.05936151447241
"XPO5",-1.01191970876052,-0.0467930828863627,1.05871279164689
"NR1D2",0.720286899771242,0.337354928236733,1.05764182800797
"NEK6",1.01651029240961,0.0403545542661048,1.05686484667572
"TCOF1",0.95380497084889,0.102450112977097,1.05625508382599
"DDIAS",-1.00728003199444,-0.0484455137459867,1.05572554574042
"GABBR1",-0.585366117097958,-0.470241598155483,1.05560771525344
"NFIA",0.885784187082387,0.169537503562277,1.05532169064466
"CCSAP",0.861838059460532,0.193335408005414,1.05517346746595
"SLC25A15",-0.44679758487626,-0.608322749271947,1.05512033414821
"LRRC37A",0.57803005001615,0.476780413383458,1.05481046339961
"CELF2",-0.747666492981103,-0.306978626311543,1.05464511929265
"SLX9",-0.959241356680363,-0.095139474112135,1.0543808307925
"SMAP1",-0.648179758759147,-0.405750831451427,1.05393059021057
"RHOT1",0.725008962515979,0.328527915449944,1.05353687796592
"RFX2",-0.726497319059432,-0.326995481290769,1.0534928003502
"STRIP1",0.295461491739631,0.757853443616805,1.05331493535644
"INPP5A",-0.870794992219788,-0.182209747587454,1.05300473980724
"TTBK2",0.686523805484551,0.366433853678712,1.05295765916326
"CDC6",0.604152955091337,0.448246131094627,1.05239908618596
"TM2D1",0.590009666858617,0.461721960150224,1.05173162700884
"RBMX2",-0.73030696350016,-0.32137880159313,1.05168576509329
"TRPS1",0.736587320007779,0.314454659596622,1.0510419796044
"LOC730098",-0.628620169676203,-0.421671183210197,1.0502913528864
"TRAPPC14",-0.29695629877588,-0.751894474230531,1.04885077300641
"EPC2",0.701454105002322,0.347099788613723,1.04855389361605
"FECH",-1.04407121066643,-0.00337600006116379,1.0474472107276
"ZNF419",-0.609952457183504,-0.436356018048007,1.04630847523151
"PIR",0.643432991997761,0.402209378719094,1.04564237071685
"ACADSB",0.56661636410225,0.476243056583618,1.04285942068587
"DIS3",0.660549279661471,0.382217743484456,1.04276702314593
"UBE2O",0.908126804346167,0.133489829400612,1.04161663374678
"CCNT2",0.814574237601077,0.226656757444905,1.04123099504598
"MCM6",0.976392360043185,0.0646198550175141,1.0410122150607
"SNED1",0.942759092751955,0.0977511915454712,1.04051028429743
"MACROD1",0.930847349560829,0.109011133454175,1.039858483015
"JOSD1",-0.86823377944715,-0.171252500018038,1.03948627946519
"TFB2M",0.753783206322343,0.285672875310222,1.03945608163256
"DYM",0.629310910317343,0.409408395311129,1.03871930562847
"TMEM250",0.897393113905152,0.140442091905337,1.03783520581049
"TBC1D15",0.711148156315103,0.32568776967436,1.03683592598946
"SLC12A6",0.891755669200193,0.14494073834055,1.03669640754074
"SIK2",0.863625569858904,0.172723784115314,1.03634935397422
"SREBF1",0.775569433953048,0.260321132387081,1.03589056634013
"HOOK2",1.02993013336839,0.0052068651029149,1.0351369984713
"ANKRD44",-1.02219012956826,-0.0124768810559106,1.03466701062417
"RC3H2",-0.982461390579317,-0.051775813886036,1.03423720446535
"BBS4",-0.952670968989778,-0.0813253248376111,1.03399629382739
"FBXO11",0.824951144426145,0.208573430597763,1.03352457502391
"CAAP1",-0.991628109419206,-0.0413124832919207,1.03294059271113
"ATOSB",-0.385372263429667,-0.647134649991322,1.03250691342099
"TRPV4",-1.01864737784679,-0.0136230447871455,1.03227042263393
"TPCN2",-0.782273189282011,-0.249281065961456,1.03155425524347
"MIPEP",0.720749640629478,0.310641844023409,1.03139148465289
"MTMR2",0.954476708079507,0.0768602328541119,1.03133694093362
"CCNE2",0.93458397869316,0.0957723114080151,1.03035629010118
"TP53BP2",0.918169078428363,0.111502902256808,1.02967198068517
"PTPN21",-0.708601480826689,-0.320732112491003,1.02933359331769
"FERMT3",0.0119716383648754,1.01637331388463,1.0283449522495
"TSPAN13",0.934498950777441,0.0937662165947195,1.02826516737216
"HIF1A",0.605301814493007,0.422268550645346,1.02757036513835
"NCOA5",-0.517907481762728,-0.50917987142939,1.02708735319212
"ANO8",-0.721150711058556,-0.305310371909755,1.02646108296831
"TUBA8",0.623520067838588,0.402034651781755,1.02555471962034
"CYP3A5",0.640303362881832,0.384497449073976,1.02480081195581
"PLXNA2",-0.518009313101474,-0.505734645051309,1.02374395815278
"KIF24",0.545712804270786,0.47765299834877,1.02336580261956
"CNOT6L",0.643629624553699,0.378903880709514,1.02253350526321
"ATPSCKMT",0.870496317521937,0.152002699167531,1.02249901668947
"SOS1",0.768293594809796,0.253616623346315,1.02191021815611
"REEP4",-1.01424734246007,-0.00728344739264042,1.02153078985271
"B9D2",-0.972929233875108,-0.0475380299212853,1.02046726379639
"FCHO2",0.922538719102402,0.096773781448209,1.01931250055061
"MSRA",-0.732877452442139,-0.286296000149567,1.01917345259171
"ERO1B",-0.5933382960464,-0.424719374993806,1.01805767104021
"CDAN1",0.424727250066641,0.593071184574797,1.01779843464144
"OCRL",0.964088700129962,0.0536751265811888,1.01776382671115
"POLA1",0.46269882453643,0.55493701641123,1.01763584094766
"KIF27",-0.858116349044117,-0.159020967175294,1.01713731621941
"ZNF670-ZNF695",0.50586934525172,0.511248855237607,1.01711820048933
"CNPY4",0.72670178877487,0.289283449173955,1.01598523794883
"SHTN1",0.782923540847928,0.232780094780523,1.01570363562845
"TRIM38",0.997634245853527,0.0180372033940799,1.01567144924761
"ZFYVE1",-0.75682767292407,-0.258552832419599,1.01538050534367
"SLC26A11",0.949211694246283,0.0657446361246672,1.01495633037095
"SESTD1",0.422374637017791,0.592311604621149,1.01468624163894
"SEC23A",-1.00043652710496,-0.013442433490221,1.01387896059518
"LMTK2",1.01286140705901,0.000631103714064274,1.01349251077308
"RRAS",-0.616527968976697,-0.396590669549195,1.01311863852589
"GBP2",1.00206542406923,0.0108502539994628,1.01291567806869
"PIH1D2",-0.596028829431606,-0.416410044140996,1.0124388735726
"MIGA2",0.909968595647508,0.102419255990337,1.01238785163785
"ATN1",-0.446219735764681,-0.565825672510229,1.01204540827491
"PYGL",0.530878977682288,0.481079186895841,1.01195816457813
"PEAK1",0.366490143577189,0.644957691093075,1.01144783467026
"PACRGL",-0.823328700812618,-0.187936785706076,1.01126548651869
"USP5",-0.908735739067017,-0.10202910402666,1.01076484309368
"MAGIX",-0.484478795749942,-0.526260821614794,1.01073961736474
"SLC25A42",0.0242010923799734,0.986144002964751,1.01034509534472
"EMP3",-0.801594055741585,-0.207767405594433,1.00936146133602
"GPAT2",-0.949037462950542,-0.0602691045852284,1.00930656753577
"MMGT1",0.607716382861016,0.401200031324803,1.00891641418582
"NDST2",-0.609633271946634,-0.399119814585502,1.00875308653214
"HLTF",0.857378437966513,0.149641897993617,1.00702033596013
"RASA1",-0.998248672881584,-0.00855059098522482,1.00679926386681
"LIN7B",0.985874534129404,0.0200525786537442,1.00592711278315
"AIMP2",-0.841642424922858,-0.163983520524935,1.00562594544779
"ERC1",-0.987415662622685,-0.0172483564000321,1.00466401902272
"PTPN12",0.637066329100411,0.36731919165232,1.00438552075273
"LRRFIP2",-0.794971618005417,-0.209322980580537,1.00429459858595
"DHFR",0.419027916481671,0.58521258241371,1.00424049889538
"LRRC28",0.824203634499024,0.179847635202468,1.00405126970149
"CAPNS1",-0.902753561587042,-0.101220368879033,1.00397393046608
"DHRS7",0.711811178135932,0.291908787374274,1.00371996551021
"PLEKHM3",-0.736061113778847,-0.267374992284974,1.00343610606382
"RAVER1",-0.95316013539408,-0.0501310586505133,1.00329119404459
"MARVELD1",0.698925583423603,0.304279720666125,1.00320530408973
"NEK11",-0.644043209709583,-0.358766176182056,1.00280938589164
"IQCC",-0.683479594418513,-0.319245837610743,1.00272543202926
"TNS1",-0.776345083873045,-0.225798706434261,1.00214379030731
"REX1BD",-0.792718474916441,-0.208882849911826,1.00160132482827
"MBP",0.81674300278198,0.184689623010756,1.00143262579274
"INHBB",0.789813359968303,0.211068514214464,1.00088187418277
"VPS13B",0.894508646298753,0.106348644362323,1.00085729066108
"SEC24D",0.84281562297716,0.157740836457306,1.00055645943447
"SMIM10L1",-0.861502920356591,-0.138758798202191,1.00026171855878
"PAK1",0.672511762070457,0.32727281756457,0.999784579635028
"SNAI1",0.966745181078193,0.0320758582565643,0.998821039334757
"LANCL2",0.378761124711453,0.619816589702756,0.998577714414208
"TCF7L1",0.898123127713236,0.100127288361839,0.998250416075075
"C1GALT1C1",0.49878748336475,0.498497781227825,0.997285264592575
"TUT1",0.745274694194994,0.251937185429169,0.997211879624163
"CNTROB",-0.96079093102815,-0.0362888923921139,0.997079823420264
"CHKB-CPT1B",0.879940153351457,0.116117777905187,0.996057931256645
"CIMIP2C",-0.0973407708236431,-0.898603187945264,0.995943958768907
"ZNF862",0.897343361395706,0.0973269578302103,0.994670319225916
"CHRNB1",-0.825518653797837,-0.168601355909966,0.994120009707803
"LRPPRC",0.757631631699166,0.236237457111972,0.993869088811138
"RBM4B",0.903821089607463,0.0899152876251224,0.993736377232585
"ARHGAP40",-0.479153167002389,-0.514383621983792,0.993536788986181
"SUGT1",-0.802578422912306,-0.190818373949561,0.993396796861866
"SH3BP5",0.628424786385205,0.364413640211466,0.992838426596671
"TBC1D20",0.987710633222581,0.00483506527636601,0.992545698498947
"UGP2",0.472291678657978,0.519390239797236,0.991681918455214
"SMG8",0.922183953332269,0.0690033725454011,0.99118732587767
"TBC1D12",0.952427028164928,0.0382667965168366,0.990693824681764
"TWSG1",-0.735794515847593,-0.254787053433675,0.990581569281268
"WDR26",0.566800107318878,0.423608982813521,0.990409090132399
"NCOA3",0.884977561431409,0.105427803933647,0.990405365365056
"FMNL2",-0.805614125397377,-0.184489269470434,0.990103394867811
"ZNF526",0.866625236885914,0.12295078838168,0.989576025267594
"PSMD11",0.727022500737823,0.260684360521625,0.987706861259448
"KLHDC8B",-0.858994931506855,-0.127909305919602,0.986904237426458
"LYRM4",-0.896918373394996,-0.0890927902639231,0.986011163658919
"TP53BP1",0.712385042238665,0.273553952204993,0.985938994443658
"MIA3",0.92282686819655,0.0628542285999574,0.985681096796507
"ADSS2",0.715302755293812,0.269172550252063,0.984475305545875
"ARMCX5",-0.698995087934043,-0.285267462979681,0.984262550913723
"FN3KRP",0.799906739336222,0.184305599869029,0.984212339205252
"ERI1",-0.777650830243739,-0.206285017073615,0.983935847317354
"GSTZ1",-0.983363815086537,-0.000264947493314072,0.983628762579851
"MIDEAS",0.376168082976956,0.607186744076813,0.983354827053769
"ATRX",0.853823776020795,0.128757166525503,0.982580942546299
"LMF1",0.949965303799888,0.0325417813683924,0.98250708516828
"BTBD6",0.546970317308476,0.434927336519762,0.981897653828238
"CLPSL2",0.785961781992775,0.194745712568303,0.980707494561079
"ERCC5",-0.825258785023007,-0.154911866724653,0.98017065174766
"WWOX",-0.817552237147434,-0.161751592592682,0.979303829740116
"RBAK",-0.621914467740914,-0.356978084134635,0.97889255187555
"LAMP2",0.697895539541646,0.280352687056174,0.97824822659782
"UBE2H",0.82925029044584,0.148903278761315,0.978153569207155
"RPS17",0.953362259199908,0.0243644801678329,0.97772673936774
"ZMYM6",0.78679888077248,0.190868033927905,0.977666914700384
"RAPGEF6",0.742694140624422,0.23491452656045,0.977608667184872
"AFTPH",0.749085401999618,0.228409995355769,0.977495397355386
"LUC7L2",0.896326040250538,0.0810818110561797,0.977407851306718
"PDZD2",0.697139673668103,0.279991154348471,0.977130828016573
"CCNL1",0.853096588306962,0.123812261878616,0.976908850185578
"GTF2I",0.752478476918522,0.224404778036172,0.976883254954694
"AARS2",0.575878804188817,0.400758965037071,0.976637769225889
"WDR83",-0.941640411057591,-0.034297170608113,0.975937581665704
"CUL9",-0.553208037598386,-0.422219522903877,0.975427560502264
"EID2B",-0.220262771807791,-0.75514978250855,0.975412554316341
"PTPN3",0.581524060248408,0.393613223738833,0.975137283987242
"BROX",0.71790752358023,0.25658947248685,0.974496996067081
"IDH2",0.786224953597737,0.187868626387331,0.974093579985069
"GRIPAP1",0.907901211108449,0.0657285639237424,0.973629775032192
"ABHD15",0.9517250538715,0.0213147243637266,0.973039778235227
"PDK2",-0.80036458733134,-0.172633489578972,0.972998076910312
"STAMBPL1",-0.557605690605608,-0.415224797817192,0.9728304884228
"MLX",-0.794883152983559,-0.177820387088641,0.9727035400722
"PIK3CB",0.57762781249094,0.394913607893947,0.972541420384887
"KIF16B",0.815455534350773,0.157001674135504,0.972457208486277
"ERMAP",0.82858066082847,0.143258760474837,0.971839421303307
"PIP5K1A",0.782343009261038,0.189256461525513,0.971599470786551
"KRT19",0.830308684353968,0.141044252098256,0.971352936452224
"NFKB2",0.526413744634968,0.444251009945565,0.970664754580532
"EIF2A",0.719839242725845,0.250653594440245,0.97049283716609
"SLC38A6",0.715004750284846,0.254882418561494,0.96988716884634
"SULT2B1",0.954758915363535,0.0147057703474687,0.969464685711004
"ARHGEF3",0.705233936117161,0.263107152897703,0.968341089014864
"PDIA5",0.812294434870908,0.156025803033636,0.968320237904543
"SPRED2",-0.214918017319893,-0.753168891361913,0.968086908681807
"CNOT6",0.532844810837756,0.435188153713607,0.968032964551363
"HIVEP2",-0.80054730703991,-0.166692353997145,0.967239661037055
"KDSR",-0.966400836984614,-0.000595064554040459,0.966995901538655
"RNF214",0.803721660155286,0.163241970665491,0.966963630820778
"CYP51A1",0.626983850927993,0.339978735518564,0.966962586446557
"SLC43A2",0.698014594352524,0.268861822827965,0.966876417180489
"BRAF",0.89655366806962,0.0699403812565036,0.966494049326124
"TMEM192",0.779632420705387,0.186454693824981,0.966087114530368
"FASTKD3",-0.908547669589927,-0.0563375893014211,0.964885258891348
"MAML1",0.712980705090544,0.251561201210154,0.964541906300697
"PKNOX1",0.769447221322989,0.194589406543861,0.96403662786685
"KCNK6",0.74381382798032,0.219848508751415,0.963662336731735
"SMYD3",-0.689450522034546,-0.274117100879695,0.963567622914241
"EPS8",0.616258139270959,0.34422262513496,0.960480764405919
"SCARB2",0.917703552624378,0.042269822284096,0.959973374908474
"TMEM62",0.904181975592086,0.0556916017881699,0.959873577380256
"CTF1",-0.547860487042733,-0.411683780224745,0.959544267267478
"PHETA2",-0.741698413301442,-0.217682024243445,0.959380437544887
"ABCG1",0.743165334821989,0.215402716381398,0.958568051203387
"LYRM1",-0.820089236756109,-0.137881895017829,0.957971131773939
"RNF19B",0.413113772862905,0.544005639920081,0.957119412782986
"CTNND1",0.78851264272989,0.168352276202167,0.956864918932056
"SP3",0.905930753304821,0.0509011689199665,0.956831922224787
"COXFA4L3",0.653353218514017,0.303465283327434,0.95681850184145
"ATG16L1",0.8919526396799,0.0648553925105473,0.956808032190447
"FAM120A",0.933336192913656,0.023234387413563,0.956570580327219
"NAA40",0.926444603091189,0.0299388775775586,0.956383480668748
"ZBTB24",0.374135409344978,0.581211237315715,0.955346646660693
"THOC2",0.675932510132056,0.279373713183745,0.955306223315802
"RND1",0.759885744871498,0.19416118870003,0.954046933571528
"PCNX1",0.44324811096617,0.510353652997772,0.953601763963942
"INTS1",0.872901898382701,0.080593056193873,0.953494954576574
"ALDH1B1",0.902811889639835,0.0506631561938899,0.953475045833725
"TNS2",-0.513966975577175,-0.439006922611863,0.952973898189038
"TRAPPC6B",-0.744313774551137,-0.208604277958464,0.952918052509601
"CIAPIN1",-0.937013870663879,-0.0148087429514652,0.951822613615344
"MYB",0.638452335240236,0.312845751300913,0.951298086541149
"SOX12",0.82108420119568,0.129570845332177,0.950655046527857
"MED13",0.838373122903254,0.111368321198379,0.949741444101633
"CDHR3",-0.800205714263016,-0.149172918034404,0.94937863229742
"MDN1",-0.895662133544811,-0.0535836316866494,0.949245765231461
"SNRK",-0.754438791152666,-0.194621863879489,0.949060655032155
"APOL2",0.575897441989132,0.372674603629595,0.948572045618727
"RBFA",-0.545621118210512,-0.402771457641715,0.948392575852227
"CCDC85B",-0.799241603445971,-0.149105197221672,0.948346800667643
"GULP1",-0.813995850611405,-0.133476390034282,0.947472240645687
"FOS",-0.189405137284981,-0.758051543566779,0.94745668085176
"CLCN3",0.535105650449377,0.412263466359377,0.947369116808754
"MYLIP",0.127222287273519,0.820090958719141,0.94731324599266
"SLC12A4",-0.699983919513029,-0.247150607929628,0.947134527442657
"STN1",-0.790884502878858,-0.155745717975564,0.946630220854422
"CTR9",-0.943294852044946,-0.00287598223640373,0.94617083428135
"MAPK10",0.637810662073397,0.307927973361607,0.945738635435004
"SLC25A36",0.691680221660285,0.253992850139644,0.945673071799929
"ST6GALNAC4",0.741830411519714,0.202116696886415,0.943947108406129
"RFNG",-0.872888677185184,-0.0708033487466011,0.943692025931786
"NCK1",0.733060620082277,0.210594006078391,0.943654626160668
"SLC25A28",0.225656040489825,0.717966293206583,0.943622333696408
"RUNX1",0.526125672420114,0.417193030526603,0.943318702946716
"SLC25A33",0.89661101492973,0.0466669391956538,0.943277954125384
"MTFR1L",-0.735078909114116,-0.208129525889422,0.943208435003538
"COPS7B",0.566133673758865,0.376625103177292,0.942758776936157
"KDM4C",-0.512195306283461,-0.430472408061397,0.942667714344857
"RRP36",-0.709536162619907,-0.23268765361185,0.942223816231757
"PLS1",0.87112788234585,0.0709609719449538,0.942088854290804
"CHMP4B",0.355119616002344,0.586810998037919,0.941930614040263
"OSBP",0.584119885517187,0.357734332549798,0.941854218066985
"IP6K1",-0.764443508562581,-0.177351190930787,0.941794699493368
"ATP8B2",0.00555410143697654,0.935019697159283,0.94057379859626
"PKN3",-0.912296188354316,-0.0280861693584171,0.940382357712733
"SHANK2",0.765276067934286,0.175081250089267,0.940357318023553
"C6orf120",0.935975267743913,0.00431372459503709,0.94028899233895
"ZNF559-ZNF177",-0.678791400553298,-0.26145009808102,0.940241498634318
"TEN1",-0.696302171506289,-0.243908485425266,0.940210656931556
"CARS1",0.881149871798674,0.0589000523402392,0.940049924138913
"FBXO16",-0.787457466907713,-0.151935811931629,0.939393278839343
"GNPNAT1",0.853501381516148,0.085829984095299,0.939331365611447
"DUSP18",-0.645615386506939,-0.293125562008309,0.938740948515248
"DNAJC25",0.540897065387905,0.397493775364185,0.93839084075209
"ARHGAP42",0.449075874128002,0.48840084493543,0.937476719063432
"PAM16",0.79142868598414,0.145460609312217,0.936889295296358
"ZNF846",0.1079583224669,0.828334482779165,0.936292805246065
"LIMD2",-0.285482650575744,-0.649802867701496,0.935285518277241
"GLUL",0.60045791795575,0.334448156070087,0.934906074025837
"FRAT2",0.775096667764239,0.159551363494542,0.934648031258782
"C6orf62",0.266761707679481,0.667397309796632,0.934159017476113
"LRRC75B",-0.53120149574848,-0.402697307002328,0.933898802750808
"PPAN-P2RY11",0.887139264506886,0.046621570420986,0.933760834927872
"FAXC",0.660652911903677,0.272976819321103,0.93362973122478
"INPP4B",0.57671521893001,0.356632483298048,0.933347702228058
"EBLN2",0.712278440375113,0.221048235739425,0.933326676114538
"ZNF776",0.88395679762154,0.0490651185122868,0.933021916133827
"NCOA1",0.543402035400836,0.389599706919778,0.933001742320613
"ESRRA",0.6342050084461,0.298584885317709,0.932789893763809
"ZNF700",0.504291234972221,0.428026345222513,0.932317580194734
"KLF13",0.303071134995694,0.629140716800215,0.932211851795909
"UFL1",-0.712377547524704,-0.219541040444579,0.931918587969283
"STXBP4",0.782369510432234,0.149114137323742,0.931483647755976
"TMEM140",0.541313558095269,0.390019849921575,0.931333408016844
"RLIM",0.691865585536724,0.23915249024183,0.931018075778555
"DNAJA3",0.740258925043771,0.190448995419152,0.930707920462923
"RANGAP1",-0.888184919741829,-0.0417523779432223,0.929937297685052
"PLPPR2",-0.462160794379813,-0.46763509196304,0.929795886342853
"FRS2",0.730651917394426,0.19875172706482,0.929403644459247
"UNC13B",0.875379220309687,0.053707216647509,0.929086436957196
"MUTYH",0.756444520347618,0.172632199615705,0.929076719963324
"XXYLT1",0.689303726750215,0.239565201620074,0.92886892837029
"CEP41",0.600788388040127,0.327232469643934,0.928020857684062
"CTSD",0.374167116373853,0.553831290361487,0.927998406735339
"SLC35A3",0.620855166072493,0.306354547835873,0.927209713908367
"TIMP2",-0.535065023765954,-0.392091193395409,0.927156217161362
"JARID2",0.543270051858937,0.383630583614972,0.926900635473909
"ANKZF1",0.917811386411062,0.0089022637192393,0.926713650130301
"PHF23",-0.701067564574184,-0.224726833295729,0.925794397869913
"ZBTB11",0.902301155659277,0.0225344124788278,0.924835568138105
"BBS2",0.606562043335892,0.317946046429928,0.924508089765821
"MX1",0.819230638675863,0.105214011829718,0.92444465050558
"GLIPR1",0.470916775863146,0.453423134994132,0.924339910857278
"ZNF841",0.60313497424732,0.32101942826959,0.92415440251691
"BNIP2",0.742560430736615,0.18150971138165,0.924070142118265
"TRAF6",0.650793178553501,0.273023259342498,0.923816437895999
"ZFP36",-0.0858064163412235,-0.837558892924774,0.923365309265997
"LPIN2",-0.902091705893943,-0.0193020601646525,0.921393766058595
"COX11",0.814086594728939,0.107140675113267,0.921227269842205
"E2F4",-0.617029352622779,-0.304005515443492,0.921034868066271
"TRMT61A",-0.693433824745067,-0.227457775002952,0.920891599748019
"P2RX4",0.802911467699409,0.117954957202782,0.920866424902191
"ZBTB47",-0.406625669988208,-0.513651348374265,0.920277018362473
"BAP1",-0.789513136666089,-0.130722572164878,0.920235708830967
"PPAT",0.710423878422619,0.209352587685923,0.919776466108543
"GTF2H3",0.83764181011361,0.0818801664696078,0.919521976583217
"HSF4",-0.601211821968223,-0.317857969399146,0.919069791367369
"CLU",0.796600225636543,0.121798163213645,0.918398388850188
"SHMT1",0.373392082840467,0.544963896078813,0.91835597891928
"TRIM14",0.783372426124391,0.134945237716091,0.918317663840482
"PTPN18",0.868862802781422,0.048945933949013,0.917808736730435
"PNPLA4",0.90081970439098,0.0169122748433326,0.917731979234313
"NUAK2",0.719402058124117,0.198163853077073,0.917565911201189
"TEPSIN",-0.363913227273588,-0.553423870337331,0.917337097610919
"TDRD7",0.885454326441403,0.0311360119671562,0.91659033840856
"IRGQ",0.835898813184823,0.0805452610009896,0.916444074185813
"ITPRIPL2",0.905701838326926,0.0100285489388474,0.915730387265774
"ARL5B",0.651760292318789,0.263635216832821,0.91539550915161
"CCHCR1",-0.807377955117665,-0.10801046046891,0.915388415586575
"SGK3",0.763642761314812,0.151389636438877,0.915032397753688
"ATR",0.655014657728745,0.259471195318098,0.914485853046843
"GNB2",-0.665862410273706,-0.248555645188775,0.914418055462481
"SHROOM1",0.762121109239524,0.151092996412146,0.91321410565167
"MLF1",-0.446454773808899,-0.466610166416908,0.913064940225807
"ATL2",0.277499213798245,0.634720317654323,0.912219531452569
"CDC50A",0.571178461630762,0.341035531161559,0.912213992792321
"EFR3B",0.758767591057395,0.152859986108362,0.911627577165758
"CXXC1",-0.772751263791636,-0.13828576772206,0.911037031513696
"POP4",-0.746578061245983,-0.164153357275165,0.910731418521148
"SLC16A5",-0.351960386047772,-0.558155240971323,0.910115627019096
"RANBP6",0.524520892692376,0.385498010607636,0.910018903300013
"AGO3",0.66268421499181,0.247218260509385,0.909902475501194
"PDLIM7",-0.525222227054333,-0.384421730274364,0.909643957328697
"LRRTM2",0.377685025945509,0.531295542904543,0.908980568850052
"ARHGAP35",0.624059841194521,0.284355881238954,0.908415722433475
"SLC35G2",-0.82550841693056,-0.0816386626247709,0.907147079555331
"ZNHIT6",0.834030597964213,0.0730673186340107,0.907097916598224
"ACOT2",-0.642562582718913,-0.263915089620141,0.906477672339054
"RPP25L",-0.429230867351079,-0.476226815480675,0.905457682831755
"NHERF1",0.671173763897625,0.234176670831838,0.905350434729463
"ZNF90",-0.136814757805499,-0.76821050413333,0.905025261938829
"PDP1",0.865859037087621,0.0391438415169736,0.905002878604594
"GOLGB1",0.650794165535596,0.25381159019885,0.904605755734446
"TMEM181",0.397467663247644,0.507022146942635,0.904489810190278
"ZNF844",0.145459134091579,0.757807889836446,0.903267023928024
"PNPLA7",-0.788971937058748,-0.113952672105456,0.902924609164203
"EGLN1",0.442587327585608,0.459991010162215,0.902578337747823
"IL17RB",-0.830491556009169,-0.071490989899738,0.901982545908907
"DPP3",0.610972301740618,0.289903249197133,0.900875550937751
"ZC3H6",-0.622958068240232,-0.277491316020449,0.900449384260682
"CSNK1G2",0.889352463395763,0.00975493698811913,0.899107400383882
"EXOSC1",-0.809378900667194,-0.0891959720604056,0.8985748727276
"ABCE1",0.37619771064638,0.522261667977978,0.898459378624358
"BRWD1",0.707739631285524,0.190356186296756,0.89809581758228
"SBNO2",0.675591210408574,0.22232408085849,0.897915291267064
"POLR1D",-0.471686934877408,-0.426193706912676,0.897880641790084
"TGIF2-RAB5IF",0.712599903000777,0.184946093543163,0.897545996543939
"CSTF2",-0.693365432312035,-0.203957816425434,0.897323248737468
"DHRS1",-0.435548316864698,-0.461014663432938,0.896562980297635
"TFRC",0.432946334289913,0.463420733333079,0.896367067622992
"ZNF484",0.85145922447515,0.0447721093516869,0.896231333826836
"WASHC2C",0.735109556962492,0.160759139417156,0.895868696379648
"TMEM68",0.691286630130591,0.203777993531637,0.895064623662228
"NBPF11",0.761554530151859,0.13328405930773,0.894838589459589
"SLC39A11",0.553580082534975,0.341155749425272,0.894735831960247
"RIMOC1",0.799205575434733,0.095409791223132,0.894615366657865
"PFKP",0.659400476509016,0.233850951243783,0.893251427752799
"CASD1",0.722900818256276,0.170241364535993,0.893142182792269
"MAP3K9",0.607862732439793,0.285178893299438,0.893041625739231
"SH3YL1",0.644532352910251,0.248117140432695,0.892649493342947
"LCMT1",0.63777840445764,0.254576219785378,0.892354624243017
"TBRG4",-0.812142232638058,-0.0801286499200984,0.892270882558156
"HIBCH",0.80194202135482,0.0896611915521874,0.891603212907007
"MICAL3",0.447728650844425,0.443814504085187,0.891543154929612
"NUDT16",-0.764766036689505,-0.125569903450194,0.890335940139699
"PUS10",-0.488726617431064,-0.401560872342763,0.890287489773826
"ST7L",0.650101549066177,0.239114314605889,0.889215863672066
"ECPAS",0.486479249061691,0.402612136955322,0.889091386017014
"WARS2",0.856890091634645,0.0320262610038693,0.888916352638514
"RALGAPB",0.711301143345547,0.177465487025078,0.888766630370625
"TXLNG",0.773262251338956,0.115450402771012,0.888712654109968
"NUDT19",0.360204182427132,0.528363273197822,0.888567455624954
"ELAC2",-0.861063122274361,-0.0274454518525573,0.888508574126918
"IRF2BP2",0.676669353657511,0.21171919369596,0.888388547353471
"MAGI1",0.752051990176942,0.136205341785012,0.888257331961955
"CYTH1",0.53861697065839,0.34872995818464,0.88734692884303
"SAMD4B",0.82687818153899,0.0604033144386165,0.887281495977606
"TFB1M",0.179195091401081,0.707849331372696,0.887044422773777
"CCDC30",0.176633807477162,0.710039883840802,0.886673691317964
"TMEM265",0.765257245648031,0.121039785843418,0.886297031491448
"STAG2",0.558006034793174,0.328154593995455,0.886160628788629
"HDDC2",0.847592149844206,0.0385099111816487,0.886102061025855
"MSI2",0.867780397686207,0.0179909876418134,0.885771385328021
"NCK2",0.222306636611146,0.663104851970408,0.885411488581553
"ALAD",0.612912779155145,0.272357598380708,0.885270377535853
"RAP1A",-0.653639220800248,-0.231578222437955,0.885217443238204
"CCT6B",-0.474635448229743,-0.410484729244824,0.885120177474566
"TMEM214",-0.657922100712159,-0.226668693631429,0.884590794343588
"ZNF761",0.518684211426582,0.365082196646585,0.883766408073167
"USP53",0.85023489955771,0.0328024436928347,0.883037343250544
"DKK3",0.640268357656705,0.241925938212815,0.882194295869519
"ZNF404",0.552837454382441,0.32904857844858,0.881886032831021
"MOB2",-0.444288628730357,-0.43752969649693,0.881818325227287
"PARG",-0.43572843461,-0.444989061395057,0.880717496005057
"PPP1R18",0.818914109049066,0.0617551242451746,0.88066923329424
"NIBAN1",0.651002693928795,0.229607266683503,0.880609960612298
"GRB10",0.858246906979134,0.021121503282397,0.879368410261531
"PSD",-0.636334663118044,-0.242760499231828,0.879095162349872
"BRD8",-0.738425417964675,-0.140029790503122,0.878455208467797
"DFFA",-0.709972218031046,-0.16557898256073,0.875551200591776
"RECQL4",0.757153209100373,0.118196252075938,0.875349461176311
"PRPF38A",0.621034735328232,0.253892730143461,0.874927465471693
"ZNF135",-0.626002426483728,-0.247689721693315,0.873692148177043
"FLVCR2",-0.717177191414478,-0.15602935918855,0.873206550603028
"CHMP6",-0.795985204088695,-0.0770164496966252,0.87300165378532
"AIFM1",0.673053977331104,0.199592379261326,0.87264635659243
"CREB1",0.699973697335486,0.172533670080192,0.872507367415678
"MTERF1",0.779340124315309,0.0927287939738095,0.872068918289118
"ACSBG1",0.577110116305432,0.294639787704771,0.871749904010203
"RPL28",-0.531233326550289,-0.340363689352748,0.871597015903038
"TRPM4",0.788946480662345,0.0826054988946945,0.871551979557039
"STXBP5",-0.504655221846403,-0.366854069672649,0.871509291519053
"UQCRC2",0.804984608908547,0.0664145340057472,0.871399142914294
"RBMS1",-0.610456280308531,-0.260409441703397,0.870865722011928
"GHDC",-0.692403487294626,-0.17826980837466,0.870673295669286
"NUP42",0.441042595418499,0.427737513033109,0.868780108451608
"RPS6KB1",0.420972500743428,0.4477396342726,0.868712135016028
"ZNF275",0.253511063192996,0.614891890449439,0.868402953642436
"MOSMO",-0.612649046777039,-0.255622627040282,0.868271673817322
"ZNF217",0.626665470239238,0.241474254540496,0.868139724779733
"NR2F2",0.662678207182709,0.20495535921386,0.867633566396569
"RIT1",0.506659083091749,0.360851806963172,0.867510890054921
"RNF169",0.0644980732133025,0.802511296619012,0.867009369832315
"RIPK1",-0.708827314375557,-0.158066862674989,0.866894177050546
"SH3D19",0.712533210922401,0.154298162208774,0.866831373131175
"CLN5",0.717799361915215,0.14902504578269,0.866824407697904
"DYRK4",0.556963148226689,0.309516044223156,0.866479192449845
"BAG3",-0.707495865568338,-0.158921507021874,0.866417372590212
"LRRC42",0.791547340313945,0.0745568799643692,0.866104220278315
"EIF2S3",0.464751930659872,0.401275919821786,0.866027850481657
"ZNF621",0.743145675898476,0.122397160093201,0.865542835991677
"GM2A",0.674726964554032,0.190061670886942,0.864788635440975
"ZMAT3",-0.49703901583243,-0.367308594721459,0.864347610553888
"RPUSD1",-0.406845798051829,-0.457132694396813,0.863978492448641
"FCSK",-0.604184618413081,-0.259762113640117,0.863946732053198
"AQP3",0.338236725559293,0.525558974311344,0.863795699870637
"USP32",0.664191130353009,0.199578886067967,0.863770016420976
"TMEM117",0.367580060627494,0.496161797873874,0.863741858501368
"PHLDB3",-0.421568167426078,-0.442108485289356,0.863676652715434
"NCKAP1",0.352202935987592,0.510603254077662,0.862806190065254
"NLN",0.793037149990235,0.069596397975642,0.862633547965877
"TNS4",-0.215755960842475,-0.646595182721313,0.862351143563788
"SNRPA",-0.72018210135004,-0.142032657838082,0.862214759188122
"REXO4",0.532368058705781,0.329820712968072,0.862188771673853
"MAFG",0.363922895677017,0.49814860882216,0.862071504499177
"ZBED5",0.748540611483227,0.113340047418634,0.861880658901862
"ZC3H4",0.646664989636794,0.21472978337918,0.861394773015974
"DUSP11",0.322729419626119,0.538164779510828,0.860894199136947
"TSR1",0.537007809716908,0.323634646721453,0.860642456438361
"SNF8",-0.719814862179482,-0.140597314053302,0.860412176232784
"CARF",-0.763108472486195,-0.0971921790447035,0.860300651530899
"USP37",0.80775185191078,0.0522941892441398,0.86004604115492
"TRMT6",-0.765697539143042,-0.0943324619652826,0.860030001108324
"SYS1",-0.608433255361183,-0.251364853037514,0.859798108398697
"PYCR2",-0.32920061896222,-0.530540839549254,0.859741458511475
"RHBDD1",0.461142555058665,0.398537876883768,0.859680431942433
"ANXA11",-0.817598553201828,-0.0416081134345125,0.85920666663634
"ARHGAP21",0.216385806900482,0.642802266587045,0.859188073487527
"VPS13C",0.693851710775476,0.165118809524289,0.858970520299764
"PAN3",0.292923926718179,0.565976446677089,0.858900373395267
"MYC",0.794595143957764,0.0641081731088597,0.858703317066624
"CENPB",0.582320041349883,0.276103181687268,0.858423223037151
"CEP120",0.338099894829045,0.519938314748932,0.858038209577977
"RAP2B",0.793608253121875,0.06397749414805,0.857585747269925
"SEPSECS",0.299767642744597,0.557543223931192,0.85731086667579
"JPT2",0.657030211297818,0.199888306925559,0.856918518223377
"DERA",-0.722778324530377,-0.134089066519183,0.856867391049559
"TMEM127",-0.810684389395584,-0.0456997544541506,0.856384143849735
"ACTR8",-0.82147821406908,-0.0347801156257921,0.856258329694872
"RHOQ",-0.662082094693795,-0.194014153670455,0.85609624836425
"HSD17B4",0.832935095586089,0.022623159721483,0.855558255307572
"VSIR",-0.785434262824212,-0.069815566364519,0.855249829188731
"DDX49",0.532984644691573,0.322120533961714,0.855105178653287
"SMPDL3B",0.489945800372589,0.365095850419292,0.855041650791882
"HIP1R",0.799814569223099,0.0543395630967716,0.854154132319871
"LACTB",0.264706530908208,0.589311009976146,0.854017540884353
"ISCA1",0.795820331816628,0.0576591016828836,0.853479433499511
"HEATR6",0.518471812121796,0.334600721472425,0.853072533594221
"PIGL",-0.536456461716722,-0.316504425284303,0.852960887001024
"USP3",0.766275236563478,0.0864000503875708,0.852675286951049
"HINT2",-0.801523944543421,-0.0504771371988131,0.852001081742234
"MBOAT1",0.167082866483587,0.684713379853324,0.851796246336911
"RNF121",0.848281084778913,0.00266006746225322,0.850941152241166
"HLA-DMA",0.248785865736795,0.601936437725567,0.850722303462362
"GID8",0.753053264420378,0.0976248074559605,0.850678071876339
"ZFYVE16",0.450140579683749,0.400530364525427,0.850670944209176
"PHF8",0.8448959174485,0.00576847552561421,0.850664392974114
"POLE2",0.703565726835931,0.146538854588073,0.850104581424004
"MFAP2",0.684718583169847,0.165223452092083,0.84994203526193
"SETD4",0.811943093344604,0.0377929420859631,0.849736035430567
"RSKR",-0.459200109081207,-0.390121258430632,0.849321367511839
"PIGU",-0.657837123847852,-0.190440268464119,0.848277392311971
"CSNK2B",-0.57286783230629,-0.274495351810321,0.847363184116611
"HOXB2",0.620376041703951,0.22624347951671,0.846619521220661
"GRPEL2",0.529041894350608,0.316924770128236,0.845966664478844
"ANKRD12",0.258321748591168,0.587361034217095,0.845682782808264
"RERG",0.73295711346467,0.112363272476437,0.845320385941106
"KITLG",0.370379097559285,0.474852063792563,0.845231161351848
"TAS2R14",-0.783280226010629,-0.0617523138589977,0.845032539869627
"DEXI",0.671553187741013,0.172936382921521,0.844489570662534
"ZNF550",-0.765250955087061,-0.0789265902122764,0.844177545299337
"MAP3K10",0.032444786537682,0.811175230218707,0.843620016756389
"PUDP",-0.416042264511835,-0.427529250829489,0.843571515341323
"GOPC",-0.453185662179248,-0.390295572731805,0.843481234911053
"NAAA",0.812417593166564,0.0310357221717972,0.843453315338361
"ADH5",0.703014602564034,0.140384003285079,0.843398605849113
"LHFPL5",0.793339874509956,0.0499010461988978,0.843240920708854
"PASK",0.787952551319752,0.0549954159036452,0.842947967223397
"HES1",-0.427580916350704,-0.415210822384484,0.842791738735188
"CDKAL1",0.562230366426866,0.280105108176024,0.84233547460289
"SGSM2",0.697842776902076,0.144350539559301,0.842193316461376
"PARD3",0.629643510717016,0.212436367759051,0.842079878476067
"CEP131",0.729561237398098,0.11219593789586,0.841757175293959
"TMEM161B",-0.69550597665617,-0.145741031008007,0.841247007664177
"FOSL2",0.408923237115126,0.432312745158616,0.841235982273743
"STX4",-0.563552026337876,-0.277510044689127,0.841062071027003
"ZNF510",0.370126949386124,0.470310657633239,0.840437607019363
"ZNF726",0.70107390335233,0.13901782090333,0.84009172425566
"CHST12",-0.779373792450559,-0.0600032028847219,0.839376995335281
"SCCPDH",0.547426425570808,0.291865141562337,0.839291567133145
"VAV2",0.827309531084278,0.0119479416568096,0.839257472741087
"DGAT2",-0.829356397047551,-0.0098709489667419,0.839227346014293
"GTF2H2C",-0.825184663808416,-0.0132253668804515,0.838410030688867
"HYCC2",0.477497590223043,0.360233314681004,0.837730904904047
"ACD",-0.625315006805211,-0.212311388184736,0.837626394989948
"MICALL1",0.531771463220546,0.305650998532644,0.83742246175319
"TDRKH",-0.713810300251844,-0.123432975810183,0.837243276062027
"CARD19",-0.721130882674994,-0.116037686922824,0.837168569597818
"DCTD",-0.687444003156223,-0.149104397911276,0.836548401067499
"CASP8AP2",-0.817098694698843,-0.0192978578905589,0.836396552589402
"PPIH",-0.781002512699208,-0.0552737636130853,0.836276276312293
"ZNF439",0.427900181711111,0.408019728261961,0.835919909973072
"ZMYM1",-0.603146098401736,-0.232736292632381,0.835882391034117
"BCL9L",-0.343534734455077,-0.49224969054432,0.835784424999397
"RASSF7",0.531856753582185,0.303837698204224,0.835694451786409
"EFHC1",0.526568368077593,0.309083902553851,0.835652270631444
"MROH8",-0.807050049799317,-0.028287622673167,0.835337672472484
"ZNF134",0.521957652317774,0.313328400954607,0.83528605327238
"ZHX1",0.702962017837383,0.132109887890634,0.835071905728017
"ZDHHC6",0.515303847623191,0.319764680343931,0.835068527967123
"OSTF1",0.765804994088258,0.0685341881990835,0.834339182287342
"STK24",0.609637560096109,0.224549640909342,0.834187201005451
"VEZT",0.630610692836864,0.203337272692862,0.833947965529727
"TRUB1",0.82981280989211,0.00390993878823753,0.833722748680347
"EGFL7",0.715085591941093,0.117591686205248,0.832677278146341
"C7orf25",0.437260790033912,0.395185722663907,0.832446512697819
"TTC4",0.797244099318821,0.0343561842029487,0.83160028352177
"NKIRAS1",0.674129648406677,0.157378286384082,0.831507934790759
"CNOT10",0.532517897945635,0.298760306544063,0.831278204489697
"NISCH",-0.625502097174544,-0.205349296251351,0.830851393425895
"MOV10",0.471414259587907,0.359289267099974,0.830703526687881
"MCM9",0.648320274366597,0.182175635364213,0.830495909730809
"GPR160",0.758362485687452,0.0717163342528062,0.830078819940258
"TM2D2",0.514784465516879,0.315008958861553,0.829793424378432
"EOGT",-0.593041462912546,-0.23666010728599,0.829701570198536
"PPP4R3B",0.610996320612822,0.218592869948202,0.829589190561023
"TMEM208",-0.588168922818888,-0.241157300123622,0.829326222942511
"TPGS1",-0.69427835438172,-0.134684384440964,0.828962738822685
"TBL2",0.771886123513765,0.0566285133736928,0.828514636887458
"EPG5",-0.698342954281804,-0.129012767358684,0.827355721640488
"MYO9A",0.680494921462432,0.146734669993384,0.827229591455816
"ZNF8",0.579833248849614,0.247372353335109,0.827205602184723
"RLF",0.441384698942506,0.384787217740768,0.826171916683274
"TERF2",-0.490000721639978,-0.336160692478833,0.826161414118811
"SLC31A2",-0.721796084080032,-0.104162684656014,0.825958768736046
"APOOL",0.390543720605383,0.435332659271631,0.825876379877013
"S100A6",-0.418164108851117,-0.407528273831684,0.825692382682801
"TLE1",0.765406179338265,0.0602779761159047,0.825684155454169
"BRCA1",0.657729581024395,0.167423351060207,0.825152932084602
"REPS1",0.599228304487069,0.225477369675999,0.824705674163068
"SMG6",-0.745082980794557,-0.0793997209781168,0.824482701772673
"GRHL1",0.600755410235778,0.223438457729477,0.824193867965255
"PRRC1",0.594685607508891,0.228781319903071,0.823466927411962
"NMT2",-0.632700444727192,-0.190643613112977,0.823344057840169
"TUBD1",0.680552094399137,0.142423997340618,0.822976091739755
"ARB2A",0.541997661545308,0.280798179800946,0.822795841346254
"PPA2",0.787829466423983,0.0349419538442239,0.822771420268207
"RTN2",0.661126986826734,0.1616301298362,0.822757116662934
"RPS26",-0.548679476902488,-0.273967471965795,0.822646948868283
"ZSCAN31",0.612902943094795,0.209625719954988,0.822528663049783
"EPB41L5",0.526477076342101,0.295529331313623,0.822006407655724
"LRRC8E",0.461255632954271,0.360740357568176,0.821995990522447
"ZMYM2",0.788170008181698,0.0334522128349319,0.82162222101663
"MSH5-SAPCD1",0.507428046611618,0.313873893690315,0.821301940301932
"RAP2C",0.652715075870617,0.168526806903159,0.821241882773776
"TPRG1L",-0.497880388709574,-0.323029803742108,0.820910192451682
"ARID1B",0.512630034384336,0.308172581632325,0.82080261601666
"NIPSNAP1",0.766997295227092,0.0526904639246082,0.8196877591517
"PGK1",0.639367653556612,0.180274689202266,0.819642342758877
"ZNF274",-0.48711096666843,-0.332434415529797,0.819545382198227
"NRP2",0.639992185517849,0.179263240958828,0.819255426476677
"CAB39",0.372657905665601,0.44634411609409,0.819002021759691
"TSPAN4",-0.64668117099183,-0.171166341125593,0.817847512117423
"CPQ",0.337774379304631,0.479934222128265,0.817708601432896
"TIPARP",0.284486683560551,0.531698435024342,0.816185118584893
"PLEKHA8",-0.7474301407176,-0.0674716932480671,0.814901833965667
"ZFYVE19",-0.63048914688901,-0.184135814294569,0.814624961183579
"SFXN4",0.765131815617642,0.0492901935570558,0.814422009174698
"NAA25",0.576538130326758,0.237868261391817,0.814406391718575
"RHOG",-0.679695338715533,-0.134528380372298,0.81422371908783
"KLF3",0.154079423254738,0.660128810229291,0.814208233484029
"PPP1CB",0.354673934155825,0.459458561257341,0.814132495413165
"HNRNPUL2",-0.551595738025105,-0.262386476112523,0.813982214137629
"SLC9D1",-0.58522398942718,-0.228408163159607,0.813632152586787
"PTK7",0.744048569192651,0.0690241357116053,0.813072704904257
"AGTPBP1",0.475313065251596,0.337482853888472,0.812795919140068
"RAB10",0.686926337657527,0.125712518727228,0.812638856384756
"BLZF1",0.598970223926322,0.213190796637004,0.812161020563326
"BIK",0.693991983556574,0.118090874265157,0.81208285782173
"ADI1",-0.773750077593915,-0.0381157918334569,0.811865869427372
"MIS18A",-0.753371034239706,-0.0584355805296948,0.811806614769401
"RABGAP1L",-0.786689660499731,-0.0250746033459661,0.811764263845697
"GPI",0.80001892659714,0.0114207003021924,0.811439626899332
"TRMT2B",0.723075662945314,0.087844653365984,0.810920316311298
"DNAJB12",-0.714630157631677,-0.0958869528821591,0.810517110513836
"PPCDC",-0.731158370704224,-0.0793154527760862,0.81047382348031
"PWWP2A",0.557979150222281,0.252481536614523,0.810460686836804
"SPAG9",0.528423559142665,0.281895678994426,0.81031923813709
"TEFM",0.615738764238677,0.194551898300999,0.810290662539676
"HMG20B",-0.729956867188974,-0.0795354861214017,0.809492353310376
"SUGP1",-0.712549982705308,-0.096720733270236,0.809270715975544
"AKAP1",0.565620558613956,0.243446341521644,0.8090669001356
"IL17RA",-0.678369282987999,-0.130652880255411,0.80902216324341
"PGAP1",-0.687058814294651,-0.121158687446963,0.808217501741614
"C11orf71",-0.598727970171316,-0.209326760993518,0.808054731164833
"STRN",0.34155469315297,0.465668762599325,0.807223455752294
"NSUN3",0.705058988314811,0.102037594433814,0.807096582748625
"MRPS27",0.540440022586044,0.266653255774829,0.807093278360872
"CABP7",0.740577006611269,0.0665153102145424,0.807092316825811
"FBXL8",-0.412304931479286,-0.394654617225111,0.806959548704397
"RAD18",0.598349236010896,0.20777806277921,0.806127298790106
"RYBP",0.434538340272029,0.37125163933538,0.805789979607409
"CABYR",0.593664637456443,0.212020675881357,0.8056853133378
"ERAL1",-0.62198369209243,-0.18367820190689,0.80566189399932
"GLMN",-0.345782761835889,-0.459563991332505,0.805346753168394
"ZNF548",0.545117846241795,0.260173219390317,0.805291065632111
"DMKN",0.739297270674037,0.0655771627516919,0.804874433425729
"PON2",0.558385114458092,0.246343382994866,0.804728497452958
"SNTB2",0.668085982178448,0.136499881856952,0.8045858640354
"CHMP1B",0.637466342343513,0.167049710658402,0.804516053001914
"DDX17",0.635949182514934,0.168560687421142,0.804509869936076
"AGFG2",-0.270780211701377,-0.533156498455266,0.803936710156643
"SSBP4",-0.607780918654005,-0.195878843019622,0.803659761673627
"VPS53",0.507030486952067,0.296512233126474,0.80354272007854
"PAXBP1",0.687292771850433,0.115209249660145,0.802502021510578
"AMIGO3",-0.752432698621671,-0.0500212551280201,0.802453953749692
"BRIX1",0.484530474009485,0.317607672941718,0.802138146951203
"KIF3C",0.648237885040376,0.153829956374417,0.802067841414792
"PTBP2",0.591112679992453,0.210820793565569,0.801933473558022
"SGPL1",0.361685850038285,0.440197849688099,0.801883699726384
"FNIP1",0.474187369931784,0.32755520745084,0.801742577382624
"DHX32",0.52443907596924,0.277195777261467,0.801634853230706
"MPHOSPH8",0.582963759236157,0.218651092575518,0.801614851811675
"MMAA",0.449536423330955,0.351781509595594,0.801317932926549
"POFUT2",-0.708614150497605,-0.0923083167015548,0.80092246719916
"SMG5",0.451298836095237,0.348060176038152,0.799359012133389
"RBBP6",0.453211846626899,0.345875937681746,0.799087784308645
"ZNF765",0.391333007084709,0.407562935407263,0.798895942491972
"VWA8",0.404250373493888,0.394464628593003,0.798715002086891
"ERBIN",0.196441097863767,0.602254933266435,0.798696031130202
"ARLN",0.742204277650518,0.0564856512767724,0.79868992892729
"KDM5A",0.565889701329866,0.232784229511628,0.798673930841494
"SCAF8",0.468802800456719,0.32971132291257,0.798514123369289
"IGF1R",0.794486015346443,0.00365824770306356,0.798144263049506
"ABR",0.768884080458414,0.0291624556338443,0.798046536092258
"RP2",0.565797026565884,0.232174051000349,0.797971077566234
"COTL1",-0.462151915954474,-0.335681864307634,0.797833780262109
"TNFRSF1A",-0.278694107884852,-0.518642515877882,0.797336623762734
"CES2",-0.614350811336411,-0.182671653463036,0.797022464799447
"DRAP1",-0.776120455748042,-0.0207882253779843,0.796908681126026
"JUN",-0.132159787333452,-0.664706752014281,0.796866539347733
"TST",-0.509834427819756,-0.286710324940522,0.796544752760278
"RBM27-POU4F3",0.485409535146267,0.310696126577158,0.796105661723425
"WASHC5",0.552875175245344,0.243102532822206,0.79597770806755
"TTC12",-0.724858751720552,-0.0710199103316178,0.79587866205217
"MTRFR",-0.573143199926173,-0.222128583073215,0.795271782999388
"KLHL9",0.584875215732969,0.210357850593373,0.795233066326342
"YTHDF3",0.595677131416122,0.199428652277342,0.795105783693463
"PLEKHG2",-0.0820798793039597,-0.712855222130083,0.794935101434043
"ZC3HAV1",0.650275282151341,0.144259479418403,0.794534761569744
"DAAM1",0.576604026249278,0.217779963783268,0.794383990032546
"TRAFD1",0.457127836488472,0.337200680462368,0.794328516950841
"TSR3",-0.418372591029089,-0.375725668466002,0.794098259495091
"SEZ6L2",0.769201522560352,0.0248030831214106,0.794004605681762
"NEDD4L",0.562507819705545,0.231286177242652,0.793793996948197
"TTC33",0.710659537840013,0.0831322016517158,0.793791739491728
"RRP15",0.603989295478294,0.189450908728122,0.793440204206415
"TRIM41",-0.525163596236908,-0.267804426792879,0.792968023029787
"KMT2C",0.521414713518123,0.270947687850052,0.792362401368175
"SYK",-0.597194617862275,-0.19471062842487,0.791905246287145
"PFKFB4",0.653081428627227,0.138473991649973,0.791555420277199
"POPDC2",0.741377867256196,0.0495909571012854,0.790968824357482
"SLTM",0.645823301608131,0.144765045050321,0.790588346658453
"CDKL5",0.745307924368064,0.0452425741506982,0.790550498518762
"TSPAN6",0.643513360774504,0.146778339234842,0.790291700009346
"PRMT9",0.404142355187978,0.385834625153878,0.789976980341856
"ZDHHC12",-0.71077263044269,-0.0785088305575847,0.789281461000275
"TACC2",0.477459856129283,0.311735355754486,0.789195211883769
"GRK4",0.599778911435437,0.189067449205926,0.788846360641363
"EIF4B",0.572026992618876,0.21631937369934,0.788346366318216
"NELFB",-0.787209389857447,-0.000899869109568741,0.788109258967016
"SMC3",0.411605100979384,0.375952529814928,0.787557630794312
"ELP4",0.414289697383569,0.373205983190342,0.787495680573911
"RAB15",0.717753068763048,0.0696217671848149,0.787374835947863
"METRNL",0.261002325193391,0.526024156498892,0.787026481692283
"ZNF79",0.487782318563915,0.29916580671282,0.786948125276736
"ZNF174",0.72021238914689,0.0666729183447741,0.786885307491664
"KLHL20",0.634700074457582,0.151426461282774,0.786126535740356
"DMPK",-0.469056249243686,-0.316792873209954,0.78584912245364
"RNF213",0.397635137533341,0.38790183993085,0.785536977464191
"TOPBP1",0.5525111702334,0.232667818977918,0.785178989211318
"DNAJC18",-0.290560706860715,-0.493822843759873,0.784383550620588
"NUP107",0.673011899461758,0.110731737004374,0.783743636466133
"TLCD3A",0.556945615261248,0.226188483187575,0.783134098448822
"TBC1D8",0.757613715789141,0.0254033328040624,0.783017048593203
"MREG",0.537921943849444,0.244877370561735,0.78279931441118
"ZBTB7C",-0.63644864778702,-0.146273176597077,0.782721824384097
"DNASE2",0.481429055991126,0.301132239184573,0.782561295175699
"CCDC32",-0.738646923198724,-0.0439001549010629,0.782547078099787
"OVOL2",-0.723046592699716,-0.0592824638756584,0.782329056575374
"STK17A",-0.407886226672166,-0.374414250021752,0.782300476693918
"KTI12",-0.726772193310328,-0.0553922787387053,0.782164472049033
"SUDS3",0.564757873753484,0.217282532037451,0.782040405790935
"DTNBP1",-0.659757520728995,-0.122044446622978,0.781801967351974
"BORCS7",-0.745945351080404,-0.0353944738417802,0.781339824922184
"KLF12",0.423532954151104,0.357778080285294,0.781311034436398
"NAA35",0.578361712136172,0.202589638656166,0.780951350792338
"CCNK",0.748178752677217,0.032343680171854,0.780522432849071
"PBLD",-0.720827394330537,-0.0596268647527483,0.780454259083285
"TENT5A",0.0763659022522472,0.704002123571369,0.780368025823616
"AIRIM",-0.548726699559904,-0.231621354320319,0.780348053880223
"RAB3IP",0.630070588942635,0.149757887092798,0.779828476035433
"YARS1",0.54360473196321,0.235715255580613,0.779319987543823
"IL18BP",0.36223230906356,0.416989862117421,0.779222171180981
"IFT43",0.715104370513567,0.0639662497700959,0.779070620283663
"TMEM42",-0.442694460707877,-0.336023090687701,0.778717551395578
"OBI1",0.52805885871546,0.250291340702946,0.778350199418406
"AMT",-0.740389567968596,-0.0373209465581532,0.777710514526749
"CCNT1",0.761257777065632,0.0159057626330599,0.777163539698692
"RRAGA",-0.732003615703139,-0.0448885993482646,0.776892215051403
"PSEN2",-0.607499000055172,-0.169067441960468,0.77656644201564
"PPP6R3",0.382568458624711,0.393846363727132,0.776414822351843
"TTC9C",-0.710033619395958,-0.0657910112138476,0.775824630609805
"ATG4A",0.701112142380858,0.0745118411521535,0.775623983533012
"TUT7",0.5206412979522,0.254944081178912,0.775585379131111
"PGM3",0.361112838267307,0.414382882169526,0.775495720436832
"RTTN",0.471179992279219,0.303929877661559,0.775109869940777
"DNTTIP2",0.315628744205214,0.45863982710096,0.774268571306174
"EXO5",0.302148628178156,0.472117837344915,0.774266465523072
"TARS3",0.319870179084057,0.454312959264701,0.774183138348758
"CLHC1",-0.654752112986459,-0.119228986389178,0.773981099375637
"YLPM1",-0.643563410506852,-0.130250753017842,0.773814163524694
"TSPYL1",0.434972108999061,0.338770587440922,0.773742696439983
"SUMO1",0.527504315010855,0.245827652486809,0.773331967497664
"EXOC7",-0.592396154898493,-0.180846871990081,0.773243026888574
"DTX3",-0.0214591704142144,-0.751631433808519,0.773090604222733
"PTPRN2",-0.437383430867594,-0.335472670820688,0.772856101688282
"NPRL2",-0.644395760205813,-0.128212434459025,0.772608194664838
"COPRS",0.636403688105209,0.136060992222791,0.772464680328
"GOLGA3",0.673384003464804,0.0988440986856762,0.77222810215048
"DCUN1D3",0.643978562357706,0.128046722220614,0.77202528457832
"TMEM248",0.466651400245586,0.305326232018067,0.771977632263653
"TTC21A",-0.535560827688006,-0.23621297053708,0.771773798225086
"PRR19",0.68296764828544,0.0887049895045662,0.771672637790006
"GGA3",-0.66871103201583,-0.102002107453097,0.770713139468927
"RIMKLB",0.605976572839444,0.164057927908207,0.770034500747652
"ZNF92",0.0635634030469112,0.7058996775114,0.769463080558312
"UBL4A",0.724958873309661,0.0441180411800417,0.769076914489702
"ZNF888",0.756293858222211,0.0126278984412531,0.768921756663465
"ZNF695",0.177752954036554,0.591120908536721,0.768873862573275
"SPICE1",0.574113685478498,0.194611678551356,0.768725364029854
"NBPF15",0.268314576429201,0.499943257926902,0.768257834356102
"WRAP53",-0.759640774270424,-0.0082859023142241,0.767926676584648
"PACSIN2",0.677923221669863,0.0899108768643684,0.767834098534231
"STK35",0.538427366687381,0.228990855064822,0.767418221752202
"VCPIP1",0.250837107902536,0.516580893926628,0.767418001829164
"NPEPPS",0.191884780481571,0.575525945084263,0.767410725565834
"DOHH",-0.497269444582132,-0.270078100647769,0.767347545229901
"EFCAB10",0.220373008234829,0.546890554504842,0.767263562739671
"ZNF416",0.613796121054841,0.153065645673615,0.766861766728456
"ANG",0.305898157676985,0.460919386537663,0.766817544214648
"AK3",-0.524488485780644,-0.241855261474327,0.766343747254971
"VIPAS39",-0.194432572645994,-0.571773873222579,0.766206445868573
"ASB8",-0.449045776541563,-0.316818357865964,0.765864134407527
"SHROOM2",-0.738973106613017,-0.0265610448500042,0.765534151463021
"VASH1",0.608768981790469,0.156688535036928,0.765457516827398
"ARHGEF12",0.404683989575226,0.360101551575214,0.76478554115044
"RHBDF2",0.607935044385529,0.156835986790971,0.7647710311765
"LRR1",-0.707842079261513,-0.0564872354284986,0.764329314690012
"FAM234A",0.484768383591404,0.279430698324383,0.764199081915787
"BMPR1A",-0.646056157172369,-0.118096220090478,0.764152377262846
"BICDL2",0.702074692309631,0.0618039571290758,0.763878649438707
"INO80D",-0.549701283701352,-0.214090347795166,0.763791631496518
"SLA2",0.350559127065118,0.412629454604949,0.763188581670067
"CBX4",0.24361888886733,0.519543889876098,0.763162778743427
"ARID4A",-0.696933389368272,-0.0658665128392046,0.762799902207477
"INTS6",0.421241720866535,0.341387817966164,0.7626295388327
"SUZ12",0.173293435162134,0.588924157512555,0.762217592674689
"POR",0.684683092803542,0.0774948791501302,0.762177971953673
"PGLS",-0.659291935514915,-0.102878232713273,0.762170168228188
"ECM1",-0.582266972217841,-0.179802045354884,0.762069017572724
"PIGQ",-0.611341516946798,-0.150610925096178,0.761952442042976
"ALDH2",-0.324072685166674,-0.437606569072819,0.761679254239493
"MGAT1",0.716867833485948,0.0447483081502433,0.761616141636191
"C21orf58",-0.526608289836126,-0.234930282643962,0.761538572480089
"TMEM138",-0.67764846720483,-0.0837908940582937,0.761439361263124
"MICOS13",-0.529990208708031,-0.23141372789007,0.761403936598101
"DRC3",0.645909912307801,0.115465190786364,0.761375103094165
"ZNF281",0.369031876851462,0.391188452454548,0.76022032930601
"PNPLA6",0.650118530068037,0.110078955242839,0.760197485310876
"RNF40",-0.681287803734959,-0.078122918038158,0.759410721773117
"HBP1",0.550898267755471,0.208476784328957,0.759375052084429
"ACSL1",0.574541644573794,0.184715999357945,0.75925764393174
"CTCF",0.566099008264215,0.193035851561449,0.759134859825663
"TBC1D9",0.369472045296795,0.389324405035688,0.758796450332483
"DNAJC11",-0.601837447623476,-0.156947857312929,0.758785304936405
"KCTD3",0.395790462818493,0.362956262671482,0.758746725489975
"TMOD1",-0.438220907413622,-0.320212257913746,0.758433165327368
"SYDE2",0.0106275777546502,0.746783735814204,0.757411313568854
"RUFY3",0.355682808242848,0.401652771022918,0.757335579265766
"ANGEL1",0.608948718384166,0.148322162311029,0.757270880695196
"ZNF195",0.500722781926923,0.256155853090363,0.756878635017286
"RANBP9",0.585558233923924,0.17084868242308,0.756406916347004
"PRDM4",-0.746360361396821,-0.00988086081494899,0.75624122221177
"RSPRY1",-0.571988318006087,-0.183734094445191,0.755722412451278
"ADGRF3",-0.71716099715498,-0.0384886477568701,0.75564964491185
"UBE2F",0.475309431660586,0.280213740631559,0.755523172292144
"THOC5",-0.722524563117969,-0.0327714038516618,0.755295966969631
"NDUFB5",0.568668447458316,0.186387160056491,0.755055607514808
"SCFD1",0.664712528759295,0.09030731932484,0.755019848084135
"BTD",-0.680580833076738,-0.0741680675201408,0.754748900596879
"ROGDI",0.604491636792416,0.150149168692367,0.754640805484782
"ARID3A",0.631864565696223,0.122611137676831,0.754475703373055
"CAPN7",0.385739458952211,0.36828793744303,0.75402739639524
"CTSC",0.729192047830155,0.0247195616998406,0.753911609529996
"FBXO4",0.528926028884397,0.224633371594423,0.75355940047882
"CLASRP",-0.475721474084136,-0.277813344114515,0.753534818198651
"CHAF1B",0.686797920595053,0.0663363003051938,0.753134220900247
"ZNF606",0.66194384026216,0.0910816654628608,0.753025505725021
"RPRD1A",0.601242896181635,0.151489689294847,0.752732585476482
"SLC5A6",0.697540821565646,0.0550871979612024,0.752628019526848
"TRMO",0.61774517380056,0.134695946749419,0.752441120549979
"SPDYE3",-0.277959380605924,-0.474412781650244,0.752372162256169
"DSG2",0.377492980648694,0.374259957835076,0.75175293848377
"TET1",0.266772714267778,0.484276417243642,0.75104913151142
"CEP290",0.474397664215219,0.276488853067035,0.750886517282254
"PPP4R3A",0.47622480140507,0.274266641996818,0.750491443401888
"ZNF107",0.749744750449042,0.000714128734501385,0.750458879183543
"CUL2",0.169464976078324,0.580785116869366,0.750250092947689
"DRC4",-0.606618392379608,-0.143586232233683,0.750204624613291
"UCHL5",0.661029825665448,0.0889819734327739,0.750011799098222
"TCTN1",0.638808184652656,0.110141276554399,0.748949461207054
"SCFD2",0.654723977080855,0.093663444191515,0.74838742127237
"FLYWCH1",-0.67711199154681,-0.0710474359229032,0.748159427469714
"CDCA7",-0.744459207797494,-0.00336575644792791,0.747824964245422
"TGFBI",0.4982800075911,0.249343167957914,0.747623175549013
"DIS3L2",0.703619256788881,0.0437157373245287,0.74733499411341
"PARD6B",0.503079081349739,0.24348912744832,0.746568208798058
"PDPR",-0.693698733894917,-0.0524298882097449,0.746128622104662
"RCC2",0.672662714895802,0.0731967699334009,0.745859484829203
"PPIL3",-0.366265190223064,-0.379335130058325,0.745600320281389
"FBXO45",0.454747812885412,0.290674402766223,0.745422215651634
"SIRT1",0.567476216007209,0.177512324883031,0.74498854089024
"AGBL5",-0.591156116408236,-0.15378591333201,0.744942029740246
"RAB11FIP1",0.720989435495495,0.023875646371903,0.744865081867398
"TNFRSF10B",0.26769193990923,0.476637938382038,0.744329878291268
"APBA3",0.443049466053615,0.301046838386897,0.744096304440512
"SNW1",0.454488965285102,0.289187343204827,0.743676308489929
"CRLF3",0.56091701981533,0.1822082576895,0.74312527750483
"GAB1",-0.634153256121141,-0.108955908204361,0.743109164325501
"LRRC49",0.353903755481128,0.38900596448883,0.742909719969958
"MAST2",0.497544393633942,0.245300750138902,0.742845143772844
"S100A10",-0.518118156206246,-0.224659007974683,0.742777164180929
"NEURL4",0.0909886976666214,0.651211188913009,0.742199886579631
"GOLM1",-0.525114677281533,-0.216807288038882,0.741921965320415
"H6PD",0.558563639040126,0.182953741071377,0.741517380111503
"SMARCD2",0.685679771154302,0.0556275484390873,0.741307319593389
"NMNAT1",-0.343569393992876,-0.397501050278662,0.741070444271538
"SP4",0.144854965193033,0.596139426287729,0.740994391480762
"METTL17",-0.639583994734626,-0.101312869287414,0.74089686402204
"ARL6IP6",-0.611255406464309,-0.129562453920154,0.740817860384464
"KREMEN1",-0.564474153098539,-0.176261958023622,0.740736111122161
"ST6GALNAC6",0.600008070093994,0.140675588589323,0.740683658683317
"PCNX4",-0.727774362426988,-0.0128501256621472,0.740624488089135
"PPP4R2",0.512951378215341,0.227559138041908,0.740510516257249
"ARAP1",0.70472742891183,0.0356611782960083,0.740388607207839
"HAUS6",0.60883722511253,0.131383498911535,0.740220724024065
"NCAPH2",-0.60176251101854,-0.138370991981014,0.740133502999554
"VAMP5",0.341331790521852,0.398627659940541,0.739959450462393
"RPF1",0.450590076743024,0.28914708412748,0.739737160870504
"TPST2",0.524880995694418,0.214823892602531,0.739704888296949
"TUBA1C",-0.670116102329789,-0.0690018493470568,0.739117951676846
"NDUFS1",0.509289358099535,0.229342171280146,0.738631529379681
"ZNF417",-0.319080175589025,-0.419502677060287,0.738582852649312
"SLC44A3",0.678990968866852,0.0592719626141207,0.738262931480973
"CANT1",-0.605749809605117,-0.132004079115192,0.737753888720309
"SLC27A1",0.723538463297533,0.0141123015979852,0.737650764895518
"HSD3B7",-0.622274404039763,-0.113483225102699,0.735757629142462
"PXN",-0.711503207043555,-0.0242078945329283,0.735711101576483
"GCNT2",0.29255948651867,0.443047752752596,0.735607239271267
"PANK3",0.599183165425603,0.136326276747416,0.735509442173019
"BTBD7",0.618756137109959,0.116375725366123,0.735131862476081
"TMEM131",0.676967531697653,0.0581387666538928,0.735106298351546
"HIVEP1",0.68472314170237,0.0499800228612988,0.734703164563669
"C3orf38",0.355544262679619,0.379054876547534,0.734599139227153
"TYW1",-0.682481412705617,-0.0520391388092314,0.734520551514849
"MYH14",0.725804615941815,0.00814385050254796,0.733948466444363
"ZNF146",0.546295004782257,0.187605431274102,0.733900436056359
"ZC3H11A",0.480509044232176,0.253348965513286,0.733858009745462
"BTBD1",0.725914709588334,0.00767409339134062,0.733588802979675
"TMEM64",0.366182899345136,0.367244458083309,0.733427357428446
"GLRX",-0.364184838283837,-0.369158452091816,0.733343290375653
"METTL4",0.463992792262808,0.269100162648193,0.733092954911002
"ZBTB14",0.465569505146038,0.267475736354237,0.733045241500275
"TAX1BP3",-0.653458462672585,-0.0794640657219823,0.732922528394568
"ARFRP1",0.496435871909131,0.236475513539944,0.732911385449075
"TXNRD1",0.594690338861559,0.13809646456369,0.732786803425249
"SPINT1",0.665703113458322,0.0667924726937503,0.732495586152073
"PPP2R2D",0.418968596995024,0.312847993348104,0.731816590343128
"GBF1",0.328590831394845,0.402952315088273,0.731543146483118
"TNFAIP8L1",-0.72695910943007,-0.00429426648956266,0.731253375919633
"LRP5",0.582236141116596,0.14866892019202,0.730905061308616
"MED31",0.336137120983583,0.39460480963228,0.730741930615863
"PHF10",0.539362319158545,0.190844532857735,0.730206852016281
"CANX",0.478759525032801,0.251425364862487,0.730184889895289
"SLC38A7",-0.537621231170732,-0.192285615705838,0.729906846876571
"C17orf58",-0.526270608482411,-0.203534540960262,0.729805149442673
"FBXW11",0.53201275437552,0.197167752817275,0.729180507192795
"WRN",-0.550337891080488,-0.178820385843504,0.729158276923992
"LIN54",0.257239053737026,0.471592194572535,0.728831248309561
"ABCD3",0.257660487097786,0.471110756067319,0.728771243165105
"KCNJ14",-0.722029408197761,-0.00611375622855315,0.728143164426314
"FAM53C",-0.533324601933994,-0.194761310438776,0.728085912372769
"MTHFD2",0.400473416104299,0.327366783809807,0.727840199914106
"ATF6",0.511227264855609,0.216607301368426,0.727834566224035
"IVD",0.409206853139858,0.318515609326219,0.727722462466078
"PARP1",0.522794005976462,0.204547603515481,0.727341609491943
"ORC2",0.267612504027307,0.459700786526492,0.727313290553799
"TRIM32",-0.306121738316188,-0.420938251816801,0.727059990132989
"TMEM217",0.571154322127711,0.155452503968874,0.726606826096585
"MGLL",-0.413867710353385,-0.31269448819468,0.726562198548065
"NAA60",-0.442141407721779,-0.284068605043798,0.726210012765577
"BLTP3A",0.664427568105476,0.0614204191706595,0.725847987276135
"SNN",0.498700993987089,0.22655953555736,0.725260529544449
"PSEN1",-0.678879010221963,-0.0461482941058176,0.725027304327781
"TSC2",0.689533710027896,0.0353804096697843,0.72491411969768
"DNPEP",0.614989378913058,0.109824217398915,0.724813596311972
"FRMD6",0.436793578402808,0.287968218674583,0.724761797077391
"TBX1",0.315777314100137,0.4085657007193,0.724343014819437
"KCNN4",0.5258297651372,0.198050310355075,0.723880075492275
"NPHP1",0.701182936615724,0.0226393684323161,0.72382230504804
"HSPA4L",0.0959871522590521,0.627681435567236,0.723668587826288
"PUSL1",0.667400244223556,0.0559919274385292,0.723392171662085
"PDHB",-0.478005162585773,-0.245321407913825,0.723326570499598
"RASGRP2",0.459019925897641,0.26417708694382,0.723197012841461
"NR4A2",0.445934746474373,0.277071113447902,0.723005859922275
"SDC1",0.59340174418568,0.129340551188903,0.722742295374584
"ARL2BP",-0.666093884526185,-0.0563770684256104,0.722470952951795
"GATD1",0.52696786598684,0.195478145444131,0.722446011430971
"ZNF3",-0.529316089655292,-0.193110228214492,0.722426317869783
"MAP2K2",-0.477936148082066,-0.244293945941397,0.722230094023463
"MCOLN3",0.0633770342167352,0.658574882010487,0.721951916227222
"APTX",-0.644633317237398,-0.0773098130547467,0.721943130292145
"RWDD3",-0.484501992184769,-0.237370714444944,0.721872706629713
"HMGXB3",0.610844581192857,0.110810458530798,0.721655039723655
"PFDN6",-0.704956261482641,-0.0166118299801794,0.721568091462821
"LIMCH1",0.346716916679095,0.374649056197553,0.721365972876648
"PARP2",-0.529168335125371,-0.192143208806272,0.721311543931643
"ZKSCAN5",0.197734654896173,0.523232160569083,0.720966815465256
"TGIF1",0.18127527137068,0.539564154436649,0.720839425807329
"CLK4",-0.490760622366064,-0.229693272725534,0.720453895091598
"LTBP4",-0.625812813786863,-0.0946225635741333,0.720435377360996
"C1orf21",0.523610712344758,0.196758908827249,0.720369621172007
"DDX60",0.590639831919687,0.129702734793693,0.72034256671338
"NOC3L",-0.636938753251572,-0.0833684198860332,0.720307173137606
"SPOUT1",-0.555259963222982,-0.164811037407051,0.720071000630033
"HARS2",-0.68874226025078,-0.0310201493487448,0.719762409599525
"HIPK2",0.692500455461222,0.027114547673277,0.719615003134499
"SMIM3",0.35091289086784,0.3686683012651,0.71958119213294
"MKKS",-0.662393525532853,-0.0570698833327414,0.719463408865594
"CUL7",-0.700763009420274,-0.0180427692605765,0.71880577868085
"EMC2",0.43335071820681,0.285260861946832,0.718611580153643
"OSMR",0.361876381537742,0.356397882223179,0.718274263760922
"TMEM14A",0.375282359451447,0.342906691084017,0.718189050535464
"TANC2",0.106155205570443,0.611340841374154,0.717496046944597
"CLOCK",0.353059812055581,0.364331480244067,0.717391292299647
"POLR2B",0.463950672285183,0.253314386816096,0.717265059101279
"PPM1L",0.314120467599138,0.402929787355008,0.717050254954146
"KLC3",0.461926201048678,0.254818647120874,0.716744848169553
"ALG8",-0.630271296773578,-0.0862870749915103,0.716558371765088
"DYNLT2B",0.582836510812711,0.133619092890001,0.716455603702712
"CDC42EP2",0.575448899686421,0.140666439577187,0.716115339263608
"ZNF276",0.652436180341694,0.0630408797231508,0.715477060064845
"IFI30",-0.0946919639294093,-0.620778844807296,0.715470808736705
"NFE2L2",0.32915157185418,0.386255494684145,0.715407066538326
"CENPS",0.418410107324662,0.296976311667017,0.715386418991679
"PSENEN",-0.541467786870108,-0.173851318638356,0.715319105508463
"NPRL3",-0.582485674354597,-0.1319829563265,0.714468630681097
"SMARCAD1",0.519371865731384,0.19503453155284,0.714406397284224
"CTBP2",0.689350193168124,0.025024674202796,0.71437486737092
"IRAK1",0.381831829356641,0.332458659310609,0.71429048866725
"TIMM21",0.122496536009347,0.590812656344713,0.71330919235406
"POLR1E",-0.686292975200362,-0.0266739265993179,0.71296690179968
"DDI2",-0.700718388232011,-0.0122138512523913,0.712932239484402
"PFKL",0.710269025985382,0.00102172399305278,0.711290749978435
"NAA15",0.374871035249267,0.336193293499056,0.711064328748324
"RRM1",0.24369101691001,0.467248746529586,0.710939763439597
"COPE",-0.635939975499666,-0.0749212858601389,0.710861261359804
"MIGA1",-0.604957889647988,-0.105452652194832,0.71041054184282
"PTDSS2",-0.372319993538976,-0.337734852249238,0.710054845788214
"OCLN",0.684202834834079,0.0258401335648846,0.710042968398964
"METTL6",-0.508095600301737,-0.20191848616961,0.710014086471347
"CRYZL1",-0.66313534712822,-0.0466603926165754,0.709795739744795
"LRRC41",0.651236199625599,0.0584713320410213,0.70970753166662
"ATPAF1",0.382455580439572,0.326343506886628,0.7087990873262
"C1orf226",0.50177524248633,0.206958642050413,0.708733884536743
"FBXL19",-0.265956273034381,-0.442295385958467,0.708251658992848
"ACYP2",-0.665491662739996,-0.0426824904721004,0.708174153212096
"ZNF124",0.161621147255049,0.546390519469723,0.708011666724771
"PEAK3",-0.634472504393718,-0.0734918847303199,0.707964389124038
"USP50",0.372871728476183,0.33457437149473,0.707446099970913
"NPIPB4",0.518930662720201,0.18849774117716,0.707428403897361
"CTSL",-0.389094499420947,-0.317368811315181,0.706463310736129
"GMEB2",0.56487947165186,0.141014457916817,0.705893929568676
"MMACHC",-0.685790695468147,-0.0199704247895847,0.705761120257732
"AKAP11",0.625988827356236,0.0790815256624593,0.705070353018695
"CCNH",-0.65371103093439,-0.0512042325433342,0.704915263477724
"C19orf33",-0.480976680439425,-0.22391982841558,0.704896508855005
"SERAC1",0.418782464756154,0.286045286442181,0.704827751198334
"RMND1",0.230773679142551,0.473756188066048,0.7045298672086
"TJP2",0.125418665881576,0.57889016938154,0.704308835263117
"RAB11B",-0.434636142665905,-0.2691896413594,0.703825784025305
"CHRAC1",-0.671132013226692,-0.0325117929724152,0.703643806199107
"ZNF91",0.377039505656576,0.326435846627754,0.70347535228433
"MDM4",0.447402890038024,0.255689847853476,0.7030927378915
"GPR39",0.374252024344355,0.328311833441547,0.702563857785903
"UQCC4",-0.146342507782726,-0.555771101396516,0.702113609179242
"RPS7",-0.641038871306735,-0.0609433805699773,0.701982251876712
"KAZN",-0.12718599613667,-0.57419076135288,0.70137675748955
"ZNF441",-0.0710471374869965,-0.62999195925786,0.701039096744857
"MPP7",0.0675153850940724,0.633278020219163,0.700793405313235
"PGRMC1",0.687779776797232,0.0128662121365233,0.700645988933755
"STK10",-0.693671789767782,-0.0069552920871141,0.700627081854896
"TMED5",0.174106726822227,0.526277066062284,0.700383792884512
"FGF2",0.495104407771834,0.205279249256521,0.700383657028354
"WDR33",0.551908089640318,0.148259925949955,0.700168015590274
"NSUN6",0.307826934367234,0.392307570158441,0.700134504525675
"MAL2",0.369975570352042,0.329316290784891,0.699291861136933
"ZNF646",-0.546677834766738,-0.152579556190843,0.699257390957581
"BPHL",0.57406971101867,0.124833310280102,0.698903021298772
"CAD",-0.180613940566357,-0.518287675213231,0.698901615779589
"ANAPC15",-0.616960221226672,-0.0817253958884692,0.698685617115141
"WDR59",0.145909993018215,0.55264705085842,0.698557043876635
"TDG",-0.608332228463894,-0.0895722409599813,0.697904469423875
"SRGAP1",0.531731836008386,0.16604162808017,0.697773464088555
"PGM1",-0.681173402529004,-0.0162948405506782,0.697468243079682
"SPRYD3",-0.41739749874659,-0.279713263760097,0.697110762506687
"COG8",0.534833410620094,0.162131480598865,0.696964891218959
"SNTA1",-0.523491388229954,-0.172263324323731,0.695754712553685
"DIABLO",0.582590919496742,0.112942522850836,0.695533442347577
"OAZ3",0.582942904655262,0.11243165550324,0.695374560158502
"SEMA4F",-0.646896433466928,-0.0482184928103835,0.695114926277311
"PSMA7",-0.650176521761287,-0.0447263231625126,0.694902844923799
"HSF2BP",0.409639537652246,0.285225461576192,0.694864999228438
"ZSWIM7",-0.68016667635746,-0.0145760159404826,0.694742692297942
"OAS3",0.658124714845633,0.0366155992834067,0.69474031412904
"IKBKG",-0.595173721602007,-0.0995182998391044,0.694692021441112
"MTRR",-0.473170584995526,-0.221488360275813,0.694658945271339
"SHOC2",0.380005821199629,0.314421557603489,0.694427378803118
"SCYL2",0.576272583287797,0.117977693583465,0.694250276871262
"EHF",0.551608511333056,0.142505186988966,0.694113698322021
"GPLD1",0.502701516417857,0.191138881426913,0.69384039784477
"SCP2",0.43679906565724,0.25688201849272,0.693681084149961
"USP6NL",0.3069860732225,0.386521877798253,0.693507951020753
"LATS1",0.183404526830256,0.510007458750159,0.693411985580415
"IDE",0.521816807104157,0.170585198709373,0.692402005813529
"IPP",-0.513772334406945,-0.178279304723325,0.69205163913027
"UBOX5",0.553175984244373,0.13867950146828,0.691855485712653
"TMEM120A",-0.539330055964085,-0.152295887518378,0.691625943482463
"MCMDC2",-0.648190049575279,-0.0433398236792321,0.691529873254511
"TRIP11",0.481691456400564,0.209136151502161,0.690827607902725
"AVIL",-0.243324047965281,-0.447400790697294,0.690724838662575
"NIPAL2",-0.187117789971072,-0.50349530815174,0.690613098122812
"FAM98C",-0.497546364283248,-0.192934131572621,0.690480495855869
"DOLPP1",-0.577707858485631,-0.112423124429124,0.690130982914755
"RBBP5",0.562795161435024,0.126773145128498,0.689568306563522
"ATG14",0.327845048233321,0.361634174413068,0.68947922264639
"PSME3IP1",-0.591547307633327,-0.0978343978452729,0.6893817054786
"LHFPL2",0.456311454038256,0.23274401713677,0.689055471175026
"SLC43A1",0.67823604634738,0.0106369587594903,0.68887300510687
"DENND4A",0.301174336148442,0.387586343444194,0.688760679592635
"DMTF1",0.625603058773379,0.0630569047801588,0.688659963553538
"AP2A2",-0.635238451989459,-0.0529278975947098,0.688166349584169
"ATP1B1",0.368058346355832,0.319086177292902,0.687144523648734
"MANEAL",-0.663868301830158,-0.0231419240012349,0.687010225831393
"GTF3C3",0.423218175845997,0.263665844115768,0.686884019961765
"SLC24A1",-0.564602939532138,-0.122113297121218,0.686716236653356
"NOLC1",0.500971466995727,0.18564983913314,0.686621306128867
"SEC24A",0.667599127215143,0.0188611419901799,0.686460269205323
"RASA2",0.334684232870627,0.3516576761745,0.686341909045127
"CEP350",0.324490479097364,0.361668803599903,0.686159282697266
"WBP1",-0.621497067797617,-0.0646275702956265,0.686124638093244
"SOCS7",0.668976327795721,0.0171087146505731,0.686085042446294
"RAB6B",0.445054538565282,0.240537494598983,0.685592033164265
"MAP1LC3B",0.414412930537242,0.270928774129021,0.685341704666263
"RBM15B",-0.516092751618173,-0.169084062499985,0.685176814118158
"SLC36A1",-0.462076537191173,-0.222442797978451,0.684519335169624
"TCEA2",-0.399148684948383,-0.285035880228794,0.684184565177177
"PEX14",0.52973459277058,0.154339566126039,0.684074158896618
"H1-2",0.535466603158499,0.148518632135882,0.683985235294381
"NUDT8",0.676471458090283,0.00740490552842754,0.683876363618711
"SPHK1",0.363583039198893,0.319653446537536,0.683236485736428
"PUM1",0.563008122463541,0.119331105159283,0.682339227622824
"STK3",0.620026361448377,0.0623053253996853,0.682331686848062
"ASXL2",-0.658246083696625,-0.0237232181925484,0.681969301889173
"AKIP1",-0.656517463080619,-0.0253125294750882,0.681829992555707
"AAAS",-0.350430660670683,-0.331247081135826,0.681677741806509
"TENT2",0.497983280911756,0.182890995019514,0.68087427593127
"TULP4",0.548684457765644,0.131638526418733,0.680322984184377
"IGFLR1",-0.389475869823721,-0.290528665357454,0.680004535181174
"ANKRD42",0.572700429433509,0.107056890731084,0.679757320164594
"FIRRM",0.478580871513267,0.200890686834827,0.679471558348094
"LAMB2",-0.554655007780796,-0.124634633363848,0.679289641144644
"BLTP3B",0.145968773825546,0.533280996426896,0.679249770252442
"CD2BP2",0.534365979512773,0.144190116073559,0.678556095586332
"SEPHS2",0.663879470737878,0.0145381712779056,0.678417642015783
"PARP9",0.388280944360531,0.289782178081079,0.67806312244161
"JMJD7-PLA2G4B",0.403493464640827,0.274458211577161,0.677951676217989
"WDR62",-0.667364910538621,-0.0101337626079858,0.677498673146607
"CCT4",-0.654848112337363,-0.0221041265387196,0.676952238876082
"MTERF3",0.614412056003716,0.0624373123211619,0.676849368324878
"HSPBP1",-0.597009437873343,-0.0785430210369702,0.675552458910313
"CELF1",0.423016753315369,0.252356009185355,0.675372762500723
"CZIB",-0.559613698407521,-0.11569622469997,0.67530992310749
"TBC1D22B",-0.558117093793849,-0.11719196735672,0.675309061150569
"PABIR1",-0.25632277841872,-0.418887556735935,0.675210335154655
"TMEM87B",0.506812690056491,0.168249047561149,0.67506173761764
"MIMS1",0.448296734288444,0.22664711942803,0.674943853716474
"FARP1",0.457576412558923,0.21714159092593,0.674718003484853
"APC2",-0.419092159922461,-0.255592165619687,0.674684325542148
"UTS2B",-0.351910840397354,-0.32263937973686,0.674550220134214
"USP33",0.537793803514091,0.136659623834812,0.674453427348903
"TFAP2C",0.568490362959804,0.105920128374302,0.674410491334106
"RBL1",0.577891134069759,0.0961899383441351,0.674081072413895
"PMS1",0.590285940435447,0.0835671914770799,0.673853131912527
"ZNF76",-0.549368375155682,-0.123989512510548,0.67335788766623
"KDM5B",0.662821930314104,0.00957980369961486,0.672401734013719
"DNAJC27",0.52992162483702,0.141676936902899,0.671598561739918
"ALKBH2",-0.55202869192654,-0.119536586619408,0.671565278545948
"BCLAF1",0.281043023162029,0.390071127196566,0.671114150358595
"STK11IP",0.600681990630659,0.0699173219439126,0.670599312574572
"ATRIP",-0.481760537096643,-0.188666018678319,0.670426555774962
"CLINT1",0.339540674299618,0.330832742134413,0.670373416434032
"SLCO4A1",-0.440697747579464,-0.229076562085678,0.669774309665142
"CAND1",0.592946919988903,0.0766718252892753,0.669618745278179
"SULF2",-0.372358098923212,-0.297112185020847,0.669470283944059
"CAPZA1",0.25131079554931,0.417873289006491,0.669184084555801
"ALKBH7",-0.4558187973462,-0.213234331067127,0.669053128413328
"FAM110A",0.485497632763935,0.183211654617638,0.668709287381573
"VPS50",0.323138904118299,0.345395588279563,0.668534492397862
"ZNF57",0.522427753051222,0.14546150983402,0.667889262885242
"PLCD3",-0.666253371518787,-0.001608125716408,0.667861497235195
"GAPVD1",0.328871954132486,0.338480067749901,0.667352021882388
"LRRC8B",-0.301951689383402,-0.365374553446592,0.667326242829994
"PDS5B",0.1910200328371,0.476249551587375,0.667269584424475
"VGLL4",0.54490937195868,0.12179278950114,0.666702161459821
"ZNF451",0.368498899359819,0.298174106062175,0.666673005421994
"TSFM",0.223803064471749,0.442704179101595,0.666507243573344
"AS3MT",0.418743545155633,0.247361167924836,0.666104713080468
"TAP2",0.601384183485295,0.0646081609901717,0.665992344475467
"SMARCC1",0.107247791858817,0.558556591769338,0.665804383628155
"MARCHF6",0.455537418934387,0.210039193772046,0.665576612706434
"NOL6",-0.558120928536943,-0.107095323044126,0.665216251581069
"TBC1D23",-0.610985913583812,-0.05381437031778,0.664800283901592
"INPP5B",0.42762526248551,0.237103978326541,0.664729240812051
"MCOLN1",-0.49206044578715,-0.172067886426452,0.664128332213602
"C1RL",0.656967428991976,0.0070898481935755,0.664057277185551
"U2SURP",0.191832503221527,0.4717437783888,0.663576281610327
"NT5C",-0.44275155048506,-0.220810364802521,0.66356191528758
"TOMM40",-0.549888420172995,-0.113593635075746,0.663482055248741
"ATP2B4",0.588927137486876,0.0741527562482691,0.663079893735145
"RIOK3",0.344979931543513,0.317909802444793,0.662889733988306
"MISO1",-0.541870795374394,-0.120900132814015,0.662770928188409
"SNX33",0.527815215935243,0.13474457953972,0.662559795474963
"HEATR5A",-0.606607792639988,-0.0559429335102779,0.662550726150266
"RCBTB1",0.207831567787051,0.454702238305408,0.66253380609246
"PLP2",-0.46754742494651,-0.194715190832262,0.662262615778772
"PLXNB2",-0.640205834289064,-0.022050536400533,0.662256370689597
"ATAD2",0.467517073861892,0.194532225250242,0.662049299112134
"SLC41A3",-0.505989384671421,-0.155680227856259,0.66166961252768
"GCC2",0.418159715589302,0.24348586992315,0.661645585512452
"INTS9",-0.26113463793502,-0.399337180894213,0.660471818829232
"METTL15",0.624283885067371,0.036152053341767,0.660435938409138
"STAT5B",-0.606822476462149,-0.0535954717594862,0.660417948221635
"TGFB2",0.345075249679906,0.315136137010719,0.660211386690624
"RPUSD4",-0.232723911373449,-0.427293754340759,0.660017665714209
"DSTYK",0.473140710019351,0.186389699063242,0.659530409082592
"NOC4L",-0.404033030157982,-0.255457216563732,0.659490246721715
"PDHX",0.601438483226437,0.0578211122374803,0.659259595463917
"MRPL52",-0.512417049026888,-0.146654394920617,0.659071443947505
"WWP2",-0.364894146113993,-0.294171122973518,0.659065269087511
"H4C16",-0.558513604257164,-0.100381933025582,0.658895537282745
"PTER",-0.529264131022682,-0.129631151078538,0.65889528210122
"SNX11",-0.612030837286776,-0.0466304296336082,0.658661266920384
"PFKFB3",0.640867227218609,0.0174429599265977,0.658310187145207
"ALG14",0.513849504643638,0.144299511600404,0.658149016244042
"ETFB",-0.470248941023876,-0.187842261643424,0.6580912026673
"VAMP8",0.442731015774523,0.214835506859584,0.657566522634108
"SLC35E1",0.35365865551073,0.30351716977309,0.65717582528382
"MAP4K5",0.142026607797228,0.514605423566085,0.656632031363313
"ZNF320",-0.445814290891888,-0.210759037500405,0.656573328392294
"USP16",0.33831061283666,0.318203885039616,0.656514497876275
"RPL35",-0.548645063405576,-0.107790902657715,0.656435966063292
"RCOR3",0.299533856608412,0.356701060155001,0.656234916763413
"ZNF703",0.320608681607642,0.335556234980785,0.656164916588426
"GMPPB",0.608835359498802,0.0469796268643057,0.655814986363108
"C5orf22",-0.345582663886046,-0.309167473294767,0.654750137180813
"CERK",-0.129537341232758,-0.524481946204368,0.654019287437126
"RALB",0.477867013685898,0.176116548334712,0.653983562020611
"KANK1",0.582909930526448,0.0709109634162319,0.65382089394268
"NLRC5",-0.29979701454253,-0.353736840149022,0.653533854691552
"CRY2",-0.586949677743237,-0.0664877577152359,0.653437435458473
"CSDE1",0.337535211209232,0.315685567096361,0.653220778305593
"CASP4",0.461717262812896,0.191194108828196,0.652911371641092
"MORC3",0.108896579042226,0.543793241194116,0.652689820236342
"L3HYPDH",0.10425469692923,0.548423382699093,0.652678079628322
"HMG20A",-0.388789995148763,-0.263884076001466,0.652674071150229
"ZHX2",0.629068184563933,0.0233943992024992,0.652462583766432
"CRKL",0.327820941474937,0.324532845353485,0.652353786828423
"DTD1",-0.591123857026792,-0.0608239386529146,0.651947795679707
"BLOC1S1",-0.442547239091853,-0.208531751828046,0.651078990919899
"DIP2C-AS1",0.172274775122896,0.478770665475262,0.651045440598158
"RRS1",0.464483730359828,0.186474055178946,0.650957785538774
"PDIA3",0.488286266703948,0.162564443785477,0.650850710489425
"ECI1",-0.573900002824361,-0.0758762180342822,0.649776220858644
"MIEF1",0.57590297855207,0.0733583385157077,0.649261317067777
"MED27",0.492899015653236,0.156116715813953,0.649015731467189
"TMEM126B",0.421469424702523,0.22731095482617,0.648780379528693
"ZNF696",-0.377404691114807,-0.270909625203246,0.648314316318052
"GREB1L",-0.578654822325028,-0.0696488062454443,0.648303628570472
"PYURF",0.511749187830135,0.136446688463264,0.6481958762934
"ATP6V0A1",0.582755447612782,0.065377430202791,0.648132877815573
"YIF1B",-0.644998692405022,-0.00296615908942677,0.647964851494448
"ITM2B",0.509041118376725,0.138738986976207,0.647780105352933
"BRCC3",0.312545060338599,0.334720115400687,0.647265175739286
"NFYC",-0.644467638169372,-0.00238437107757417,0.646852009246946
"MRPL32",-0.514267402258292,-0.132552255262254,0.646819657520546
"TMTC3",0.309492669671633,0.337255565175978,0.646748234847611
"ZFAND5",0.372140561825093,0.274314294497586,0.646454856322679
"BBS9",0.181107370781679,0.465312394133335,0.646419764915014
"TNIP1",0.394315646481736,0.251792229332594,0.64610787581433
"KDM2B",-0.509578210756677,-0.136455023259124,0.646033234015801
"HSBP1L1",0.301306443461264,0.344151879867295,0.645458323328558
"RBM14",-0.16270396619455,-0.482703622785997,0.645407588980547
"METTL22",0.532676119481724,0.11250549127036,0.645181610752084
"PDGFA",-0.517401399890628,-0.127235845557832,0.644637245448459
"PLEKHG4",-0.265315176551447,-0.378968099246427,0.644283275797873
"MTPAP",0.00674150418171848,0.637390246248363,0.644131750430081
"SNRNP70",0.579482950911189,0.064535014493182,0.644017965404371
"MNS1",0.395692140032865,0.248255126487536,0.643947266520401
"AHI1",-0.386728864670641,-0.257196138866755,0.643925003537396
"TLE3",0.461585397565634,0.181998150751537,0.643583548317171
"UBR2",0.527223042594048,0.116155128765103,0.643378171359151
"UAP1L1",0.604542300363743,0.0388194281672867,0.64336172853103
"PIAS4",0.539361869971457,0.103989452074178,0.643351322045635
"SAR1B",0.636230880531914,0.00670771182709906,0.642938592359013
"OBSL1",0.568371223796886,0.074515139437592,0.642886363234478
"SYNGR1",-0.322120567880342,-0.320747156656101,0.642867724536443
"ZNF674",-0.438848375574812,-0.203728380264545,0.642576755839356
"PYROXD2",-0.496603175988096,-0.145836234094823,0.642439410082919
"ZNF576",0.543636873553753,0.0976699929365465,0.641306866490299
"NDUFC2-KCTD14",0.513635801456828,0.127520076994601,0.641155878451429
"IZUMO4",-0.0333012738378704,-0.607678826581296,0.640980100419167
"ARL1",0.608411337563834,0.032539114047851,0.640950451611685
"CHST15",-0.544062748062676,-0.0967380604605474,0.640800808523224
"EIF4A3",0.466387086494564,0.174190440800357,0.64057752729492
"RAB30",-0.170414797138856,-0.470106111018556,0.640520908157412
"DDX6",0.381702354013816,0.258595406067271,0.640297760081087
"KHDC1",-0.636261018937482,-0.00397814196409652,0.640239160901579
"ATF7",0.627899340179475,0.0122864116217687,0.640185751801244
"RMI1",0.557692692947377,0.0824041335289007,0.640096826476278
"LRP11",-0.625890716735916,-0.0142026522576142,0.64009336899353
"CYB5R1",0.636857121574968,0.00309702781845989,0.639954149393428
"JADE2",-0.530848813070742,-0.1090877648071,0.639936577877843
"MKRN1",0.357778619374116,0.281929170504715,0.639707789878831
"LONRF2",-0.582450382314094,-0.0572494886735713,0.639699870987665
"TMEM184C",-0.601312173011454,-0.0380065013784661,0.63931867438992
"EPAS1",-0.194706968427691,-0.444423693926002,0.639130662353693
"DCPH1",0.365435143486477,0.273328830742733,0.638763974229209
"FTH1",0.427392189785504,0.211074117000228,0.638466306785732
"SMC1A",0.513124613517477,0.125202669541483,0.63832728305896
"ECD",0.507122389009036,0.130667810132217,0.637790199141253
"BCL2L11",0.216925986573301,0.420809754445097,0.637735741018398
"NUTF2",-0.604052874721951,-0.0332543349167738,0.637307209638725
"ZNF444",-0.0289355549406878,-0.608121427595088,0.637056982535776
"MORC4",0.559886915694949,0.0770718004973663,0.636958716192315
"USP40",0.213469080609331,0.423431955233207,0.636901035842538
"SLC26A2",-0.56389968893345,-0.0727076416608505,0.6366073305943
"SLC2A11",0.508797125392491,0.127769377047677,0.636566502440169
"MC1R",-0.00405657712263907,-0.632042958442868,0.636099535565507
"EPN2",-0.428575400903991,-0.206814702325358,0.63539010322935
"TRAPPC8",-0.482253512236833,-0.152814657167481,0.635068169404314
"TBL1X",0.359373666467437,0.274825365016074,0.634199031483511
"QTGAL",0.125885205872278,0.508198754680222,0.6340839605525
"SDHAF1",-0.252341934903319,-0.380769993936977,0.633111928840296
"L2HGDH",0.464049003941538,0.168827909825025,0.632876913766563
"MRE11",0.291314642991046,0.341496351605777,0.632810994596823
"IRF7",0.587207746170848,0.0456010679760723,0.63280881414692
"PML",-0.436080461057371,-0.196132495914239,0.63221295697161
"COLEC12",0.379282614121071,0.252547363419789,0.63182997754086
"SSBP3",0.282554179958851,0.349159913950361,0.631714093909211
"DHRS3",0.0619428036313368,0.569354264930749,0.631297068562086
"TRAF2",-0.359162595683853,-0.271996076716694,0.631158672400547
"RPL27",-0.516121053817827,-0.114713748780208,0.630834802598034
"AP5S1",-0.493999100662727,-0.1365459484346,0.630545049097327
"COLGALT1",-0.555466808039579,-0.0742725605182839,0.629739368557863
"RNF126",-0.530961445872952,-0.0986748084331346,0.629636254306087
"PPIL4",0.389843519052002,0.239770353809774,0.629613872861776
"RUVBL1",0.549482305332247,0.0800605665886094,0.629542871920856
"CDK7",0.617818277896633,0.0114842179539743,0.629302495850607
"FER",0.23341942759487,0.395561618055906,0.628981045650776
"RPS6KB2",-0.33959480980969,-0.288959918899303,0.628554728708993
"NUFIP1",0.579981886730176,0.0482792098752669,0.628261096605442
"BRPF3",0.439473501355007,0.188336633126312,0.627810134481319
"FASTKD5",0.327240726877671,0.300418553026461,0.627659279904132
"HS1BP3",0.313821797440963,0.313410964459948,0.627232761900911
"FZR1",-0.400006318559909,-0.226821418678319,0.626827737238228
"ESF1",-0.59766898604076,-0.0290535800832927,0.626722566124053
"CHMP7",0.303418021072475,0.323100393559046,0.626518414631521
"CYLD",0.0188466154860367,0.607600437780612,0.626447053266649
"BAZ2B",0.358731177059865,0.267643251513963,0.626374428573828
"SLC44A2",-0.554454103523952,-0.0718777354691209,0.626331838993073
"RPTOR",0.471478447581964,0.154731966756621,0.626210414338585
"ELOVL5",0.231314294562556,0.394286587980216,0.625600882542772
"TRAPPC1",-0.596974446933872,-0.0285347849530186,0.62550923188689
"MRPL49",-0.581939607360939,-0.0435399072511373,0.625479514612076
"HOXB3",0.241842228855855,0.383208652042161,0.625050880898016
"PPP2R5E",0.373640336899915,0.251288166639565,0.62492850353948
"PLIN3",-0.486103545391624,-0.138559062592972,0.624662607984596
"CCDC77",-0.439644760812726,-0.184957356817415,0.624602117630142
"ATP6V0C",-0.319654236100201,-0.304797343072662,0.624451579172862
"CHCHD4",-0.494229677771893,-0.130213066644465,0.624442744416358
"COMMD2",0.535106038633681,0.0889706092177054,0.624076647851386
"DDT",-0.487131065985025,-0.136640529209585,0.623771595194611
"RNF113A",0.372494177660641,0.251162662774234,0.623656840434875
"ARPC4-TTLL3",-0.52203694518724,-0.101441853730851,0.623478798918091
"DNAH7",-0.496644708759977,-0.126805579243456,0.623450288003433
"SNAPC2",0.159047120748549,0.464144837083464,0.623191957832013
"MTMR11",-0.180816822997139,-0.442223862173639,0.623040685170779
"PLPP3",0.152438598329326,0.470564575057438,0.623003173386764
"FSAF1",0.583696719791703,0.039273605465354,0.622970325257057
"TPRA1",0.426852946056377,0.195939057644956,0.622792003701333
"B4GAT1",0.193713051939852,0.428892520419248,0.622605572359099
"MFN1",0.525172990019535,0.0970093763112398,0.622182366330775
"RMND5A",0.13671258782398,0.485165714088376,0.621878301912356
"ZBTB7A",0.357021598285767,0.263471302415732,0.620492900701499
"THYN1",-0.445730459321447,-0.174743730058437,0.620474189379884
"RNF19A",0.579666414327336,0.0407982128954814,0.620464627222818
"SHISA4",-0.432209550116165,-0.187542326358838,0.619751876475004
"CEP57L1",0.09297139986188,0.526515533471754,0.619486933333634
"UPF3A",-0.617579506566613,-0.00182911151688137,0.619408618083494
"DNAJC15",-0.411191365839976,-0.208172607008457,0.619363972848433
"ABHD4",-0.387351927321437,-0.231258447253604,0.618610374575042
"RTL10",-0.488652811686562,-0.129487763635017,0.618140575321579
"DUSP5",-0.361934911370453,-0.256074983409263,0.618009894779716
"SKIC2",-0.45762954390627,-0.160227286383674,0.617856830289944
"ESPL1",-0.602926609145206,-0.0142001275594872,0.617126736704694
"TWF1",0.349563627562444,0.267290456439027,0.616854084001471
"PCYT2",-0.20652617731938,-0.409798202453492,0.616324379772871
"CAPN1",0.529988790863364,0.0863096665461045,0.616298457409469
"NIF3L1",0.438291498909662,0.17768227488478,0.615973773794442
"BICD1",-0.446541301801595,-0.169420297692457,0.615961599494052
"VPS36",0.346267768561636,0.269385244198164,0.615653012759799
"ABL2",0.28104585026364,0.334382879230461,0.6154287294941
"ARHGEF18",-0.49024282622707,-0.124915373173032,0.615158199400102
"STK38L",-0.606243007141701,-0.00887629841531368,0.615119305557015
"SLC35B1",-0.399220007123455,-0.215836531477358,0.615056538600814
"DDAH1",0.385680643531795,0.229076739390855,0.61475738292265
"NXT1",0.314856493310418,0.29985276528281,0.614709258593228
"GPATCH2L",0.424063550603035,0.190576767016021,0.614640317619056
"UHRF1",-0.551174065343914,-0.0633511309957866,0.6145251963397
"CFAP410",-0.425958506879973,-0.188539556269341,0.614498063149314
"TRAF3IP2",0.0776527607340891,0.53604038705097,0.613693147785059
"GPR180",-0.475283382276746,-0.138399362907322,0.613682745184068
"ZNF507",0.412369403775389,0.201097995388222,0.613467399163611
"GRK6",-0.388176375069893,-0.225253083127468,0.61342945819736
"RRAGC",0.111191557193186,0.502141186006944,0.61333274320013
"ATG2A",0.492412558155381,0.120701120708658,0.613113678864039
"AP5B1",0.282869681648578,0.330087638150736,0.612957319799314
"IQCE",0.352157448304166,0.260789247506248,0.612946695810415
"PSMD3",-0.436182891306784,-0.176603532309485,0.612786423616268
"TADA1",0.382318224622937,0.230342260426414,0.612660485049351
"HM13",-0.377411939080726,-0.235091446742576,0.612503385823302
"DHRS12",0.4143024259118,0.198149090642144,0.612451516553944
"MKLN1",0.325703315364115,0.286396313238269,0.612099628602384
"TTLL5",-0.432931655311005,-0.17882298287691,0.611754638187915
"DNAAF2",0.581756003275136,0.029628047621034,0.61138405089617
"ECSIT",-0.578838287920052,-0.0325449985279977,0.611383286448049
"SEC61A2",0.531696166254243,0.0795780611407988,0.611274227395041
"SYNE3",-0.443388097330064,-0.167859858547507,0.611247955877571
"G6PC3",-0.232469371834275,-0.378580325534061,0.611049697368336
"LAMA5",-0.439968752583087,-0.170825683693136,0.610794436276223
"NAE1",-0.441228258819315,-0.169521522335751,0.610749781155066
"CCDC71",0.280861819682464,0.329726666671371,0.610588486353835
"BNIP3L",0.408931155412317,0.200856074370167,0.609787229782484
"EPOR",-0.373506869000793,-0.236030189549686,0.609537058550479
"CPNE3",0.468520115050624,0.140931522320622,0.609451637371246
"KATNB1",-0.330841479141063,-0.278589960460939,0.609431439602002
"POLQ",0.236105731310628,0.37301884887608,0.609124580186708
"UBE2D4",0.441075584731447,0.167893350531755,0.608968935263202
"TBC1D2B",0.188162365673513,0.420577996515847,0.60874036218936
"TATDN3",-0.52225164519332,-0.0860046906955994,0.60825633588892
"SLC23A2",0.481492345614444,0.126655161987951,0.608147507602395
"EIF5B",0.447838250392487,0.159757485895221,0.607595736287708
"VAPA",0.375657238806061,0.231823899038997,0.607481137845058
"LAMTOR4",-0.47174483131267,-0.135679441358493,0.607424272671162
"ITGAV",0.0809248264956581,0.526261160333105,0.607185986828763
"EME2",0.568847118963345,0.0381811676509924,0.607028286614337
"PTGR1",0.597065051478255,0.00990481129348897,0.606969862771744
"MPPE1",0.531589424493641,0.0740825020835287,0.60567192657717
"KDM3A",0.47021462927772,0.13523832438525,0.60545295366297
"BMPR2",0.290268815119856,0.315060305897377,0.605329121017232
"DDX47",-0.530758234849471,-0.0745504398112367,0.605308674660708
"MRPS18A",0.405977054110331,0.199279121488948,0.605256175599279
"PABIR3",0.509622508484894,0.0955137522078564,0.60513626069275
"ARV1",0.5321684113303,0.0729121955672039,0.605080606897504
"PHF12",-0.326860549691949,-0.278060318515175,0.604920868207123
"RPL32",-0.541975158785792,-0.0629267898916321,0.604901948677425
"MGAT4A",0.449205265761706,0.155314497403905,0.604519763165611
"USP21",-0.108461996765345,-0.495602134857275,0.604064131622619
"RPL14",-0.538790906756931,-0.065037488290697,0.603828395047628
"TBC1D10A",0.254548070547295,0.349213593235089,0.603761663782385
"SENP3",0.22931778499374,0.374240063425034,0.603557848418774
"EIF5A",-0.528598904224497,-0.0747844003429128,0.60338330456741
"MORC2",0.595735414665876,0.00752056299612924,0.603255977662005
"ARMC5",-0.481541534171601,-0.12152743483275,0.60306896900435
"NOP58",0.384843376782145,0.217563512856775,0.60240688963892
"CNOT7",0.10611815958105,0.495934175007893,0.602052334588943
"RPAIN",-0.425273259232362,-0.176763894410612,0.602037153642974
"RPP25",0.593393183511783,0.00861758055094697,0.60201076406273
"SIN3A",0.29712213671228,0.30468387049967,0.601806007211951
"TXNRD2",-0.505169695231451,-0.0963962062060881,0.60156590143754
"HADH",0.581011200589781,0.0204516829933024,0.601462883583083
"SUPT3H",0.384310126736136,0.216977686968701,0.601287813704837
"ZNF32",-0.438608987934963,-0.162618554802924,0.601227542737886
"CTNNBL1",-0.501443024225038,-0.0990896931429601,0.600532717367998
"MEIOC",-0.272492738545297,-0.327960583612798,0.600453322158095
"AFG2A",-0.564234202865755,-0.0361733884097877,0.600407591275542
"ARMCX6",0.20812452664325,0.392194727292935,0.600319253936185
"VPS35L",0.467083029382447,0.132953613420452,0.600036642802899
"ZMYND19",-0.536185118541761,-0.0638164629202045,0.600001581461966
"LRRC14",-0.112103879136694,-0.487380658935026,0.599484538071719
"RELL1",0.301494693339186,0.297723865608602,0.599218558947789
"TAF6",-0.560539085199423,-0.0384995653906453,0.599038650590069
"MEX3C",0.227309759413373,0.371669052980784,0.598978812394158
"TMEM106A",-0.57663470001247,-0.0221838258502021,0.598818525862672
"IFT57",-0.433637529690149,-0.164582268689323,0.598219798379471
"DBR1",0.244557764601935,0.353539127092088,0.598096891694023
"VMAC",0.489461626628916,0.108518097775991,0.597979724404908
"ZSCAN32",-0.309593957558446,-0.288363798288341,0.597957755846787
"UPF3B",0.0136615556660953,0.584111782904604,0.597773338570699
"ANGEL2",0.410407769798314,0.187304695322755,0.597712465121069
"SMNDC1",0.360197996439016,0.237504078787084,0.5977020752261
"THG1L",0.494678831458287,0.102925206518893,0.59760403797718
"PIGB",0.484408418879842,0.112962458368974,0.597370877248816
"MARCHF5",0.490586851976976,0.106315376193144,0.59690222817012
"NARF",0.0657772383734976,0.531030337821977,0.596807576195475
"TOPORS",0.400598968335837,0.195916820566786,0.596515788902623
"BAZ1B",0.253240032691128,0.343208478935722,0.59644851162685
"ZCCHC3",-0.129779453951943,-0.466372874822854,0.596152328774797
"CWC27",0.047413390644186,0.54852404736996,0.595937438014146
"ZRANB3",0.0693714008403483,0.526168408240272,0.59553980908062
"KPNA6",0.137266301437086,0.458144363321121,0.595410664758207
"BAMBI",0.156573574089602,0.438815290263816,0.595388864353419
"POLK",0.44587678431965,0.149270314555495,0.595147098875144
"ARRDC3",0.146587260042328,0.447891868483469,0.594479128525798
"NAA30",0.265497009525206,0.328772765083346,0.594269774608553
"ZNF823",-0.490368138155589,-0.103843126319749,0.594211264475339
"SS18",-0.505913624842396,-0.088044351416058,0.593957976258454
"TREX1",-0.381140741326911,-0.212678021225645,0.593818762552556
"ZDHHC17",0.385339267453828,0.208386599233726,0.593725866687554
"MSH6",0.535199101501395,0.0583804189949246,0.59357952049632
"SERPINB1",-0.4528676848327,-0.140288802991381,0.593156487824081
"PEX5",-0.592061683424684,-0.00102460976349361,0.593086293188177
"OXR1",0.373424080082732,0.219125178547391,0.592549258630123
"SRPRA",-0.405948923194488,-0.186586992792066,0.592535915986554
"MOB3C",-0.0494616098757543,-0.542827201338015,0.592288811213769
"MRPL44",0.505074304276085,0.0867622143427811,0.591836518618866
"PLSCR3",0.422013190823386,0.169284064100427,0.591297254923813
"PLRG1",0.309418858485481,0.281801462126709,0.59122032061219
"SLC25A20",-0.381751531279067,-0.209208450402294,0.59095998168136
"ZBTB5",-0.58111483011513,-0.008866586883995,0.589981416999125
"GOLPH3",0.401412273907689,0.188421071595847,0.589833345503536
"C1R",0.391793020537931,0.197823451614032,0.589616472151963
"MRPL4",-0.359848366381247,-0.229686741287296,0.589535107668542
"TTC7A",-0.210844557544053,-0.378655883343614,0.589500440887667
"SRGAP2",-0.546628805579943,-0.0425674865005634,0.589196292080506
"FAM120C",-0.305669124841166,-0.283498263348554,0.589167388189721
"CLPTM1",-0.342664727282864,-0.246481484708895,0.58914621199176
"CIPC",0.443365581034422,0.145336643898817,0.58870222493324
"STYX",0.260580201763577,0.328102797539887,0.588682999303464
"ZMIZ1",0.568955960087297,0.0197131594982318,0.588669119585529
"CEPT1",0.339089967152688,0.249260693909497,0.588350661062185
"PHLDA1",-0.326036508174544,-0.262107016479934,0.588143524654478
"JMY",0.430160090292439,0.15773065718047,0.587890747472908
"ST14",0.408496990467161,0.178796144715347,0.587293135182508
"UTP25",0.398465342827153,0.188484929992467,0.58695027281962
"PLEC",-0.408545654988673,-0.178289973254344,0.586835628243017
"SLC38A1",0.399231945344813,0.187556896681605,0.586788842026419
"SECISBP2L",0.411609861566011,0.174785770731826,0.586395632297837
"BBS10",0.104709993675949,0.481397005126557,0.586106998802507
"VDAC1",0.500731355094034,0.0848296272814633,0.585560982375497
"RPS19BP1",-0.440251771990023,-0.145257277088738,0.585509049078761
"TSEN2",0.502917319668113,0.0825817028088758,0.585499022476989
"PTBP3",0.400056242821463,0.184834307240819,0.584890550062282
"TMEM25",0.465387925227697,0.11936651522123,0.584754440448927
"N4BP2L1",0.24804945888165,0.336329415825762,0.584378874707412
"ABCB6",0.424646684225983,0.159331336135969,0.583978020361952
"OVCA2",-0.565848452014941,-0.0179977114625043,0.583846163477445
"FA2H",0.493908642093647,0.0895941714132045,0.583502813506851
"PLEKHA7",0.308945044460218,0.274170310440355,0.583115354900573
"RCHY1",0.515229080547373,0.0678212426638347,0.583050323211208
"TSC1",0.212962399710478,0.369938120908955,0.582900520619432
"HMGCR",-0.440886478471256,-0.141705912163477,0.582592390634733
"ADAP2",0.238663126540563,0.343799888099924,0.582463014640487
"WDR7",0.480819809986868,0.101558285128046,0.582378095114914
"AP4M1",-0.197209519240993,-0.385075705885574,0.582285225126568
"PBX2",0.339539980661555,0.242478195678151,0.582018176339706
"C2orf42",-0.348181826865811,-0.233725046803893,0.581906873669704
"TMEM183A",0.538666778534422,0.0432029518343304,0.581869730368752
"MED22",-0.55939606455561,-0.0223075083504876,0.581703572906097
"PTEN",0.376634230646171,0.204835021841438,0.581469252487609
"EIF1B",-0.377953645860479,-0.203502845769999,0.581456491630478
"PKP2",-0.350542878375567,-0.230865713384604,0.581408591760171
"ZNF800",0.404292391675725,0.176943629202436,0.581236020878161
"PLSCR1",0.546836575308195,0.0343464228102306,0.581182998118425
"SIKE1",-0.38966404816444,-0.191350549438806,0.581014597603247
"DDX60L",0.452685893225227,0.127920299123695,0.580606192348922
"SEC22C",-0.50551043946718,-0.0749711882899033,0.580481627757083
"POLR3G",0.559113254121112,0.0212908265815621,0.580404080702674
"TSPAN31",0.547219753817852,0.0328347802241336,0.580054534041985
"MED1",0.499698851972084,0.0802419184255969,0.57994077039768
"INTS4",0.535015982860235,0.044630553032166,0.579646535892401
"ARHGDIA",-0.559090467370446,-0.0203603540758266,0.579450821446272
"RPS15",-0.492657543326656,-0.0855701641628013,0.578227707489457
"ZSCAN2",0.133469686956044,0.444227609732523,0.577697296688567
"TAF13",0.0980949098772301,0.479513237248764,0.577608147125994
"SLC35D4",-0.571349340640277,-0.00614399367988749,0.577493334320164
"FAR1",-0.340714442327797,-0.236639588322418,0.577354030650215
"MPHOSPH10",0.291041781965982,0.286072945501348,0.57711472746733
"CENPK",0.367378410717453,0.209496278856664,0.576874689574117
"CAPZA2",0.243512642142097,0.332959605944515,0.576472248086612
"NCS1",-0.276117107639345,-0.300277672566461,0.576394780205805
"UBR5",0.19906221342758,0.377310705110412,0.576372918537992
"MOCOS",-0.457541263366049,-0.118049685486334,0.575590948852384
"GLE1",0.552710820029032,0.0226333397398149,0.575344159768846
"GALC",0.364249087335106,0.210764842633852,0.575013929968958
"EEF1AKMT1",0.132974605995189,0.441977529255511,0.5749521352507
"UBE2E3",-0.400576996909839,-0.174356160764282,0.574933157674121
"CARS2",0.555558476207233,0.0193291362098509,0.574887612417084
"RPS21",-0.421554579266989,-0.153095890231283,0.574650469498271
"DMAC2",-0.222111317839827,-0.35233118757697,0.574442505416798
"CHP1",0.306357221005676,0.267521432085353,0.573878653091029
"XYLT2",0.554299715939558,0.0195663188161372,0.573866034755695
"SNAPIN",0.540853425106391,0.0329523197278538,0.573805744834245
"RPP30",0.0484941387664692,0.525220758475755,0.573714897242224
"MAGOHB",0.398206616553584,0.175504178567743,0.573710795121327
"NVL",0.289279614850405,0.284424677063393,0.573704291913798
"ELK3",-0.507185246916599,-0.0663063710034066,0.573491617920006
"C15orf61",-0.315110035956961,-0.258204727181179,0.57331476313814
"B4GALT4",0.503478711971882,0.0697461632276699,0.573224875199552
"SCMH1",0.507021657067375,0.0661069055489252,0.5731285626163
"PEX16",-0.499270056808964,-0.0736707212042385,0.572940778013202
"MAZ",0.487280655439764,0.0854644118663419,0.572745067306106
"CUL3",0.317140503709351,0.255442290835473,0.572582794544824
"PRKCI",0.492665856671659,0.0798616107938663,0.572527467465525
"GDAP1",0.288296017745735,0.284164989834387,0.572461007580122
"PRSS22",0.534827913043318,0.0376046622149859,0.572432575258303
"DYNC1LI1",0.391043043995597,0.181268631556856,0.572311675552454
"ATP11A",0.541410464683171,0.0306421129740295,0.5720525776572
"POLDIP2",-0.469364901840862,-0.102429164827615,0.571794066668478
"BTAF1",0.424002809422976,0.147715448493028,0.571718257916004
"GTPBP10",0.131933674199201,0.43923588312964,0.571169557328841
"DCAF13",0.466342557041543,0.104530540762929,0.570873097804472
"ENOSF1",0.352512153299138,0.218162454965928,0.570674608265065
"MARCKSL1",0.546433119482343,0.0233187796954688,0.569751899177811
"C4orf36",0.386669102879174,0.182333114034695,0.569002216913869
"MAP3K1",0.214676988884095,0.35414018794737,0.568817176831465
"POLRMT",-0.338641381635618,-0.230119112747995,0.568760494383613
"BFAR",-0.329981167398132,-0.238618998530308,0.56860016592844
"SLC25A10",0.383768462816335,0.184590697638705,0.56835916045504
"GPRC5B",0.419526769209102,0.148403085523312,0.567929854732415
"PIM3",0.0459408501694423,0.521500026874746,0.567440877044188
"NME1-NME2",-0.384025468124795,-0.18336432028366,0.567389788408455
"CEP135",0.00341914973160407,0.563767513959563,0.567186663691167
"CENPP",0.467345491271865,0.0994363135406862,0.566781804812551
"ANKRD40",0.235551151224308,0.331144819793845,0.566695971018153
"MOCS2",-0.347158802647648,-0.219475980052267,0.566634782699915
"PPIA",-0.355688654181877,-0.210586429789942,0.566275083971819
"RETSAT",-0.541620383538618,-0.024597018098155,0.566217401636773
"BAG5",0.507614120087582,0.0583369095659805,0.565951029653562
"STARD3NL",-0.512790556480812,-0.0529851829455845,0.565775739426396
"POP5",0.258871696198735,0.306676396409429,0.565548092608164
"SPATA20",-0.319252883413262,-0.246247898119089,0.565500781532351
"CRELD2",0.417338133669311,0.147771065845193,0.565109199514504
"PEX1",-0.392599913631602,-0.172076091772126,0.564676005403728
"EIF2B3",-0.374109481182058,-0.190564505257847,0.564673986439906
"RDH11",0.294585643889736,0.269446199398368,0.564031843288104
"SLC3A2",0.149539725513566,0.414385027089058,0.563924752602625
"WDR43",0.179515505711088,0.383983444361411,0.5634989500725
"CHIC2",-0.295545447399664,-0.267849489988552,0.563394937388216
"TACC1",0.260152800194416,0.303130715800235,0.563283515994651
"IFT22",-0.314140431588105,-0.249031065308273,0.563171496896378
"PYGO2",-0.400650235649292,-0.162162729062548,0.56281296471184
"EEIG1",0.345335600956995,0.21737026780417,0.562705868761165
"CDKN2AIP",-0.0251786326618424,-0.537497873668463,0.562676506330305
"COG2",0.43230747546499,0.130324507613399,0.562631983078389
"PHTF1",0.130433238412127,0.431524862874676,0.561958101286803
"USP47",0.158969392065534,0.402765547350864,0.561734939416398
"BORCS5",-0.073973156031395,-0.487368346909645,0.56134150294104
"STK40",-0.30502279439536,-0.256005189000561,0.561027983395921
"PDE7A",0.350678179171449,0.210059011449249,0.560737190620698
"CMTM4",0.24139094203154,0.319326821773681,0.560717763805221
"ARIH1",0.456176689525334,0.104485578321796,0.56066226784713
"ZNF616",0.453378369416113,0.107235967841023,0.560614337257136
"ZNF746",0.286674279110898,0.273282366528412,0.55995664563931
"MANBA",-0.0407306999275869,-0.519103328769055,0.559834028696642
"RAB1A",0.411803067408066,0.148021435792778,0.559824503200844
"CCDC50",-0.361123239194077,-0.198333663714767,0.559456902908845
"RASAL2",0.470486686149568,0.0888873723425876,0.559374058492156
"RHOA",-0.536905635204345,-0.0220574828380418,0.558963118042387
"CD151",0.369058037441161,0.189858053166379,0.55891609060754
"ACOT7",-0.496670470913623,-0.0620414648618457,0.558711935775468
"MTURN",0.444484031414689,0.114196474161528,0.558680505576217
"MRPL50",-0.550682070438243,-0.00724788641654861,0.557929956854792
"PSMC2",0.246213792269299,0.311716146013683,0.557929938282982
"CNDP2",0.388802451356029,0.168799636214156,0.557602087570185
"AREL1",0.556581575490983,0.00102020729428975,0.557601782785273
"FZD5",-0.16788412319437,-0.389649552221994,0.557533675416365
"ZMYM5",0.289408285363508,0.268078718757812,0.55748700412132
"NOL8",0.525929344239733,0.0314256812995697,0.557355025539303
"MIER1",0.204270551426599,0.35292260749307,0.557193158919669
"NPHP3",0.393801373283244,0.163309069570658,0.557110442853903
"C15orf39",0.183342354046279,0.373679033425114,0.557021387471393
"ZNF331",0.135278385131773,0.421707457285646,0.556985842417419
"PDIA6",0.312904918780151,0.243989760867752,0.556894679647903
"EIF4E",0.343355368062095,0.213262081383902,0.556617449445997
"BIRC6",0.490641703920569,0.0657000186421244,0.556341722562693
"GIGYF1",0.519289967600556,0.0369638427544978,0.556253810355054
"MFAP3",0.416085810605777,0.140141639432008,0.556227450037785
"TMEM256",-0.486958332172239,-0.0688795561252471,0.555837888297486
"LGALS3",0.54639618482107,0.00922236388322517,0.555618548704295
"ATP2A2",0.340626786220692,0.214967360848195,0.555594147068886
"TTC8",-0.207488556316985,-0.348020148447722,0.555508704764707
"KLF10",-0.215003028665462,-0.34028371029046,0.555286738955922
"HMCES",0.322477112165437,0.232617103372645,0.555094215538082
"CFLAR",0.206919820029612,0.348003681625483,0.554923501655096
"VAT1",0.3576887425646,0.19654658017234,0.554235322736941
"CALHM2",-0.0505362430180853,-0.503684605554476,0.554220848572561
"RPL29",-0.457205275754891,-0.0964737093104997,0.553678985065391
"CEP250",0.282567834447301,0.270930720926939,0.55349855537424
"ZNF160",0.256953021135939,0.296533354668099,0.553486375804038
"RABL6",0.333472499296664,0.219714057452785,0.55318655674945
"FITM2",0.131274605001087,0.421847937395123,0.55312254239621
"MFGE8",0.252364825493986,0.30053928858314,0.552904114077126
"OCIAD1",0.447885619327094,0.104661979574884,0.552547598901977
"MISP",0.521975342571031,0.0304996218942994,0.552474964465331
"KRTCAP3",0.380554239465574,0.171867979820708,0.552422219286282
"WASHC3",-0.505677049498118,-0.0466988582821193,0.552375907780237
"PPP3CC",-0.19429419978057,-0.358007672424655,0.552301872205224
"TMEM69",-0.461359052690183,-0.0907470445544876,0.55210609724467
"JAK2",-0.405940265977006,-0.145889824721967,0.551830090698973
"TUFT1",0.32353477265898,0.227969755310523,0.551504527969503
"AZI2",-0.488848751570326,-0.0624376679948639,0.55128641956519
"GMPPA",0.51256716202849,0.0386084478538526,0.551175609882343
"RNF168",0.41300363695423,0.13802917641626,0.551032813370489
"MRPL46",0.397182764858913,0.153668429418784,0.550851194277697
"ACOX3",0.479039347125043,0.0716409421674244,0.550680289292467
"RITA1",-0.528361884892464,-0.0221447860648762,0.55050667095734
"COPA",0.464413382523177,0.0858363044279518,0.550249686951129
"ANTKMT",-0.307910037470666,-0.242208015640164,0.55011805311083
"ZNF440",0.333709624899774,0.215766104301308,0.549475729201082
"IPO11",0.190064333331567,0.359381059377214,0.549445392708781
"GEMIN8",0.483400919133541,0.0660284082988891,0.54942932743243
"TBCA",-0.355990741516203,-0.192809914288119,0.548800655804323
"SMG9",-0.200684922840481,-0.348008329506238,0.54869325234672
"CAMSAP2",0.39974955309965,0.148155863356729,0.547905416456379
"TRIT1",-0.143942223875904,-0.402782255964245,0.546724479840149
"ABHD10",-0.482656866741056,-0.0639173348791866,0.546574201620243
"TMEM234",-0.253314931121864,-0.293201573448703,0.546516504570566
"RPS29",-0.477243094847454,-0.0688469282651338,0.546090023112588
"RABGGTB",-0.476991655572903,-0.0689645982680602,0.545956253840964
"THRB",0.138221278557988,0.407585731976854,0.545807010534842
"LEMD3",0.52691744981149,0.0187578202506913,0.545675270062182
"GLIS2",-0.261297528098084,-0.284366819376686,0.54566434747477
"ADAM17",0.437575442034717,0.107729614598884,0.545305056633601
"PKM",-0.447953659825512,-0.0971184429101264,0.545072102735638
"RNASEK",-0.432010798937435,-0.113047225561429,0.545058024498864
"PAQR6",-0.349010734393389,-0.195961633433439,0.544972367826829
"PRRC2C",0.235063779919866,0.309668977032675,0.544732756952541
"DYNC2LI1",0.485817096635438,0.058667050048649,0.544484146684087
"FANCG",-0.503982996590362,-0.0401059929999557,0.544088989590318
"ABHD12",0.385889043081068,0.157835735568782,0.54372477864985
"TAF1D",0.539852484208723,0.00380986438055064,0.543662348589273
"ZNF428",-0.198487849035917,-0.345152720249085,0.543640569285002
"PEX7",-0.25896564163423,-0.284626318291342,0.543591959925572
"RRP8",-0.34830925825627,-0.195150331103902,0.543459589360172
"USP24",0.110110316863496,0.433334866464465,0.543445183327961
"TADA3",-0.299253624563615,-0.243941191897377,0.543194816460992
"TAF7",0.5293538868562,0.0133481650411937,0.542702051897394
"LDLR",-0.331520898246541,-0.210999261654046,0.542520159900588
"SOX13",-0.209212183385234,-0.333260586873119,0.542472770258352
"TPST1",0.16314104032064,0.379330835106691,0.542471875427331
"GPRC5A",0.188686906009629,0.353583135893185,0.542270041902814
"DCTN1",-0.387148207938925,-0.155025803207466,0.542174011146392
"MGA",-0.442936366233549,-0.0991253348953034,0.542061701128853
"ZFAND3",0.480734642603346,0.0612433646344881,0.541978007237834
"LYSMD4",-0.51419438987677,-0.0276180627029072,0.541812452579677
"ZDHHC18",-0.520765998000655,-0.0201308400907401,0.540896838091395
"SERTAD3",0.239917133773974,0.30082931239641,0.540746446170385
"SMDT1",-0.308941489828955,-0.231551379179447,0.540492869008402
"NAF1",0.247407527038601,0.292763317585011,0.540170844623612
"RSL1D1",0.431506313581855,0.108241063242029,0.539747376823884
"ANP32A",-0.45006247159324,-0.0896269372788323,0.539689408872072
"MRPS31",-0.410837957612259,-0.128820276409069,0.539658234021328
"PARD6A",-0.0916261215051173,-0.447930218402625,0.539556339907743
"PSPH",0.371207920626452,0.168120545367326,0.539328465993779
"YIPF4",0.357609263935516,0.181608742637871,0.539218006573388
"ATG3",0.389171498278313,0.149611301151886,0.538782799430199
"SUPT5H",-0.202866009268149,-0.335784316918878,0.538650326187027
"THUMPD1",0.291499130030519,0.24706903744492,0.538568167475439
"EXT1",0.512799188607698,0.0256664746178714,0.53846566322557
"LRRC51",0.39314038682835,0.144600500679479,0.537740887507828
"RNH1",-0.492762628567432,-0.0447085373713154,0.537471165938747
"PGAP6",0.385270394374799,0.152074244689784,0.537344639064583
"PIGO",-0.192196562988211,-0.344883052182938,0.537079615171149
"ZNF587B",0.411347018811741,0.125536396436637,0.536883415248378
"NRP1",0.223939406791867,0.312810827174876,0.536750233966743
"RPS15A",-0.428568367854748,-0.107324645320926,0.535893013175674
"HSPA9",0.502814340303571,0.0330771803945202,0.535891520698091
"MFF",-0.531074660543781,-0.00395433048189098,0.535028991025672
"NDUFA11",-0.331258809896189,-0.203533192182842,0.534792002079032
"DOLK",-0.414888958925746,-0.119297575248099,0.534186534173845
"YEATS2",0.482458140522571,0.0514563590703281,0.533914499592899
"WDR70",-0.513600225870465,-0.0202941668158996,0.533894392686364
"LSMEM2",0.41731927708798,0.116349101152701,0.533668378240681
"TEX264",-0.406665474871922,-0.126874875966016,0.533540350837938
"RAF1",-0.444506743978403,-0.0888102355185092,0.533316979496912
"CRELD1",-0.410808290843013,-0.122446505851334,0.533254796694347
"OTUB1",0.449367874217472,0.0834822067004559,0.532850080917928
"MAGOH",-0.411508517074695,-0.120725089141009,0.532233606215703
"CCT2",0.470793111641311,0.0611770616247407,0.531970173266052
"NBPF1",-0.300818443679925,-0.23107266018717,0.531891103867094
"GSK3A",-0.0797136486137562,-0.452132593470971,0.531846242084727
"ZNF302",-0.503298775104785,-0.0275774793389294,0.530876254443714
"TMEM115",-0.467408549096466,-0.0630829364056735,0.530491485502139
"MBD4",0.2807727552525,0.249698759444002,0.530471514696503
"PIP4P1",-0.501596563972266,-0.0286820968121981,0.530278660784465
"SLC68A1",-0.489655914115843,-0.0404667036719424,0.530122617787786
"CAP2",0.0634153290798252,0.466401831181652,0.529817160261477
"USP1",0.116279915162568,0.4133472298503,0.529627145012868
"KIAA1671",0.453433818919015,0.0760351830733472,0.529469001992362
"CTPS1",0.227664089754353,0.301701998102385,0.529366087856738
"PRPF39",0.227418246409032,0.301877193411396,0.529295439820427
"CACNB3",0.476059022716182,0.0529042863735816,0.528963309089763
"PRKDC",0.321115625049463,0.207172921039682,0.528288546089144
"BBX",0.46583744009135,0.0619367028604163,0.527774142951766
"RNF31",-0.279423301329878,-0.247728137546057,0.527151438875935
"RXRA",0.355527314252408,0.171368616117122,0.52689593036953
"ZNF875",-0.364086763868876,-0.162298819884854,0.52638558375373
"GTPBP4",0.122308283479783,0.403849603722318,0.526157887202102
"FASN",-0.253548414621379,-0.272416804483367,0.525965219104746
"YPEL1",0.42475258133199,0.101112793826645,0.525865375158635
"PPT2",-0.394656349012618,-0.131186072727143,0.525842421739761
"PBDC1",0.223367993119569,0.301819912318494,0.525187905438063
"MRPS5",0.324239263876205,0.200019898580951,0.524259162457156
"REC8",-0.478809909442618,-0.045316162620828,0.524126072063446
"EIF2AK2",0.321236908218522,0.202798161502789,0.52403506972131
"SHISA5",-0.296037220168569,-0.227905110448425,0.523942330616994
"CTSB",0.245210399762044,0.278714497645965,0.523924897408009
"COP1",0.433690699495674,0.0898280858966194,0.523518785392294
"EHBP1L1",0.504206017231755,0.0192233718398382,0.523429389071593
"CRNKL1",-0.409011960983123,-0.114190186899418,0.523202147882541
"PKMYT1",-0.480343551824028,-0.04272255992566,0.523066111749688
"RBM27",0.220272113580099,0.302624985851009,0.522897099431107
"RIPOR1",-0.485988352730666,-0.0368286538732923,0.522817006603958
"ACTR6",0.402860009634055,0.11992080069855,0.522780810332605
"CDIP1",-0.485133639573968,-0.0375066318645403,0.522640271438509
"NIPA2",0.147150897386612,0.375417717620974,0.522568615007586
"MSH5",0.302250542732042,0.22014253414687,0.522393076878912
"VAMP4",0.414367359119022,0.107544508613298,0.52191186773232
"COA6",0.456629636684789,0.064726900926197,0.521356537610986
"PWWP3A",0.388851534653903,0.132171371823997,0.5210229064779
"TRAPPC10",-0.476327949920377,-0.0445857568151196,0.520913706735497
"TERF1",0.222642680983705,0.298112673416917,0.520755354400623
"NRAS",-0.503803232189435,-0.0169304791964402,0.520733711385875
"MUL1",0.312206566772246,0.208223914677343,0.520430481449589
"TMEM131L",0.494342464023162,0.0258142800634396,0.520156744086601
"PHF20",0.254671711573859,0.265478005828869,0.520149717402727
"LRSAM1",0.398711024205688,0.121412303032089,0.520123327237777
"CFL1",-0.424549674751747,-0.0954121637529912,0.519961838504738
"IMPA2",-0.422803002009892,-0.0970724050692438,0.519875407079136
"LARP4",-0.200040107015967,-0.319725578050467,0.519765685066434
"SACM1L",-0.355242928322246,-0.163985305997504,0.51922823431975
"PIK3R4",0.33754564660885,0.181348545668795,0.518894192277646
"BEX3",0.382172166707711,0.136327927450811,0.518500094158522
"USP25",0.49123528242571,0.0271054097604697,0.518340692186179
"SNX27",0.094492968476231,0.42383492906159,0.518327897537821
"MAGI3",0.152672697437665,0.365572368522501,0.518245065960166
"ZNF468",0.320526701825753,0.197058512663036,0.517585214488789
"RNF114",0.255555308735756,0.261863901327372,0.517419210063128
"TCHP",-0.49293308940661,-0.024405924182382,0.517339013588992
"CALCOCO2",0.394155474228145,0.122316481537192,0.516471955765337
"RPSA",-0.488225541847541,-0.028033747736135,0.516259289583676
"PRPF38B",0.375359277700148,0.140763707102332,0.51612298480248
"CETN2",0.329951039258465,0.186084509442687,0.516035548701153
"USP8",0.363626190492552,0.152294478984075,0.515920669476627
"LEPROT",0.20354958950356,0.31234357419642,0.515893163699981
"TMEM242",0.433332630111322,0.0822257810546074,0.51555841116593
"ZNF189",0.339562664091952,0.175949596050307,0.515512260142259
"PYGB",-0.430805388729692,-0.084482985075363,0.515288373805055
"GPR37",-0.460069432501434,-0.0552057624695284,0.515275194970962
"DIDO1",0.464514672892046,0.0507020725305987,0.515216745422645
"CHMP3",0.347340279306496,0.167862053164183,0.515202332470679
"WDR54",-0.400226904023933,-0.114558773749658,0.514785677773591
"MED9",0.0586198537268618,0.456096427231206,0.514716280958067
"ZDHHC23",0.364543341585045,0.15007004054377,0.514613382128815
"CIITA",-0.429693408739794,-0.0848436357774134,0.514537044517208
"EIF3F",-0.436286699377119,-0.0781697621713127,0.514456461548431
"PPP1R35",-0.331889789338606,-0.182457164782356,0.514346954120962
"GK5",0.350090725518896,0.164159159658284,0.51424988517718
"LIMS1",0.121946317161287,0.391853606627397,0.513799923788684
"NAGA",0.293331066307939,0.220041401580262,0.513372467888201
"HSPA2",-0.193578817546298,-0.319692286003807,0.513271103550105
"UBR3",0.383451174169032,0.129806813983613,0.513257988152645
"RSF1",0.25819895452453,0.254884471043213,0.513083425567743
"TVP23B",-0.507279437303876,-0.00573247731393911,0.513011914617815
"TAF1",0.279261421411989,0.233492109224747,0.512753530636736
"C8orf76",-0.352248649072951,-0.160421768743015,0.512670417815967
"AKAP8L",0.185765886911211,0.326793183288964,0.512559070200175
"MECR",0.496871025289551,0.0156425513411929,0.512513576630744
"KIFC3",0.185800177473613,0.326485675544183,0.512285853017796
"PCF11",-0.451374864893165,-0.0608212237900103,0.512196088683176
"MTF1",0.380749046158664,0.131169837610475,0.511918883769139
"DCUN1D2",0.106632230916126,0.40506217749805,0.511694408414176
"KLHL28",0.29343518648097,0.217720497810264,0.511155684291234
"SEMA4A",-0.343321518889882,-0.167386106668179,0.510707625558061
"FAM168B",0.160325064904192,0.350333380177724,0.510658445081916
"EMSY",0.302101654461474,0.208538239602652,0.510639894064126
"USB1",-0.298814002932701,-0.211785309370482,0.510599312303183
"CREB3L1",0.37819706280164,0.132400401827305,0.510597464628946
"EVA1C",0.394220144276291,0.115519181860366,0.509739326136657
"CAMK1",0.259404088773042,0.250087788165658,0.5094918769387
"PITPNA",-0.183511997242498,-0.325955171651324,0.509467168893821
"MAGEF1",-0.476385162804986,-0.0329814795426797,0.509366642347666
"SAT2",-0.372247900853706,-0.137026495151065,0.509274396004771
"SNU13",-0.463523854512909,-0.045506730754628,0.509030585267537
"ANKRD54",-0.483745186982109,-0.0252517125411194,0.508996899523228
"CILK1",0.309044620700626,0.199939021565267,0.508983642265893
"WEE1",-0.271677901608517,-0.237233013875449,0.508910915483967
"SKP1",0.290546924292412,0.218324638925482,0.508871563217895
"GALM",-0.262162357792957,-0.246533315337736,0.508695673130693
"TRIO",0.170108776089346,0.338529334106243,0.508638110195589
"URM1",-0.492495067738056,-0.0159553701413353,0.508450437879391
"METTL14",0.369233524433326,0.13899765677736,0.508231181210686
"TNFRSF12A",-0.363540422562377,-0.144649868295504,0.508190290857881
"C9orf85",-0.112004651189984,-0.395930872668115,0.507935523858099
"PMM2",0.23618176182381,0.27166957607673,0.50785133790054
"STX16",0.441778868420423,0.0659724681681197,0.507751336588543
"EIF4A2",0.384776403431342,0.122950329249455,0.507726732680797
"ELOVL6",0.267765618866739,0.239426786996312,0.507192405863051
"SDE2",0.373517403092515,0.133629893289529,0.507147296382044
"TRIM7",-0.261144635761482,-0.245943547535698,0.50708818329718
"ASH2L",0.257586672453621,0.248482422991041,0.506069095444661
"SDHAF4",0.292705946945683,0.213275064845415,0.505981011791098
"SLC7A1",-0.468723038070606,-0.037147485096396,0.505870523167002
"EIF1AX",0.390484924560118,0.11522266913469,0.505707593694808
"ANXA1",-0.311465793579391,-0.194183690125678,0.505649483705069
"KRI1",-0.42306429511537,-0.0825303511251789,0.505594646240549
"RPLP2",-0.417846875794901,-0.0874436706092112,0.505290546404112
"EIF6",-0.311946366143085,-0.193336508487961,0.505282874631046
"SIRT7",0.361233966077832,0.143997539659384,0.505231505737216
"MED20",-0.461384532878069,-0.0437164321621815,0.505100965040251
"SHFL",-0.430059303728858,-0.0749085786837123,0.50496788241257
"BOD1",0.323902432977002,0.18101920557112,0.504921638548122
"STBD1",-0.233254817121712,-0.270658883140122,0.503913700261834
"APOBEC3F",0.390291067078331,0.113511776217295,0.503802843295626
"CDC26",-0.488776626977685,-0.0149839714087054,0.503760598386391
"CFAP119",-0.290174109195003,-0.21320759475291,0.503381703947912
"ANO10",0.315895951714798,0.187446236864895,0.503342188579693
"DOT1L",-0.468891220537208,-0.0342581021659543,0.503149322703162
"C17orf75",0.28436738279639,0.218723172728626,0.503090555525016
"AHCYL1",0.187159238974353,0.315777742207431,0.502936981181784
"HAPSTR1",0.251642062773946,0.251246979666082,0.502889042440028
"PARN",0.34781488711759,0.154579326700875,0.502394213818465
"KCP",-0.417815308439623,-0.0844646805001559,0.502279988939779
"POLR3D",0.456915420879092,0.0452388103533607,0.502154231232453
"PAF1",-0.201474828345417,-0.300643933214412,0.50211876155983
"NPLOC4",0.416837144948965,0.0851097709654116,0.501946915914377
"TRIP6",-0.357139098531296,-0.144539577678262,0.501678676209558
"STAM2",0.249007531240917,0.252503498171382,0.501511029412299
"CELSR3",-0.0994956929844122,-0.401973476138987,0.501469169123399
"HSPA14",0.0654480311536831,0.435957078990219,0.501405110143902
"SLC27A4",0.245731713658613,0.255629391963906,0.501361105622519
"DPP9",0.263916951013455,0.237243517087405,0.50116046810086
"BLOC1S6",0.289746718569767,0.211264807895502,0.501011526465269
"INTS13",0.0734582656852387,0.427355534638681,0.50081380032392
"PHF3",0.323089486834929,0.177578645466181,0.50066813230111
"SPSB2",-0.244655493835949,-0.255976559476764,0.500632053312713
"KRAS",-0.468322536572418,-0.0321780389646147,0.500500575537033
"ATP6V0E1",0.410144534132835,0.0901333116472376,0.500277845780072
"TJAP1",-0.0916037582988798,-0.408523728589189,0.500127486888069
"SLC17A5",0.2356987770253,0.264322976544928,0.500021753570228
"DIP2C",0.187030060126917,0.31268669545232,0.499716755579237
"PIM2",0.109235972110748,0.390303885695674,0.499539857806422
"ZACN",-0.225865252935665,-0.273326092133374,0.499191345069038
"TCTN3",-0.424814451366339,-0.0743548039724287,0.499169255338767
"MAPK6",0.313165269663265,0.185323050406642,0.498488320069907
"NSF",0.272030307453652,0.226386289588066,0.498416597041718
"MYEF2",0.287774573695798,0.210316083392998,0.498090657088796
"WNK1",0.284068138082832,0.213794605056984,0.497862743139816
"CSTF2T",-0.427020937222096,-0.0707601134967959,0.497781050718892
"FARP2",-0.495990491584646,-0.00155840546287322,0.497548897047519
"MINK1",-0.462358449906483,-0.0350017462305345,0.497360196137018
"SMIM19",0.48158211291706,0.0157297979703923,0.497311910887452
"TUBA1A",0.233487784834817,0.263646267834565,0.497134052669382
"PLEK2",0.474596962014079,0.0223994131650933,0.496996375179172
"ZCCHC7",0.340162391944356,0.156817113777985,0.496979505722341
"DPH7",0.151479237896281,0.345276878526142,0.496756116422423
"TOP1MT",0.269776840959533,0.226830859306907,0.49660770026644
"NME2",-0.312665613097559,-0.183699814813872,0.496365427911432
"EPB41L4A",0.469930717289157,0.0264248179759976,0.496355535265154
"FKBP8",-0.309358563853096,-0.186445899273963,0.495804463127059
"MAP2K3",-0.328939985504854,-0.166454396927119,0.495394382431973
"USP34",0.323744230885403,0.171353619885022,0.495097850770425
"USP9X",0.112834737090921,0.38061756252798,0.493452299618901
"SF3A2",-0.290110708627512,-0.203069929414158,0.49318063804167
"UBXN1",-0.33152848210188,-0.16153328408886,0.49306176619074
"ZNF814",0.359693163185677,0.133182305277053,0.492875468462731
"YIPF1",0.369515943734152,0.123306662874859,0.492822606609012
"BLTP1",0.294530202416315,0.198242732843042,0.492772935259357
"ANKFY1",-0.0471119286486608,-0.445640186530594,0.492752115179255
"TFDP2",0.282216611615288,0.210475531157586,0.492692142772874
"ANAPC4",0.27457754965612,0.217952789932017,0.492530339588136
"AEBP2",0.258677351468667,0.233739391257484,0.492416742726151
"RDH13",0.434751541785824,0.0575675307567303,0.492319072542554
"B2M",0.354502142800051,0.137400433737479,0.49190257653753
"SKAP1",0.47197298317026,0.0194037449437916,0.491376728114052
"ANKH",-0.0675380370030481,-0.423728296274219,0.491266333277267
"RYK",0.177355675093208,0.313735596635094,0.491091271728302
"RPL13",-0.441882923787205,-0.0491718589643497,0.491054782751554
"ZNF816",-0.185726827955221,-0.304801893366508,0.490528721321729
"CCNE1",0.295591251417993,0.194855917481315,0.490447168899309
"JUND",-0.0190665137465502,-0.470919751805961,0.489986265552511
"SMAD1",-0.361920628326039,-0.127835753828189,0.489756382154228
"AGAP2",-0.337261176655722,-0.152304926676666,0.489566103332388
"SPSB3",0.341046227538672,0.148468971394006,0.489515198932678
"RAD1",-0.462926326850793,-0.0265633471410043,0.489489673991797
"AP5Z1",-0.24231083858952,-0.246919911868902,0.489230750458423
"KLHDC10",0.471226461402575,0.0178052137159144,0.48903167511849
"WDHD1",0.247869337906293,0.241105336487564,0.488974674393857
"SDCBP",-0.348069195992232,-0.140159820425342,0.488229016417574
"USF2",-0.374034821391954,-0.114179207549135,0.488214028941089
"KCNMA1",0.292941901798871,0.195260289085792,0.488202190884662
"JUNB",0.370068878367878,0.117961742453174,0.488030620821052
"SMYD5",-0.326824916052155,-0.16099116970218,0.487816085754335
"BABAM2",0.11000836091631,0.377794281144141,0.487802642060451
"TP53INP1",0.333750091130122,0.153810501026497,0.487560592156619
"COA1",-0.435503973431811,-0.0510837454710025,0.486587718902814
"C1orf159",0.465735331263102,0.0203737012527059,0.486109032515808
"RCN1",0.307755336989581,0.177917288508265,0.485672625497847
"MIDN",0.285861908819403,0.198433993616153,0.484295902435556
"RPLP1",-0.402546756096376,-0.0814644495698396,0.484011205666215
"OPTN",0.169019930695527,0.314931643373767,0.483951574069295
"SORL1",-0.4391056779961,-0.0440000434266223,0.483105721422722
"PRKAG1",-0.449040522926632,-0.0340168023003535,0.483057325226985
"PPP1R7",0.343214822149617,0.139754590197275,0.482969412346892
"TMED4",0.355021197899385,0.127574856656762,0.482596054556147
"PAIP1",0.178129924502993,0.303943656648704,0.482073581151697
"S100P",0.428160128717526,0.0538200595632681,0.481980188280794
"NXT2",0.313568087022956,0.168054031013573,0.481622118036529
"TDP1",-0.284154503503567,-0.197306977721148,0.481461481224715
"SLC39A6",0.351101923273088,0.130076648760392,0.48117857203348
"KIAA0319L",0.219921344603704,0.260953571382479,0.480874915986183
"IL13RA1",0.157828114786475,0.322746687878869,0.480574802665344
"HMBOX1",0.311888430331444,0.168534974730132,0.480423405061576
"SAYSD1",0.257761386504497,0.222522555750734,0.480283942255231
"ABTB2",-0.425599809554416,-0.0545219226383225,0.480121732192738
"MAPK1",-0.361361953154583,-0.118623174869015,0.479985128023598
"TRAM1",0.144565894512094,0.335380281297252,0.479946175809346
"MRPL42",0.399017356928377,0.0809151349411028,0.47993249186948
"ACTR3",0.357110265980578,0.122355206892093,0.479465472872671
"DYNLL2",0.362873076805716,0.116317408399112,0.479190485204828
"CLDND1",0.176210797677866,0.302677079768928,0.478887877446795
"RNF141",-0.186508662360108,-0.291783568137271,0.47829223049738
"D2HGDH",-0.265331136651469,-0.21294075700951,0.478271893660978
"METTL21A",-0.304273652764584,-0.173726774861207,0.478000427625791
"C6orf89",-0.405375251855686,-0.0725222377209844,0.47789748957667
"FBXO6",0.381311772415511,0.0963770582741832,0.477688830689694
"ZNF329",0.448767345015088,0.0287510653677279,0.477518410382816
"OXA1L",-0.275269435067917,-0.202163401209731,0.477432836277648
"NSFL1C",0.292895685532049,0.18414244479208,0.477038130324129
"CLSTN1",-0.447912986959226,-0.0290983474715585,0.477011334430784
"ZSCAN18",-0.226778782648521,-0.250228075999994,0.477006858648515
"FBH1",0.231745309534451,0.245103376907044,0.476848686441494
"DHX29",0.140793231277055,0.335608185539883,0.476401416816937
"ZNF821",0.263738112635188,0.212607001672801,0.476345114307989
"PUS7",0.298101056954938,0.177821811693122,0.475922868648059
"SEC13",-0.409370531331765,-0.0664914837023254,0.475862015034091
"STIL",0.0600817828209781,0.415481413525249,0.475563196346227
"NTMT1",-0.26085589299676,-0.214653129555029,0.47550902255179
"ADAT3",-0.241101473689783,-0.234256388602294,0.475357862292076
"TMEM267",-0.24221964609846,-0.233131346935908,0.475350993034369
"MLLT1",-0.229282979956265,-0.245978935386543,0.475261915342808
"YIPF3",-0.434465217841405,-0.04079376146478,0.475258979306185
"PRKAA1",0.3332454086441,0.142005408946961,0.475250817591061
"CSNK2A1",0.244156517603647,0.231043101928751,0.475199619532399
"TMED1",-0.302755611450577,-0.172164368718625,0.474919980169202
"ELMOD3",-0.419993358566322,-0.0547866856105381,0.47478004417686
"TMUB2",-0.440547951091736,-0.0339992388099084,0.474547189901644
"PTRH1",-0.164957923642244,-0.309189028467989,0.474146952110233
"ZMIZ2",0.343051852879826,0.131002268508158,0.474054121387984
"SEMA3B",0.0381576622500805,0.435846397252571,0.474004059502652
"POLE3",-0.43222314473537,-0.0416577912360845,0.473880935971454
"SLC25A3",-0.445454315139656,-0.0284196894192927,0.473874004558949
"ADISSP",-0.288147168056587,-0.185637567530909,0.473784735587496
"CENPC",0.102503434518885,0.371235565046006,0.47373899956489
"ZSWIM9",-0.315809797834689,-0.157612074657842,0.473421872492531
"ZNF786",-0.130508899278796,-0.342750603445828,0.473259502724624
"SAP130",0.36766158962176,0.105518261952802,0.473179851574562
"EPS8L2",0.291621327073247,0.181527966222464,0.473149293295711
"CABLES2",-0.31958124791067,-0.15353812668872,0.47311937459939
"HDDC3",-0.0216488944825919,-0.451410204154805,0.473059098637397
"TUBG1",-0.436066767842653,-0.0367234706046418,0.472790238447295
"VPS45",0.359086802947574,0.113585104692177,0.472671907639751
"PRPF18",0.0304999720321621,0.441988396963821,0.472488368995983
"SENP5",0.314358388849016,0.158083790431102,0.472442179280119
"PPME1",-0.433007163633094,-0.0393129611840344,0.472320124817128
"PGP",-0.352702733116855,-0.119510641566102,0.472213374682958
"MPV17",0.356467926910287,0.115649917109179,0.472117844019466
"DCTPP1",0.429228692457836,0.0428866182577075,0.472115310715544
"RILPL2",-0.185682837219793,-0.286224891565895,0.471907728785688
"PIGZ",0.180690711107468,0.291132075179248,0.471822786286716
"ZKSCAN1",0.31633824971623,0.155408814563309,0.471747064279539
"TMEM33",0.186108397377816,0.285443918352244,0.47155231573006
"MIX23",0.424776059064786,0.0466251723594144,0.4714012314242
"AIDA",0.44878754804466,0.0225695952968321,0.471357143341492
"GRSF1",0.318179917488186,0.152891134758478,0.471071052246663
"GPBP1",0.0507905971938207,0.420231915335718,0.471022512529538
"TMED9",0.294743277871962,0.17530119073235,0.470044468604312
"LURAP1L",0.375387544994926,0.0939931314169327,0.469380676411859
"RARRES1",0.448054483492623,0.0209666790137426,0.469021162506365
"PGAP2",0.301538723251556,0.1672417272778,0.468780450529356
"MEMO1",-0.256046631845715,-0.212695851441319,0.468742483287034
"DYNC1I2",0.196795473009185,0.271946718991083,0.468742192000267
"DIMT1",0.354620280394876,0.113979455104066,0.468599735498942
"PFDN2",0.328939689108624,0.13943009341566,0.468369782524284
"ATP13A1",-0.391890178967594,-0.07647721718764,0.468367396155234
"OSBPL2",0.402459080467856,0.0657587406577065,0.468217821125562
"NANS",0.250746790890792,0.217454734192281,0.468201525083074
"SDHD",-0.443099012731613,-0.0246134910895757,0.467712503821189
"DPY19L4",0.179570130038985,0.288020080920687,0.467590210959672
"CPTP",-0.116627952032565,-0.350910667014901,0.467538619047466
"RBM15",0.180892141128003,0.28595538712877,0.466847528256773
"KANSL2",0.196137542245977,0.270529657863425,0.466667200109402
"TOR1AIP2",0.196761622703233,0.269803781051744,0.466565403754977
"RNF115",0.396413149871961,0.0701463085848966,0.466559458456858
"SYTL1",-0.286381528958136,-0.180158310464243,0.46653983942238
"LIAS",0.338197381264994,0.128196176867212,0.466393558132206
"ZNF397",-0.16651751782051,-0.299777523135537,0.466295040956047
"RPS19",-0.362985303622256,-0.10302754741951,0.466012851041766
"TCEAL4",0.323567728436636,0.142425503888497,0.465993232325133
"CSNK1G1",0.273890670606081,0.192006704682633,0.465897375288713
"VPS37B",0.288551180315215,0.177034372059777,0.465585552374991
"LRWD1",0.200355318641618,0.264922437350197,0.465277755991814
"PHLDB2",0.108218773252146,0.356890142221701,0.465108915473847
"EFR3A",-0.438805768136464,-0.0262033214521766,0.46500908958864
"REV3L",0.257980309564282,0.206778170239662,0.464758479803944
"HELLS",0.0403969469692891,0.424156733614304,0.464553680583593
"MRPL47",0.321928274087227,0.142209251248794,0.464137525336022
"ZCCHC14",0.184502572712499,0.279176345014885,0.463678917727384
"VPS16",-0.00551142870531951,-0.457978123592588,0.463489552297908
"VCF2",0.296352747417811,0.167047756556802,0.463400503974613
"MARCHF8",-0.357036231071266,-0.105946451075043,0.462982682146309
"CDK12",0.179325993331539,0.28359247277691,0.462918466108448
"RNASET2",0.340176802845501,0.122702444447085,0.462879247292586
"KDM1A",0.120670636589364,0.342099288634843,0.462769925224207
"TUBGCP5",0.131489403366646,0.331109417427256,0.462598820793902
"DENR",-0.452505794959972,-0.00994993312977943,0.462455728089751
"MARCHF9",0.390233072865902,0.072004592057358,0.46223766492326
"ABCA2",-0.309972968746921,-0.152205068673517,0.462178037420439
"STRAP",0.338302080301652,0.123839666148832,0.462141746450484
"L3MBTL2",-0.243089003150984,-0.218923365784542,0.462012368935526
"CBY1",-0.394361768531235,-0.0676104002377089,0.461972168768944
"PLIN2",0.426432705498328,0.0353119348350841,0.461744640333412
"NUP205",-0.338291721680611,-0.12332418980703,0.461615911487641
"VPS26B",0.448225868509908,0.0132985505579759,0.461524419067884
"CISD1",0.00166187026442888,0.459311468456029,0.460973338720458
"CEP95",0.301513827915946,0.159058364222533,0.460572192138479
"SLU7",0.0352709211769344,0.424876174276428,0.460147095453363
"KRABD5",-0.0300782657180667,-0.430008714860023,0.460086980578089
"PHF14",0.247386251568022,0.212483416814805,0.459869668382826
"C21orf91",0.178324457134631,0.281351962683853,0.459676419818484
"ICE1",0.375494380977042,0.084145703289308,0.45964008426635
"ERP44",0.147178493897542,0.312174424761634,0.459352918659176
"UCKL1",-0.189469562505759,-0.268855359955241,0.458324922461
"PRP4K",0.311483747931645,0.146380711269622,0.457864459201267
"IFT20",-0.190839588756845,-0.266685226031855,0.4575248147887
"DHX57",0.435551354479839,0.0217645771818598,0.457315931661698
"MDM2",0.152749698969831,0.304435024109472,0.457184723079304
"MCFD2",-0.264954868425955,-0.192175138201661,0.457130006627615
"PKN2",-0.302252197829734,-0.154327119643157,0.456579317472892
"GPR146",-0.314154222221719,-0.142403742185775,0.456557964407494
"ZHX1-C8orf76",-0.321661394310897,-0.134478646712705,0.456140041023602
"CDK11A",-0.279193074748501,-0.176824180243124,0.456017254991625
"TBC1D4",0.148578466052751,0.307336772959895,0.455915239012646
"PSMB1",-0.452599836146581,-0.0031998948413321,0.455799730987913
"FKBP5",-0.369777700765622,-0.0859627674003338,0.455740468165956
"ATP5IF1",-0.269957776469138,-0.185612457235179,0.455570233704317
"TYK2",-0.419988913471496,-0.0354811553389194,0.455470068810415
"MRPS22",0.371413719588046,0.0840028855447241,0.455416605132771
"CRIP2",-0.174111314423847,-0.281154677951395,0.455265992375242
"CDKN1A",-0.351781349891957,-0.103412384779237,0.455193734671194
"BSCL2",0.250469391306586,0.204233252179483,0.454702643486069
"TLK2",0.106249871264551,0.348311848621172,0.454561719885723
"JAG1",0.19175890565073,0.262786538963441,0.45454544461417
"FRYL",0.20688818104392,0.247083647187395,0.453971828231315
"MAGT1",0.220110210711242,0.23352217043736,0.453632381148602
"SARAF",0.332088860269387,0.121468787422758,0.453557647692145
"LRRC47",0.307647878649302,0.145812781275542,0.453460659924844
"AAMDC",-0.414679137406189,-0.03835748190766,0.453036619313849
"INO80E",-0.17157727671408,-0.281444587054141,0.453021863768221
"CNOT1",0.00905506721442517,0.443520244506982,0.452575311721407
"PIGC",-0.450246732173825,-0.00160307665982362,0.451849808833649
"CYP4V2",0.390123569700785,0.0609848406070599,0.451108410307845
"RIOX1",-0.274946647150256,-0.175168349260881,0.450114996411137
"ATG4B",-0.37669080349782,-0.073067299498236,0.449758102996056
"CLPP",-0.347831719134671,-0.101675768923067,0.449507488057738
"SCYL3",0.399434070911555,0.0498376631599085,0.449271734071463
"CRAT",-0.298172383889987,-0.151062171514551,0.449234555404538
"CCNL2",0.289929088381922,0.159252816512678,0.4491819048946
"SUMF1",0.0556817922563972,0.393133172373713,0.448814964630111
"PLPP1",-0.295839582937333,-0.152819275626495,0.448658858563828
"HAT1",0.222734436558617,0.225848943540876,0.448583380099493
"ALKBH6",-0.339084855991143,-0.10936554522158,0.448450401212724
"LAMTOR1",-0.294015052502792,-0.154359366891372,0.448374419394164
"SFXN3",-0.360323498371517,-0.0879349822616353,0.448258480633152
"PSMG4",-0.360754410168937,-0.087272451600473,0.44802686176941
"CHCHD1",-0.371737892175745,-0.0760427617733628,0.447780653949108
"ATP6V1H",0.403370502670817,0.0439820926680792,0.447352595338896
"ARF4",-0.408619577442106,-0.0387198998361029,0.447339477278209
"SENP2",-0.315810416786404,-0.131259504797055,0.447069921583459
"RMDN1",-0.399045255908446,-0.0478435939205148,0.44688884982896
"RAB18",0.24121194009142,0.205239637829052,0.446451577920471
"UBXN4",0.389310510960405,0.0570209595925988,0.446331470553003
"DGUOK",-0.338596640659692,-0.107616279240807,0.446212919900499
"AP1S3",0.154159769187364,0.291819956348034,0.445979725535398
"FH",-0.423674481333409,-0.021944137280391,0.4456186186138
"RUFY2",0.29947995164984,0.146052008263859,0.445531959913699
"ZDHHC7",0.256602370089101,0.18889919263077,0.445501562719871
"ZNF212",0.0856262242741375,0.359623963197383,0.445250187471521
"PDAP1",-0.430607584293687,-0.014454834102108,0.445062418395795
"TMEM167A",0.298990961663411,0.145763928087707,0.444754889751118
"RPL18",-0.260031644744354,-0.184540017067604,0.444571661811958
"MLF2",-0.370309038197121,-0.0742595520406599,0.444568590237781
"ATP6V0B",0.363812180410996,0.0807448189956883,0.444556999406684
"ZBTB1",0.315619449959273,0.128840131462327,0.4444595814216
"DZIP1L",0.0919600844113382,0.352273613521663,0.444233697933001
"NBDY",-0.281763562010753,-0.16239674968456,0.444160311695313
"CMC4",0.302079717587566,0.141705332529511,0.443785050117077
"PFDN5",-0.353278020291411,-0.0903478489429252,0.443625869234336
"PPA1",0.427813415949761,0.0155579987220538,0.443371414671815
"PGRMC2",0.0094395938005909,0.433782953668825,0.443222547469416
"SLC2A8",-0.335365119249092,-0.10772224907834,0.443087368327432
"VIM",-0.433086933565171,-0.0099601428045375,0.443047076369709
"TMEM43",-0.433960151944882,-0.00905855351489215,0.443018705459775
"CDC5L",0.247107725895796,0.194987405189231,0.442095131085027
"RHOBTB2",0.186167769501667,0.255842136682054,0.44200990618372
"CREB3L4",-0.015151770354306,-0.426812726860123,0.441964497214429
"TOMM34",0.173809053571108,0.26812452072993,0.441933574301038
"MRTFB",0.0365455133111237,0.404838540510848,0.441384053821972
"NCOA2",0.250762514795063,0.190537832778029,0.441300347573093
"ARL5A",0.107498625385552,0.333687440369341,0.441186065754893
"SUFU",0.351945505177591,0.0890880965220253,0.441033601699616
"PRPF8",-0.418900130963719,-0.0219877505176855,0.440887881481404
"BTBD8",0.192645077942396,0.247886029458716,0.440531107401112
"HOOK3",0.291462024618252,0.148998037672674,0.440460062290926
"ZBED4",0.185371967497962,0.254726509640007,0.440098477137969
"ZFP36L2",0.0868297600642904,0.353257583037739,0.44008734310203
"DPF2",0.427759642542982,0.0122886471639809,0.440048289706963
"RNF139",0.396283237012751,0.0436851318339704,0.439968368846722
"URB2",0.384691681293788,0.0549792178933601,0.439670899187148
"TMEM222",-0.42377173623903,-0.0158471924705967,0.439618928709627
"CGAS",0.27485905331173,0.164653590425253,0.439512643736983
"SLC31A1",0.34532218481681,0.0934191808321039,0.438741365648914
"NAA20",0.335084918122432,0.103646640477209,0.43873155859964
"MRPL14",0.437812726482518,0.00090021165028098,0.438712938132799
"LIFR",0.378333326463718,0.0599807405784238,0.438314067042142
"UBLCP1",-0.427915037792739,-0.0103386048332723,0.438253642626012
"ESCO1",0.40614696171373,0.0317449172001325,0.437891878913862
"ZC3H8",-0.216913239413328,-0.220869023686896,0.437782263100224
"AP1M2",0.232173609549289,0.205442552395231,0.437616161944519
"BTRC",0.203419820373031,0.233835560843214,0.437255381216245
"ZNF627",0.398213971291593,0.0390277435673756,0.437241714858969
"RAC3",-0.428803199458946,-0.00835557529689801,0.437158774755844
"GCLC",0.331402279889343,0.10534273188031,0.436745011769653
"CEP63",-0.396398781993503,-0.040098599106082,0.436497381099585
"FRMD8",0.298143566899067,0.138252678383931,0.436396245282998
"LRRFIP1",0.281585796895092,0.153745330330581,0.435331127225673
"ZNF8-ERVK3-1",-0.352899174752648,-0.0818801947442456,0.434779369496893
"ERP29",0.351234722712663,0.0830532076098294,0.434287930322492
"WDR5",-0.42073118555524,-0.0132881824976989,0.434019368052939
"SNX13",0.362889115807875,0.0710050429660787,0.433894158773954
"FOXP1",-0.432087222857645,-0.00162997223354111,0.433717195091186
"NEU3",0.380442655498008,0.053234091996875,0.433676747494883
"GLS2",-0.132571788552922,-0.300905353997534,0.433477142550456
"TMEM59",0.125903374363723,0.307325218552879,0.433228592916602
"ZNF227",0.292515888354491,0.140584291730223,0.433100180084714
"SDCCAG8",0.332323430242638,0.100538051271411,0.432861481514049
"MTFP1",0.225569126933772,0.207287350745828,0.4328564776796
"PSMB5",-0.368703507069812,-0.0640041538708918,0.432707660940704
"MEF2A",0.321050672083881,0.111493368155123,0.432544040239003
"NSRP1",0.156958346476108,0.27537419269354,0.432332539169647
"HAUS7",0.195144886430769,0.236881531906156,0.432026418336925
"MRPS30",0.367529842436239,0.0644815325126098,0.432011374948849
"BRI3",-0.306081868591406,-0.125857891218677,0.431939759810082
"RAB22A",0.0970872796054372,0.334850801142527,0.431938080747964
"SNAPC5",-0.429087541293864,-0.00211577929203877,0.431203320585903
"RGS12",0.15460618335175,0.27593252432911,0.43053870768086
"TMEM109",-0.368302320404676,-0.0618757285902927,0.430178048994969
"ZSWIM1",0.224086164755843,0.206084970687888,0.430171135443731
"RNF6",0.39937722170493,0.030586324661976,0.429963546366906
"CSAD",0.221467298076568,0.207912498041558,0.429379796118126
"GNA12",0.093775067910824,0.335533375441774,0.429308443352598
"PICALM",0.381194102485677,0.0480665347715865,0.429260637257263
"SMARCD3",0.114431922769267,0.314703056223018,0.429134978992285
"HNRNPH2",0.315199473850425,0.113790335583664,0.428989809434089
"FAM20B",0.195202445316052,0.233699219732511,0.428901665048563
"SEL1L",0.0194203092997318,0.40946694772532,0.428887257025051
"RBM7",0.166278588481127,0.261906524904645,0.428185113385772
"EFNB1",0.301801391447685,0.125894151091676,0.427695542539361
"RAB3GAP2",0.357405544238677,0.070230286067269,0.427635830305946
"SET",0.0247125534205548,0.402749797572571,0.427462350993125
"BRD4",0.266004880553284,0.161445786913438,0.427450667466722
"RPS16",-0.199890006390882,-0.227048434202729,0.426938440593611
"AGAP1",0.156322835066173,0.270426209968159,0.426749045034332
"SMARCB1",-0.343105251639192,-0.0834935852248,0.426598836863992
"SRRD",-0.374616455756857,-0.0517150155639472,0.426331471320804
"NAA10",-0.252153052594522,-0.174145669491351,0.426298722085873
"MSL3",-0.349647459106591,-0.0765427552311015,0.426190214337693
"ZNF143",-0.292283486156404,-0.133790976542929,0.426074462699333
"TRAP1",-0.189927192186147,-0.235966153528065,0.425893345714212
"ING1",0.300673089683075,0.125185789930153,0.425858879613227
"TBC1D25",0.0361215636375731,0.389668281007621,0.425789844645194
"SLC35H1",-0.163744305289907,-0.261921535844415,0.425665841134322
"CYB5R3",-0.392765115454986,-0.0328551564138282,0.425620271868814
"FADS3",-0.210625523226762,-0.214805463092376,0.425430986319137
"WWTR1",0.103579053768603,0.321201522102433,0.424780575871035
"NFKBID",-0.28517319702496,-0.139368528357991,0.424541725382952
"EIF3G",-0.356675848270889,-0.0670724011376755,0.423748249408565
"MOB4",0.365334362646239,0.0581268536052146,0.423461216251454
"VHL",-0.243076910195375,-0.180215216937938,0.423292127133314
"LPCAT1",-0.298219587055489,-0.124995201871537,0.423214788927025
"ACY1",-0.0329727431575266,-0.390176325753865,0.423149068911392
"M6PR",0.293871588943089,0.129143615307028,0.423015204250118
"SPATA6L",-0.0912440415929028,-0.331667271559127,0.42291131315203
"KHDC4",-0.198450343310054,-0.224351382130579,0.422801725440633
"SMG1",0.0417588729940883,0.380704945163434,0.422463818157523
"HELZ",0.113625558910193,0.308655802587391,0.422281361497583
"HSH2D",-0.22588896572601,-0.195172656549726,0.421061622275736
"MICALL2",0.0420277542327852,0.378735441825035,0.42076319605782
"CTRL",-0.120476154713634,-0.300173640397634,0.420649795111268
"SPTB",0.297562358979853,0.122546721949371,0.420109080929224
"SLC30A7",0.118005908270801,0.302033849578585,0.420039757849386
"RPL22L1",-0.206044005541422,-0.213978083810389,0.420022089351811
"HLA-E",0.193584499282455,0.226428624493654,0.420013123776109
"RPS28",-0.272262481833533,-0.147745710483777,0.42000819231731
"PSD4",0.122684764953891,0.29724964109168,0.419934406045571
"ELOB",-0.418859438126056,-0.000844367210968144,0.419703805337024
"MAN1A2",0.111391993596268,0.30812881308453,0.419520806680798
"ZNG1E",0.31725056713771,0.102237171793586,0.419487738931295
"NUDT17",-0.141562338307445,-0.277790811348156,0.419353149655602
"HMGCS1",-0.244162606877296,-0.174912210836545,0.419074817713841
"LEO1",0.0432259506417316,0.375553666354264,0.418779616995996
"USP4",0.271257142647671,0.147406913265979,0.41866405591365
"CHUK",0.292101368253233,0.126469621094575,0.418570989347808
"RPL11",-0.321399495322744,-0.0970639052447861,0.41846340056753
"FEN1",0.13169472664682,0.286685363456115,0.418380090102936
"HYI",-0.208659633235616,-0.20949694792469,0.418156581160306
"RPL10A",-0.318069507916308,-0.0996607710274375,0.417730278943745
"CPEB3",0.362391881790651,0.0552555326860646,0.417647414476716
"DLD",0.128938050044666,0.288577251994798,0.417515302039464
"BZW2",0.21330996035794,0.203625521007098,0.416935481365037
"ZNF613",0.0190746635517445,0.397802820047079,0.416877483598824
"SPIN3",-0.0923122580642493,-0.324540478878171,0.41685273694242
"ATF6B",-0.329713546519309,-0.087128433025585,0.416841979544894
"MFSD1",0.122475803296677,0.294261682541359,0.416737485838036
"TOX4",-0.386278448412318,-0.0304428427206505,0.416721291132968
"ATP6V1D",0.253007900367821,0.163618391307998,0.416626291675819
"AP1G2",-0.341141206344031,-0.0754446069285306,0.416585813272562
"GOLM2",0.0836656755699705,0.332750705693778,0.416416381263748
"PCMTD2",0.343566375957278,0.0728154311377183,0.416381807094996
"AMACR",0.336338094400846,0.0796922493772265,0.416030343778072
"ASCC3",-0.361401058553168,-0.0543570103039759,0.415758068857143
"MICU2",0.270057373199457,0.145663198747379,0.415720571946836
"KAT8",-0.302406239682321,-0.113269663339959,0.415675903022279
"DDX3X",0.249793109212634,0.165863194146814,0.415656303359448
"HEXB",0.233047933979614,0.182267242269845,0.415315176249459
"ERICH1",-0.326172140364649,-0.0891320593344709,0.41530419969912
"PRXL2A",0.18186282299154,0.232933992768924,0.414796815760464
"SUCLA2",0.334285394598306,0.0804033462512921,0.414688740849598
"POLR3K",0.375133123973925,0.0395471631828404,0.414680287156766
"CEP170B",-0.242354827168893,-0.172241230828952,0.414596057997845
"NELFE",-0.412004977487326,-0.00230488727649991,0.414309864763826
"IBA57",-0.0868432947954396,-0.327412168257512,0.414255463052951
"DENND2D",-0.294929221811258,-0.119289271079102,0.414218492890361
"MTDH",0.320035865147948,0.0940517805487344,0.414087645696682
"ICE2",0.251946487476741,0.162061515097027,0.414008002573768
"GPKOW",0.167762206999623,0.246244945091181,0.414007152090804
"USP18",0.0674462093081565,0.3464077562944,0.413853965602556
"UBTF",-0.400289183934111,-0.0132187602282414,0.413507944162353
"NDUFS3",0.387786596119129,0.0247317417190498,0.412518337838179
"SPG11",0.208366344502576,0.203734444691296,0.412100789193871
"DVL3",-0.212657211251095,-0.199393478941012,0.412050690192107
"TNPO2",0.133810328047358,0.278007494497216,0.411817822544574
"FERRY3",0.0468606474468594,0.36494917899415,0.41180982644101
"PPCS",0.186408187672136,0.224991771811977,0.411399959484113
"WDR44",-0.0324683428144825,-0.378757889385473,0.411226232199955
"RPL26L1",-0.382007011197491,-0.0289679576295825,0.410974968827073
"NKIRAS2",0.167612581338227,0.243253869485103,0.410866450823329
"KIFAP3",0.231155763739555,0.179465562685582,0.410621326425137
"ATP5MC2",-0.202596420614793,-0.207783895924585,0.410380316539378
"YAP1",0.0527609439918231,0.357590821393504,0.410351765385327
"RPL37A",-0.326411822692556,-0.0838069217644364,0.410218744456992
"MRPL18",-0.284897173622519,-0.125073821675593,0.409970995298112
"RPF2",0.214965153083326,0.194759322692463,0.409724475775789
"CDK5RAP3",0.357254026548322,0.0524041469314662,0.409658173479788
"LIG1",0.148720040228056,0.26071844558744,0.409438485815496
"PXYLP1",-0.130302810194724,-0.279088597176789,0.409391407371512
"TUSC1",-0.228976474812935,-0.180332969937431,0.409309444750366
"MSANTD2",-0.395416810389956,-0.013886002310878,0.409302812700834
"CLEC16A",-0.238993411847242,-0.169995405009719,0.408988816856962
"MYSM1",0.207310993747511,0.201562752340485,0.408873746087995
"MXD3",-0.294332229797063,-0.114419697210564,0.408751927007627
"ZCCHC17",0.143928457542632,0.264759924908151,0.408688382450783
"CRBN",0.120600826226549,0.288057273623461,0.40865809985001
"BTN2A1",-0.405196736639083,-0.00320521778626848,0.408401954425352
"MRPS18C",-0.252905418552993,-0.155418319734323,0.408323738287316
"RNF44",-0.0158192443422065,-0.392390184388844,0.408209428731051
"DNTTIP1",0.403865751741601,0.0043219095440552,0.408187661285656
"MBD2",0.186589084326536,0.221559543186977,0.408148627513513
"STT3B",0.0926718584862858,0.315190130800652,0.407861989286937
"WDR12",0.180986537956186,0.226789046304769,0.407775584260955
"TAB2",0.117114614034899,0.290643659514221,0.40775827354912
"PEX26",0.251574651621677,0.156102284510061,0.407676936131738
"TMOD3",0.125604145661105,0.281929640462061,0.407533786123166
"RPS8",-0.380250219169357,-0.0272131871590755,0.407463406328432
"SFN",0.378130352025221,0.0290548869897238,0.407185239014945
"RPL7A",-0.346676203447855,-0.060461250240845,0.4071374536887
"UVSSA",-0.0402245563807793,-0.366657304817816,0.406881861198595
"RARS2",0.218686007184911,0.18792650004014,0.406612507225051
"PPP1R12A",0.145374157227887,0.261148410795901,0.406522568023788
"PAWR",0.225627968933939,0.180833967718959,0.406461936652898
"APPL1",0.0523615989626736,0.353936961090106,0.406298560052779
"CYB5R4",0.183630424990604,0.222555580755249,0.406186005745852
"ATP6V1E2",-0.159208382049343,-0.246427013415877,0.405635395465221
"EFNA1",0.0251639448603438,0.380301006091361,0.405464950951705
"BSG",-0.115676865661049,-0.289485748649447,0.405162614310496
"BRAT1",-0.344327834086783,-0.0602249565548556,0.404552790641639
"MTRF1L",0.268464985050554,0.136067424287293,0.404532409337847
"PCGF1",-0.354087278475447,-0.0501714242427358,0.404258702718183
"NAA50",0.249086780786804,0.155118283524176,0.40420506431098
"ARF5",-0.168001953165083,-0.236078200875172,0.404080154040255
"OSCP1",0.231694810674424,0.171992179201045,0.403686989875469
"ZNF141",0.238674241946655,0.164870098235402,0.403544340182057
"PPFIA1",0.374886018853534,0.0286398535070811,0.403525872360615
"BCL2L1",-0.350754381964888,-0.052048484343878,0.402802866308765
"CTDNEP1",0.363032360461756,0.0397570656364579,0.402789426098214
"RPRD2",0.145292620163274,0.257395059916005,0.402687680079279
"WDR11",0.182904574418775,0.219625131225349,0.402529705644123
"RBBP8",0.128140199558766,0.274387168510463,0.402527368069229
"KANK2",-0.29871135077834,-0.103587112854606,0.402298463632945
"RGMB",0.2135517290559,0.188220048930653,0.401771777986553
"NFKB1",0.252464591089749,0.148921165876321,0.40138575696607
"IMP4",0.38372320028058,0.0176594240060473,0.401382624286628
"MORN2",-0.39693584451287,-0.004178380877355,0.401114225390225
"RPS20",-0.318662095780281,-0.0823329227218341,0.400995018502115
"PPP6R2",0.00868144587008945,0.392209624385641,0.400891070255731
"ANKRD27",0.2953706930311,0.105216380874328,0.400587073905428
"PIWIL4",-0.129118119495008,-0.271446453314488,0.400564572809496
"RAD50",0.324769050948998,0.0755019564965842,0.400271007445582
"PTRH2",0.217160259933796,0.182773626311917,0.399933886245713
"UBL7",-0.219023315804904,-0.180908796235019,0.399932112039923
"FLAD1",0.314601095537856,0.0852171027592732,0.399818198297129
"YTHDC2",0.390183576740769,0.00929356941451553,0.399477146155285
"SART3",0.376754633734318,0.0224805370622718,0.399235170796589
"DBT",-0.269149655860205,-0.12972797329016,0.398877629150364
"YWHAG",0.196972861640499,0.201884399632271,0.39885726127277
"CAMK1D",0.283706311322517,0.114964378373668,0.398670689696185
"ACBD4",-0.207221758462586,-0.191254273655547,0.398476032118133
"THRA",-0.146745494504299,-0.251567097083711,0.39831259158801
"TOB1",0.181521631228303,0.216239989495261,0.397761620723564
"ATP5PF",0.270604920854554,0.126824837572681,0.397429758427235
"CIB1",-0.245279039052765,-0.151964587576254,0.397243626629019
"EXOSC8",0.0194192454315338,0.377380773852872,0.396800019284406
"CHADL",-0.117655514536521,-0.278873429641413,0.396528944177934
"HCFC1",-0.294460911444002,-0.101996946516,0.396457857960002
"COMMD8",-0.13418824984412,-0.262196521103468,0.396384770947588
"MAP3K2",0.256956300265169,0.138499678909306,0.395455979174476
"RTEL1-TNFRSF6B",0.0976347949959817,0.297696610530072,0.395331405526053
"HSPA8",-0.312675030535116,-0.0826351493479951,0.395310179883111
"ASAP1",0.289558827864488,0.105401543425432,0.394960371289921
"DNAAF10",-0.0839120418856796,-0.311028907052012,0.394940948937691
"REPIN1",0.349877748166856,0.0450579562899858,0.394935704456842
"CD44",-0.30193553707303,-0.0928642779226454,0.394799814995675
"RTCB",0.206272900018693,0.188464266857013,0.394737166875705
"HPS6",0.247906066467753,0.146740215225903,0.394646281693656
"NOL10",0.173185253690685,0.220562087864184,0.39374734155487
"FHIP1B",-0.29571422144353,-0.0979437149245657,0.393657936368096
"SPECC1L-ADORA2A",-0.213829435736026,-0.179295419748517,0.393124855484543
"SPATA17",0.187925443398109,0.205141289490572,0.39306673288868
"H2AC20",0.233608006007886,0.159416295594873,0.393024301602759
"SCAPER",-0.308942232351563,-0.0840161062623443,0.392958338613907
"MARCHF7",0.0543385041748055,0.338555719408217,0.392894223583022
"LRRC1",0.0874244645071305,0.305255075685813,0.392679540192943
"NOP16",0.260198848051254,0.132426753293332,0.392625601344586
"RPL41",-0.323734252165629,-0.0686887572265338,0.392423009392163
"C18orf32",-0.372593005105404,-0.0197273941956482,0.392320399301052
"YJU2B",-0.0375984783908567,-0.354451893280226,0.392050371671083
"LARS1",0.338746513934157,0.0532600621937842,0.392006576127941
"MRPL16",-0.377046225866613,-0.0148932577549603,0.391939483621574
"BLOC1S2",0.279621682418906,0.111506214640981,0.391127897059887
"JMJD6",0.311689505306585,0.079406011296868,0.391095516603453
"DDX11",-0.148711605769623,-0.24225373786523,0.390965343634853
"PTPN6",0.345028774542746,0.0459189009584691,0.390947675501215
"VCF1",0.183229112460848,0.207639814468324,0.390868926929172
"RPL8",-0.229307967382383,-0.161555197630138,0.39086316501252
"RUSF1",-0.214361217458082,-0.176389508493534,0.390750725951616
"CAMLG",0.360832478640185,0.0299023872481881,0.390734865888373
"TRMT2A",0.162912462542496,0.227268511841772,0.390180974384268
"BBS7",0.072931869819902,0.316897657292539,0.389829527112441
"EVL",-0.248743689498334,-0.141033050366179,0.389776739864513
"TRAPPC5",-0.346255604761891,-0.0435190661745004,0.389774670936392
"PSMD6",-0.255517027005149,-0.134036402552722,0.38955342955787
"DNPH1",0.354896781558975,0.0345697529624402,0.389466534521415
"ADPGK",0.345416635843925,0.0440494650434022,0.389466100887327
"ZCCHC8",0.217543279228343,0.171878187054594,0.389421466282937
"MDK",0.345417086814255,0.0439834010512641,0.389400487865519
"NSMCE2",0.332968970332559,0.0563158074059054,0.389284777738465
"GRHPR",-0.234577558245518,-0.154622065317411,0.389199623562929
"NOXA1",-0.040943275769596,-0.347993618365967,0.388936894135563
"SPRED1",-0.236343039479696,-0.152311741034447,0.388654780514143
"FCGRT",0.154393188489758,0.234259459909994,0.388652648399752
"TBC1D24",-0.155911364918451,-0.232162421685084,0.388073786603535
"CYB561A3",-0.0638581341644198,-0.32392975677773,0.38778789094215
"HLCS",0.348578856342426,0.0388295222060004,0.387408378548427
"BLM",0.20413859250585,0.183257830361633,0.387396422867483
"PMPCB",0.27325302497302,0.11409726822217,0.38735029319519
"GAPDH",-0.255035758533106,-0.13207363101518,0.387109389548286
"WDR27",-0.0585298419260409,-0.328399211101693,0.386929053027734
"TOM1L1",0.378130427428757,0.00866597475769026,0.386796402186447
"PLEKHF2",0.297229698698349,0.0893670457638898,0.386596744462238
"GXYLT1",0.319861101559678,0.0666492875387776,0.386510389098456
"COPS5",0.275794437395581,0.110469147335347,0.386263584730927
"DNAJC21",0.257542161138823,0.12871536891157,0.386257530050393
"AP1S1",-0.364897264704155,-0.0212600262539828,0.386157290958137
"ZNF333",-0.379958817587754,-0.00616164445275169,0.386120462040506
"ZSCAN29",0.373305875374607,0.0124788352995533,0.385784710674161
"TOP6BL",0.23266421647908,0.152974919389222,0.385639135868302
"PRPS2",0.173565487797586,0.212051312904666,0.385616800702253
"KPNA4",0.104676359539412,0.280757427164492,0.385433786703904
"ZNF7",0.23652673560487,0.148824889837044,0.385351625441914
"CCDC28A",-0.274712525229905,-0.110416101665172,0.385128626895077
"RIPOR3",0.274290569104517,0.110572112322107,0.384862681426624
"DENND3",0.193027990139124,0.191622321820289,0.384650311959414
"API5",0.0654697073642616,0.319142862091467,0.384612569455729
"INTS12",0.189082867087378,0.195342860984807,0.384425728072185
"MZT2B",-0.170715798837026,-0.213680701817689,0.384396500654715
"SLC37A3",0.0940590347271382,0.290305981527932,0.38436501625507
"PPP1R14B",-0.272341451463075,-0.111756353002411,0.384097804465486
"ANKRD17",0.294552441058981,0.0891930291314935,0.383745470190474
"ENO2",0.102803978980587,0.28072433844144,0.383528317422027
"WDR3",0.346857624968423,0.0364091886851208,0.383266813653544
"TIMM29",0.295977024263976,0.0869154803823236,0.3828925046463
"DENND1A",0.197853002860263,0.18480443754276,0.382657440403023
"COX19",0.173182535490707,0.209138714238834,0.382321249729541
"RBM23",-0.145269329762169,-0.236869709834833,0.382139039597003
"SLC26A6",-0.0187696898474199,-0.363162422151472,0.381932111998892
"NOL12",-0.326403380929329,-0.0555276557367543,0.381931036666083
"IL27RA",0.14092636575834,0.240865674178516,0.381792039936857
"SLC39A9",-0.369644000231999,-0.0118413017477819,0.381485301979781
"MIA2",0.0486574970363991,0.332634727364379,0.381292224400779
"MSL1",0.30638943275507,0.074785615804537,0.381175048559607
"PWP1",0.198966816446472,0.182027409471389,0.380994225917861
"ITGB4",-0.24894034099592,-0.131568398071845,0.380508739067765
"SPATA2",0.332827250396121,0.0475029839365293,0.38033023433265
"PTCD1",-0.340020815020527,-0.0396585482360603,0.379679363256587
"KRCC1",0.210994617737486,0.168656100289135,0.37965071802662
"C8orf82",-0.0991736328872368,-0.279950934163454,0.379124567050691
"ING5",-0.360037695971672,-0.0190563915969513,0.379094087568624
"UNK",-0.102625294938308,-0.276314057114613,0.378939352052921
"RNF34",0.0617526548639447,0.317097375490234,0.378850030354179
"LMAN2",0.348165943480883,0.0303582808745695,0.378524224355452
"MPC1",-0.0509330791546274,-0.327367560639512,0.37830063979414
"CCDC117",0.213632280565303,0.164496635742863,0.378128916308166
"STX17",-0.358322651613722,-0.0196062891346065,0.377928940748329
"RFC4",-0.271395739729483,-0.106423201850984,0.377818941580467
"GNAS",0.290359181286135,0.0873124403928189,0.377671621678954
"CDIPT",-0.355799418653761,-0.0216648006526112,0.377464219306372
"TM9SF1",-0.243714989463061,-0.133718010683126,0.377433000146188
"SAP30L",0.254677383627017,0.122452902886643,0.377130286513661
"SRRM2",0.176420766608786,0.200194321823376,0.376615088432161
"PAK4",-0.0907207958672478,-0.285334756102062,0.37605555196931
"PLOD3",-0.0967589356390786,-0.279014354667409,0.375773290306488
"AKIRIN1",0.130879488447417,0.244745681581156,0.375625170028573
"KARS1",-0.243660969585419,-0.131673975553913,0.375334945139333
"POLR1C",0.270465574335509,0.104096763051563,0.374562337387071
"UFM1",0.2568645895034,0.117646335231562,0.374510924734962
"SNRPF",-0.320413118908204,-0.0540771036208376,0.374490222529042
"TMEM120B",-0.339845965266197,-0.0339816604541285,0.373827625720325
"CNEP1R1",-0.293019020443079,-0.0807298642857397,0.373748884728819
"SETD9",-0.242460283634289,-0.131189530183172,0.37364981381746
"TMEM260",0.0227120165657744,0.350759994946996,0.373472011512771
"AMOTL2",0.248095860874731,0.125252554211913,0.373348415086644
"TAF8",0.356348817583209,0.0169240684314893,0.373272886014699
"RAP2A",-0.236619114495645,-0.136648918064505,0.373268032560149
"NUP214",0.370433010409191,0.00212336316326001,0.372556373572451
"NABP2",-0.287093436441474,-0.0849920246945466,0.37208546113602
"CALM2",-0.353030026702319,-0.0188929766599308,0.37192300336225
"NEIL2",-0.299994708675996,-0.0716675291296269,0.371662237805622
"HSP90AA1",-0.234127390421889,-0.137377808771447,0.371505199193336
"PCNP",0.118840685745272,0.252446820760023,0.371287506505294
"ACTMAP",0.362977581793941,0.00822092211778624,0.371198503911728
"TASP1",-0.205871641943537,-0.165009234590479,0.370880876534016
"ZBTB8A",0.182167260333162,0.188452591134587,0.370619851467749
"GIT1",-0.159839634246917,-0.210541412501337,0.370381046748253
"PPM1F",-0.320880198372031,-0.0490509817579223,0.369931180129953
"PEX19",0.169476322930621,0.200445980296063,0.369922303226685
"MCM3",0.34614539353402,0.0234531147835666,0.369598508317586
"TMEM53",0.168583955480103,0.200923348334591,0.369507303814693
"TLNRD1",0.292593699822465,0.0768729715848675,0.369466671407332
"SGTA",-0.360229563221667,-0.00920461765157476,0.369434180873242
"ATXN1L",-0.17918036520497,-0.190170468128679,0.369350833333649
"ACAA2",-0.338737304147446,-0.030417484941144,0.36915478908859
"ATP5MJ",-0.297778739452127,-0.0712862963448089,0.369065035796936
"MANSC1",-0.1957724374562,-0.173167574281588,0.368940011737788
"XRCC5",0.294197161148334,0.0746936574032375,0.368890818551572
"ZFP64",-0.251327053131758,-0.117164533255954,0.368491586387713
"NMT1",0.0589967823897037,0.308872742185305,0.367869524575009
"BORCS8",-0.312599313556138,-0.0552604120240661,0.367859725580205
"ACAT2",0.244026781022929,0.123753395685922,0.367780176708851
"SMAGP",-0.327026457276063,-0.0407110703476681,0.367737527623731
"SERF2",0.307277426758636,0.0596716450509547,0.366949071809591
"POP7",-0.301111599249386,-0.0657197294782215,0.366831328727607
"TTC17",0.150240201858674,0.216553211046598,0.366793412905272
"CXCL16",0.318864241637845,0.0477822304538016,0.366646472091647
"TRMT1L",-0.208494993392578,-0.158127111868042,0.36662210526062
"ASL",0.253516446910119,0.112960997889863,0.366477444799982
"RPL35A",-0.224063053332301,-0.142413951056414,0.366477004388715
"RARS1",0.346078511087116,0.0201675730749935,0.36624608416211
"ACTN4",-0.312465722315832,-0.0535430938042163,0.366008816120048
"DCAF12",0.188933289837002,0.17666102363722,0.365594313474222
"CSRNP2",0.229430259539238,0.13605014423695,0.365480403776188
"FAM184B",0.0622211333291045,0.303181846465313,0.365402979794417
"USP14",0.277665229393456,0.0875649972051677,0.365230226598624
"PGM2L1",-0.154527453993625,-0.210674969078597,0.365202423072222
"NRBP1",-0.32265038188248,-0.0424176290127045,0.365068010895184
"PODXL",-0.0186166063061517,-0.346362520944529,0.364979127250681
"OPA1",0.154539607582246,0.210131262226543,0.36467086980879
"FKBP3",0.169647970162248,0.195018252520359,0.364666222682607
"TBC1D22A",0.0332772420615921,0.331113717745048,0.364390959806641
"PATZ1",0.217801442858505,0.146571497807833,0.364372940666338
"WDR35",-0.257923016450548,-0.106228724848881,0.364151741299429
"MRPS18B",-0.303535085456735,-0.0605666402492968,0.364101725706032
"LRRC58",0.31429513038622,0.0494505756469277,0.363745706033148
"CNBP",0.305209774720198,0.0583864790031114,0.363596253723309
"CLMB",0.349360371205103,0.0142262278270398,0.363586599032143
"SSR2",-0.347845902439936,-0.0156624138687054,0.363508316308641
"FLYWCH2",-0.125669720851318,-0.237701194437176,0.363370915288495
"RBM3",-0.296898178721388,-0.0661882243979663,0.363086403119355
"COQ7",-0.0332266713250089,-0.329477779868147,0.362704451193156
"PBXIP1",0.28928225071454,0.072621821177532,0.361904071892072
"PET117",-0.328983703353611,-0.0327632218650331,0.361746925218644
"OAZ2",-0.242419391216245,-0.11929240800783,0.361711799224075
"JMJD8",0.32079485492712,0.0405224095205412,0.361317264447661
"RAB4B",0.225134757621706,0.136076677857269,0.361211435478975
"ZDHHC13",0.227813005514794,0.132764942243714,0.360577947758508
"AK6",0.117065901282267,0.243382843075154,0.360448744357421
"G3BP1",0.0781536784211703,0.282167763862655,0.360321442283825
"LIPE",-0.319710942469661,-0.0405863544930827,0.360297296962744
"ARRB1",-0.357962319912939,-0.00193109858836671,0.359893418501306
"NT5C3B",-0.215387889035128,-0.144353339149627,0.359741228184755
"SRGAP3",-0.1888028399829,-0.170840431215942,0.359643271198842
"LRRC40",0.185314713537593,0.173801825136955,0.359116538674548
"PTPN14",0.162155901519581,0.196671273415445,0.358827174935026
"CCNC",0.195604826262214,0.163200149160449,0.358804975422663
"OSBPL9",-0.304695290429364,-0.0540973613373059,0.35879265176667
"SCAMP1",0.255824004472641,0.102756680377063,0.358580684849704
"TUBGCP2",0.345201437299161,0.0133240001444896,0.35852543744365
"URI1",-0.341048752023852,-0.0173440082593586,0.35839276028321
"TYW2",-0.234610651272977,-0.12302282925785,0.357633480530827
"GRB2",0.110665371009102,0.246771965109069,0.357437336118171
"PIGF",-0.220909084005643,-0.136449288150081,0.357358372155725
"FAU",-0.226208958022584,-0.130950659656676,0.35715961767926
"PLAA",0.328452766857833,0.0285362274024266,0.356988994260259
"YTHDF2",0.285465943972222,0.0710642146860918,0.356530158658313
"ERN1",0.256320707777491,0.0998972238362179,0.356217931613709
"NFXL1",0.0310511625225129,0.324981723076624,0.356032885599137
"CYFIP1",-0.347803084957856,-0.00748274331956633,0.355285828277422
"PSMC5",0.121171847740096,0.23377206546938,0.354943913209476
"UBP1",-0.242050505731266,-0.112869751908268,0.354920257639534
"ARHGEF39",-0.322532338831406,-0.0319831127533101,0.354515451584716
"RESF1",0.269918410252779,0.0843982982302167,0.354316708482996
"ITPR3",-0.215098231950052,-0.139103807581357,0.354202039531409
"ZNF497",-0.279967542223885,-0.0736752707397166,0.353642812963602
"RBPJ",0.15681896612711,0.19679277317544,0.353611739302551
"MYL9",-0.345050532674479,-0.00838164468403857,0.353432177358517
"ZNF652",0.00277294726409627,0.350445187981556,0.353218135245652
"AKAP9",0.121598898611773,0.231166342048674,0.352765240660447
"MGST3",0.303062924048472,0.0496486172260333,0.352711541274505
"ELK1",0.21136405787467,0.141295495290085,0.352659553164755
"AKT1S1",-0.117121922309574,-0.23546582514721,0.352587747456784
"ARVCF",0.337202034859759,0.0153578614351941,0.352559896294953
"MRPL41",-0.163101643592389,-0.189431868834111,0.352533512426501
"CC2D2A",-0.348953100033154,-0.00346025264564931,0.352413352678803
"FXR1",0.221789480343622,0.130409050314861,0.352198530658483
"EIPR1",0.119891806010929,0.232156454626941,0.35204826063787
"ODF2",0.129213032977448,0.22270342386046,0.351916456837908
"C22orf39",0.272089397766925,0.0796231934409555,0.351712591207881
"DOCK7",0.0528959144927441,0.298705703803218,0.351601618295962
"ATXN2",-0.214133593247713,-0.137231641532098,0.351365234779811
"UQCC2",0.300482764868224,0.0501751477229506,0.350657912591175
"FAAP20",-0.283733272909569,-0.0667437082390649,0.350476981148634
"HSDL2",0.182334682262606,0.167686071401321,0.350020753663927
"SLC25A37",0.211417448483019,0.138165917647118,0.349583366130137
"TNRC18",-0.141257880263862,-0.208204069839495,0.349461950103357
"SRA1",-0.248645532506105,-0.100584941123485,0.34923047362959
"METTL5",-0.147497259897113,-0.201408331510442,0.348905591407555
"FAM221A",-0.260841601897894,-0.087987161297236,0.34882876319513
"RALGPS1",0.318523831978111,0.030278249098838,0.348802081076949
"MIER3",0.215869346146741,0.132592382400019,0.34846172854676
"CTTN",0.0424479122138717,0.305911687145862,0.348359599359734
"TMEM259",-0.210411457603096,-0.137762446744858,0.348173904347955
"ZNF600",0.130550398435632,0.217393387049633,0.347943785485265
"ARL6IP5",0.0896719986680781,0.25817494965051,0.347846948318588
"FBXO48",0.311369134600707,0.0363987262105359,0.347767860811243
"NUDT22",0.233165319431076,0.114479985079611,0.347645304510687
"PABPC4",0.308551642193871,0.0390516901348943,0.347603332328765
"HDGFL2",-0.186259504543598,-0.16111235530686,0.347371859850457
"PITPNC1",0.267754480117584,0.079367503103446,0.347121983221029
"BYSL",0.0232039223292295,0.323810936476449,0.347014858805679
"RAP1GDS1",0.206758936565119,0.14003829795463,0.346797234519748
"MPST",-0.315407794067402,-0.0312419647096247,0.346649758777027
"OSER1",0.0418036477176384,0.30484600793417,0.346649655651809
"KLC1",-0.261601150345923,-0.0849950562071182,0.346596206553041
"SLC17A9",0.256527393814944,0.0899002539995069,0.346427647814451
"SETMAR",0.0983331010790263,0.2480625758307,0.346395676909726
"TNIP2",0.092200074957673,0.253916835364061,0.346116910321734
"SEC14L1",0.326287564048648,0.0197270363706927,0.34601460041934
"RBM47",0.224825396196651,0.121087946085098,0.345913342281749
"RPL21",-0.341300378175458,-0.00457168105973871,0.345872059235196
"CCDC57",0.101486620197424,0.24393465952603,0.345421279723455
"EIF2D",-0.180766132908602,-0.164383256251756,0.345149389160357
"ACOT8",-0.188434359677495,-0.156675297131045,0.34510965680854
"RBM18",0.295116192494343,0.049909018065013,0.345025210559356
"NOTCH2",0.108899508127087,0.236070738726227,0.344970246853314
"POLR3A",0.27020582973975,0.0743927237940358,0.344598553533785
"PEX11B",0.27510637338995,0.069094068603559,0.344200441993509
"HCCS",-0.244870740850555,-0.0993196656853446,0.344190406535899
"SLC35B4",0.208338966658519,0.135808902885114,0.344147869543633
"TOMM20",0.324673036847292,0.0192109665553177,0.34388400340261
"MRPS9",0.293426189425464,0.0504052361612946,0.343831425586758
"DUT",-0.122438589904874,-0.221255446152695,0.343694036057569
"DTD2",-0.0327926493453248,-0.310836220228533,0.343628869573858
"PSMD4",0.169696854942956,0.17376794774796,0.343464802690916
"RPL12",-0.240398553070529,-0.10289930976862,0.343297862839149
"MDH2",-0.184590169193607,-0.158402125570102,0.342992294763709
"PTPA",-0.185460203032225,-0.156995597504453,0.342455800536678
"AARS1",-0.331031075299131,-0.0111746188426718,0.342205694141803
"TIMM10",-0.0578966868555568,-0.283982065411848,0.341878752267405
"PORCN",0.192941406221503,0.148922742362465,0.341864148583968
"SCLY",0.329416829993724,0.0118547918949141,0.341271621888638
"MRPL13",0.21666643433672,0.123840846094939,0.340507280431659
"CSGALNACT2",0.27532195579851,0.0649877311121632,0.340309686910673
"PSMA5",-0.260971372535785,-0.0793341570489723,0.340305529584757
"PLEKHM2",-0.272041266944284,-0.0680663895539579,0.340107656498242
"HACL2",-0.318005025115071,-0.0219146085202251,0.339919633635296
"CEBPG",0.164684988724962,0.175212010486709,0.339896999211671
"PITX1",-0.327645692622795,-0.0118394329758376,0.339485125598633
"FARSA",0.266902063756477,0.072395664387443,0.33929772814392
"RPS9",-0.178284870684469,-0.161001954390098,0.339286825074567
"CENPS-CORT",0.102704981984075,0.236486926742324,0.339191908726399
"DNAJC19",-0.173704777512281,-0.165283857808428,0.338988635320709
"CNOT9",0.157174571738078,0.181170975947341,0.338345547685419
"AKR1C3",-0.00150378942780183,-0.336830332054411,0.338334121482212
"CD320",0.0179299688311376,0.32032234373311,0.338252312564247
"YRDC",0.112561774310309,0.225372089904923,0.337933864215232
"HECTD1",0.0847523578131835,0.252970037796235,0.337722395609419
"TEX2",-0.287992540202535,-0.0496879175355383,0.337680457738073
"ATP1B3",0.294619475341117,0.0428182024416284,0.337437677782745
"NDUFS2",0.336979000341108,0.000313841075818999,0.337292841416927
"SIK3",-0.253752307395421,-0.0831700972456808,0.336922404641102
"RPS3",-0.310235604601557,-0.0265206899531396,0.336756294554696
"EGLN2",-0.28228011752853,-0.0541426261860938,0.336422743714624
"RTN3",0.0224402336720066,0.31387444221823,0.336314675890237
"ACOT13",0.1420097808994,0.194187796024267,0.336197576923667
"OSBPL10",0.077409264091465,0.258735277928172,0.336144542019637
"WDR19",0.259261656632945,0.07668983177143,0.335951488404375
"SSNA1",0.168598230161881,0.166683420718165,0.335281650880046
"FOXRED1",-0.190740301449568,-0.144423880493763,0.335164181943331
"C1orf52",0.170209325210775,0.164862281790739,0.335071607001513
"ASB3",0.176506346453515,0.158485534594926,0.334991881048441
"CUEDC2",-0.291266335515272,-0.0436314441150198,0.334897779630292
"C2orf49",0.276797012703015,0.0579430118435624,0.334740024546577
"SGSM3",-0.0198026228181307,-0.314728222508723,0.334530845326854
"IFNAR2-IL10RB",-0.305407095292987,-0.0285873195193931,0.333994414812381
"TIAM1",-0.100745013480573,-0.232999405621428,0.333744419102002
"NOC2L",0.185594235319545,0.148146481137226,0.333740716456771
"CRIM1",0.0922948776499863,0.240596519750691,0.332891397400677
"SPCS2",0.105952660562604,0.226779489436586,0.33273214999919
"TCEA3",0.236145827877107,0.0965848006769274,0.332730628554034
"MRPL53",-0.259593786462229,-0.072858107661407,0.332451894123636
"EPRS1",0.0241203928995777,0.307694602649648,0.331814995549226
"ERGIC2",0.0755240906815056,0.25612256626509,0.331646656946596
"MYOF",0.140417277234098,0.191022391388872,0.33143966862297
"PAK2",0.259066318618065,0.0721575524979423,0.331223871116007
"FBXO32",0.205599819250435,0.125182404272119,0.330782223522554
"ZNF593",0.323956793065109,0.00675656548744108,0.33071335855255
"SUPT6H",-0.320032470087281,-0.0106792155186826,0.330711685605963
"SPATA1",-0.128215783302352,-0.202195224410864,0.330411007713216
"PNKD",0.263711692918781,0.0664454259510814,0.330157118869862
"TIMM8A",0.162006719558561,0.168147564001982,0.330154283560542
"TRPV1",0.0528995253014792,0.277165107793633,0.330064633095112
"AMPD2",0.313019094746276,0.016625137425486,0.329644232171762
"OXCT1",0.115750492127179,0.213682415979091,0.32943290810627
"ATP6V1G1",0.277058882741709,0.0517874498642881,0.328846332605997
"RPL36",-0.219064083331494,-0.109446252219023,0.328510335550517
"ZNF638",-0.146905833305567,-0.18159796481446,0.328503798120027
"ANAPC11",-0.304059245395406,-0.0243586897300698,0.328417935125476
"ADAR",0.320313723807198,0.00805234961645773,0.328366073423656
"GAK",-0.214750702738652,-0.113447405149231,0.328198107887883
"SUV39H1",0.241422178607925,0.0860568107450117,0.327478989352937
"ARHGEF10",-0.287204414147331,-0.0401057020047351,0.327310116152066
"PRELID3B",0.0867746805862675,0.240356032042337,0.327130712628604
"BNIP1",0.160194679996019,0.166666035215933,0.326860715211953
"CDC42",0.0205960165074455,0.306187272626302,0.326783289133747
"JAGN1",-0.0512342583306111,-0.275508558303724,0.326742816634335
"CRLS1",0.259725122039777,0.0669017560656293,0.326626878105406
"CLCC1",-0.311984470078899,-0.0145234925933755,0.326507962672275
"MPG",-0.225393984490877,-0.101111539672013,0.32650552416289
"KIAA0513",0.288678246166533,0.0378013520760825,0.326479598242615
"RAD51B",0.0190676161914185,0.307172375142698,0.326239991334117
"YTHDC1",-0.299361311675534,-0.0261399050615583,0.325501216737093
"NDUFB7",-0.243296050704489,-0.0821375481977356,0.325433598902224
"PRMT3",0.284067866184995,0.0411698178017645,0.325237683986759
"CALCOCO1",-0.119059225694658,-0.206076559513493,0.32513578520815
"SCYL1",-0.292106881706727,-0.0330237883679478,0.325130670074675
"NF2",0.27536386055609,0.049727692869336,0.325091553425426
"RAVER2",0.066272022410181,0.258385880192611,0.324657902602792
"LTV1",-0.30025028648896,-0.0242450410649635,0.324495327553923
"DPH6",-0.0487508523216107,-0.275572676145784,0.324323528467394
"CAPN12",-0.22053296454273,-0.103718311796235,0.324251276338965
"NIBAN2",-0.178991671193732,-0.145140460398176,0.324132131591908
"PPM1B",0.268808357324656,0.0549795349809989,0.323787892305655
"APOBEC3A",0.081682447367958,0.242034393050671,0.323716840418629
"SERPINB6",-0.242350748888201,-0.0812116798668292,0.32356242875503
"TXNDC11",0.112858548492063,0.210558525963363,0.323417074455427
"HACD2",0.129012788108889,0.194237111923125,0.323249900032014
"SPTAN1",0.0793202663918855,0.24384012403737,0.323160390429256
"ANAPC13",-0.160433703073342,-0.162613524624846,0.323047227698188
"HAUS5",-0.110357793609781,-0.212628667376016,0.322986460985797
"ABHD17A",-0.225032756282308,-0.097751633928131,0.322784390210439
"TMF1",0.0197056647247384,0.302930706405498,0.322636371130237
"MAGED2",0.134950888773288,0.187479017488869,0.322429906262157
"MAP3K14",0.291912448034872,0.0303034653155905,0.322215913350462
"SDR39U1",-0.178603295572393,-0.143562323286827,0.32216561885922
"ACTB",-0.196182584342587,-0.125838207234327,0.322020791576914
"WDR76",-0.321099760874863,-0.000333183754343658,0.321432944629207
"MSRB2",-0.164072089325,-0.157280933919715,0.321353023244715
"INPP5K",0.196634414769591,0.124450878745131,0.321085293514722
"CDC37",-0.126187036744468,-0.194846836076512,0.32103387282098
"GPBP1L1",0.106655159208454,0.213903040903301,0.320558200111756
"ABRAXAS2",-0.259799915424612,-0.060735512026838,0.32053542745145
"CTDSPL",0.111948319951692,0.208427223733362,0.320375543685053
"B3GNT3",0.319471064260071,0.000695074628965564,0.320166138889036
"NT5DC1",0.271908263119889,0.0481194680603916,0.320027731180281
"ATP13A3",0.20653564028195,0.113201549111743,0.319737189393693
"RPL18A",-0.285235655789121,-0.0343269061507172,0.319562561939838
"FUBP1",0.227486123200818,0.0919539740235678,0.319440097224386
"E2F3",0.0989201969378986,0.220468053988478,0.319388250926376
"EAF1",0.212879174484212,0.106461831428099,0.319341005912311
"SMIM15",0.241148075848188,0.0781081341890184,0.319256210037207
"CLBA1",-0.285208703165342,-0.0339551036835068,0.319163806848849
"SRR",0.0836849106737905,0.23507867821652,0.31876358889031
"FXR2",0.13284641922379,0.185873270649738,0.318719689873528
"PCOTH",-0.0434734784375053,-0.274973410598133,0.318446889035639
"TP53RK",0.294156551865561,0.0241971165665342,0.318353668432096
"EIF2B5",-0.117659687435799,-0.200591539186282,0.318251226622081
"RPS27A",-0.219318438182947,-0.0986693277560793,0.317987765939026
"STK32C",-0.106086026967547,-0.211671633243252,0.317757660210798
"SPR",-0.207137320639237,-0.110373955060656,0.317511275699893
"KBTBD11",-0.281886506557534,-0.0355928793939467,0.317479385951481
"GTF2IRD1",0.010894118882895,0.306576498039142,0.317470616922037
"PDRG1",0.0565877054175044,0.260547403287791,0.317135108705296
"WSB1",0.00464358681557808,0.312465684497914,0.317109271313492
"KCTD2",0.296034185884425,0.0210051818478494,0.317039367732274
"ST3GAL4",-0.115936997629386,-0.201061160261007,0.316998157890393
"DBNDD2",-0.289104448661339,-0.0278358785914321,0.316940327252771
"SERP1",0.289336199510551,0.0273582914670172,0.316694490977568
"TOP1",0.256607598983615,0.0599288087368119,0.316536407720427
"CRTC2",-0.197688616908704,-0.118814044574616,0.31650266148332
"PPTC7",0.0371880305372603,0.278874664722779,0.316062695260039
"ANXA5",0.226166398890467,0.0898842392055226,0.316050638095989
"PDPK1",0.228071370222921,0.0879751927380772,0.316046562960998
"NRBF2",0.217892329896109,0.0979194109798609,0.31581174087597
"MYBL2",0.123822527892357,0.19198369367384,0.315806221566196
"BBOF1",0.0158911536660504,0.299847604752955,0.315738758419005
"APEX2",-0.0599472852473171,-0.255639038509972,0.31558632375729
"PPAN",0.298542181714159,0.0167196688691895,0.315261850583348
"ZNF264",-0.250959806440574,-0.0641447163535953,0.315104522794169
"ATP6V1C1",0.302389385670135,0.0126698265449159,0.315059212215051
"SMARCE1",0.244610486488218,0.0702508548055905,0.314861341293809
"NDUFB1",-0.0892835311496842,-0.225568256725577,0.314851787875261
"MPV17L2",-0.175860409132872,-0.138821302762874,0.314681711895746
"UBR7",-0.235065406753275,-0.0795394676464491,0.314604874399724
"TMEM147",-0.0227239110187201,-0.291764400316048,0.314488311334768
"SNRNP27",0.212233923395783,0.101959330319647,0.31419325371543
"ZNF430",0.160044217191045,0.154137122827361,0.314181340018406
"FBXW2",-0.168833586378063,-0.145053395987293,0.313886982365355
"STK4",0.0938485447630351,0.219893145204749,0.313741689967785
"SLC16A3",0.101937693335947,0.211633682753305,0.313571376089252
"KIFBP",0.15040452510318,0.163050840938427,0.313455366041607
"CEP44",0.0235246104126832,0.289346457183117,0.3128710675958
"TGFB3",0.277488978640072,0.0353117422172047,0.312800720857277
"BMS1",0.138099940520302,0.174691690513018,0.312791631033321
"ZFAND2A",-0.129513660622965,-0.183004629693234,0.312518290316199
"ROMO1",-0.158485076958696,-0.154006956211044,0.31249203316974
"ISG20L2",0.237192236914879,0.0751988725700103,0.312391109484889
"XRCC3",-0.0303076089061975,-0.282071169247682,0.312378778153879
"UGGT2",0.271558836012511,0.0407966416775514,0.312355477690063
"SF3A3",0.240785881874046,0.0714597178243777,0.312245599698423
"SECISBP2",0.118798113001491,0.193332792392157,0.312130905393648
"RPL39",-0.216876765644495,-0.0952267518397694,0.312103517484264
"FNBP1L",0.110056742580936,0.201995061025323,0.312051803606258
"KEAP1",-0.30985582959843,-0.00198822249837782,0.311844052096808
"SCAF1",-0.169015918679766,-0.142725458222611,0.311741376902377
"CCDC157",0.0966427760272,0.214909837930825,0.311552613958025
"SYPL1",0.280070151034924,0.0312728579026702,0.311343008937595
"KPNA1",0.120955342442342,0.190077156529781,0.311032498972123
"ATAD2B",0.299784859182363,0.0106947583436758,0.310479617526039
"ATP9B",-0.210470611184111,-0.0996011182239844,0.310071729408096
"NDUFA7",-0.124876721112399,-0.185159439413335,0.310036160525733
"SNX29",0.272021423801916,0.0376850847122983,0.309706508514215
"STRADB",0.129839651796818,0.179595974077626,0.309435625874444
"DAP",0.218346573553801,0.091008416224196,0.309354989777997
"VPS41",0.304102592340632,0.00519384746506546,0.309296439805697
"USPL1",0.20798643927015,0.100770672871509,0.308757112141658
"AP2M1",-0.270308162608618,-0.0380830241496071,0.308391186758225
"SUN2",0.172924843914301,0.135134454866123,0.308059298780424
"PARL",0.0786762702134194,0.228877623141758,0.307553893355178
"SFI1",-0.257742290735234,-0.0495761666334613,0.307318457368695
"GEMIN7",0.0911071091654732,0.215372385485235,0.306479494650708
"GINS1",0.12532457473699,0.18112526199646,0.306449836733451
"MED7",-0.303441918029629,-0.00291566488591233,0.306357582915541
"FAHD1",0.0702629643386201,0.23605490862156,0.30631787296018
"INF2",-0.298184721446964,-0.00807384857909454,0.306258570026058
"FEZ2",0.181213100894541,0.12498166212373,0.306194763018271
"UBQLN1",0.254430962511533,0.0514475646879911,0.305878527199524
"WIPI1",0.0277080653760349,0.277980898305191,0.305688963681225
"KBTBD4",0.241495444517887,0.0637470524072343,0.305242496925122
"PPP1R15B",0.281576380391157,0.0234186586951974,0.304995039086355
"NPIPA1",0.155969014728365,0.148753563236533,0.304722577964898
"EED",0.269561413795102,0.0342756219746279,0.30383703576973
"TRIM21",0.0530536709293039,0.250560031533626,0.30361370246293
"KBTBD6",-0.0198562788385253,-0.283184100966031,0.303040379804556
"SNX2",0.143267068069771,0.159753908534599,0.30302097660437
"DDHD2",-0.254073783979892,-0.0488585011134015,0.302932285093293
"VPS28",-0.0472154938311986,-0.255670824368413,0.302886318199612
"SYNJ2BP-COX16",-0.215929094850829,-0.0867885183662462,0.302717613217075
"UBE2N",0.186988379979756,0.115239671617266,0.302228051597021
"BRD7",0.0781094744782944,0.223886408075783,0.301995882554077
"ASB6",-0.269352235599098,-0.0325183891635206,0.301870624762619
"MYL6B",-0.264147674311262,-0.0372154628362455,0.301363137147508
"CMIP",0.20285861643302,0.0984870964035385,0.301345712836559
"LUC7L3",0.2879409142783,0.0133390663103734,0.301279980588673
"EPS15",0.206723327068749,0.0943351252435791,0.301058452312328
"DROSHA",-0.204317705565822,-0.096546420569628,0.30086412613545
"ZNF791",0.1357917157373,0.164896560100708,0.300688275838008
"HDLBP",0.0792289705552287,0.221441868499451,0.30067083905468
"ARMCX3",0.279630932746263,0.0208987533279092,0.300529686074172
"ATP5F1E",-0.108725064967116,-0.191446153256129,0.300171218223245
"MYL6",-0.261599930512624,-0.0384673849723161,0.30006731548494
"APBB1",-0.0301943915933967,-0.269178802476253,0.299373194069649
"SLC2A1",0.0654873356496468,0.23368389893442,0.299171234584067
"RPL24",-0.249563637843181,-0.0490609084493023,0.298624546292483
"IPO4",-0.00648155219400337,-0.291947479126668,0.298429031320671
"RBM12",0.101605476311702,0.196546129267073,0.298151605578775
"PRCP",-0.226320035402241,-0.0716550922132599,0.2979751276155
"SLC35E2B",0.262820880929484,0.0349045786328377,0.297725459562321
"WRNIP1",0.1751179627159,0.122299434881947,0.297417397597847
"WDSUB1",0.0219326338373782,0.27516795880122,0.297100592638599
"SMUG1",0.266843469398667,0.030097448559971,0.296940917958638
"KAT2A",-0.0204799946887708,-0.276447713872119,0.29692770856089
"ZNF529",0.0610997477422957,0.235755341841594,0.296855089583889
"NAT9",0.186081181090199,0.110107467314553,0.296188648404753
"PHKG2",0.208879346629226,0.0871657562370567,0.296045102866283
"C6orf132",0.103314678470794,0.19270490472674,0.296019583197534
"OGFR",-0.10698787347839,-0.189026498422143,0.296014371900533
"FBXL4",-0.276013950412628,-0.0199734907732485,0.295987441185877
"PLXNB3",-0.251207372534744,-0.0443522091667967,0.295559581701541
"CHCHD5",0.184185748149077,0.111234675119179,0.295420423268256
"CEP89",0.116166134234274,0.179152482068268,0.295318616302542
"TARDBP",-0.265594289994909,-0.0293662292884571,0.294960519283366
"NFRKB",0.242054361379535,0.0528202133244084,0.294874574703944
"GCC1",-0.128894401850622,-0.165930010822032,0.294824412672653
"RIN2",0.180408656595115,0.114303816387685,0.2947124729828
"RPL37",-0.220409493146141,-0.074282444568345,0.294691937714486
"WIPI2",0.0647620670500979,0.229926919734836,0.294688986784934
"EIF4EBP1",-0.136128221744838,-0.158521436387359,0.294649658132196
"DGCR8",-0.273724082427689,-0.0209013026893565,0.294625385117045
"ALG5",0.0412643173191034,0.253248953663213,0.294513270982316
"GNA11",0.164474861588222,0.130022100085826,0.294496961674048
"PCBP1",-0.0629805440459341,-0.231332677483062,0.294313221528996
"PPP1R3F",0.162034828414462,0.132215448158329,0.29425027657279
"B4GALT5",-0.199780140078825,-0.0943647628737132,0.294144902952538
"DENND10",0.112723704612725,0.18116039863618,0.293884103248904
"C12orf76",0.0226914516721686,0.271037320426174,0.293728772098343
"RER1",-0.19229818712993,-0.101415045272088,0.293713232402018
"RNPEP",-0.232847175530922,-0.0606863220070633,0.293533497537985
"MTA2",-0.206562809370714,-0.0869401008595343,0.293502910230249
"PPP2CB",0.230015975556613,0.0633954537823511,0.293411429338964
"ZNF44",0.28073622290454,0.0126577942921431,0.293394017196683
"ADIRF",-0.0302094957925654,-0.263083480600358,0.293292976392923
"HSPBAP1",0.284206020704767,0.00865179248599457,0.292857813190761
"LGMN",0.289151574840189,0.00362089045066583,0.292772465290855
"VAPB",-0.0407820680050337,-0.251881980658373,0.292664048663407
"KIF1C",-0.129649323846003,-0.162451089886027,0.292100413732031
"FCHSD1",0.137640795287536,0.154380996761612,0.292021792049147
"EIF3A",0.064677463022214,0.227277964978881,0.291955428001095
"TMEM160",0.277906598001798,0.0135528808408143,0.291459478842612
"IRAK1BP1",-0.271960952994876,-0.0193946688395306,0.291355621834406
"HEATR1",0.0135731686237337,0.276939262032492,0.290512430656225
"WDR90",-0.1924377853965,-0.0980125917406811,0.290450377137181
"CTDSP2",0.0492197477879972,0.241161500687217,0.290381248475214
"SNRPD2",-0.242491718683269,-0.047628817628965,0.290120536312234
"TXNL1",0.21633251698768,0.0735275478030695,0.289860064790749
"GFPT1",0.189915096349865,0.099909412237877,0.289824508587742
"VCL",0.20566321685948,0.0839874138856649,0.289650630745145
"ACTR10",0.235658963969582,0.053833515439992,0.289492479409574
"ERCC3",0.176684675969261,0.112359720932277,0.289044396901538
"HACD3",0.00253171870532398,0.286200261283493,0.288731979988817
"USP20",0.173713976134304,0.114989687532387,0.288703663666691
"GTF3C4",0.13297917456012,0.155448213689793,0.288427388249913
"IFT74",0.0513034181824432,0.236959415254351,0.288262833436794
"RPS10",-0.239358453986673,-0.0484506560458655,0.287809110032539
"DYNC2I2",-0.128907256411292,-0.158697165320083,0.287604421731375
"RNASEH2C",-0.248096726777452,-0.0394679644531166,0.287564691230568
"NEMF",0.0361055126228873,0.251176812561902,0.28728232518479
"MYDGF",0.0419173110131315,0.245362907504649,0.287280218517781
"POT1",0.224411189286586,0.0625126450416684,0.286923834328255
"EIF3B",0.119453932484209,0.167381415731937,0.286835348216146
"MYZAP",-0.131903677246062,-0.154853618756789,0.286757296002851
"TTC1",0.0424394881578589,0.244314133474526,0.286753621632385
"SFT2D2",0.283021533589886,0.00358933346256674,0.286610867052453
"NCKAP5L",0.135485348105838,0.150888190494449,0.286373538600288
"NACA",-0.218289237544411,-0.0680842225137255,0.286373460058137
"FBXO42",0.0947906641606151,0.191467636348593,0.286258300509209
"ARPIN-AP3S2",-0.0196122600953537,-0.265996075568109,0.285608335663463
"DOCK8",-0.120437656688633,-0.164838318474265,0.285275975162898
"PINK1",0.080133043853083,0.204893780472566,0.285026824325649
"SAP30BP",0.236685281143664,0.0482306292301322,0.284915910373797
"SMARCAL1",0.0515592519865895,0.233092719606552,0.284651971593141
"GUSB",0.149053253975531,0.135221001106327,0.284274255081858
"MIF4GD",0.237675971933641,0.0464960461622761,0.284172018095917
"NDUFV1",0.165907928132512,0.117850839389369,0.283758767521881
"ITGB3BP",0.081076623628868,0.201987769417332,0.2830643930462
"PRDX6",-0.170923883808607,-0.111877866672581,0.282801750481187
"COASY",0.27906262183047,0.00371639436550542,0.282779016195976
"CNOT8",0.179222184631361,0.103540023649524,0.282762208280885
"ELOA",0.176191473694385,0.106350863973358,0.282542337667743
"C14orf119",-0.118319502956008,-0.16410228040974,0.282421783365748
"NCBP2AS2",0.266650079936883,0.0157552531665335,0.282405333103417
"MALSU1",-0.191142703482289,-0.0900975115293008,0.28124021501159
"MCAT",-0.0651888831632306,-0.215955018616681,0.281143901779911
"RRP9",-0.025642692778364,-0.255417407907222,0.281060100685586
"TMEM128",0.193489151222223,0.0874699059594821,0.280959057181705
"PHB1",-0.245015708317081,-0.0359430250706376,0.280958733387719
"NDUFA10",0.196348732350899,0.0843249039761371,0.280673636327036
"MORF4L2",0.086079140621429,0.194532328902266,0.280611469523695
"DGCR2",0.204022045194158,0.0764861992412875,0.280508244435445
"ESRP1",0.186880505077223,0.0933439070211222,0.280224412098345
"PHKB",0.0753946763058631,0.204757927948384,0.280152604254247
"RDH14",-0.233755638968992,-0.0459969899213704,0.279752628890362
"SMIM7",0.204894613226564,0.0747885154350323,0.279683128661596
"ZFC3H1",0.263482910018563,0.0155053315155618,0.278988241534125
"ABI2",0.153801404152343,0.125072724331468,0.278874128483811
"DPM2",-0.276751996593835,-0.00179968675491349,0.278551683348748
"LMBRD2",-0.137220502605585,-0.141222661117419,0.278443163723003
"DLGAP4",-0.277158498075198,-0.000880938392033848,0.278039436467232
"PRMT5",-0.273539900168577,-0.00421241859802635,0.277752318766604
"POMT2",-0.1371717998163,-0.14031247985167,0.27748427966797
"PPP4R1",-0.202405125327591,-0.0750670756481364,0.277472200975727
"CIAO2A",0.165272689414362,0.112121850776822,0.277394540191183
"FBXO3",0.151558223758759,0.125749160705422,0.27730738446418
"MCM4",0.0405743229593751,0.236723853085316,0.277298176044691
"GNS",0.237779636548299,0.0392226060456791,0.277002242593978
"TPI1",0.109587968012793,0.166916716988947,0.27650468500174
"TFIP11",-0.158876596118719,-0.117594711242292,0.276471307361011
"ARG2",0.0131265494035537,0.263309442723187,0.276435992126741
"SPATC1L",0.138211653142924,0.138182198629051,0.276393851771975
"DNAJC3",0.0168485514522168,0.259407106137873,0.27625565759009
"NOL11",0.0203827225288249,0.255856006146848,0.276238728675673
"ST3GAL2",-0.130242890952985,-0.145879147768781,0.276122038721766
"CPSF1",-0.159984419649318,-0.115829960573613,0.275814380222931
"ARRB2",0.0595111141474085,0.215748536669496,0.275259650816904
"RBAK-RBAKDN",0.233163737698695,0.0419518728364698,0.275115610535164
"PRKCD",0.263380363352909,0.011719515528462,0.275099878881371
"TESK1",-0.0702558002882165,-0.204709342939453,0.27496514322767
"DIP2A",0.170917496699581,0.104024529903153,0.274942026602734
"ZSCAN20",-0.0755867403576536,-0.199348732079975,0.274935472437629
"AP1S2",0.0871328372056341,0.187780418681975,0.274913255887609
"ZFHX3",0.164397222320025,0.110315020924376,0.274712243244401
"DHX33",-0.087296168646132,-0.187263341264377,0.274559509910509
"YARS2",0.20498705851251,0.0695626988270375,0.274549757339548
"RPL13A",-0.259046908479103,-0.0153412285039938,0.274388136983097
"COA8",-0.190108224657248,-0.0841027485607118,0.27421097321796
"RAB43",-0.0227439917168422,-0.251118436874069,0.273862428590911
"NBPF26",-0.0168509323271411,-0.256984518214232,0.273835450541373
"GLOD4",0.221655838181649,0.0521063659231649,0.273762204104814
"C2orf68",0.197282955766619,0.0763516595274885,0.273634615294108
"EDEM2",0.253084184584861,0.0204276349531494,0.27351181953801
"GMDS",0.044656131853885,0.228715091437182,0.273371223291067
"WDR5B",0.122987606159534,0.150010191524071,0.272997797683606
"SUB1",0.0297137570698229,0.243174286571151,0.272888043640974
"POLR2I",-0.189854422270274,-0.0828507072213771,0.272705129491651
"NAB2",0.049024468600288,0.223221660780522,0.27224612938081
"RFC3",0.0896050414068204,0.18241773861834,0.27202278002516
"TOB2",0.0425048394247507,0.229271455868038,0.271776295292789
"SIPA1L3",-0.191183941714322,-0.0803704806772894,0.271554422391612
"TMEM141",0.270358426350877,0.0010627453981451,0.271421171749022
"PTK2",0.251466108928364,0.0195801663339612,0.271046275262325
"PAPOLA",0.0326940385368424,0.237956861989575,0.270650900526418
"BCKDHA",-0.125217263223834,-0.145433150124266,0.2706504133481
"KDM5C",0.219056530334327,0.0511564115898349,0.270212941924162
"TRAF7",-0.239864760969186,-0.0302667728646338,0.270131533833819
"TMEM243",0.207818859185672,0.062211906981128,0.2700307661668
"GPATCH4",0.12506052593552,0.144551936938994,0.269612462874513
"LBHD1",0.222062706755766,0.0475133886662986,0.269576095422064
"KDM4B",0.06112088848738,0.208066180299506,0.269187068786886
"COG1",0.0763031078115937,0.192555223299199,0.268858331110793
"MSMO1",-0.164529384749682,-0.10418603136245,0.268715416112132
"RMDN3",0.13521157725966,0.133296020494978,0.268507597754637
"SCAMP3",-0.178163371987059,-0.0901903276445486,0.268353699631608
"RBM34",0.228926768803554,0.0394153677741631,0.268342136577717
"RASSF3",0.0627244694896734,0.20546931668203,0.268193786171703
"COQ4",-0.086937869768918,-0.181206186628397,0.268144056397315
"CBR3",-0.232133318290733,-0.0358493022534194,0.267982620544152
"CCDC51",0.152594328582113,0.115323712496044,0.267918041078158
"DMWD",0.0816613866239524,0.186252715073114,0.267914101697066
"ARMC1",0.253448701638142,0.0143633149472588,0.267812016585401
"SRF",-0.193358267853427,-0.0743886195397425,0.267746887393169
"TEF",0.179988169045708,0.0877435099136754,0.267731678959384
"ZNF678",0.242825216606022,0.0248296891954964,0.267654905801519
"RAB31",0.00209857354189946,0.265494047199645,0.267592620741545
"GGNBP2",0.130691472350464,0.136894904611077,0.267586376961541
"SLC35E3",-0.266620306945344,-0.000757104218607196,0.267377411163952
"NUFIP2",0.0694263934023271,0.19794979901374,0.267376192416067
"CYRIB",0.247419104377231,0.0195998078895894,0.267018912266821
"CIZ1",-0.218210904310034,-0.0487680387651617,0.266978943075196
"DAZAP1",0.102533365977573,0.164210598482545,0.266743964460118
"SRSF5",0.134481224046327,0.131551025119828,0.266032249166155
"STAT3",-0.138229077417598,-0.127777827454133,0.266006904871731
"SMG7",-0.198253708536867,-0.0675766522332406,0.265830360770107
"DCAF17",0.237942470759251,0.0276708697832202,0.265613340542472
"GINM1",0.256309437688573,0.00917448633424289,0.265483924022816
"ALG9",-0.0686055173646993,-0.196608701320808,0.265214218685507
"SPPL2A",0.260097593094682,0.00511218725060036,0.265209780345282
"FICD",0.0726747506547163,0.192210013761075,0.264884764415791
"SAV1",0.133575940701168,0.131303493064934,0.264879433766102
"KIDINS220",0.254222572993557,0.0104786650035307,0.264701237997088
"PA2G4",0.135295106442644,0.12916186144976,0.264456967892404
"PSAP",0.141265668531529,0.122566659185084,0.263832327716614
"NOL3",0.0631398655687256,0.200494124956291,0.263633990525017
"SF1",-0.213488415591415,-0.0500257600157106,0.263514175607125
"GTF2B",0.130809932933976,0.1324858072997,0.263295740233676
"ECE1",0.260952287932776,0.00230077799444484,0.263253065927221
"RB1",0.00467647317808551,0.258459776292962,0.263136249471047
"CPSF3",0.0828433564865279,0.180138030475563,0.262981386962091
"PSMB4",0.128926772965455,0.133808013588645,0.2627347865541
"BTG1",0.140724087805856,0.121588804133983,0.262312891939838
"ZMYND11",0.141181609550737,0.121110988409016,0.262292597959753
"RAB2A",0.144193460591763,0.118042079959176,0.26223554055094
"NPAS2",-0.211318801012222,-0.0508712727689393,0.262190073781162
"STAT1",0.228822663441294,0.0332578233084808,0.262080486749775
"LMBR1",0.216456435917898,0.0446221513821103,0.261078587300009
"PCDHGB2",0.16214539264988,0.0986084418353412,0.260753834485221
"FGFR2",0.10247378582303,0.157740587719346,0.260214373542376
"IFT46",-0.152330842621299,-0.107882976285429,0.260213818906729
"NGEF",0.153052754270201,0.107074379125517,0.260127133395717
"TELO2",-0.127532239328132,-0.132569882437899,0.26010212176603
"NUP155",0.134483196517793,0.125618485657303,0.260101682175096
"P4HB",0.245557323245587,0.01426951807818,0.259826841323767
"RNF138",0.0340618228245662,0.225565012946495,0.259626835771061
"NDUFS4",-0.174306375852082,-0.0851735439169747,0.259479919769057
"FBXO17",0.122803415986475,0.136653621588906,0.259457037575382
"BCR",0.128748380352876,0.130708123483611,0.259456503836486
"ANKRD36B",0.124695747269048,0.134642791951539,0.259338539220587
"FKBP9",-0.255784151799578,-0.00344674518190136,0.259230896981479
"TASOR",0.100969492243599,0.158228786994548,0.259198279238147
"EDEM3",0.0425662402991516,0.216097710784795,0.258663951083947
"IMPDH1",-0.0719279138542976,-0.186706625292953,0.25863453914725
"RALBP1",0.0439209205850633,0.21441276721824,0.258333687803304
"TBCCD1",0.256475287586435,0.00168623770907939,0.258161525295514
"ADAP1",-0.217999527070967,-0.0393380843977837,0.25733761146875
"MED28",0.168221341122482,0.0889358709435033,0.257157212065986
"ATRAID",0.243387046661356,0.012947862176885,0.256334908838241
"HSPA4",0.253458969510293,0.00278191828831797,0.256240887798611
"SPG21",0.198445213244237,0.057406561557884,0.255851774802121
"IFT88",0.0451155660495988,0.210165586362423,0.255281152412021
"RBM42",-0.221763696675928,-0.0334140341531786,0.255177730829106
"CNN3",0.136352885610798,0.11861023201249,0.254963117623287
"ABHD16A",0.0294631804166983,0.225386848670479,0.254850029087177
"ACTR2",0.18308677043871,0.0713846324160823,0.254471402854792
"TINF2",-0.24706858155441,-0.00704014603558534,0.254108727589996
"TMEM223",-0.214472009716384,-0.0395288430988634,0.254000852815247
"XIAP",-0.132229234293405,-0.121764859282154,0.253994093575559
"CSTF3",0.124645581839879,0.128850661607715,0.253496243447594
"SYVN1",-0.11719080878786,-0.136136623446228,0.253327432234088
"TIMP1",-0.218328844524405,-0.0348634183911862,0.253192262915591
"COQ10B",0.115149266500285,0.137919997318278,0.253069263818563
"CPT1A",-0.217676707277357,-0.0351687777542971,0.252845485031654
"RUSC2",-0.159031395679764,-0.0934077452964006,0.252439140976165
"XTBD1",-0.135530849381719,-0.116478332341253,0.252009181722972
"RNASEH2B",0.0857000637717604,0.165028847746183,0.250728911517944
"MICAL1",0.184446035050589,0.0661555343726072,0.250601569423196
"GABARAPL2",-0.137591989444817,-0.112839190606028,0.250431180050845
"UBE2D3",0.135553918672407,0.114662512136852,0.250216430809259
"IL17RE",-0.118877531625007,-0.131098769743955,0.249976301368963
"YIPF6",0.0150494904657306,0.234481467145303,0.249530957611033
"COG5",0.108193197255913,0.141125183678657,0.24931838093457
"ZFX",0.122688985939143,0.126599573663084,0.249288559602227
"RPL31",-0.154396217688801,-0.0947848699016909,0.249181087590491
"KCTD11",0.178040882721572,0.0711139470627291,0.249154829784301
"TMEM184B",-0.0403546802839809,-0.208774385943896,0.249129066227876
"LSM10",-0.141101814994603,-0.107583277503593,0.248685092498196
"UIMC1",0.158908776000841,0.0893626809392405,0.248271456940081
"SPIN1",0.0129391749554859,0.235055726407676,0.247994901363162
"MAN2B1",0.0544930930373777,0.193110045873394,0.247603138910772
"CHEK1",-0.204222468925429,-0.0429118982757659,0.247134367201195
"STAMBP",-0.114710574595069,-0.132307449892453,0.247018024487522
"RWDD1",0.198593757798036,0.0467274719127007,0.245321229710736
"ANXA4",0.198642805297284,0.0463660920404241,0.245008897337708
"UQCRB",-0.124111254166527,-0.120474487045469,0.244585741211996
"UCHL3",0.0601639189067935,0.184398097867187,0.244562016773981
"TIMM13",-0.0261975228924811,-0.217625531037616,0.243823053930097
"EDF1",-0.111976682099876,-0.131644075341066,0.243620757440942
"MROH6",0.194252349402279,0.049013957767686,0.243266307169965
"UBE2M",-0.0337514759228581,-0.209179751347049,0.242931227269907
"CCDC137",-0.0531599777350964,-0.189754103185084,0.242914080920181
"FAM222B",0.136099455522152,0.10646919044733,0.242568645969481
"WDR89",-0.204343491147902,-0.0381703009639285,0.242513792111831
"ZNFX1",-0.187764814905819,-0.0543716454208267,0.242136460326646
"SP1",0.22697718676305,0.0148378824709079,0.241815069233958
"ZNF517",-0.151285477011368,-0.0897986172839595,0.241084094295328
"ZSCAN21",-0.00577743469089853,-0.23493680288682,0.240714237577719
"BCAT2",0.148141211905574,0.0925535075009165,0.24069471940649
"CDCP1",0.175272937580319,0.0653040587967295,0.240576996377048
"TRIM16",-0.0943277759137198,-0.146225000410456,0.240552776324176
"S100A13",-0.0277253707954639,-0.212699528838757,0.24042489963422
"DNAJC16",-0.174459725194124,-0.0657304949438209,0.240190220137945
"POLD4",-0.0196618094399952,-0.219870303655197,0.239532113095192
"RAB1B",-0.220636249687557,-0.0187823441574082,0.239418593844965
"RIDA",0.142977905946235,0.0962693951521798,0.239247301098414
"TRMT44",0.0355784656603344,0.202838062279102,0.238416527939437
"VPS33B",0.181041071903569,0.0570963188138283,0.238137390717397
"TMEM254",0.0706746540582124,0.16745744097427,0.238132095032483
"FTO",0.226786151170963,0.0111178272486296,0.237903978419592
"RIF1",0.1107462115451,0.127121211353157,0.237867422898257
"SMOX",0.0503399016044099,0.18742615131928,0.23776605292369
"SRRT",-0.161821327447235,-0.0757748110991763,0.237596138546412
"PAGR1",-0.156367488377672,-0.0811401627323658,0.237507651110038
"FBXO25",0.161485231495969,0.0759386164698137,0.237423847965783
"MRPL27",0.0137054470281619,0.223530902471087,0.237236349499249
"CDK4",0.234570797231445,0.00266266496532186,0.237233462196767
"SELENOI",0.174806742647076,0.0623754853483662,0.237182227995442
"SH2D4A",0.130566741855005,0.106384228976127,0.236950970831133
"NTPCR",0.105069402302564,0.131639920581206,0.23670932288377
"LRP10",-0.0266453095309371,-0.209680389416752,0.236325698947689
"SIRT6",-0.145157245538642,-0.0907133285667605,0.235870574105403
"SDF2",-0.142652618505846,-0.0928432007717301,0.235495819277576
"PES1",-0.144901359944357,-0.0904226254272498,0.235323985371607
"MTA3",0.183477556415625,0.0517599841093523,0.235237540524977
"TYW3",-0.135652516193797,-0.0995708043454799,0.235223320539277
"RNF11",-0.23259524687855,-0.00202280955264023,0.234618056431191
"PSMB2",0.159529579162199,0.0749793863367705,0.23450896549897
"DYNLRB1",-0.186513734419995,-0.0477266517418204,0.234240386161815
"UQCC3",0.104373348146227,0.129548082332087,0.233921430478313
"RPL38",-0.159318616660656,-0.0744407821650785,0.233759398825734
"CAMTA2",-0.130306180763153,-0.103176109836278,0.233482290599431
"HAUS4",0.152996707567228,0.0802303204073498,0.233227027974578
"IDI1",0.161091929110253,0.0719431019238632,0.233035031034117
"ZNF211",-0.160475954067199,-0.0722956628497,0.232771616916899
"TSN",-0.19580504554729,-0.0368540353459084,0.232659080893198
"TMEM98",-0.0091294306266545,-0.223009346365461,0.232138776992115
"PPIG",0.0349292775906775,0.197010125936989,0.231939403527667
"TUSC3",0.18169272308997,0.0500541350415036,0.231746858131474
"FAM120B",-0.131061241277387,-0.100680006575837,0.231741247853225
"PSMD2",0.0441835076760118,0.187168454976883,0.231351962652894
"PARVA",-0.225955785777544,-0.00536317172222356,0.231318957499768
"NEDD8-MDP1",-0.177867154730604,-0.0530868686942378,0.230954023424842
"VPS11",0.141254345173107,0.0894430985124406,0.230697443685548
"KDM2A",-0.176398222446272,-0.054243742299791,0.230641964746063
"PNPLA2",-0.0107339062838321,-0.219839744311,0.230573650594832
"BRK1",-0.138942396123898,-0.0910467756497777,0.229989171773676
"VAMP2",0.0666777172292914,0.162631976361759,0.22930969359105
"N4BP2L2",0.0710518252469932,0.157804969991082,0.228856795238075
"AP2S1",-0.0827485895090945,-0.14591318130584,0.228661770814934
"NAV2",0.13027904500226,0.0983510686658331,0.228630113668093
"UBTD1",-0.103376406866885,-0.125214780122065,0.228591186988951
"FBXL6",-0.0255064174555049,-0.202887081726861,0.228393499182366
"MAPK13",0.169464159789185,0.0587133635091783,0.228177523298364
"VSIG10",0.0630203973609227,0.164451950753134,0.227472348114056
"AIF1L",0.0856503897748242,0.14176564864889,0.227416038423714
"DRAM1",-0.0947519504791448,-0.132633167529653,0.227385118008797
"SLC25A17",-0.190428620832943,-0.0368538346665845,0.227282455499528
"KNOP1",0.085807249162051,0.140643507883651,0.226450757045702
"SRPK2",0.148599257858986,0.0775779723821444,0.22617723024113
"NOP56",0.220759033488903,0.0050493922944046,0.225808425783308
"PPFIBP1",0.0108555157502419,0.21422033632562,0.225075852075862
"C1D",-0.216284785670809,-0.00838084256290461,0.224665628233714
"PILRB",-0.16521604824917,-0.0593251266729178,0.224541174922088
"CMSS1",-0.167636364787573,-0.0562762180240499,0.223912582811623
"SF3B4",-0.104938742760983,-0.118258712796361,0.223197455557344
"CDK9",-0.195132078964953,-0.0279088544181194,0.223040933383072
"CASC3",-0.0221568080066756,-0.200429634359961,0.222586442366636
"LAMTOR2",0.173887784881123,0.0486853718824225,0.222573156763546
"GALT",-0.152464494021197,-0.0698388999687189,0.222303393989915
"SNIP1",-0.141506650925705,-0.0806933358868878,0.222199986812593
"MOB3A",-0.177780823157129,-0.0443495133323699,0.222130336489498
"COPS6",0.0733052204761613,0.148677171086687,0.221982391562848
"PAIP2",-0.171544002790204,-0.0503703376116027,0.221914340401807
"FCF1",-0.164852479716084,-0.0569882020118664,0.221840681727951
"UNG",0.166701418761328,0.055092464501894,0.221793883263222
"FEM1A",-0.136514112749146,-0.0847130675324816,0.221227180281628
"CLTC",-0.216925213598087,-0.00410682699276421,0.221032040590851
"BCKDK",-0.199839858418886,-0.0211276555727995,0.220967513991686
"MTX2",0.0554412123755137,0.165265334064191,0.220706546439705
"MRTFA",-0.206981958689036,-0.0137141940458227,0.220696152734858
"AGO2",-0.100025573272296,-0.120480957692997,0.220506530965292
"PSMC6",0.205906369731544,0.0142690109582464,0.22017538068979
"TRERF1",0.170817896866824,0.0491993027564761,0.2200171996233
"NPHP4",-0.126975838692542,-0.0929164339019948,0.219892272594536
"SLC29A1",-0.217584967598843,-0.00217022490443242,0.219755192503276
"DCTN4",0.0599005617786403,0.159739817753276,0.219640379531916
"DNAJB2",0.14689635836948,0.0725857732156703,0.219482131585151
"ZNF622",0.17394408891571,0.0454597661489302,0.21940385506464
"B3GALT6",0.159424812284866,0.0596841378001498,0.219108950085016
"HDAC8",0.0248554461257999,0.194215172425738,0.219070618551538
"MPLKIP",-0.0990562148431189,-0.11961609041668,0.218672305259799
"SERBP1",0.099550322890062,0.118837262501637,0.218387585391699
"CAMTA1",0.00410133508669031,0.21404288196408,0.21814421705077
"VPS39",0.0335261835258165,0.184557668539807,0.218083852065624
"CSRNP1",-0.198390012262517,-0.0196926377278706,0.218082649990387
"GPX4",-0.0427943395914117,-0.175204164603059,0.217998504194471
"PRKAR1A",-0.150642474079453,-0.0671791725707056,0.217821646650159
"RHOT2",-0.0889162925996336,-0.12863892846431,0.217555221063944
"MED19",-0.197131148763441,-0.0203157665548792,0.21744691531832
"ACOX1",0.0911982030160194,0.125644925348208,0.216843128364228
"PSME2",0.169301170693851,0.0474315040263384,0.216732674720189
"SNX17",-0.0767700732777605,-0.139716133157735,0.216486206435496
"WBP1L",0.0247180302450372,0.191320305901941,0.216038336146978
"RNF38",-0.0275696180783198,-0.188277013595308,0.215846631673628
"ARFGAP2",0.0105482312095431,0.205059387413849,0.215607618623392
"NEIL1",-0.0172046043205647,-0.197918708658843,0.215123312979408
"TMEM50A",0.052800901981052,0.162231153887728,0.21503205586878
"SATB2",0.0424860332330232,0.172396344648531,0.214882377881554
"RAB5B",-0.0707345665653518,-0.144083066816586,0.214817633381938
"PFKM",0.162040026521925,0.0523232961653166,0.214363322687242
"SF3B5",-0.132278054718159,-0.0817295643462224,0.214007619064382
"MRPL17",0.186512691147442,0.0274312197387374,0.213943910886179
"NDUFB10",-0.160083200754762,-0.0538023910841261,0.213885591838888
"PTPN11",0.146998106867131,0.0668612407588371,0.213859347625968
"EIF3E",0.102244242275708,0.111486601996483,0.213730844272191
"CINP",-0.0514849926239531,-0.161478857812285,0.212963850436238
"HNRNPK",0.0770892011088833,0.135532685453052,0.212621886561935
"APRT",0.206671094062488,0.00578621827367165,0.212457312336159
"MTCH2",-0.132508890253046,-0.0797736560947726,0.212282546347819
"DHTKD1",0.0999168111776569,0.111913757411137,0.211830568588794
"CD63",-0.20206328895396,-0.00934567738168468,0.211408966335645
"IFI35",-0.0744546519250742,-0.136245003510963,0.210699655436037
"XPC",-0.139988603478248,-0.0704237626528226,0.210412366131071
"TEDC2",0.00339208803223334,0.206639156190918,0.210031244223151
"FBXO28",-0.12334449156589,-0.0865556618170267,0.209900153382916
"PITPNM1",0.0198999880683735,0.189929704436538,0.209829692504911
"ECT2",0.0587166739760887,0.151073045185949,0.209789719162037
"CARD14",0.198023105711181,0.0115128192970264,0.209535925008207
"SNHG32",0.177544884617292,0.031800850734605,0.209345735351897
"IFIT5",0.154314287542296,0.0550269741471414,0.209341261689438
"MIER2",-0.0110033174042985,-0.198235463025467,0.209238780429766
"TSPO",-0.117697577474029,-0.0910132310340632,0.208710808508092
"SNX19",-0.0730601096150627,-0.135126781016115,0.208186890631178
"AVL9",-0.182875007472279,-0.0249166375388832,0.207791645011163
"TANK",-0.182445502025063,-0.025035589742564,0.207481091767627
"ABT1",0.0791874930486594,0.127895953350393,0.207083446399052
"GALNS",-0.0159064547932912,-0.191101918966342,0.207008373759633
"NONO",0.106594023465607,0.100354697311327,0.206948720776934
"MYL12A",-0.198207688016751,-0.00861576533760022,0.206823453354351
"COX4I1",-0.199308439953983,-0.00750604276422528,0.206814482718208
"TRIM25",0.0711580619188332,0.134619502734436,0.205777564653269
"COPS2",0.101231086654527,0.104478223455937,0.205709310110463
"GPR108",-0.193358569162094,-0.0119646243395879,0.205323193501682
"RIOK2",0.135502765662451,0.0697399818789037,0.205242747541354
"ID3",0.0965088817625084,0.108662974407331,0.205171856169839
"GTF2H1",0.0457625490216174,0.159080032197068,0.204842581218685
"SHPK",-0.185035310128044,-0.019218360061183,0.204253670189227
"SPCS1",-0.176501361388555,-0.0276508600410077,0.204152221429562
"LIPA",-0.126115423136955,-0.0780134747261023,0.204128897863057
"SPAG1",0.0572309039161851,0.146751104996772,0.203982008912957
"TMEM106B",-0.091693932164346,-0.11201673079192,0.203710662956266
"NIFK",-0.195292318489651,-0.00832161483115001,0.203613933320801
"STIM2",-0.155170555279093,-0.0484019186372262,0.203572473916319
"SIAH1",-0.189166938864419,-0.0140594848035782,0.203226423667997
"COPZ1",0.0971318119891169,0.106060443092365,0.203192255081482
"KGD4",-0.11049034736987,-0.092472985140307,0.202963332510177
"FYTTD1",0.131653912022214,0.070650042291569,0.202303954313783
"THEM4",0.169861839593667,0.0322399242724267,0.202101763866093
"TTLL3",-0.0550862842452693,-0.146717544169612,0.201803828414882
"MRPL11",0.164419375715335,0.0372864869965639,0.201705862711899
"ABI1",0.11466542286063,0.0868154525852978,0.201480875445927
"SLC37A4",-0.0893121389259397,-0.112088798069461,0.2014009369954
"PPP2R2A",0.045593973873455,0.155782342019736,0.20137631589319
"CSNK1A1",0.102935792270123,0.0981900659761905,0.201125858246313
"GORASP2",0.108079488012686,0.0929186938211943,0.200998181833881
"HERC3",-0.179147678691995,-0.0216751727251427,0.200822851417138
"TXN",-0.181311518294583,-0.0195058382070776,0.200817356501661
"RNPEPL1",-0.181038107562525,-0.0191719061124243,0.200210013674949
"TM9SF2",0.181717591062607,0.0184557061866588,0.200173297249266
"SEC61B",-0.172814096876808,-0.0271486198288784,0.199962716705686
"CRY1",0.162607055757384,0.0372585481427485,0.199865603900133
"SLC35D2",-0.111998167965847,-0.0878018202471758,0.199799988213023
"ZNF740",-0.194160463516234,-0.00560118207660265,0.199761645592836
"TMEM168",0.139402465142719,0.0600143212746573,0.199416786417376
"ELK4",0.0872638967941262,0.111690879165965,0.198954775960091
"CCPG1",0.0604698293145374,0.13842065342859,0.198890482743128
"LSM12",0.0778657456221561,0.120987559377634,0.19885330499979
"CASP3",0.0514379008734567,0.146801172269479,0.198239073142936
"TRAF4",0.165890105222591,0.0323451284150549,0.198235233637646
"CYP2R1",0.143390963559324,0.0539619129426021,0.197352876501927
"SCAND1",-0.108984110967485,-0.08813276339807,0.197116874365554
"CDK5R1",0.169024752997181,0.0280720426724759,0.197096795669657
"TDP2",-0.0970822932919999,-0.100006254680745,0.197088547972745
"TRIR",-0.152758075324764,-0.0440668990317228,0.196824974356486
"GSTA4",0.193332668974525,0.00311582039387304,0.196448489368398
"NEK1",-0.10977165396171,-0.0865124930645798,0.19628414702629
"MRS2",0.0171273205168783,0.179027351143866,0.196154671660745
"TOMM7",-0.14191582997014,-0.0539727262344805,0.19588855620462
"KIF5A",0.192645077942396,0.00323885440999394,0.19588393235239
"POLR2A",0.0915624106305959,0.103858139161522,0.195420549792118
"APPL2",0.133146419380337,0.0622629420019258,0.195409361382263
"RPL34",-0.185326335836738,-0.00977186092743487,0.195098196764173
"ZNF326",-0.164034629715648,-0.031002608973695,0.195037238689343
"NICOL1",0.138468572460347,0.0561954962859641,0.194664068746311
"CHMP2B",0.19342016120904,0.00118753316488363,0.194607694373923
"IBTK",0.0602142871749778,0.134090943675608,0.194305230850586
"BCCIP",0.0870437346397122,0.107135947093824,0.194179681733536
"ORMDL2",-0.17900865029904,-0.0150086996555299,0.19401734995457
"LEPROTL1",0.0443486361243659,0.149516500728542,0.193865136852908
"UBE2D1",0.156357378641171,0.0372556039987684,0.193612982639939
"ARHGEF26",0.108660559459444,0.0847236950631067,0.193384254522551
"MTARC1",0.181176410174286,0.0119871006885321,0.193163510862818
"RAB4A",0.0446289882996522,0.14851217699624,0.193141165295892
"ARL13B",-0.117603536418406,-0.0748578886667679,0.192461425085173
"SPRYD7",0.0815812493893393,0.110854273448729,0.192435522838069
"SNRNP200",0.192234215142864,9.93610988544447e-05,0.192333576241718
"TBL3",0.0878932071251297,0.104082619861013,0.191975826986143
"B4GALT7",-0.144452519460146,-0.0475149509664208,0.191967470426567
"TBC1D1",0.141943849646782,0.0497388040153623,0.191682653662144
"NADSYN1",0.16591605619186,0.0256972165499567,0.191613272741817
"DAG1",0.146764838225116,0.0445913604225181,0.191356198647634
"TOMM70",0.12525018850498,0.0659858703545426,0.191236058859523
"SRSF8",-0.0358351887101653,-0.155226818368449,0.191062007078615
"RAB5IF",0.00771232083093665,0.183266113203642,0.190978434034578
"CELSR2",0.0397923499556464,0.150644424391627,0.190436774347274
"AGAP3",-0.124011681287106,-0.066284993402105,0.190296674689211
"TATDN2",-0.10875364830128,-0.081398706425476,0.190152354726756
"KLC2",-0.160577162920639,-0.0293066703717386,0.189883833292377
"ARL16",0.181726976927153,0.00798373065198543,0.189710707579138
"MRPL12",0.0990264121606979,0.0899824127969264,0.189008824957624
"MFSD12",-0.152498889080499,-0.0363437458737339,0.188842634954233
"NDRG3",0.104859031270073,0.0837401038718824,0.188599135141955
"MRPL3",-0.116957266213647,-0.0711327000592945,0.188089966272941
"HPF1",-0.0242844128567707,-0.163622454621606,0.187906867478377
"ABHD14B",-0.172129370266047,-0.0156894505634648,0.187818820829512
"CUTA",-0.0658374212988129,-0.121869004283173,0.187706425581986
"WASL",0.015739096614225,0.171895592923193,0.187634689537418
"GLYR1",-0.174673300977919,-0.0129459447695175,0.187619245747436
"PRPF40A",0.031583860343356,0.155866878665723,0.187450739009079
"ATP2B1",0.179613393753188,0.00781690742928465,0.187430301182473
"ANKRD13A",0.0747154119126217,0.112581745488863,0.187297157401485
"PPP2R1A",-0.16921118178149,-0.017597439276904,0.186808621058394
"GSKIP",0.0754029908087057,0.111044349579124,0.18644734038783
"RGP1",-0.0132687504102305,-0.172697124450199,0.18596587486043
"AUH",0.0878064066662207,0.097941130932476,0.185747537598697
"RRBP1",0.0590485632673703,0.12655163322288,0.18560019649025
"CRTAP",-0.0401104084564619,-0.144995051343493,0.185105459799955
"CIRBP",-0.125928680934967,-0.0589739250596875,0.184902605994655
"UBC",0.144415248866133,0.0404688717047073,0.184884120570841
"SNX3",0.100939273163568,0.0831290081519125,0.18406828131548
"HACE1",0.130821393334589,0.0524762348378491,0.183297628172439
"SCAP",-0.0615373441632685,-0.121052342610502,0.182589686773771
"CDK2AP1",0.125735064187193,0.0567755587977103,0.182510622984903
"PJA2",0.0859332679660012,0.0961171169569548,0.182050384922956
"STRN4",0.180687647245541,0.000561757559630394,0.181249404805171
"CST3",0.118140383536673,0.0619595253515648,0.180099908888238
"PCNA",0.00705277673505034,0.172966170019134,0.180018946754184
"ATG16L2",-0.0869880268038159,-0.0929713045730161,0.179959331376832
"HK1",0.0407198928968864,0.139071799694181,0.179791692591067
"MRPS11",-0.133212775002479,-0.0463235936047033,0.179536368607182
"COG3",0.0740511304364126,0.105452851831727,0.179503982268139
"NMI",0.14693507673426,0.0324883822572053,0.179423458991465
"ATP5F1C",0.147132858016484,0.0321767398016437,0.179309597818127
"AIMP1",0.0493622405021412,0.129895181082949,0.17925742158509
"SLC20A2",-0.161944074301392,-0.0169584022494211,0.178902476550813
"POLR3F",-0.0520769826338334,-0.126311275508992,0.178388258142825
"MTHFD1L",-0.0284721163489712,-0.149229435283328,0.177701551632299
"TIMMDC1",0.0680521919017174,0.109509866601688,0.177562058503406
"PSMA3",0.00283207579805911,0.174695160562217,0.177527236360276
"EVI5",-0.158596006577567,-0.0184349125509184,0.177030919128486
"ZYX",0.0472430320782493,0.129321951380225,0.176564983458475
"TEAD4",-0.0589775041387717,-0.117304117817883,0.176281621956655
"ATP5ME",0.0819893611898337,0.0941697189561879,0.176159080146022
"BCAP31",-0.0460670184333614,-0.130042310622263,0.176109329055625
"CNOT2",0.0904026183556601,0.0853569862581249,0.175759604613785
"RTCA",0.117001380783111,0.0583298363841598,0.175331217167271
"RMND5B",0.159552634106428,0.0152887798213603,0.174841413927789
"SSR3",0.135159757989878,0.0395882880861436,0.174748046076021
"NDUFV2",0.133613696024684,0.0409286908826445,0.174542386907328
"KLHL26",0.110241716895435,0.0642515897046159,0.174493306600051
"LSM14B",0.151809326020492,0.0224176653073607,0.174226991327853
"IQCH",-0.129433144678267,-0.0447486657878856,0.174181810466153
"STX3",0.153030679064198,0.0205636312794883,0.173594310343687
"FPGT",0.0101501059257822,0.16314844318805,0.173298549113832
"GSTM4",0.0672223754845263,0.105822636469521,0.173045011954047
"TMEM87A",0.123988303636088,0.0486351138941705,0.172623417530258
"FAF2",0.144163500853932,0.0280780529483842,0.172241553802317
"TTF1",0.0308585819679821,0.141061568369095,0.171920150337078
"DISP1",0.0676293151959161,0.104146940668991,0.171776255864907
"DEDD",-0.139709366328082,-0.0316763411195788,0.17138570744766
"CCDC12",0.0418764047187343,0.12884402493142,0.170720429650155
"MRPL9",0.0987770783139226,0.0718240128621783,0.170601091176101
"RBSN",0.123471516841872,0.0464705958056641,0.169942112647536
"TIMCC",-0.0933138810854999,-0.0764783573830474,0.169792238468547
"PER3",-0.067863526419818,-0.1015924816272,0.169456008047018
"IKBKE",-0.0269004081732853,-0.142380890968211,0.169281299141497
"HPRT1",0.105098301412861,0.0641791617671972,0.169277463180058
"GALNT1",0.15489556330745,0.0139427993913688,0.168838362698819
"TTLL1",0.0527542540116426,0.115744243702792,0.168498497714434
"MOGS",-0.0558468268090491,-0.112520460271412,0.168367287080461
"NSD1",0.163437294330869,0.00490238065351534,0.168339674984384
"UAP1",-0.0888062286469653,-0.0794315396068646,0.16823776825383
"RAPGEF1",0.122227072813125,0.0456556765566978,0.167882749369823
"TP53I13",-0.121942612843134,-0.045894440148432,0.167837052991566
"DHX9",0.09882012718694,0.0689323797236261,0.167752506910566
"TRIOBP",-0.0290981563579238,-0.138549624274782,0.167647780632706
"ZNF544",-0.126870394380557,-0.0406233968493517,0.167493791229909
"RPS27L",-0.000453961854239182,-0.166769318437453,0.167223280291692
"ECHS1",0.0410610462619667,0.125894547811948,0.166955594073914
"VPS33A",0.00374876680784553,0.163053467756809,0.166802234564654
"IPO5",-0.0795459222661385,-0.0869318689678105,0.166477791233949
"ACBD6",0.162056235851205,0.00431348976468637,0.166369725615891
"SRP9",0.104559176958724,0.0617120589372702,0.166271235895994
"CASTOR1",-0.113469352593444,-0.0526704882858207,0.166139840879265
"MYO5A",-0.158273181898659,-0.00744786236045814,0.165721044259117
"STOML2",0.0593717266666118,0.105996543968528,0.16536827063514
"MTMR12",0.101308719768018,0.0639549570002069,0.165263676768225
"RTL8A",-0.100965071020256,-0.0640081879922683,0.164973259012524
"HNRNPAB",0.0709839777042891,0.0937735733151914,0.164757551019481
"EIF3I",-0.14263345348262,-0.0214365917877419,0.164070045270362
"RPL10",-0.0843665772045856,-0.079536028092539,0.163902605297125
"TNPO3",0.083173332314125,0.0805957923671734,0.163769124681298
"COX7B",0.102122470058443,0.0611720074916029,0.163294477550046
"ARPC1A",0.0356609773201804,0.127516790755845,0.163177768076025
"LPIN1",0.032848577704522,0.130063191904656,0.162911769609178
"SMAD5",-0.150897443064913,-0.0118016519734789,0.162699095038392
"MSH2",-0.114325043532466,-0.0483680771542154,0.162693120686681
"DUSP3",-0.0389644447185082,-0.123431543825594,0.162395988544103
"PXMP2",0.0769143217867052,0.0850199971517638,0.161934318938469
"NGDN",0.000400487511701186,0.160778212330507,0.161178699842208
"LPCAT3",-0.0721591062505,-0.0889192693915302,0.16107837564203
"ESD",0.104046992259275,0.0569754011904617,0.161022393449737
"IST1",0.133312835419549,0.027537382645014,0.160850218064563
"TMEM39A",0.132415420598821,0.0281998702831991,0.160615290882021
"ZCRB1",-0.125367332438756,-0.0350394405048933,0.16040677294365
"RABEPK",0.0723842174022922,0.0876071896102637,0.159991407012556
"TPM1",0.12923048679962,0.0286663676807066,0.157896854480327
"PIK3CD",0.00280242937053332,0.15484330660982,0.157645735980353
"EEF1E1",-0.13835479831969,-0.0191476084466187,0.157502406766309
"SCAF11",-0.118239018523668,-0.0391186403230543,0.157357658846722
"EIF2AK1",0.0341548501496645,0.122706881792771,0.156861731942436
"POMP",0.00847210351332794,0.14831306227553,0.156785165788857
"SH3GL1",0.0999948590278681,0.0564609233429305,0.156455782370799
"ALG2",0.0466692436761384,0.109251580657811,0.15592082433395
"FBRS",0.0497322038927068,0.10614295849266,0.155875162385367
"PIGH",0.118438836695482,0.0373093887075813,0.155748225403063
"MICAL2",-0.106488192106678,-0.0490887131105708,0.155576905217249
"EEF2",-0.0181099950527486,-0.137021251067003,0.155131246119751
"AP3M1",0.066846425175298,0.0882064511600786,0.155052876335377
"EIF4G2",0.0556023567590049,0.0989754346667455,0.15457779142575
"MUS81",-0.0951636987077782,-0.0593959260632486,0.154559624771027
"TEX261",-0.129345350147038,-0.0251920550687705,0.154537405215808
"TRAPPC2",-0.140044779738175,-0.0141877898777154,0.15423256961589
"GANAB",0.139615501910182,0.01437374663886,0.153989248549042
"FDXR",0.132598323785317,0.0212226332717229,0.153820957057039
"NFKBIA",-0.0176231902371704,-0.135899404716296,0.153522594953467
"ZNF81",-0.132289304713573,-0.021192925387478,0.153482230101051
"GPN1",0.0333215243286267,0.120056272305744,0.153377796634371
"VTA1",-0.116949132394128,-0.0357249197312361,0.152674052125364
"ORMDL1",0.0742339441750808,0.0777589529831708,0.151992897158252
"AKIRIN2",0.0789463245491886,0.0730239419499688,0.151970266499157
"ZNF24",-0.121879719543729,-0.0297386925752754,0.151618412119005
"UBE2A",0.13516962340938,0.0145021098769238,0.149671733286303
"RPS27",-0.0261198399143066,-0.123372402364936,0.149492242279242
"NR2C2AP",-0.139099738374029,-0.0103245503534959,0.149424288727525
"EZR",0.0451173933725988,0.104301905889866,0.149419299262465
"TMEM106C",0.0336940046509238,0.115675378694144,0.149369383345068
"NDUFAB1",0.140610456496463,0.00851756206106025,0.149128018557523
"ABHD5",-0.0563938109990731,-0.0926471858592528,0.149040996858326
"DRG2",0.0675403371488956,0.0813761079996089,0.148916445148505
"NASP",0.0520398656168446,0.0965940041085682,0.148633869725413
"ZNF446",-0.0774209745675591,-0.069967139543901,0.14738811411146
"PCCA",0.058345763229263,0.0889627818113938,0.147308545040657
"INPPL1",0.00712075920029775,0.139778017471713,0.14689877667201
"TIRAP",0.138070861236377,0.00795197955769344,0.14602284079407
"SLC4A1AP",-0.041253031018595,-0.104713401584519,0.145966432603114
"ANAPC5",0.0112624897198161,0.134082393797981,0.145344883517797
"SLC35B2",-0.129134027065827,-0.0158054234740961,0.144939450539923
"BAK1",-0.109404077591269,-0.0355199328569835,0.144924010448253
"DELE1",0.138877149680863,0.0041826255521773,0.14305977523304
"FBXO9",-0.0818708939809119,-0.0608509000653381,0.14272179404625
"AGPAT3",0.0785186918662419,0.0639923950326282,0.14251108689887
"RAB3GAP1",0.135040768805342,0.00743594180402729,0.142476710609369
"RBM19",0.122030515333209,0.0203184535161407,0.142348968849349
"MVB12A",0.13721856212835,0.00506232246404004,0.14228088459239
"SFMBT1",-0.0562929317441867,-0.0844715442727324,0.140764476016919
"CHD1",0.0954424948922128,0.0446533034288019,0.140095798321015
"GNL3",-0.130419803574705,-0.00956777361723926,0.139987577191945
"GFM1",0.0897918659245382,0.0500141746015093,0.139806040526048
"SUMF2",0.0798994076714568,0.0593167906604632,0.13921619833192
"HEXIM1",0.0906187910924228,0.0481903492752691,0.138809140367692
"CCNI",0.10036262579419,0.0383024117350788,0.138665037529269
"STMP1",-0.1190896877987,-0.0195050260298304,0.138594713828531
"ELMO2",-0.0238010340138812,-0.11472777749913,0.138528811513011
"PLAGL2",0.10236998954525,0.0360098242680023,0.138379813813252
"SNX30",-0.0552828529032546,-0.0823287289208805,0.137611581824135
"ATP6V1G2-DDX39B",-0.0477785045586796,-0.0891596183105872,0.136938122869267
"KHNYN",-0.0843189544821568,-0.0520917592405201,0.136410713722677
"ADGRG1",0.0469253178395688,0.0892747810888643,0.136200098928433
"TOM1",0.0415845304849851,0.0938958428298386,0.135480373314824
"TAF9B",0.0676156421979281,0.0677893177545696,0.135404959952498
"UBE2B",0.00399655554037537,0.130196746724726,0.134193302265102
"ALG12",-0.0965975117137412,-0.03716922632311,0.133766738036851
"PPIL2",0.0177212530482889,0.115760406875991,0.13348165992428
"ANKRA2",0.121770002512618,0.0114172639064636,0.133187266419082
"ERVK3-1",-0.00501499451764431,-0.128095212467036,0.13311020698468
"IREB2",0.0197406284999051,0.113052397769919,0.132793026269824
"SEC22B",0.0264570963256996,0.105061538698244,0.131518635023944
"ETV3",-0.0577202285362088,-0.0737148421172362,0.131435070653445
"H2AJ",-0.122031612435968,-0.00925830585038856,0.131289918286357
"JKAMP",-0.121450725160105,-0.00887270817313013,0.130323433333235
"SAFB",0.0275473214024293,0.102246383404416,0.129793704806845
"RBM17",-0.105784431492576,-0.0239623003352829,0.129746731827859
"CCDC93",-0.117577567594879,-0.0119802967503184,0.129557864345198
"TATDN1",0.126285788266412,0.00269277704449955,0.128978565310912
"NPM1",0.000719430835870227,0.12748307090146,0.12820250173733
"TUBGCP6",-0.0411815561498599,-0.0866946813116405,0.1278762374615
"PAPSS1",-0.127749075807055,-2.48239464104572e-05,0.127773899753466
"RERE",-0.035897274532557,-0.0914990016136179,0.127396276146175
"MAP4",0.030784750906717,0.0963646962047866,0.127149447111504
"TMED3",-0.0519737121534014,-0.0748394791321561,0.126813191285557
"SLC71A2",-0.08085843827884,-0.0446564349380658,0.125514873216906
"MRPL10",0.0927377096108515,0.0325683364679987,0.12530604607885
"CCT6A",0.087215261014757,0.0377205348847696,0.124935795899527
"AFMID",0.102688502542483,0.0221827961262129,0.124871298668696
"NFX1",0.0749647463615029,0.0495739602460938,0.124538706607597
"ENTPD4",0.0943567294658907,0.0298775888371514,0.124234318303042
"CD55",0.114651081541091,0.00722997011842885,0.121881051659519
"CALM1",-0.00303014015589298,-0.118665758690257,0.12169589884615
"CLN6",-0.100624815077523,-0.0206189842693725,0.121243799346895
"MTLN",-0.102998498353072,-0.0181637361249321,0.121162234478004
"GON4L",-0.00660643862538901,-0.114440092300023,0.121046530925412
"IAH1",0.0291441270499453,0.0916045458056773,0.120748672855623
"ETFDH",0.00903684079897182,0.111374220742354,0.120411061541326
"ZFYVE21",-0.0224751552436162,-0.0969012422816409,0.119376397525257
"LEMD2",0.0676996355230197,0.0509163534946699,0.11861598901769
"NUDC",-0.00543614521733815,-0.113085403695507,0.118521548912845
"TNFAIP2",-0.102204118497759,-0.0160914990453138,0.118295617543072
"TXNL4A",-0.0433913545421589,-0.0736149733483176,0.117006327890476
"GOT2",-0.0788322583371581,-0.0378586500144094,0.116690908351567
"PMPCA",-0.111606774854358,-0.00429536381840823,0.115902138672766
"EIF3C",-0.0578269252363661,-0.057943622977262,0.115770548213628
"LSM2",-0.0852845381400273,-0.0292163251402187,0.114500863280246
"EEF1A1",0.0826601241194478,0.0308350452410693,0.113495169360517
"GIT2",0.0471369221213402,0.0662891177399723,0.113426039861312
"LASP1",-0.0796369985953502,-0.0336238754256222,0.113260874020972
"UBE3B",0.0706451202965717,0.0421236124016753,0.112768732698247
"SIGIRR",-0.0462137646299521,-0.0661527043225103,0.112366468952462
"EMC3",-0.095285563197562,-0.0169837548110614,0.112269318008623
"HSD17B10",0.105714870275337,0.00640453887488501,0.112119409150222
"ZBTB48",-0.0636702167172634,-0.0484457486531316,0.112115965370395
"ARHGEF17",0.106293832456796,0.00571074097372426,0.11200457343052
"CYC1",-0.0172845509125654,-0.0944595953755449,0.11174414628811
"PABPC1",0.0513469355812362,0.0599877270140095,0.111334662595246
"MYL12B",-0.090939918707349,-0.019378811442671,0.11031873015002
"IER5",-0.0431090211767002,-0.0669115983959001,0.1100206195726
"OFD1",0.0296173572538629,0.0801957073137296,0.109813064567593
"LOXL3",-0.107234414623099,-0.00156779529535189,0.108802209918451
"ZFR",0.0201887482553618,0.0885215069479726,0.108710255203334
"HEXA",0.0890384002683158,0.0192176960941453,0.108256096362461
"SLIRP",0.0229205038688889,0.0849422401257485,0.107862743994637
"BAX",-0.0246217300196898,-0.082836347597337,0.107458077617027
"CD276",0.039470972011439,0.0674376558373782,0.106908627848817
"ZNF496",0.0760670749706707,0.0307032539314496,0.10677032890212
"RND3",0.100796568553784,0.00581209988656095,0.106608668440345
"ZNF585A",0.0969053057248566,0.00905940570722508,0.105964711432082
"TOP2B",-0.062550147295469,-0.0433748669603586,0.105925014255828
"SELENOH",0.0982859002730176,0.00756675681611085,0.105852657089128
"PEX11A",-0.0297545572425806,-0.075866854467276,0.105621411709857
"TMEM35B",0.0575841001563031,0.0465091798383437,0.104093279994647
"PSMB3",-0.0675553734553525,-0.0355596942159586,0.103115067671311
"FBXL2",-0.0292157965626845,-0.0722278369806526,0.101443633543337
"INO80C",0.0315618203153472,0.0696310679714882,0.101192888286835
"ITPRID2",0.0802388467684736,0.0209010981564024,0.101139944924876
"HAGHL",-0.00388269373903105,-0.0970621704882166,0.100944864227248
"SEMA4B",0.0934453262567869,0.00727770621162627,0.100723032468413
"PNN",0.0320189587516113,0.068476203686064,0.100495162437675
"PRPF19",-0.034612366721734,-0.063423207528932,0.098035574250666
"PLEKHB1",0.0712922585053892,0.0259522754601553,0.0972445339655446
"TIMM44",-0.0306536995177966,-0.0663577578303522,0.0970114573481489
"ZNF629",0.0868019053136599,0.00949329950287092,0.0962952048165309
"ALDH9A1",-0.0170328299680351,-0.0792253432044978,0.0962581731725329
"ATG13",-0.0356524065890431,-0.0604041650358491,0.0960565716248922
"FAHD2A",-0.0638347467901994,-0.0321890043837803,0.0960237511739797
"THAP8",-0.092606175089547,-0.00337133899463593,0.095977514084183
"MAF1",0.0808596123367114,0.0141944673330006,0.0950540796697119
"UBE2J2",0.0346767816211937,0.0594185730556944,0.0940953546768881
"SNX22",-0.0693253289035935,-0.0247043546926671,0.0940296835962606
"EI24",0.0911913483943332,0.00162597989409363,0.0928173282884268
"BECN1",-0.059745527102443,-0.0327541972472059,0.0924997243496488
"MRPL34",0.0357280288848081,0.0562308143740209,0.091958843258829
"ITCH",0.0868871409668861,0.00492413717994289,0.091811278146829
"ZC3H14",0.0299276227484411,0.0609548417232335,0.0908824644716746
"WBP2",-0.011267489755733,-0.0788431418404025,0.0901106315961355
"TTC27",0.0271846923527388,0.0614196429082696,0.0886043352610084
"CDK2AP2",-0.0148800288922821,-0.073528714785823,0.0884087436781051
"LRPAP1",0.0213349146311428,0.0651992297024817,0.0865341443336245
"STRBP",0.0845716265165581,0.0018636553597684,0.0864352818763265
"TUSC2",0.0299338680900316,0.0564611989279511,0.0863950670179827
"SGMS2",-0.0615170962480498,-0.0244816958243015,0.0859987920723513
"PLCG1",0.0641995476446242,0.0217822477854668,0.085981795430091
"ADCY7",0.08196616004073,0.00390110634127128,0.0858672663820013
"ITM2C",-0.0775329151915534,-0.00776428252091499,0.0852971977124684
"BOLA3",-0.0655714468563646,-0.0190111966860993,0.0845826435424639
"FAM107B",-0.0159774025305373,-0.0678434050801706,0.0838208076107079
"TTC31",0.0299261864237907,0.0535199407701015,0.0834461271938922
"PACS2",0.00941066989948469,0.0740063372164363,0.083417007115921
"SFT2D1",-0.0770356559595697,-0.00593647180908885,0.0829721277686586
"HSCB",-0.0165876664352593,-0.0660054165126214,0.0825930829478807
"CFAP20",0.00596419435794893,0.0758429647590555,0.0818071591170044
"LRRC59",-0.0768442934254727,-0.0048413066993378,0.0816856001248105
"TMC6",0.0420734603494299,0.038697491403207,0.0807709517526369
"PITHD1",0.0538728221653999,0.0265644906832829,0.0804373128486828
"CNNM3",0.00888275394181548,0.0711391377510524,0.0800218916928679
"NFYA",-0.0268540269858608,-0.0511330146976481,0.0779870416835089
"PRDX5",0.0751745850664065,0.00200659003548687,0.0771811751018934
"LTB4R",-0.0584715987502546,-0.018132367324299,0.0766039660745537
"SMS",0.00374889987077598,0.0725381844425428,0.0762870843133188
"PMF1",0.0561231698907294,0.0197950782888343,0.0759182481795637
"RNASEH1",0.0498143769739574,0.0258214292083903,0.0756358061823477
"AKR7A2",0.0276220018534845,0.0464632475619577,0.0740852494154423
"OLA1",0.0294997469844258,0.0438800359882396,0.0733797829726655
"EEF1G",-0.0680833379386279,-0.00388592496143225,0.0719692629000601
"TCF25",-0.0393480395044747,-0.0324747377132528,0.0718227772177276
"CNN2",0.0389700800584194,0.0320990319188512,0.0710691119772706
"KCTD10",-0.0202216567165552,-0.0498724143043878,0.070094071020943
"FGFRL1",0.0197589683305543,0.0488541025613225,0.0686130708918768
"ALKBH5",-0.0360799061392099,-0.0319578758404626,0.0680377819796725
"DDX41",0.0646622543126618,0.00327696690379753,0.0679392212164593
"LAMB3",-0.0162154305533422,-0.0514506931143925,0.0676661236677347
"WASHC4",-0.0300923413868093,-0.0372104660760133,0.0673028074628226
"SAFB2",-0.0601589246250365,-0.00693517591611315,0.0670941005411496
"MRFAP1L1",-0.0236403509877734,-0.0434362802021786,0.067076631189952
"BAZ1A",0.000361949351910695,0.0656078602638486,0.0659698096157593
"OGFRL1",0.0544184855536036,0.0100659642571213,0.0644844498107249
"SMPD4",-0.0496895902876755,-0.0147639228324277,0.0644535131201032
"MAFK",0.0178604689137765,0.0461372222071121,0.0639976911208886
"SBDS",0.0155520374558247,0.0466601206823727,0.0622121581381974
"GNB1",-0.0457621798217565,-0.0160887378186532,0.0618509176404096
"SEC16A",-0.0162171254724894,-0.0451036130608591,0.0613207385333485
"SF3B3",-0.0442461192285695,-0.0141972146554714,0.0584433338840409
"PRRG4",-0.0386236793508805,-0.0192130231157872,0.0578367024666677
"ATP5F1B",0.0298273685600847,0.0270120670623921,0.0568394356224768
"ISOC2",0.0115773464474911,0.0450058068328065,0.0565831532802976
"SUPV3L1",0.00679086147041286,0.0488557108392627,0.0556465723096755
"HECTD2",-0.0188741824237018,-0.036270766083213,0.0551449485069148
"ARPC5",-0.0462220045958102,-0.00825847477784336,0.0544804793736535
"ERCC6L2",0.0234095828398813,0.0306361733253109,0.0540457561651921
"MELTF",-6.54783208799969e-05,-0.0520032154914727,0.0520686938123527
"SCAMP2",-0.0264053041482706,-0.0249059216562726,0.0513112258045432
"ZNF562",-0.0260136987760387,-0.0248758849388846,0.0508895837149232
"TMBIM4",0.00774805311750804,0.0426306473425777,0.0503787004600857
"ZNF519",0.0405765304116787,0.00978662014290843,0.0503631505545872
"EP400",0.0457727043477765,0.00209623842154461,0.0478689427693211
"BTF3",-0.00641558941861042,-0.0414345081377618,0.0478500975563723
"MRPS35",-0.0184403065436536,-0.0293742868586104,0.047814593402264
"NTHL1",-0.0172776313775529,-0.0296253827746602,0.0469030141522131
"STK25",0.012928941674792,0.033360208421839,0.0462891500966309
"RPS12",-0.0446790231937122,-0.00156901592872138,0.0462480391224336
"DNM2",0.0101912772200423,0.0353153210610051,0.0455065982810474
"RPS10-NUDT3",-0.0223506968915212,-0.0230076919302356,0.0453583888217568
"RPL36A",0.005738882234402,0.0394898820571692,0.0452287642915712
"UBXN8",0.0259271739045812,0.0192531795634583,0.0451803534680395
"MED6",0.013467183375476,0.0288268676858445,0.0422940510613206
"MRPL35",0.0382380811663889,0.00302331517628485,0.0412613963426738
"PPP2R3A",-0.0248066528776816,-0.0149502294982493,0.0397568823759309
"ACTL6A",0.00965988867912593,0.0290185112227475,0.0386783999018734
"MED13L",-0.00626618935960321,-0.0319546484673543,0.0382208378269575
"RAD54B",0.00948038476132584,0.0257147393733712,0.0351951241346971
"STX12",0.0160853357965371,0.0186916557201506,0.0347769915166878
"ESYT2",-0.0163208957169383,-0.0180219492976574,0.0343428450145957
"KIF1B",0.00553615042991762,0.0286713573565049,0.0342075077864226
"EXOG",0.0167233794880639,0.0146991603793105,0.0314225398673744
"CGGBP1",-0.0188912013935987,-0.0123480399455413,0.03123924133914
"TBK1",0.0107775472536096,0.0173400153765222,0.0281175626301318
"TYW5",0.0191776598137268,0.00754175567004323,0.02671941548377
"SCRN3",-0.0144035564129421,-0.0110865706087209,0.025490127021663
"PPIL1",0.0246389001108849,0.000212540899091174,0.024851441009976
"WDR1",-0.00388992789359577,-0.0205320160392741,0.0244219439328699
"TFE3",0.00551545264321396,0.0172106663873741,0.0227261190305881
"RPL19",-0.00292330637310911,-0.0179005653342088,0.0208238717073179
"CUL4A",0.00305566256090195,0.000704871472821722,0.00376053403372367
