"p_val","avg_log2FC","pct.1","pct.2","p_val_adj","gene"
1.33404230084899e-06,5.3812542100693,1,0.562,0.0140928228661688,"VEGFA"
2.55255928967024e-05,5.3010671300144,1,0.438,0.269652363360764,"ZNF630"
2.74922738143779e-05,4.33038287751627,0.929,0.562,0.290428380575088,"PARP11"
0.000148945135275499,-0.905122896316112,1,1,1,"C19orf53"
0.000181140939678359,2.4600737180501,1,0.75,1,"ABCC5"
0.000183630235107035,2.15154288047335,1,0.875,1,"P4HA1"
0.000409674763580892,3.32247305101482,0.929,0.562,1,"UBALD1"
0.00049308678993909,3.80311761021048,0.643,0.062,1,"SLC1A1"
0.00061877557953327,4.37925172438393,0.929,0.688,1,"CLCN2"
0.000649376034376647,2.38618460316756,1,0.5,1,"ATP7A"
0.000735332368215617,-1.23736050272076,1,1,1,"DRG1"
0.000735332368215617,-1.02747591153475,1,1,1,"HARS1"
0.000843307276530147,2.61099372232137,1,0.562,1,"KICS2"
0.000857637916507947,1.32192194767969,1,0.75,1,"MTRES1"
0.000857637916507947,1.58301002785378,1,0.75,1,"ZNF354A"
0.00089625637817492,2.59151852413712,0.929,0.812,1,"INSIG2"
0.00105024886937355,1.18643429972268,1,0.812,1,"ICA1L"
0.00123579077334446,1.90201977816522,0.929,0.75,1,"LIPT1"
0.00125267947381658,-1.50961805351976,0.929,1,1,"NUP58"
0.00127123228891501,2.01088434115377,0.929,0.688,1,"ZG16B"
0.00133512878923492,4.7482551096207,0.857,0.562,1,"ZNF771"
0.00140672697706656,3.66918676216177,0.714,0.25,1,"ANO7"
0.00148225852673955,1.90053477211818,1,0.812,1,"PIK3R3"
0.00148576554516,1.84348776181318,1,0.938,1,"SIAE"
0.00148576554516,1.70208049410658,1,1,1,"DDHD1"
0.00155865651625464,5.86106525880157,0.857,0.625,1,"FAM13A"
0.00175610852984241,1.21188442779499,1,1,1,"ARFGAP3"
0.00175610852984241,-1.01042479443276,1,1,1,"CPNE1"
0.00177244710977842,4.42450225458309,0.571,0.062,1,"MARVELD2"
0.00206914086816241,-1.06763373980315,1,1,1,"FADD"
0.00206914086816241,-1.03554494902624,1,1,1,"ILF3"
0.00206914086816241,-0.687918321063789,1,1,1,"PET100"
0.00206914086816241,1.08917163454609,1,1,1,"YPEL5"
0.0022776778105642,1.87724302680043,1,0.625,1,"SLC4A11"
0.00232816512280487,0.261970552398322,1,0.562,1,"FBXO46"
0.00242432619259714,2.24254120286806,1,0.812,1,"CBLB"
0.00242432619259714,1.79828944839846,1,0.812,1,"PHLPP1"
0.00242996492809667,-1.0043847278502,1,1,1,"ADAM9"
0.00242996492809667,0.742204277650518,1,1,1,"ARLN"
0.00242996492809667,-1.23941567757877,1,1,1,"RNF24"
0.00266727317456095,2.64466806599485,1,0.625,1,"RHBDL2"
0.00279003257229271,1.38391143088,0.929,0.562,1,"LPAR2"
0.00280721008604767,0.73249333175087,1,0.688,1,"TBC1D13"
0.0028451959090974,-1.2608550897997,0.929,1,1,"FDX2"
0.0028451959090974,1.84955224081913,1,0.938,1,"ZNF566"
0.0028451959090974,-0.765199565830637,1,1,1,"HNRNPR"
0.0028451959090974,1.27980776675808,1,1,1,"PPP1R2"
0.00290496650539573,1.7968515978237,0.929,0.812,1,"DNAH2"
0.00290496650539573,2.07089778618226,0.929,0.812,1,"MACROD2"
0.00298540788085444,0.64741051072681,0.929,0.438,1,"PHF21A"
0.00300676631068741,1.85130841137648,0.857,0.562,1,"KLHL22"
0.00332102266720097,-1.59948061570566,0.929,1,1,"CBL"
0.00332102266720097,1.13257899834148,1,1,1,"CDC73"
0.00343130808176983,0.635641541967778,0.786,0.25,1,"MTARC2"
0.00379914617854471,-2.28070735996906,0.786,0.875,1,"RPH3AL"
0.00381708010803727,0.757132483101633,1,0.875,1,"POGZ"
0.00386535318512055,0.913451533216978,1,0.938,1,"MR1"
0.00386535318512055,-1.06874900225746,1,1,1,"ABL1"
0.00386535318512055,-0.522896662386916,1,1,1,"PPP1CA"
0.00386535318512055,1.37047002259728,1,1,1,"VMA12"
0.00392854828176126,1.92523114616233,0.929,0.688,1,"CBR4"
0.00392854828176126,1.7516685694111,0.929,0.688,1,"ZNF396"
0.00420844961076661,1.31138853091447,1,0.625,1,"UBTD2"
0.00433116774945841,4.81178528251673,0.571,0.125,1,"ZBTB26"
0.00442807148197533,1.19743820587045,1,0.875,1,"TNKS1BP1"
0.0044718610766856,-1.54855661820258,0.857,0.938,1,"SH3KBP1"
0.0044856415961266,1.805796579809,1,1,1,"INSR"
0.0044856415961266,-0.87026510749954,1,1,1,"NDUFAF3"
0.0044856415961266,-1.40272650955506,1,1,1,"VAMP3"
0.0044856415961266,1.20192842246099,1,1,1,"ZDHHC24"
0.0048732840322212,0.866639540538112,1,0.625,1,"LDB1"
0.00498257922982037,2.09922010209158,0.857,0.438,1,"HEXIM2"
0.00502110142039403,1.33251859520362,1,0.75,1,"DPM3"
0.00508243986022117,2.36690834651148,0.929,0.562,1,"DNASE1L1"
0.00508791355955962,2.18555566613558,0.857,0.5,1,"ACVR1"
0.00510504981427415,-1.2531050509362,0.786,0.875,1,"NUDT2"
0.00517517642967302,-1.35762583475972,0.786,1,1,"PPP2R3C"
0.00519121244331395,1.77045707049419,1,0.938,1,"BPNT1"
0.00519121244331395,1.2544477755722,1,1,1,"LIMA1"
0.00519121244331395,-1.08814770398309,1,1,1,"MAPKAP1"
0.00519121244331395,1.20017134781492,1,1,1,"MGST1"
0.00519121244331395,0.997634245853527,1,1,1,"TRIM38"
0.00519121244331395,-1.35425733886103,1,1,1,"VPS13D"
0.00530820932842824,1.4488284038647,0.929,0.812,1,"CCM2"
0.0054592036627028,0.842068247311168,0.857,0.562,1,"DIXDC1"
0.00599088140828107,0.441204790944718,1,0.938,1,"TBCD"
0.00599088140828107,1.30919478480909,1,1,1,"GOSR1"
0.00599088140828107,-1.48482840515083,1,1,1,"QNG1"
0.00599088140828107,1.53270391957774,1,1,1,"SLC30A4"
0.00599088140828107,1.99251341415508,1,1,1,"TEX9"
0.00641715605905402,3.19177233722556,0.786,0.312,1,"CMYA5"
0.00641715605905402,2.75232036970003,0.786,0.312,1,"OPN3"
0.00662964011630218,2.21767156669656,0.857,0.688,1,"MTMR1"
0.00662964011630218,2.56145127436818,0.857,0.688,1,"ZNF768"
0.00680086513330935,1.61555400390884,1,0.875,1,"PATJ"
0.00687944985195776,1.14564321446729,1,0.812,1,"S1PR2"
0.00687944985195776,2.24253195398113,0.929,0.875,1,"MAP4K3"
0.00689559588970565,1.51909867572252,1,0.938,1,"BACE2"
0.00689559588970565,1.34655772867648,1,0.938,1,"GPR157"
0.00689559588970565,1.34818130383462,1,0.938,1,"ZNF664"
0.00689559588970565,-0.624075586033868,1,1,1,"COMMD1"
0.00689559588970565,-0.804086323153383,1,1,1,"MRPL51"
0.00689559588970565,1.29093001271774,1,1,1,"PPARA"
0.00689559588970565,0.5991376925386,1,1,1,"QSOX1"
0.00723979255642249,2.15036003184005,0.929,0.5,1,"ARHGEF11"
0.0076158962142594,2.01178503683508,0.929,0.625,1,"GON7"
0.00779109585214273,-1.57994491711384,0.786,0.875,1,"VAC14"
0.00781567248711412,1.65730383087363,1,0.688,1,"NSMF"
0.00781567248711412,1.28674972933146,1,0.688,1,"STARD10"
0.00791561563559466,1.56021216063146,1,0.938,1,"ENTREP3"
0.00791561563559466,1.64935329730878,1,1,1,"CD164"
0.00791561563559466,0.683398413250281,1,1,1,"CLK1"
0.00791561563559466,1.25168628949722,1,1,1,"FAM3A"
0.00791561563559466,0.896326040250538,1,1,1,"LUC7L2"
0.00791561563559466,0.757613715789141,1,1,1,"TBC1D8"
0.00810001603945198,0.701056543916921,0.929,0.812,1,"MCRIP2"
0.00810001603945198,1.82594451257566,0.929,0.812,1,"RFX1"
0.00816323864211685,-2.48534323220841,0.429,0.938,1,"FDXACB1"
0.00872500798104547,1.49167767781067,0.857,0.688,1,"UQCRHL"
0.00875987187005056,1.06186173693213,1,0.75,1,"ATP8B1"
0.00875987187005056,1.34586193875765,1,0.75,1,"ZNF783"
0.00892105718726444,0.724514649212818,1,0.375,1,"AMDHD2"
0.00895063991911882,1.07793312566809,1,0.688,1,"DHRS11"
0.00895063991911882,2.56536823723596,0.857,0.812,1,"NIPAL1"
0.00903705010239978,-1.42677078338223,0.857,0.938,1,"ADCY3"
0.00904264757885964,1.06047387484246,1,0.812,1,"BCL2L13"
0.00904264757885964,1.75998700226374,1,0.812,1,"UTP20"
0.00906356591226231,0.91918664085052,1,0.938,1,"EIF1AD"
0.00906356591226231,-0.746578061245983,1,1,1,"POP4"
0.00950227328716147,1.35507887058094,0.929,0.5,1,"SLC39A8"
0.00964464448202507,1.67836607065628,0.786,0.25,1,"LYRM9"
0.00975274316746244,1.33018772660292,1,0.625,1,"NOTCH3"
0.0098952243864308,-1.57800983829617,0.643,0.875,1,"SNX16"
0.00997231002661714,1.58924789505421,0.929,0.625,1,"HEMK2"
0.00997231002661714,2.17501343702981,0.929,0.625,1,"SYT17"
0.0100132252415239,1.08645656219869,0.857,0.438,1,"ESRP2"
0.0101949025487256,3.805938945467,0.5,0.125,1,"CIB2"
0.0102006375553199,0.799906739336222,1,0.875,1,"FN3KRP"
0.0102006375553199,1.32099661900337,1,0.875,1,"XPO6"
0.0103280042125482,0.959817639693853,1,0.812,1,"C1orf35"
0.0103280042125482,1.07481509831265,0.929,0.875,1,"ATXN7L3B"
0.0103513293232984,1.95049414861724,1,0.938,1,"ZNF708"
0.0103513293232984,-0.518282574639656,1,1,1,"MICOS10"
0.0103513293232984,0.924801169893015,1,1,1,"SNAP23"
0.0112358406280169,0.98718271100091,0.929,0.312,1,"TMEM150A"
0.0113682408881557,1.65988521484773,0.929,0.625,1,"BFSP1"
0.0115615807507323,-1.360055798125,0.857,1,1,"IFT52"
0.0117666519337511,1.14548358974291,1,0.812,1,"TMEM54"
0.0117666519337511,3.20120666737565,0.929,0.875,1,"PIK3C2B"
0.0117933052737477,-0.9777141573696,0.929,1,1,"POMT1"
0.0117933052737477,0.690398887533464,1,0.938,1,"ARFGAP1"
0.0117933052737477,1.76392356320839,1,0.938,1,"MIEF2"
0.0117933052737477,1.33874385687261,1,0.938,1,"ZNF250"
0.0117933052737477,-1.06394058885299,1,1,1,"ADAT1"
0.0117933052737477,-0.424549674751747,1,1,1,"CFL1"
0.0117933052737477,-0.661940116026452,1,1,1,"GNG10"
0.0117933052737477,-0.801523944543421,1,1,1,"HINT2"
0.0117933052737477,-0.596307737321196,1,1,1,"SPATS2L"
0.0122724327550705,1.58717863527167,0.857,0.625,1,"KYAT3"
0.0123489270156807,1.79687721364535,0.929,0.5,1,"DSE"
0.0127790387571938,2.14320920038437,0.714,0.25,1,"PPFIBP2"
0.0129300743505094,1.11511198270726,1,0.562,1,"CTPS2"
0.0129300743505094,1.41957595547546,0.929,0.625,1,"SLX4IP"
0.0129526567985359,1.13561955793704,1,0.75,1,"PCMTD1"
0.0129526567985359,1.32337060525784,1,0.75,1,"WDR36"
0.0132278683499667,1.79960972325174,0.857,0.5,1,"DNAJB9"
0.0132278683499667,1.66545747417088,0.857,0.5,1,"HDAC10"
0.0133933033483258,4.36059371930928,0.5,0.125,1,"CDK20"
0.0134029854697694,-1.24967287430429,1,0.938,1,"ZDHHC3"
0.0134029854697694,-1.1881499184832,1,1,1,"ASXL1"
0.0134029854697694,-0.837064038431122,1,1,1,"C15orf40"
0.0134029854697694,-0.729491494924094,1,1,1,"DNAJC8"
0.0134029854697694,1.35883889088222,1,1,1,"EEF2K"
0.0134029854697694,-0.529424072177667,1,1,1,"FKBP2"
0.0134029854697694,0.906248306721247,1,1,1,"GNPTG"
0.0134029854697694,-0.83674967972144,1,1,1,"HNRNPH3"
0.0134029854697694,-0.966400836984614,1,1,1,"KDSR"
0.0134029854697694,1.52369188577963,1,1,1,"MIPOL1"
0.0134029854697694,-1.05605105039555,1,1,1,"MRPL23"
0.0134029854697694,1.58914454551957,1,1,1,"NF1"
0.0134029854697694,0.639367653556612,1,1,1,"PGK1"
0.0134029854697694,-0.61721422539537,1,1,1,"PSMB7"
0.0134029854697694,0.840352517152719,1,1,1,"SCAMP4"
0.0134029854697694,0.65211706591964,1,1,1,"SSR4"
0.0134029854697694,-1.07568497982486,1,1,1,"TRNAU1AP"
0.0134029854697694,0.985830176339074,1,1,1,"TSC22D3"
0.0134029854697694,0.95456441870417,1,1,1,"TTC3"
0.0134029854697694,1.11800110332215,1,1,1,"ZNF605"
0.013602060338942,2.80372360278875,0.929,0.688,1,"TFR2"
0.0144418055849956,-2.51527910318881,0.429,0.812,1,"STIMATE"
0.0146146672105983,-1.37045035237905,0.429,0.875,1,"CEP20"
0.014686843024996,1.17663823397767,1,0.75,1,"LMBRD1"
0.0148567202466876,1.10561120001552,0.929,0.562,1,"TTC13"
0.0149649289562312,1.41639512655647,1,0.875,1,"ARID5B"
0.0149649289562312,2.11694476037559,1,0.875,1,"SLC12A2"
0.0150039049962463,1.49318763842663,0.857,0.5,1,"CNIH3"
0.0151630823735021,1.29763564730473,1,0.812,1,"HIPK1"
0.0151630823735021,1.30939202280303,1,0.812,1,"MORN1"
0.0151630823735021,2.18190693978955,0.929,0.875,1,"CTSS"
0.0151630823735021,1.13425848139021,0.929,0.875,1,"IVNS1ABP"
0.0151966534792459,-0.155911364918451,0.929,1,1,"TBC1D24"
0.0151966534792459,1.01829028713992,1,0.938,1,"RXYLT1"
0.0151966534792459,2.23479279795977,1,0.938,1,"SOX4"
0.0151966534792459,0.789205042229361,1,0.938,1,"WDR20"
0.0151966534792459,1.64723608698141,1,0.938,1,"ZNF675"
0.0151966534792459,0.703014602564034,1,1,1,"ADH5"
0.0151966534792459,0.753505728437459,1,1,1,"ADNP"
0.0151966534792459,1.06862693659068,1,1,1,"ERGIC1"
0.0151966534792459,1.04303714358628,1,1,1,"HGSNAT"
0.0151966534792459,-0.794883152983559,1,1,1,"MLX"
0.0151966534792459,0.736762393529016,1,1,1,"NAPG"
0.0151966534792459,-1.09598490177346,1,1,1,"PPP1CC"
0.0151966534792459,0.122684764953891,1,1,1,"PSD4"
0.0151966534792459,-0.650176521761287,1,1,1,"PSMA7"
0.0151966534792459,1.84625653706431,1,1,1,"RAB29"
0.0151966534792459,-0.311184520172802,1,1,1,"RAC1"
0.0151966534792459,-0.709977581553539,1,1,1,"SPG7"
0.0151966534792459,1.38055577121468,1,1,1,"STXBP3"
0.0151966534792459,1.19275250224142,1,1,1,"TPMT"
0.0151966534792459,-1.59144328649943,1,1,1,"WAPL"
0.0151966534792459,0.991204749413253,1,1,1,"WIPF2"
0.0153167447923792,2.48409566908985,0.714,0.375,1,"TSPAN12"
0.0155609295455472,1.19032505275749,0.929,0.812,1,"GABPA"
0.0155609295455472,1.25172174225393,0.929,0.812,1,"PRICKLE3"
0.0158052930878902,-0.504918047733866,0.929,0.438,1,"BCORL1"
0.0158987448140397,0.806838338674321,0.929,0.5,1,"SPIN4"
0.0166071900410301,2.42067105582339,0.857,0.688,1,"STON2"
0.016923701891745,1.28230345360643,1,0.875,1,"EXOC4"
0.016923701891745,1.15432761774835,1,0.875,1,"MGRN1"
0.016923701891745,1.31206731832407,1,0.875,1,"MYO6"
0.0169910779044604,1.32357746846005,1,0.688,1,"POGLUT1"
0.0169910779044604,2.32611316809656,0.929,0.75,1,"ABCC6"
0.0169910779044604,1.04998641374935,0.929,0.75,1,"EPHA1"
0.0169910779044604,2.08881512666355,0.929,0.75,1,"POLN"
0.0170032630743455,3.35085066972535,0.786,0.375,1,"IDUA"
0.0170809400941084,-2.11443674455682,0.429,0.75,1,"C9orf40"
0.0171440939317063,-1.98178212204939,0.857,0.938,1,"PSTK"
0.0171440939317063,-2.65625902915169,0.929,0.875,1,"SNAPC3"
0.0171524557638623,1.12301887399321,1,0.812,1,"PIGM"
0.0171894651229597,-0.795985204088695,0.929,1,1,"CHMP6"
0.0171894651229597,1.04609886262349,1,0.938,1,"AK4"
0.0171894651229597,1.64519664585248,1,1,1,"ADGRV1"
0.0171894651229597,-0.582019104969517,1,1,1,"FUS"
0.0171894651229597,1.3952578041521,1,1,1,"GANC"
0.0171894651229597,0.601354245251566,1,1,1,"GTF2H5"
0.0171894651229597,-0.888761796884054,1,1,1,"RAD23A"
0.0171894651229597,-0.409370531331765,1,1,1,"SEC13"
0.0171894651229597,0.985920909392959,1,1,1,"TMEM154"
0.0171894651229597,-0.673890832827777,1,1,1,"UBE2G2"
0.0173701109541542,1.22511187143919,0.857,0.375,1,"LYSMD1"
0.017455228354176,1.13009407610654,0.929,0.938,1,"UBXN2B"
0.0175353946693664,-1.36609341780004,0.929,0.938,1,"CHTF8"
0.0175353946693664,-1.7560139707144,0.929,0.938,1,"GPATCH11"
0.017888695830963,1.34386297506437,0.929,0.438,1,"CGNL1"
0.017888695830963,1.10437696426023,0.929,0.438,1,"DNLZ"
0.017888695830963,1.64915525250063,0.929,0.438,1,"SLC29A2"
0.017888695830963,1.85139766070184,0.786,0.562,1,"CBX8"
0.0179776778277527,3.99327333323616,0.571,0.188,1,"VARS2"
0.018350522021411,-2.02352554067772,0.714,0.875,1,"BLOC1S4"
0.0183742734755796,1.22242934318211,1,0.625,1,"DNAJC4"
0.0183742734755796,2.0104204742501,1,0.625,1,"SUSD6"
0.0186804568132157,1.57390238127892,0.714,0.25,1,"CPNE7"
0.0187083754304485,1.45603658358147,0.714,0.312,1,"CMTM8"
0.0187499232839714,1.87543191463739,0.786,0.438,1,"TAPBPL"
0.0187499232839714,-1.76592285064365,0.786,0.438,1,"ZNF641"
0.0187527839107622,1.70212327591227,1,0.75,1,"TCEANC"
0.018926759530451,1.86691830936287,0.786,0.5,1,"ADSS1"
0.0189710029746049,1.30380892490541,0.929,0.562,1,"NEO1"
0.0189710029746049,1.2583362990495,0.929,0.562,1,"OTUD1"
0.0190069120926293,-0.960294233676163,0.857,1,1,"TSSC4"
0.0190959766075003,1.11830514448779,1,0.875,1,"DENND4C"
0.0191761704287174,2.67687827787019,0.857,0.5,1,"GDF15"
0.0191796774471384,3.02687566113041,0.929,0.75,1,"CCNG2"
0.0191796774471384,2.24576595683834,0.929,0.75,1,"EXD3"
0.0191796774471384,1.30737853087632,0.929,0.75,1,"RAPGEF2"
0.019247067212868,0.277488978640072,0.857,0.312,1,"TGFB3"
0.019247067212868,2.2425895467435,0.714,0.438,1,"BAHCC1"
0.0193487982530922,-1.3795620603776,0.786,1,1,"ODC1"
0.0193487982530922,-0.536456461716722,0.786,1,1,"PIGL"
0.0193487982530922,-1.75052707762201,0.857,0.938,1,"CCNYL1"
0.019357888994959,1.10979067867418,0.929,0.875,1,"INTS7"
0.019399560625604,-1.28789554966121,0.929,1,1,"USP48"
0.019399560625604,1.075904401229,1,0.938,1,"CXXC5"
0.019399560625604,1.16017305868407,1,0.938,1,"KLHL24"
0.019399560625604,1.45288656710667,1,0.938,1,"METAP1"
0.019399560625604,1.87346049171539,1,0.938,1,"PRICKLE2"
0.019399560625604,1.0941419783491,1,0.938,1,"SORT1"
0.019399560625604,0.983421442976054,1,0.938,1,"TRAF5"
0.019399560625604,1.02717970205644,1,0.938,1,"VPS4B"
0.019399560625604,0.868134544268727,1,1,1,"ENAH"
0.019399560625604,-0.453864072844318,1,1,1,"HNRNPA2B1"
0.019399560625604,1.52998042439591,1,1,1,"MRNIP"
0.019399560625604,1.37536928307892,1,1,1,"PDCD4"
0.019399560625604,1.59586188152945,1,1,1,"PLEKHA1"
0.019399560625604,1.4642387225275,1,1,1,"RRM2B"
0.019399560625604,1.38929645019003,1,1,1,"TACSTD2"
0.019399560625604,1.03898092278018,1,1,1,"TM9SF3"
0.019399560625604,0.992551930911002,1,1,1,"UGGT1"
0.019399560625604,0.654137289157636,1,1,1,"UNC45A"
0.019399560625604,0.804984608908547,1,1,1,"UQCRC2"
0.0194048005237144,2.34363690246894,0.643,0.25,1,"FAN1"
0.01966898215839,2.24218237152523,0.929,0.688,1,"RBM12B"
0.0197901049475258,2.50722575113355,0.571,0.125,1,"TSGA10"
0.0197922091585786,-1.26856510691531,0.929,0.938,1,"PCIF1"
0.0202810737733989,1.1841522557377,0.929,0.5,1,"METTL18"
0.0202810737733989,1.32182505926243,0.857,0.562,1,"SLC25A38"
0.0211853068993533,1.02460283053251,0.786,0.438,1,"GPSM1"
0.0213535337594355,2.30161216347821,0.857,0.438,1,"ZBTB46"
0.0213535337594355,1.19270509681952,0.786,0.5,1,"IRF2BP1"
0.0213893053473262,3.02790245184274,0.5,0.125,1,"LRRC61"
0.0213893053473262,3.07161405818561,0.5,0.125,1,"SWT1"
0.0214978303761784,0.900631803919494,1,0.875,1,"CC2D1A"
0.0214978303761784,1.7551606643521,1,0.875,1,"CPEB2"
0.0214978303761784,1.13177664169627,1,0.875,1,"GDE1"
0.0214978303761784,0.929655637551438,1,0.875,1,"INTS8"
0.0214978303761784,1.22430579088403,1,0.875,1,"STAP2"
0.0218437599225843,1.40771864132553,0.929,1,1,"PCYT1A"
0.0218437599225843,0.847893939624607,1,0.938,1,"CXorf38"
0.0218437599225843,0.347340279306496,1,1,1,"CHMP3"
0.0218437599225843,1.84773591527448,1,1,1,"CREBRF"
0.0218437599225843,-0.840464023254927,1,1,1,"DNMT1"
0.0218437599225843,-0.657664186442315,1,1,1,"NDUFA12"
0.0218437599225843,1.02108779360914,1,1,1,"SAMHD1"
0.0218437599225843,1.04715106569046,1,1,1,"STOM"
0.0218437599225843,-1.0349593193166,1,1,1,"SURF6"
0.0218437599225843,0.5293538868562,1,1,1,"TAF7"
0.0218437599225843,-1.10176091249083,1,1,1,"WDR73"
0.0221388445783981,0.522427753051222,0.857,0.375,1,"ZNF57"
0.0221390783796294,0.643978562357706,0.929,0.688,1,"DCUN1D3"
0.0221870351374016,0.440716698539599,0.714,0.188,1,"SLC10A7"
0.0221870351374016,2.14671748426004,0.643,0.25,1,"HOXB5"
0.0224136435394274,-1.8586193212718,0.929,0.812,1,"MT2A"
0.0227291789261888,2.21692922583951,0.857,0.625,1,"RNF144B"
0.0238120912024193,0.961655269765185,0.714,0.25,1,"CIDEB"
0.0238120912024193,3.11499754121682,0.714,0.25,1,"RAB27B"
0.0239880059970015,-2.46591578892394,0.071,0.5,1,"ETV2"
0.0240346287124751,1.47828312515297,0.786,0.5,1,"RELL2"
0.0240346287124751,2.11724452128045,0.786,0.5,1,"SEC31B"
0.0241493701033908,1.35239677836283,1,0.875,1,"DGLUCY"
0.0241879060469767,4.23044888915791,0.429,0.125,1,"DUSP2"
0.0242743574892985,2.19887368440421,0.929,0.75,1,"ANK3"
0.0242838745745806,2.56977432916348,0.857,0.5,1,"TRIM3"
0.0244909674505713,1.01021004758549,1,0.812,1,"MCM2"
0.0244909674505713,0.904181975592086,1,0.812,1,"TMEM62"
0.0245009658913236,4.76855587301512,0.643,0.5,1,"PTPN13"
0.0245420186363647,-0.611341516946798,0.929,1,1,"PIGQ"
0.0245420186363647,-0.741036818721012,0.929,1,1,"RPA2"
0.0245420186363647,-0.76224465267783,0.929,1,1,"SUCLG2"
0.0245420186363647,0.637466342343513,1,0.938,1,"CHMP1B"
0.0245420186363647,0.903693843704662,1,1,1,"AP3D1"
0.0245420186363647,0.71790752358023,1,1,1,"BROX"
0.0245420186363647,0.523077269013895,1,1,1,"CCT8"
0.0245420186363647,-0.791882324376127,1,1,1,"EFTUD2"
0.0245420186363647,-0.896918373394996,1,1,1,"LYRM4"
0.0245420186363647,-0.550607616909383,1,1,1,"MAPRE1"
0.0245420186363647,0.5524319216896,1,1,1,"MYNN"
0.0245420186363647,1.55043650103,1,1,1,"NAMPT"
0.0245420186363647,0.651002693928795,1,1,1,"NIBAN1"
0.0245420186363647,-1.04581814032809,1,1,1,"PARP6"
0.0245420186363647,-1.13914690336367,1,1,1,"PNRC2"
0.0245420186363647,0.871187275538658,1,1,1,"TIMM10B"
0.0248655445239221,1.33072586992168,0.929,0.688,1,"ARHGAP45"
0.02493466716934,1.01599559034834,0.929,0.938,1,"C1orf198"
0.0252442199952652,2.80696774830734,0.643,0.25,1,"MAML3"
0.0255542129176196,2.88347556441298,0.643,0.312,1,"PTGFRN"
0.0256434149626255,1.18137675791165,0.929,0.5,1,"PAIP2B"
0.0256434149626255,1.65874619965212,0.857,0.562,1,"NOP9"
0.0256434149626255,0.715263549633611,0.857,0.562,1,"SMCR8"
0.0256434149626255,1.56986825230178,0.857,0.562,1,"ZNF836"
0.0259294913946535,-1.16637919365546,0.357,0.812,1,"CDC25C"
0.0261498834346181,1.58558550692079,1,0.625,1,"ATP9A"
0.0261498834346181,1.02450879934965,1,0.625,1,"LMAN2L"
0.0261498834346181,1.76124647751156,0.857,0.75,1,"ZNF337"
0.0266115858479432,0.807791009002172,1,0.75,1,"ALG6"
0.0266115858479432,1.02531737495643,1,0.75,1,"COQ8A"
0.0266115858479432,1.28157054841953,0.857,0.875,1,"TEAD3"
0.0266612892384215,0.383451174169032,0.929,0.625,1,"UBR3"
0.0266612892384215,1.92434029647137,0.857,0.688,1,"CES4A"
0.0269280839456432,1.6684201700704,0.929,0.562,1,"SYNJ1"
0.0269731800766284,-2.9152011244398,0,0.375,1,"SRRM5"
0.0269994345792355,1.39713970082193,0.857,0.438,1,"RARA"
0.0270681721402808,2.13775506481715,1,0.875,1,"COL27A1"
0.0270681721402808,0.863022332526773,1,0.875,1,"F11R"
0.0270681721402808,1.01651029240961,1,0.875,1,"NEK6"
0.0270681721402808,0.943013149307931,1,0.875,1,"UBFD1"
0.0271685966442303,-1.29651563635061,0.786,0.875,1,"DPH2"
0.0271885110076544,2.83050589282924,0.571,0.25,1,"C11orf52"
0.0272192764986621,0.865622479559966,1,0.688,1,"TICAM1"
0.0272192764986621,2.48169894794658,0.929,0.75,1,"GDPD1"
0.0272422027720229,1.62309366970052,0.857,0.5,1,"CCDC149"
0.0272422027720229,1.82276741256953,0.857,0.5,1,"LDOC1"
0.0274570248415524,1.24487253777697,1,0.812,1,"CPEB4"
0.0274570248415524,1.04140475829817,1,0.812,1,"MMUT"
0.0274570248415524,0.749744750449042,1,0.812,1,"ZNF107"
0.0275127382988932,1.67761922189197,0.929,1,1,"PLA2G12A"
0.0275127382988932,1.2361296280145,1,0.938,1,"ACACA"
0.0275127382988932,0.715302755293812,1,0.938,1,"ADSS2"
0.0275127382988932,1.1631497875187,1,0.938,1,"CHERP"
0.0275127382988932,1.34633851333674,1,0.938,1,"KLHL8"
0.0275127382988932,0.738029887932825,1,0.938,1,"LAGE3"
0.0275127382988932,1.70395445524922,1,0.938,1,"UTP14C"
0.0275127382988932,0.984414548232104,1,1,1,"AHR"
0.0275127382988932,-1.00758123261241,1,1,1,"ANKLE2"
0.0275127382988932,1.51489015557572,1,1,1,"ANKRD10"
0.0275127382988932,0.593186505557709,1,1,1,"BTF3L4"
0.0275127382988932,0.357254026548322,1,1,1,"CDK5RAP3"
0.0275127382988932,1.19747377632183,1,1,1,"DBN1"
0.0275127382988932,0.981437416509956,1,1,1,"ECHDC2"
0.0275127382988932,0.427392189785504,1,1,1,"FTH1"
0.0275127382988932,-0.93269406187471,1,1,1,"OXSR1"
0.0275127382988932,-0.373181064635267,1,1,1,"PHB2"
0.0275127382988932,-0.795030162212655,1,1,1,"PTMS"
0.0275127382988932,0.694191192919435,1,1,1,"RAB13"
0.0275127382988932,1.63086264007415,1,1,1,"SERHL2"
0.0275127382988932,1.19887730152992,1,1,1,"SLC25A45"
0.0275127382988932,-0.622872951446228,1,1,1,"SLC2A4RG"
0.0275127382988932,0.830904579520951,1,1,1,"SQSTM1"
0.0275127382988932,-0.994505756346278,1,1,1,"TMEM19"
0.0275127382988932,-0.522170139815529,1,1,1,"TXNDC17"
0.0275127382988932,-0.629279332807505,1,1,1,"WDR83OS"
0.0275127382988932,1.58514517854525,1,1,1,"WTIP"
0.0278651592676338,0.856890091634645,0.929,0.688,1,"WARS2"
0.0280970625798214,4.85884798458357,0.357,0,1,"DNAAF19"
0.0280970625798214,4.00896105044221,0.357,0,1,"PDZRN3"
0.0280970625798214,5.58457681095434,0.357,0,1,"ZNF691"
0.0280970625798218,2.12557545210955,0.357,0.062,1,"HNRNPUL2-BSCL2"
0.0280970625798218,4.69158638969822,0.357,0.062,1,"TSSK3"
0.0286090872692306,1.48004782136104,0.643,0.25,1,"AJM1"
0.0287393558122901,1.62407355804313,0.857,0.562,1,"HARBI1"
0.0287393558122901,1.32369264805205,0.857,0.562,1,"NOSTRIN"
0.0297776808190335,1.29974493027603,1,0.75,1,"FN3K"
0.0298472298078685,0.815645444451886,1,0.562,1,"PGGHG"
0.0300847305965166,0.831654226391109,0.714,0.25,1,"MAMSTR"
0.0301446112169234,-1.34250028957014,0.857,1,1,"DCP2"
0.0301446112169234,-1.14458468714964,0.857,1,1,"ILK"
0.0301446112169234,-1.03558823933573,0.857,1,1,"SNX9"
0.0302526411372912,2.2592457871318,0.786,0.5,1,"ZNF251"
0.0302760762721503,0.740258925043771,1,0.875,1,"DNAJA3"
0.0302760762721503,1.04724517944934,1,0.875,1,"DTWD1"
0.0302760762721503,1.26564450608889,1,0.875,1,"DZANK1"
0.0302760762721503,0.726173128460852,1,0.875,1,"IL4R"
0.0302760762721503,1.30834514278727,1,0.875,1,"KLF4"
0.0304027965377476,-1.41865404735208,0.714,0.938,1,"C11orf24"
0.0304561032177415,2.93008959765106,1,0.688,1,"CD24"
0.0304561032177415,1.00050173345884,1,0.688,1,"KLF5"
0.0307042350857595,-1.67577217027318,0.857,0.938,1,"ARMH3"
0.030715870135108,0.971560319821938,1,0.812,1,"ELF1"
0.030715870135108,1.61449160812219,1,0.812,1,"MORN3"
0.030715870135108,1.41867510359516,1,0.812,1,"TMEM63B"
0.0307776624243778,-1.27866040956746,0.929,1,1,"ZWINT"
0.0307776624243778,1.52802431522484,1,0.938,1,"KCNE4"
0.0307776624243778,0.355527314252408,1,0.938,1,"RXRA"
0.0307776624243778,0.742560430736615,1,1,1,"BNIP2"
0.0307776624243778,-1.04209212914975,1,1,1,"CKAP5"
0.0307776624243778,0.974196725632743,1,1,1,"CRCP"
0.0307776624243778,-0.381461453068697,1,1,1,"CYCS"
0.0307776624243778,-1.49680786711473,1,1,1,"DCAF7"
0.0307776624243778,-0.861063122274361,1,1,1,"ELAC2"
0.0307776624243778,0.752920099695817,1,1,1,"GIPC1"
0.0307776624243778,-0.330204834027449,1,1,1,"HNRNPDL"
0.0307776624243778,0.795820331816628,1,1,1,"ISCA1"
0.0307776624243778,-1.23822387705415,1,1,1,"NUP93"
0.0307776624243778,-0.838535989473266,1,1,1,"PIN1"
0.0307776624243778,-0.939336264880897,1,1,1,"PSMD7"
0.0307776624243778,-1.07519269047512,1,1,1,"SKA2"
0.0307776624243778,1.24616471641747,1,1,1,"TMEM167B"
0.0307776624243778,0.997446464538216,1,1,1,"TPD52L1"
0.0307776624243778,-0.908735739067017,1,1,1,"USP5"
0.0307776624243778,-0.925652155278136,1,1,1,"VRK2"
0.0309121668955687,1.52477358001717,0.786,0.375,1,"IFT27"
0.0309121668955687,1.69872144578125,0.714,0.438,1,"AGR2"
0.0309782501250235,-1.07583355715006,0.643,0.938,1,"MINPP1"
0.0311612339685012,1.22632284336707,0.929,0.688,1,"RSAD1"
0.0312792485766069,1.06027050794344,0.929,0.938,1,"CCDC138"
0.0312792485766069,1.10854891100514,0.929,0.938,1,"FEM1C"
0.0313817222795545,0.625601366125594,0.857,0.375,1,"EIF4EBP3"
0.0315508980975628,-0.906747387205187,0.786,0.938,1,"CDC34"
0.0315508980975628,-1.91491536851707,0.929,0.812,1,"HSDL1"
0.0320571327683254,1.83601458753085,0.714,0.375,1,"TMEM177"
0.0321457571867658,1.24885526528125,0.786,0.562,1,"PICK1"
0.0322816369592978,2.74899053338198,0.571,0.312,1,"NAP1L5"
0.0331167749458596,2.50563101070161,0.5,0.188,1,"MUC20"
0.0333451024745623,1.03576008413028,1,0.562,1,"TRMT11"
0.0336470636370836,2.23404904990506,0.786,0.438,1,"ITPR1"
0.0336470636370836,2.49746818473532,0.786,0.438,1,"NEBL"
0.0336483151613048,-0.79522196276524,0.857,1,1,"ANAPC2"
0.0337441874178137,0.874464637590379,0.714,0.25,1,"AXIN2"
0.0337921579286045,1.16498891110153,1,0.875,1,"GPCPD1"
0.0337921579286045,0.437147558247856,1,0.875,1,"H1-10"
0.0337921579286045,1.12217992648504,1,0.875,1,"KIF3A"
0.0337921579286045,1.13772418739214,1,0.875,1,"ZBTB41"
0.0338386018549028,1.85235065530435,0.786,0.5,1,"NFIL3"
0.0338386018549028,1.76692782636361,0.714,0.562,1,"LYZ"
0.0338689822615352,-1.49800545052131,0.429,0.688,1,"GNG11"
0.0340058935100738,1.06808584708371,1,0.688,1,"LZTS2"
0.0340058935100738,1.30199908478199,0.929,0.75,1,"ETNK2"
0.0340058935100738,1.49818697396712,0.929,0.75,1,"TGFBRAP1"
0.0340058935100738,1.24331638489322,0.929,0.75,1,"UBQLN2"
0.0340573435332554,0.112638115984834,0.857,0.5,1,"MYO5B"
0.034289590670781,1.75405231310817,1,0.812,1,"CCDC120"
0.034289590670781,1.21182745268983,0.929,0.875,1,"POLB"
0.0343565953521347,-0.454948155912382,0.929,1,1,"HAUS1"
0.0343565953521347,-0.782997041718187,0.929,1,1,"SLC43A3"
0.0343565953521347,1.0282882764018,1,0.938,1,"GSTO2"
0.0343565953521347,-1.00654694900764,1,0.938,1,"TBRG1"
0.0343565953521347,0.988941053100017,1,1,1,"ACAP2"
0.0343565953521347,0.94552565414079,1,1,1,"APPBP2"
0.0343565953521347,-0.308973772066748,1,1,1,"ATP5F1A"
0.0343565953521347,-0.804563158800542,1,1,1,"BABAM1"
0.0343565953521347,0.719839242725845,1,1,1,"EIF2A"
0.0343565953521347,-0.809378900667194,1,1,1,"EXOSC1"
0.0343565953521347,-1.09889537422368,1,1,1,"HDAC3"
0.0343565953521347,-0.728650127600625,1,1,1,"HMGN2"
0.0343565953521347,2.45493332231057,1,1,1,"HOMER2"
0.0343565953521347,1.14867326612351,1,1,1,"IL6ST"
0.0343565953521347,-0.331258809896189,1,1,1,"NDUFA11"
0.0343565953521347,1.09823983325658,1,1,1,"NFE2L1"
0.0343565953521347,-1.09383610512544,1,1,1,"NUP188"
0.0343565953521347,0.449367874217472,1,1,1,"OTUB1"
0.0343565953521347,-0.621023906461443,1,1,1,"PDCD10"
0.0343565953521347,-0.72018210135004,1,1,1,"SNRPA"
0.0343565953521347,-1.04017637563486,1,1,1,"SPRING1"
0.0343565953521347,0.527504315010855,1,1,1,"SUMO1"
0.0343565953521347,1.48820023133364,1,1,1,"TBCK"
0.0343565953521347,-0.93481711304952,1,1,1,"THOC7"
0.0343565953521347,0.702962017837383,1,1,1,"ZHX1"
0.0345740167411994,-2.160413667388,0.643,0.938,1,"UBAP1L"
0.0345740167411994,-1.49057603986655,0.786,0.812,1,"EFHD2"
0.0349598850385609,-2.63348030231396,0.429,0.75,1,"SAMTOR"
0.0351111819391297,2.21548367085972,0.714,0.5,1,"ZNF830"
0.0351668403844176,2.06523546822562,0.929,0.812,1,"DGKE"
0.0358749280330597,1.6270685353126,0.786,0.625,1,"HOXB6"
0.0363469727124739,1.50008251625392,0.643,0.25,1,"PPP1R9B"
0.0367478455474692,1.01418222717725,0.643,0.312,1,"AMIGO1"
0.0371741614572829,3.20751199082056,0.857,0.688,1,"OBSCN"
0.0371758668309465,1.02258692178275,0.786,0.312,1,"PPP1R26"
0.0374829991265117,-1.03807610829846,0.857,1,1,"RP9"
0.0375473357232627,1.50150203416057,0.786,0.438,1,"CYB5D1"
0.0377573167320704,2.16155100014682,0.786,0.5,1,"FAM227B"
0.0377573167320704,8.35823603384982,0.786,0.5,1,"TMC5"
0.0378325869744866,-1.96543722761208,0.714,0.938,1,"PHF7"
0.0381861631963516,-0.825184663808416,0.857,0.938,1,"GTF2H2C"
0.0381989947578671,0.63271635601625,1,0.812,1,"H2BC12"
0.0382271471763265,2.83710457044812,0.714,0.312,1,"MAPT"
0.0382728484399011,-1.0504987168071,0.929,1,1,"BACC1"
0.0382728484399011,-0.719814862179482,0.929,1,1,"SNF8"
0.0382728484399011,-1.19731055190238,0.929,1,1,"YWHAH"
0.0382728484399011,0.906863343029845,1,0.938,1,"ACSL3"
0.0382728484399011,2.06728767216006,1,0.938,1,"MAP2K7"
0.0382728484399011,1.41929362707874,1,0.938,1,"PPP1R12B"
0.0382728484399011,1.29911998159998,1,0.938,1,"ZNF395"
0.0382728484399011,0.324364606542704,1,1,1,"ARHGAP1"
0.0382728484399011,-0.600247382984582,1,1,1,"COMMD3"
0.0382728484399011,-0.635939975499666,1,1,1,"COPE"
0.0382728484399011,-0.739870365106359,1,1,1,"CRK"
0.0382728484399011,-0.552507673574152,1,1,1,"KIF3B"
0.0382728484399011,0.299974161689112,1,1,1,"MRPL20"
0.0382728484399011,-0.544020951434068,1,1,1,"NHP2"
0.0382728484399011,0.705337934153786,1,1,1,"QTRT1"
0.0382728484399011,0.720989435495495,1,1,1,"RAB11FIP1"
0.0382728484399011,-0.982461390579317,1,1,1,"RC3H2"
0.0382728484399011,-0.618861992052249,1,1,1,"SUPT16H"
0.0382728484399011,1.53771382070984,1,1,1,"TMEM45A"
0.0382728484399011,0.689533710027896,1,1,1,"TSC2"
0.0382728484399011,0.748540611483227,1,1,1,"ZBED5"
0.0386657170210909,1.8476124755462,0.714,0.438,1,"IRX3"
0.038722915803882,1.94436853035277,0.929,0.688,1,"GATA3"
0.038722915803882,1.14979092842287,0.929,0.688,1,"GLI3"
0.0390626977532905,-1.20635362079348,0.929,0.938,1,"EXOSC7"
0.0396634843912753,-1.10254514546955,0.571,0.812,1,"THAP3"
0.0399606870111557,0.909945990727292,0.929,0.5,1,"CDR2L"
0.0399606870111557,2.922434095135,0.857,0.562,1,"DAPP1"
0.0401807764848228,1.97799170496397,0.714,0.375,1,"STK36"
0.0406393844701336,1.10025988532321,1,0.625,1,"LRIF1"
0.0407199908817519,1.30230359071549,0.643,0.25,1,"GDPD3"
0.0407199908817519,2.18245149312782,0.571,0.312,1,"CABLES1"
0.0412059123517019,1.04954390651501,1,0.75,1,"ABLIM1"
0.0412059123517019,1.28472844048883,1,0.75,1,"MTG1"
0.0413434424858421,4.29146882163072,0.643,0.312,1,"LDLRAD4"
0.0413605649875439,1.29037588893961,1,0.562,1,"METTL25"
0.0413605649875439,0.854052069630713,0.929,0.625,1,"SYBU"
0.0413605649875439,0.193642399826682,0.929,0.625,1,"TCP11L2"
0.0414898708196641,-1.33295557508306,0.357,0.688,1,"ANKUB1"
0.0415034587969173,-3.3924767820888,0.214,0.562,1,"RNASEK-C17orf49"
0.0415098952071953,-0.104327365489535,0.786,0.312,1,"ZNRF2"
0.0415482661146207,-1.73354100279829,0.429,0.812,1,"ARL6"
0.0417374250611193,1.46743618068483,0.786,0.688,1,"IRF5"
0.0418392523724387,0.917811386411062,1,0.875,1,"ANKZF1"
0.0418392523724387,0.651812411247234,1,0.875,1,"H4C9"
0.0418392523724387,0.902301155659277,1,0.875,1,"ZBTB11"
0.0420541982190874,1.81185053930745,0.786,0.5,1,"IPMK"
0.0420541982190874,2.20889644894473,0.786,0.5,1,"USP45"
0.0421338281667565,0.676669353657511,1,0.688,1,"IRF2BP2"
0.0421338281667565,1.30755728206603,0.929,0.75,1,"PRKCH"
0.0421338281667565,2.04002546788579,0.929,0.75,1,"TRRAP"
0.0422265647362077,0.925592465029736,0.857,0.5,1,"MAP3K8"
0.0423296435717457,2.4103805770041,0.571,0.375,1,"CDKN2A"
0.0424545484395745,-1.29611665349439,0.786,1,1,"FAAP24"
0.0424545484395745,-1.24150435131402,0.786,1,1,"GAS2L1"
0.0424545484395745,-1.40561646378714,0.857,0.938,1,"IGFBP4"
0.0424545484395745,-1.16747824187381,0.929,0.875,1,"ANKMY2"
0.0424678613565594,1.82731577540924,1,0.812,1,"PLA2R1"
0.0424678613565594,0.759885744871498,1,0.812,1,"RND1"
0.0424678613565594,0.863625569858904,1,0.812,1,"SIK2"
0.0424678613565594,1.02901545500109,0.929,0.875,1,"HECA"
0.0424678613565594,1.28577712769659,0.929,0.875,1,"POLA2"
0.0425475325632677,-2.76298286788564,0.929,1,1,"ETV6"
0.0425475325632677,-1.63601055374547,0.929,1,1,"SPAST"
0.0425475325632677,0.919324987579128,0.929,1,1,"WDR55"
0.0425475325632677,-0.580270001644201,1,0.938,1,"FBXO21"
0.0425475325632677,1.1084504490397,1,0.938,1,"FRMD4B"
0.0425475325632677,1.21199336955423,1,0.938,1,"ICA1"
0.0425475325632677,0.680494921462432,1,0.938,1,"MYO9A"
0.0425475325632677,0.90899399405058,1,0.938,1,"PTGR3"
0.0425475325632677,0.958185574259602,1,0.938,1,"STXBP2"
0.0425475325632677,-0.706173992380294,1,1,1,"AFG3L2"
0.0425475325632677,0.559402766861274,1,1,1,"DARS1"
0.0425475325632677,-0.650385210759045,1,1,1,"ERLEC1"
0.0425475325632677,-0.731216508048152,1,1,1,"FASTK"
0.0425475325632677,0.715426252364701,1,1,1,"GGA1"
0.0425475325632677,1.02993013336839,1,1,1,"HOOK2"
0.0425475325632677,-1.42240109178943,1,1,1,"HUS1"
0.0425475325632677,2.36430856647383,1,1,1,"LRIG2"
0.0425475325632677,0.757631631699166,1,1,1,"LRPPRC"
0.0425475325632677,-0.493917614682577,1,1,1,"MRPS16"
0.0425475325632677,0.884977561431409,1,1,1,"NCOA3"
0.0425475325632677,-0.659291935514915,1,1,1,"PGLS"
0.0425475325632677,0.909547972020871,1,1,1,"PLPP5"
0.0425475325632677,-0.740599459708479,1,1,1,"QARS1"
0.0425475325632677,0.686926337657527,1,1,1,"RAB10"
0.0425475325632677,0.437322593088738,1,1,1,"RABL2B"
0.0425475325632677,0.607935044385528,1,1,1,"RHBDF2"
0.0425475325632677,1.42399353526489,1,1,1,"SLC9A7"
0.0425475325632677,-0.861502920356591,1,1,1,"SMIM10L1"
0.0425475325632677,1.20316066111436,1,1,1,"SYNRG"
0.0425475325632677,-0.739141404998215,1,1,1,"TPRKB"
0.0425475325632677,0.443958433896644,1,1,1,"VPS25"
0.0425475325632677,-0.63003601577079,1,1,1,"ZFP91"
0.0425475325632677,1.21888106141651,1,1,1,"ZNF273"
0.0427025977895132,1.58264035597574,0.714,0.312,1,"NECTIN1"
0.0427025977895132,0.882557531384293,0.714,0.312,1,"TMCC3"
0.0428058554142261,-2.09684917247268,0.786,0.812,1,"CCDC9"
0.0428058554142261,-1.67361353613272,0.786,0.812,1,"LOXL1"
0.0430327938885753,0.949249074447224,0.929,0.688,1,"STEAP3"
0.0430991521782973,1.99680131869015,0.714,0.438,1,"ENGASE"
0.0432558127540985,1.12178997329026,0.929,0.938,1,"USP36"
0.0435368280771897,1.53902634462631,0.929,0.812,1,"PTPN4"
0.0435368280771897,1.44505971333554,0.929,0.812,1,"SLC52A3"
0.0435368280771897,0.724377280178368,0.929,0.812,1,"SSH3"
0.0435678823814787,-1.42136478812554,0.786,0.938,1,"PMAIP1"
0.044111607766808,-1.7101871704176,0.571,0.812,1,"THAP1"
0.0448301889646854,0.856718505113742,0.714,0.375,1,"NOMO1"
0.0458437447942695,-2.58510135892819,0.143,0.5,1,"TMPPE"
0.0460791826309073,5.50155973380698,0.357,0.062,1,"CLYBL"
0.0462130819695072,-1.98617061428302,0.5,0.75,1,"PSRC1"
0.0462307683447578,-0.551349982821796,0.857,1,1,"CYB561D2"
0.0462307683447578,-1.03927420953782,1,0.875,1,"LAS1L"
0.0463418101750639,1.08224450803986,0.929,0.562,1,"PRMT6"
0.0464154575618976,1.43908163962689,1,0.875,1,"CYBRD1"
0.0464154575618976,1.18296775111213,1,0.875,1,"IFI6"
0.0464833424361086,1.30067169002882,0.786,0.438,1,"GALNT4"
0.0467396848531354,0.928905581311577,0.857,0.438,1,"SPATA2L"
0.0467396848531354,1.26698132575759,0.714,0.562,1,"CLDN15"
0.0467572887103065,0.717804887126763,1,0.688,1,"CEBPD"
0.0467572887103065,2.32506226298921,0.929,0.75,1,"KALRN"
0.0468733366374947,-0.0263575584464457,0.857,0.5,1,"SALL4"
0.0471042222266919,-0.963988568742416,0.857,0.938,1,"SMAD3"
0.047118167782294,1.01431853913965,1,0.812,1,"BEST1"
0.047118167782294,0.70107390335233,1,0.812,1,"ZNF726"
0.047118167782294,2.51197255864134,0.857,0.938,1,"MLLT3"
0.047118167782294,0.903821089607463,0.929,0.875,1,"RBM4B"
0.047118167782294,0.941319248099484,0.929,0.875,1,"TYMP"
0.0472053068752861,-1.06193696921,0.929,1,1,"APIP"
0.0472053068752861,-1.23154515370738,0.929,1,1,"CDT1"
0.0472053068752861,-0.969284862935838,0.929,1,1,"ITGB1BP1"
0.0472053068752861,0.907901211108449,1,0.938,1,"GRIPAP1"
0.0472053068752861,0.799532265278686,1,0.938,1,"H1-0"
0.0472053068752861,0.901739893535851,1,0.938,1,"OTUD6B"
0.0472053068752861,0.540726726894175,1,0.938,1,"PEF1"
0.0472053068752861,-0.723482763282304,1,0.938,1,"POLDIP3"
0.0472053068752861,0.621034735328232,1,0.938,1,"PRPF38A"
0.0472053068752861,1.28863226821399,1,0.938,1,"UMPS"
0.0472053068752861,0.868679253093362,1,0.938,1,"ZSWIM8"
0.0472053068752861,-0.644633317237398,1,1,1,"APTX"
0.0472053068752861,-0.424889004353453,1,1,1,"ARPC2"
0.0472053068752861,0.578664876526208,1,1,1,"CD46"
0.0472053068752861,0.733702381408134,1,1,1,"CIAO1"
0.0472053068752861,-0.484490320558246,1,1,1,"CLTA"
0.0472053068752861,0.749991554202129,1,1,1,"CSRP1"
0.0472053068752861,0.626983850927993,1,1,1,"CYP51A1"
0.0472053068752861,0.711811178135932,1,1,1,"DHRS7"
0.0472053068752861,1.22921948631727,1,1,1,"ODR4"
0.0472053068752861,0.0326940385368424,1,1,1,"PAPOLA"
0.0472053068752861,1.49863953026263,1,1,1,"PLXNA3"
0.0472053068752861,0.727022500737823,1,1,1,"PSMD11"
0.0472053068752861,-0.888184919741829,1,1,1,"RANGAP1"
0.0472053068752861,-1.03199651121824,1,1,1,"RHEB"
0.0472053068752861,0.691865585536724,1,1,1,"RLIM"
0.0472053068752861,0.850159893635829,1,1,1,"SMARCA4"
0.0472053068752861,0.941086877025656,1,1,1,"SMIM14"
0.0472053068752861,0.905930753304821,1,1,1,"SP3"
0.0472053068752861,0.538350666467135,1,1,1,"STAT6"
0.0472053068752861,0.975045608229346,1,1,1,"TEX10"
0.0472053068752861,-0.868376838476892,1,1,1,"TRIP10"
0.0472053068752861,-0.643563410506852,1,1,1,"YLPM1"
0.0472053068752861,3.1074768672509,1,1,1,"ZBTB43"
0.0477289391080191,1.10475293934458,0.929,0.688,1,"NARS2"
0.0477289391080191,1.03959617623639,0.929,0.688,1,"PARP10"
0.0477289391080191,1.92051722092652,0.929,0.688,1,"TMEM45B"
0.0477761119440279,0.895234426460334,0.571,0.188,1,"ZNF805"
0.0479620389323747,1.48184276704753,0.786,0.375,1,"CIMAP1B"
0.0479620389323747,1.33661832499546,0.786,0.375,1,"TSPYL2"
0.0479620389323747,2.96857295929692,0.714,0.438,1,"VDR"
0.0479951561886764,1.17099960637572,0.929,0.938,1,"GPATCH2"
0.0479951561886764,0.926444603091189,0.929,0.938,1,"NAA40"
0.0481798454058145,-1.0260253255273,0.929,0.938,1,"CENPT"
0.0481798454058145,-1.31049789511437,0.929,0.938,1,"DPCD"
0.0482938578870182,1.1598109761407,0.929,0.812,1,"DSC2"
0.0482938578870182,1.16446123770509,0.929,0.812,1,"SHROOM3"
0.0482938578870182,2.0269953043171,0.929,0.812,1,"TMEM8B"
0.0490671898312971,1.13718333872141,0.857,0.625,1,"ALS2CL"
0.0494642668345908,1.20587109172024,0.786,0.562,1,"NAALADL2"
0.0494642668345908,0.98597002930008,0.786,0.562,1,"ZNF668"
0.0498500526138721,1.70897191733173,0.714,0.375,1,"PRAG1"
0.0500477934407426,1.59550891967102,1,0.625,1,"ALMS1"
0.0500477934407426,0.791547340313946,1,0.625,1,"LRRC42"
0.0500798654680228,-1.99162174191935,0.714,0.875,1,"SPDL1"
0.0506602838931414,1.30403042942477,1,0.75,1,"CYB5R2"
0.0506602838931414,0.949211694246283,1,0.75,1,"SLC26A11"
0.0506602838931414,0.908126804346167,1,0.75,1,"UBE2O"
0.0507079793436607,2.40098046573965,0.5,0.188,1,"SYCE2"
0.0507266009238243,-1.65400240064515,0.714,0.812,1,"DNAJB5"
0.0508902755364662,2.35857007283666,0.857,0.688,1,"TLCD5"
0.0510411460936199,-2.9405246401512,0.143,0.438,1,"UBE2F-SCLY"
0.0511900224638283,-1.23258538094243,0.857,1,1,"MADD"
0.0513479895759037,1.35467337573173,0.929,0.562,1,"TARBP1"
0.0513895374294286,0.716725144740438,1,0.875,1,"EXOSC4"
0.0513895374294286,2.33736122160461,1,0.875,1,"LCMT2"
0.0513895374294286,1.06013328633585,1,0.875,1,"ZNF770"
0.0514995615367413,1.89896940116712,0.643,0.438,1,"FAM200A"
0.0517208062635349,-1.89803425007546,0.714,0.938,1,"SLC60A2"
0.0517611300988641,1.67245977247218,0.643,0.312,1,"ABCD1"
0.0517611300988641,1.62053519026545,0.643,0.312,1,"GCHFR"
0.051785775498904,1.90872776465001,0.929,0.75,1,"SLC25A29"
0.051852821439297,0.742195955312548,0.857,0.438,1,"ATXN7L1"
0.05194286241812,1.00512950533226,0.857,0.5,1,"MED23"
0.05194286241812,0.554466552319952,0.857,0.5,1,"TBC1D16"
0.0521746832122296,0.903992080517931,1,0.812,1,"SH3RF1"
0.0521746832122296,1.34052252058629,0.929,0.875,1,"FAM199X"
0.0521746832122296,0.834030597964213,0.929,0.875,1,"ZNHIT6"
0.0522682174564592,0.842140242772449,0.929,1,1,"E2F6"
0.0522682174564592,-0.970617718760954,1,0.938,1,"DEF8"
0.0522682174564592,0.933336192913656,1,0.938,1,"FAM120A"
0.0522682174564592,0.982962899743163,1,0.938,1,"IRF9"
0.0522682174564592,1.03108629387385,1,0.938,1,"NEK5"
0.0522682174564592,0.765804994088258,1,0.938,1,"OSTF1"
0.0522682174564592,0.599887219943878,1,0.938,1,"RBCK1"
0.0522682174564592,1.05879479473823,1,0.938,1,"SCPEP1"
0.0522682174564592,-0.492495067738056,1,0.938,1,"URM1"
0.0522682174564592,-0.872789476376203,1,0.938,1,"YJU2"
0.0522682174564592,-0.642562582718913,1,1,1,"ACOT2"
0.0522682174564592,-0.878958402439217,1,1,1,"ANP32E"
0.0522682174564592,-0.742157712976283,1,1,1,"ARL2"
0.0522682174564592,0.592946919988903,1,1,1,"CAND1"
0.0522682174564592,-0.902753561587042,1,1,1,"CAPNS1"
0.0522682174564592,-0.446469989108836,1,1,1,"DAZAP2"
0.0522682174564592,-0.409866741567425,1,1,1,"DYNLT1"
0.0522682174564592,-0.473936129202555,1,1,1,"EXOSC6"
0.0522682174564592,0.474187369931784,1,1,1,"FNIP1"
0.0522682174564592,-0.990821739012585,1,1,1,"GLG1"
0.0522682174564592,0.798486020183246,1,1,1,"KRT7"
0.0522682174564592,-0.634515946962507,1,1,1,"MVP"
0.0522682174564592,0.733060620082277,1,1,1,"NCK1"
0.0522682174564592,0.659400476509016,1,1,1,"PFKP"
0.0522682174564592,-0.4429087431127,1,1,1,"PPM1A"
0.0522682174564592,-0.452599836146581,1,1,1,"PSMB1"
0.0522682174564592,-1.12490322946616,1,1,1,"REEP3"
0.0522682174564592,-0.385957504704169,1,1,1,"SNRPB"
0.0522682174564592,1.27166240340203,1,1,1,"SRSF4"
0.0522682174564592,-0.347845902439936,1,1,1,"SSR2"
0.0522682174564592,-0.461096957531592,1,1,1,"VMP1"
0.0522682174564592,-0.673834746799725,1,1,1,"YIPF5"
0.0528307432111275,0.527815215935243,0.929,0.688,1,"SNX33"
0.0529468599033815,1.15019370273773,0.571,0.188,1,"ATP8A1"
0.0529951329804661,1.39556204418564,0.714,0.312,1,"LEAP2"
0.0531468974834917,0.7745885799989,0.929,0.938,1,"GPR137B"
0.0531468974834917,0.82949982649939,0.929,0.938,1,"TSR2"
0.0532377498901048,-1.35784368570356,0.286,0.625,1,"CXCR5"
0.0545566913825513,1.09435369584317,0.857,0.562,1,"CA12"
0.0548109158355117,1.20091519821851,0.786,0.562,1,"ZNF418"
0.0553555076606866,1.77686142901601,0.714,0.375,1,"RNFT1"
0.0553773474459898,0.90599237450543,0.857,0.75,1,"MBTPS2"
0.0559258038679319,-1.487896160701,0.857,0.875,1,"CNTRL"
0.0560095872256512,0.259511863811926,1,0.75,1,"CHMP4C"
0.0560095872256512,0.579981886730175,1,0.75,1,"NUFIP1"
0.0560095872256512,0.788586755891611,1,0.75,1,"VPS37A"
0.0562828458491771,1.14799137429235,0.857,0.688,1,"IFIT3"
0.0564968977499554,1.18182650992984,0.643,0.25,1,"SRPK3"
0.0565726355948273,-2.0366120599703,0.857,1,1,"CDKL1"
0.0567874989233978,0.674726964554032,1,0.875,1,"GM2A"
0.0567942241469568,1.46890306663792,0.786,0.688,1,"C3orf52"
0.056850859056196,-2.70617616525014,0.571,0.688,1,"ZNF594"
0.0570628342519484,1.41448200828315,0.786,0.438,1,"PSCA"
0.0571188090165451,2.08881009141237,0.571,0.25,1,"ZNF623"
0.0572202787495144,2.04067538803183,0.643,0.438,1,"PCLO"
0.0572427649264469,0.615509892948934,1,0.688,1,"SLC35C1"
0.0572427649264469,1.07705454086324,0.929,0.75,1,"PRUNE1"
0.0572427649264469,2.3090323998334,0.786,0.875,1,"MNT"
0.0572427649264469,1.32218984148453,0.857,0.812,1,"NDRG1"
0.057645411900173,-0.704956261482641,0.786,1,1,"PFDN6"
0.057645411900173,-1.14931878926523,0.786,1,1,"RAB27A"
0.057645411900173,-1.78064470480285,0.929,0.875,1,"NANP"
0.0576603339197277,0.769769888307679,1,0.812,1,"CELSR1"
0.0576603339197277,2.07536226737715,1,0.812,1,"IFNGR1"
0.0576603339197277,0.68584660633497,1,0.812,1,"LRBA"
0.0576603339197277,0.593393183511783,1,0.812,1,"RPP25"
0.0576603339197277,0.633898861762425,1,0.812,1,"VPS72"
0.0577620374539253,-0.621497067797617,0.929,1,1,"WBP1"
0.0577620374539253,0.769447221322989,1,0.938,1,"PKNOX1"
0.0577620374539253,1.42560269125249,1,0.938,1,"SLC35F5"
0.0577620374539253,1.05746020504825,1,0.938,1,"ZFP14"
0.0577620374539253,1.3237747164132,1,1,1,"ABRAXAS1"
0.0577620374539253,1.00177695168278,1,1,1,"ACBD3"
0.0577620374539253,-0.531971896191594,1,1,1,"ATP5MG"
0.0577620374539253,0.736188524840019,1,1,1,"BST2"
0.0577620374539253,-1.62751052565638,1,1,1,"CARD8"
0.0577620374539253,0.853096588306962,1,1,1,"CCNL1"
0.0577620374539253,0.305209774720198,1,1,1,"CNBP"
0.0577620374539253,0.468520115050624,1,1,1,"CPNE3"
0.0577620374539253,-0.792444574518258,1,1,1,"CPSF7"
0.0577620374539253,-0.776120455748042,1,1,1,"DRAP1"
0.0577620374539253,0.772255208604973,1,1,1,"FAM162A"
0.0577620374539253,-0.599224879734941,1,1,1,"HIGD1A"
0.0577620374539253,-0.529990208708031,1,1,1,"MICOS13"
0.0577620374539253,-0.763727221719521,1,1,1,"MRPL21"
0.0577620374539253,-0.581939607360939,1,1,1,"MRPL49"
0.0577620374539253,-0.402882977610173,1,1,1,"NCLN"
0.0577620374539253,-0.597173144200346,1,1,1,"NDUFA6"
0.0577620374539253,-0.493432762246025,1,1,1,"PCBP2"
0.0577620374539253,0.858622433402044,1,1,1,"PDE4DIP"
0.0577620374539253,-0.944071817253215,1,1,1,"POLE"
0.0577620374539253,-0.186733570836846,1,1,1,"PSMC3"
0.0577620374539253,-0.681287803734959,1,1,1,"RNF40"
0.0577620374539253,0.181302621651865,1,1,1,"RPS6KA5"
0.0577620374539253,-0.80072713733313,1,1,1,"RRP1"
0.0577620374539253,0.955599210815037,1,1,1,"SH2B1"
0.0577620374539253,0.645823301608131,1,1,1,"SLTM"
0.0577620374539253,-0.268912944777938,1,1,1,"UBL5"
0.0584374479426952,1.11119424370513,0.571,0.188,1,"GPC4"
0.0584418901660281,-2.61172764865223,0.071,0.375,1,"BORCS8-MEF2B"
0.0587365759844545,0.950796370353616,0.929,0.938,1,"PARP14"
0.0587365759844545,0.543636873553753,0.929,0.938,1,"ZNF576"
0.0589514393130232,-0.952303256763287,0.929,0.938,1,"ANXA3"
0.0590199705788665,0.855923983332344,0.786,0.375,1,"SLC35A1"
0.0590674872402122,1.11581860873567,0.929,0.812,1,"UBE2L6"
0.0590770043254946,-0.820624359102107,0.786,0.938,1,"CTNS"
0.0590770043254946,-1.17103665166367,0.786,0.938,1,"FOSL1"
0.0594167037568247,-2.55219162651561,0.286,0.625,1,"CFAP157"
0.0600080695806211,1.08230327561491,0.857,0.625,1,"LMCD1"
0.0602896625302762,1.19545746996365,0.857,0.562,1,"PMEPA1"
0.0606096813994101,0.72670178877487,0.786,0.562,1,"CNPY4"
0.0611516601520379,0.929603769219689,0.857,0.75,1,"CCDC171"
0.0611516601520379,2.26737496404786,0.857,0.75,1,"CITED2"
0.0611516601520379,1.20821762962808,0.857,0.75,1,"TRIM46"
0.0612539413127977,1.89852217304077,0.714,0.375,1,"CTU2"
0.0618046257229143,0.736112689226497,1,0.75,1,"BRD10"
0.0618135376756066,2.88706358066525,0.357,0.125,1,"JAM3"
0.062128412917724,0.71560413669017,0.929,0.625,1,"PLXNB1"
0.0624004475230565,-1.63929436514772,0.857,1,1,"H2AX"
0.062631250594174,1.20366160919192,1,0.875,1,"CSK"
0.062631250594174,0.96688151437217,1,0.875,1,"CSPP1"
0.062631250594174,0.786224953597737,1,0.875,1,"IDH2"
0.062631250594174,0.924951324745911,1,0.875,1,"ZNF284"
0.062631250594174,1.07857082750748,1,0.875,1,"ZNF286A"
0.0626911174615654,1.18100414667662,0.786,0.688,1,"NBR2"
0.0631530674291343,0.561271012847077,1,0.688,1,"GSE1"
0.0631530674291343,1.87068117412266,0.929,0.75,1,"ABHD3"
0.0631530674291343,1.48450167326281,0.929,0.75,1,"ACSF2"
0.0631530674291343,0.47021462927772,0.929,0.75,1,"KDM3A"
0.0631530674291343,4.1759765227514,0.929,0.75,1,"PPIL6"
0.0634305894868179,0.10772532570306,0.857,0.438,1,"STK26"
0.0634305894868179,1.38827538779652,0.786,0.5,1,"HDHD3"
0.0634305894868179,1.78234743694271,0.714,0.562,1,"ACOT4"
0.0635857922431973,-1.26390827949991,0.857,0.938,1,"KIAA2013"
0.0636009755700069,0.570239653860481,1,0.812,1,"RINL"
0.0636009755700069,1.43944513172531,0.929,0.875,1,"SP110"
0.0637094455868041,-0.91729513806917,0.929,1,1,"CBFB"
0.0637094455868041,0.827957277479372,0.929,1,1,"FAM174A"
0.0637094455868041,-0.780304386913521,0.929,1,1,"TEAD1"
0.0637094455868041,1.0757503484359,1,0.938,1,"BMAL1"
0.0637094455868041,-0.900362161839334,1,0.938,1,"MCM7"
0.0637094455868041,0.865859037087621,1,0.938,1,"PDP1"
0.0637094455868041,0.630604696194482,1,0.938,1,"STEEP1"
0.0637094455868041,1.03681109458854,1,0.938,1,"TET2"
0.0637094455868041,-0.524488485780644,1,1,1,"AK3"
0.0637094455868041,0.941312330482309,1,1,1,"ANO6"
0.0637094455868041,0.980485566165418,1,1,1,"APOL6"
0.0637094455868041,0.985659472190214,1,1,1,"BPNT2"
0.0637094455868041,-1.10660378377406,1,1,1,"CEP78"
0.0637094455868041,-1.6510756729412,1,1,1,"DCP1A"
0.0637094455868041,-0.814171800417473,1,1,1,"DDX39A"
0.0637094455868041,-0.601610579231208,1,1,1,"EIF4E2"
0.0637094455868041,-0.409021658832255,1,1,1,"EMC4"
0.0637094455868041,-0.801599843999014,1,1,1,"EPS15L1"
0.0637094455868041,0.80001892659714,1,1,1,"GPI"
0.0637094455868041,-0.611259996982588,1,1,1,"HADHA"
0.0637094455868041,0.716867833485948,1,1,1,"MGAT1"
0.0637094455868041,0.96457832616657,1,1,1,"MLXIP"
0.0637094455868041,0.437812726482518,1,1,1,"MRPL14"
0.0637094455868041,-1.59173814288843,1,1,1,"PGGT1B"
0.0637094455868041,0.57762781249094,1,1,1,"PIK3CB"
0.0637094455868041,-0.621323596160271,1,1,1,"POGLUT3"
0.0637094455868041,-0.541467786870108,1,1,1,"PSENEN"
0.0637094455868041,-0.627470155606847,1,1,1,"PSMB6"
0.0637094455868041,-0.581074488413007,1,1,1,"PTTG1IP"
0.0637094455868041,0.411803067408066,1,1,1,"RAB1A"
0.0637094455868041,0.917703552624378,1,1,1,"SCARB2"
0.0637094455868041,0.96906342491858,1,1,1,"SH3BP2"
0.0637094455868041,1.62077059410555,1,1,1,"SINHCAF"
0.0637094455868041,0.691680221660285,1,1,1,"SLC25A36"
0.0637094455868041,-0.373104768646412,1,1,1,"SMU1"
0.0637094455868041,0.53354013122429,1,1,1,"SPOP"
0.0637094455868041,-1.04828692097459,1,1,1,"SRM"
0.0637094455868041,-0.565614998462614,1,1,1,"TMA7"
0.0637094455868041,-0.476578531754257,1,1,1,"TRA2B"
0.0637094455868041,-0.946616930349776,1,1,1,"TTC19"
0.0637094455868041,0.766275236563478,1,1,1,"USP3"
0.0637094455868041,0.500731355094034,1,1,1,"VDAC1"
0.0637094455868041,0.507030486952067,1,1,1,"VPS53"
0.0637094455868041,-0.512740152926859,1,1,1,"ZNF75A"
0.0640613026819927,2.29183240922381,0.357,0.062,1,"CCNP"
0.0640613026819927,2.74419018868595,0.357,0.062,1,"HAS3"
0.0640865394616073,-1.6068864454513,0.786,0.812,1,"SPECC1L"
0.0642478760619689,1.14710618687406,0.571,0.188,1,"TRAF1"
0.0643571575065598,0.988895239281657,0.929,0.688,1,"SLC66A2"
0.0643657118809025,3.41865317134118,0.571,0.25,1,"ANXA9"
0.0643657118809025,1.350702484437,0.571,0.25,1,"CD27"
0.0650184436505517,-1.04522160709503,0.929,0.938,1,"CBX1"
0.0651321948245005,0.92433888366492,0.929,0.812,1,"UCK2"
0.0652688310127709,1.45653863344277,0.643,0.375,1,"ZNF671"
0.0661052067705394,2.20424447598815,0.714,0.5,1,"ADAMTSL4"
0.0664902773931235,0.821563182769107,0.857,0.562,1,"DXO"
0.0664902773931235,0.82647272719196,0.857,0.562,1,"HLA-C"
0.0674034087187589,1.08204679806027,0.857,0.75,1,"RGS19"
0.0680723415382094,0.241842228855855,1,0.75,1,"HOXB3"
0.0680723415382094,1.62756723609438,0.857,0.875,1,"MYO15A"
0.0682761061849536,-1.06090102585289,0.714,0.812,1,"TOE1"
0.0683658170914543,-1.54590508975786,0.143,0.5,1,"ENKD1"
0.068448995316583,1.06826525000946,0.857,0.688,1,"LGALSL"
0.068448995316583,1.8749915909906,0.786,0.75,1,"GTPBP8"
0.068483322838065,-1.12541767558113,0.5,0.688,1,"IGFBP7"
0.0687004004017943,-1.8338253353169,0.857,1,1,"KNL1"
0.0687004004017943,-1.16348069090037,0.857,1,1,"LBR"
0.0689475007938076,0.738703214443538,1,0.875,1,"LY6E"
0.0689475007938076,0.687779776797232,1,0.875,1,"PGRMC1"
0.0689475007938076,0.361233966077832,1,0.875,1,"SIRT7"
0.0689475007938076,0.748819060908989,1,0.875,1,"TM9SF4"
0.0689475007938076,0.866625236885914,1,0.875,1,"ZNF526"
0.0689475007938076,0.504861519005482,1,0.875,1,"ZNF552"
0.0690808775178977,1.18185820893849,0.929,0.562,1,"TSPAN15"
0.0694720132193965,-1.7672088842795,0.857,0.812,1,"LOC100288637"
0.0695046903792686,-1.30400178721773,0.571,0.75,1,"SIRAL1"
0.0695416859853533,0.644532352910251,1,0.688,1,"SH3YL1"
0.0695416859853533,1.07532423097056,0.929,0.75,1,"LAMA3"
0.069602859389019,2.13350933857819,0.571,0.312,1,"TMEM198"
0.0698632589450026,0.551483866614626,0.857,0.5,1,"ENOX2"
0.0699407709286048,1.03016841489279,0.786,0.5,1,"NMB"
0.0699407709286048,2.13159460664526,0.714,0.562,1,"ZNF296"
0.070004021037297,-1.21246243725714,0.857,0.938,1,"DIAPH3"
0.070004021037297,-0.799058694603544,0.857,0.938,1,"TTI2"
0.070004021037297,-0.966263916312739,0.929,0.875,1,"RPIA"
0.0700196857195761,0.76153580645175,1,0.812,1,"ACP2"
0.0700196857195761,2.51004888102665,1,0.812,1,"SLCO3A1"
0.0701369026529047,1.07991975584813,0.929,1,1,"TBC1D5"
0.0701369026529047,0.631864565696223,1,0.938,1,"ARID3A"
0.0701369026529047,0.890107115663443,1,0.938,1,"ATP6V0A2"
0.0701369026529047,1.45248024239429,1,0.938,1,"MYO1E"
0.0701369026529047,0.782343009261038,1,0.938,1,"PIP5K1A"
0.0701369026529047,-0.751805984301397,1,0.938,1,"PNPO"
0.0701369026529047,0.564757873753484,1,0.938,1,"SUDS3"
0.0701369026529047,-0.773750077593915,1,1,1,"ADI1"
0.0701369026529047,0.738257868719042,1,1,1,"AFF1"
0.0701369026529047,-0.540167681568908,1,1,1,"AFF4"
0.0701369026529047,0.0785186918662419,1,1,1,"AGPAT3"
0.0701369026529047,-0.297778739452127,1,1,1,"ATP5MJ"
0.0701369026529047,-0.559862145251881,1,1,1,"BAG1"
0.0701369026529047,-0.654848112337363,1,1,1,"CCT4"
0.0701369026529047,0.522820795224421,1,1,1,"CD2AP"
0.0701369026529047,-0.509913560393985,1,1,1,"CKLF"
0.0701369026529047,-0.283746675961076,1,1,1,"COMMD6"
0.0701369026529047,0.978997842019237,1,1,1,"CORO2A"
0.0701369026529047,-0.59407734120544,1,1,1,"DCAF11"
0.0701369026529047,-0.592396154898493,1,1,1,"EXOC7"
0.0701369026529047,0.59861082399976,1,1,1,"FAM227A"
0.0701369026529047,-0.665862410273706,1,1,1,"GNB2"
0.0701369026529047,0.352157448304166,1,1,1,"IQCE"
0.0701369026529047,0.565889701329866,1,1,1,"KDM5A"
0.0701369026529047,0.713785926319382,1,1,1,"MROH1"
0.0701369026529047,-0.822092505315201,1,1,1,"PLXNA1"
0.0701369026529047,-0.723030719789677,1,1,1,"POLR2L"
0.0701369026529047,-0.355688654181877,1,1,1,"PPIA"
0.0701369026529047,-0.794294849738026,1,1,1,"PTS"
0.0701369026529047,0.135040768805342,1,1,1,"RAB3GAP1"
0.0701369026529047,1.04278915658978,1,1,1,"SMAD2"
0.0701369026529047,0.297024037035102,1,1,1,"SREK1"
0.0701369026529047,0.469927284351644,1,1,1,"TMEM179B"
0.0701369026529047,1.2919139183895,1,1,1,"TRIM11"
0.0701369026529047,0.894508646298753,1,1,1,"VPS13B"
0.0701369026529047,0.0707936914377159,1,1,1,"ZNF713"
0.0701649175412291,4.04387803862654,0.429,0.188,1,"TVP23C-CDRT4"
0.0706979843411626,2.73239667195206,0.5,0.25,1,"PRDM10"
0.0715734049040151,-0.908547669589927,0.929,0.938,1,"FASTKD3"
0.0716845430054152,0.724958873309661,0.929,0.812,1,"UBL4A"
0.0720449407219341,0.95156766701118,0.786,0.375,1,"GGT7"
0.0720449407219341,-0.0407306999275869,0.786,0.375,1,"MANBA"
0.0722285572040269,1.80787003117699,0.643,0.375,1,"PJA1"
0.0728193591542725,1.18724931104948,0.857,0.625,1,"KCNMB3"
0.0729625555299402,2.73428432678719,0.714,0.5,1,"H2BC21"
0.0730523627075348,2.3226417069468,0.286,0,1,"GNAZ"
0.0730523627075348,4.04461370448785,0.286,0,1,"LENG9"
0.0730523627075352,5.610861616967,0.286,0.062,1,"PIERCE2"
0.0731971819387867,1.93235552521102,0.857,0.562,1,"BCL6"
0.0731971819387867,0.911651870308837,0.857,0.562,1,"CTSH"
0.073677574697343,1.49946194156589,0.786,0.562,1,"GMIP"
0.073677574697343,1.59853085328259,0.786,0.562,1,"TRIB3"
0.073677574697343,1.2785047224841,0.786,0.562,1,"ZFYVE9"
0.074149289304438,0.685372004297534,1,0.625,1,"GLRX2"
0.074149289304438,2.88392660669162,1,0.625,1,"VPS9D1"
0.0741964483874334,-0.877705009962365,0.714,0.875,1,"GSTT2B"
0.0748357297099644,0.710659537840013,1,0.75,1,"TTC33"
0.0748357297099644,1.31351565836529,0.857,0.875,1,"PLBD1"
0.0748357297099644,1.01582201138738,0.857,0.875,1,"WDR77"
0.0750972295070215,-1.12442390112254,0.643,0.875,1,"KIF20B"
0.0750972295070215,-1.1861027294778,0.714,0.812,1,"ETV4"
0.0752732818317361,1.47437675533865,0.857,0.688,1,"GALNT3"
0.0752732818317361,1.12230248354392,0.857,0.688,1,"NOTCH1"
0.0754945815705838,-0.746360361396821,0.857,1,1,"PRDM4"
0.0754945815705838,-1.48065665084473,1,0.875,1,"AIFM2"
0.0754945815705838,-1.21282060623779,1,0.875,1,"RAI14"
0.0757583368618417,0.914953536787778,1,0.875,1,"FFAR2"
0.0757583368618417,0.671221623107764,1,0.875,1,"HDAC7"
0.0757583368618417,0.952589951576607,1,0.875,1,"MKNK2"
0.0757583368618417,0.465387925227697,1,0.875,1,"TMEM25"
0.0759477433625809,-1.48510122318471,0.643,0.812,1,"OIP5"
0.0764334310313028,0.918169078428363,0.929,0.75,1,"TP53BP2"
0.0764334310313028,0.880646033474655,0.929,0.75,1,"YPEL3"
0.0765103928943678,0.686108908661393,0.786,0.438,1,"FAM117B"
0.0765530960010191,-1.55862784332578,0.571,0.75,1,"CDC20"
0.0768491571207857,1.02348023100354,0.857,0.5,1,"LRATD2"
0.0769271367068444,-1.22649152928475,1,0.812,1,"POLD1"
0.0769271367068444,-0.381372216274935,0.857,0.938,1,"ADPRS"
0.0769271367068444,-1.20870182949415,0.857,0.938,1,"AURKB"
0.0769271367068444,-0.995828292949774,0.857,0.938,1,"GPSM2"
0.0769429389192575,0.634700074457582,1,0.812,1,"KLHL20"
0.0769429389192575,0.944255474918056,0.929,0.875,1,"ADAMTSL5"
0.0769429389192575,2.25152429205525,0.929,0.875,1,"IL6R"
0.0769429389192575,1.01234811010198,0.929,0.875,1,"PDCD7"
0.0770673349255885,1.2131342075256,0.929,1,1,"CNOT4"
0.0770673349255885,-0.578838287920052,0.929,1,1,"ECSIT"
0.0770673349255885,-0.603389677546947,0.929,1,1,"EIF4H"
0.0770673349255885,0.793037149990235,0.929,1,1,"NLN"
0.0770673349255885,-1.56494253180608,0.929,1,1,"SCHIP1"
0.0770673349255885,-0.644998692405022,0.929,1,1,"YIF1B"
0.0770673349255885,0.738954479745242,1,0.938,1,"CEP83"
0.0770673349255885,-0.964218382506453,1,0.938,1,"EPHA2"
0.0770673349255885,1.06509896751628,1,0.938,1,"MYO1B"
0.0770673349255885,0.92459301353396,1,0.938,1,"POFUT1"
0.0770673349255885,0.905150826848991,1,0.938,1,"PRKD2"
0.0770673349255885,0.766887553985541,1,0.938,1,"TBC1D17"
0.0770673349255885,0.783372426124391,1,0.938,1,"TRIM14"
0.0770673349255885,0.661029825665448,1,0.938,1,"UCHL5"
0.0770673349255885,0.504072205499553,1,1,1,"AAMP"
0.0770673349255885,-0.616960221226672,1,1,1,"ANAPC15"
0.0770673349255885,-0.853393984686909,1,1,1,"AOPEP"
0.0770673349255885,0.910684624882594,1,1,1,"ASAH1"
0.0770673349255885,-0.507185246916599,1,1,1,"ELK3"
0.0770673349255885,-0.93204357353804,1,1,1,"FAM114A1"
0.0770673349255885,-0.385308878465885,1,1,1,"GHITM"
0.0770673349255885,-0.090939918707349,1,1,1,"MYL12B"
0.0770673349255885,0.787829466423983,1,1,1,"PPA2"
0.0770673349255885,-0.87663194745046,1,1,1,"PPP1R12C"
0.0770673349255885,0.492665856671659,1,1,1,"PRKCI"
0.0770673349255885,-0.449812320209275,1,1,1,"PSPC1"
0.0770673349255885,0.248929121024875,1,1,1,"RNF7"
0.0770673349255885,-0.517145586090433,1,1,1,"SAR1A"
0.0770673349255885,0.804712088639644,1,1,1,"SEC63"
0.0770673349255885,-0.653363182487116,1,1,1,"TLN1"
0.0770673349255885,0.779632420705387,1,1,1,"TMEM192"
0.0770673349255885,-0.688465492873939,1,1,1,"TMEM230"
0.0770673349255885,-0.414883869786833,1,1,1,"UBAP2"
0.0770673349255885,-0.55986088185514,1,1,1,"WTAP"
0.0770673349255885,-0.435052789985976,1,1,1,"YWHAB"
0.0770673349255885,1.19364425968828,1,1,1,"ZNF554"
0.0770673349255885,-0.67925694875245,1,1,1,"ZNHIT1"
0.0770919803256267,0.493908642093647,0.643,0.25,1,"FA2H"
0.0770919803256267,3.93814240914212,0.571,0.312,1,"SPTSSB"
0.0774679327003163,0.982835438940162,0.571,0.188,1,"HLA-A"
0.078376332989337,1.70584231289169,0.929,0.938,1,"PDK1"
0.078376332989337,0.590285940435447,0.929,0.938,1,"PMS1"
0.0786400882805931,-0.707495865568338,0.929,0.938,1,"BAG3"
0.0787215198730184,-0.962486314458635,0.786,0.938,1,"CEP85"
0.0787449412548629,2.63232029998534,0.929,0.812,1,"RNF152"
0.0793479421280079,2.73367926086203,0.643,0.5,1,"CBX2"
0.0799904416556776,1.26343113227242,0.857,0.625,1,"BOC"
0.0804254494699677,-0.0887884465257498,0.857,0.562,1,"SAMD12"
0.0814235606654894,1.15095122889094,0.857,0.75,1,"FOXC1"
0.0814235606654894,1.2126932421888,0.857,0.75,1,"ZNF77"
0.0821219661926864,1.06998455852337,1,0.75,1,"NEU1"
0.0821219661926864,0.662678207182709,1,0.75,1,"NR2F2"
0.0821219661926864,1.05930860174502,0.857,0.875,1,"RMP24"
0.0821393775076689,0.897343361395706,0.714,0.375,1,"ZNF862"
0.0824470461707571,-1.58291060852289,0.714,0.812,1,"CENPE"
0.0824470461707571,-1.03399298287179,0.714,0.812,1,"DUS2"
0.0826231260014985,1.77076697012308,0.929,0.625,1,"LGALS9"
0.0826231260014985,1.41514081995229,0.857,0.688,1,"ZNF140"
0.0830909485057962,0.822433082152147,1,0.875,1,"EPHB4"
0.0830909485057962,0.848281084778913,1,0.875,1,"RNF121"
0.0837819411587636,-0.866452300946337,0.857,0.812,1,"TBC1D2"
0.0838528104368872,1.25063107884338,1,0.688,1,"SIAH2"
0.0843778317239729,-0.863771801053004,0.786,1,1,"RBFOX2"
0.0843778317239729,-1.37491889878445,0.929,0.875,1,"BCL2L2"
0.0843939227496677,0.60313497424732,1,0.812,1,"ZNF841"
0.0843939227496677,0.726424684584863,0.929,0.875,1,"ADCY6"
0.0843939227496677,0.799814569223099,0.929,0.875,1,"HIP1R"
0.0843939227496677,1.47364422765549,0.929,0.875,1,"SCD"
0.0845274507569057,-0.819366092866464,0.929,1,1,"AFDN"
0.0845274507569057,0.929818052856888,0.929,1,1,"AMN1"
0.0845274507569057,0.689350193168124,0.929,1,1,"CTBP2"
0.0845274507569057,-0.815384695440851,0.929,1,1,"LMF2"
0.0845274507569057,-0.307565682076837,0.929,1,1,"STX10"
0.0845274507569057,-0.630271296773578,1,0.938,1,"ALG8"
0.0845274507569057,-1.12810048111149,1,0.938,1,"ASCC1"
0.0845274507569057,1.18600110984147,1,0.938,1,"CAMKK2"
0.0845274507569057,0.761257777065632,1,0.938,1,"CCNT1"
0.0845274507569057,0.636857121574968,1,0.938,1,"CYB5R1"
0.0845274507569057,1.63353734854234,1,0.938,1,"DOCK9"
0.0845274507569057,-0.832446324109486,1,0.938,1,"HIBADH"
0.0845274507569057,0.678882490653909,1,0.938,1,"LANCL1"
0.0845274507569057,1.33932563084273,1,0.938,1,"MTREX"
0.0845274507569057,-0.657837123847852,1,0.938,1,"PIGU"
0.0845274507569057,-0.792986239724669,1,0.938,1,"PRMT2"
0.0845274507569057,0.065795892669497,1,0.938,1,"SLC4A8"
0.0845274507569057,0.88395679762154,1,0.938,1,"ZNF776"
0.0845274507569057,-0.916361076741054,1,1,1,"ACOT9"
0.0845274507569057,0.437575442034717,1,1,1,"ADAM17"
0.0845274507569057,0.44878754804466,1,1,1,"AIDA"
0.0845274507569057,-1.33882101385986,1,1,1,"AP1M1"
0.0845274507569057,-0.511974051181756,1,1,1,"AP2A1"
0.0845274507569057,0.603445745454932,1,1,1,"APP"
0.0845274507569057,0.780229337721358,1,1,1,"BAZ2A"
0.0845274507569057,-0.538692562570361,1,1,1,"C1QBP"
0.0845274507569057,-0.600351202894216,1,1,1,"CDCA4"
0.0845274507569057,-1.29794428683037,1,1,1,"CEP152"
0.0845274507569057,0.425866575389549,1,1,1,"CKAP4"
0.0845274507569057,-0.501443024225038,1,1,1,"CTNNBL1"
0.0845274507569057,-0.901059099104292,1,1,1,"DTYMK"
0.0845274507569057,-0.821174273124845,1,1,1,"DYNC1H1"
0.0845274507569057,0.922538719102402,1,1,1,"FCHO2"
0.0845274507569057,0.853501381516148,1,1,1,"GNPNAT1"
0.0845274507569057,0.83764181011361,1,1,1,"GTF2H3"
0.0845274507569057,0.502814340303571,1,1,1,"HSPA9"
0.0845274507569057,-0.468322536572418,1,1,1,"KRAS"
0.0845274507569057,0.838373122903254,1,1,1,"MED13"
0.0845274507569057,-0.769158972725334,1,1,1,"MLST8"
0.0845274507569057,-0.658242277191219,1,1,1,"MRPS28"
0.0845274507569057,1.35615874674707,1,1,1,"OPHN1"
0.0845274507569057,-0.579120216168612,1,1,1,"PPM1G"
0.0845274507569057,-0.998248672881584,1,1,1,"RASA1"
0.0845274507569057,0.685561282201856,1,1,1,"RBM28"
0.0845274507569057,-0.548679476902488,1,1,1,"RPS26"
0.0845274507569057,-0.709536162619907,1,1,1,"RRP36"
0.0845274507569057,-0.644905736160959,1,1,1,"SEPTIN2"
0.0845274507569057,-0.63528303764936,1,1,1,"SLC7A5"
0.0845274507569057,-0.677228331567568,1,1,1,"SUMO3"
0.0845274507569057,-0.454135818364432,1,1,1,"THRAP3"
0.0845274507569057,-0.657922100712159,1,1,1,"TMEM214"
0.0845274507569057,0.434972108999061,1,1,1,"TSPYL1"
0.0845274507569057,-0.737998202650208,1,1,1,"YIPF2"
0.0845274507569057,1.02327210671174,1,1,1,"ZNF687"
0.0845772779245049,1.87799222428701,0.786,0.5,1,"FBXW8"
0.0845772779245049,1.20393306131169,0.786,0.5,1,"REEP6"
0.0845772779245049,2.412317193858,0.714,0.562,1,"FGFR4"
0.0845772779245049,0.449536423330955,0.714,0.562,1,"MMAA"
0.0849975012493753,-1.78904387601825,0.214,0.5,1,"POLR2J2-UPK3BL1"
0.0852619304382896,0.43931151806165,0.643,0.25,1,"TRPM2"
0.0853232001130515,0.531696166254243,0.929,0.688,1,"SEC61A2"
0.0859639530080172,0.928509732949722,0.929,0.938,1,"CCSER2"
0.0859639530080172,1.29521694054771,0.929,0.938,1,"EML2"
0.0861880583615988,0.524670765065043,0.643,0.312,1,"COBL"
0.0861880583615988,0.445054538565282,0.643,0.312,1,"RAB6B"
0.0862447345298799,-1.20689388989608,0.929,0.938,1,"APC"
0.0862447345298799,-0.57286783230629,0.929,0.938,1,"CSNK2B"
0.0862447345298799,-0.741762951648258,0.929,0.938,1,"DALRD3"
0.0862447345298799,-1.13997698606346,0.929,0.938,1,"TNK2"
0.0862447345298799,-1.08601003451115,0.929,0.938,1,"TYMS"
0.0872590055161624,1.87379561170479,0.786,0.375,1,"SELENOP"
0.0878913828259595,1.37161525396529,0.643,0.375,1,"KLHDC9"
0.0882089261526788,0.960336141327367,0.857,0.562,1,"IRF2"
0.0882089261526788,1.0804658466342,0.857,0.562,1,"NUP210"
0.0882089261526788,0.980589301615147,0.857,0.562,1,"TPM2"
0.0886903916462829,0.67171548856812,0.571,0.25,1,"IER5L"
0.089241351116669,0.546970317308476,1,0.625,1,"BTBD6"
0.0899535921753607,0.0198999880683735,1,0.75,1,"PITPNM1"
0.090526652738302,0.820527412454437,0.929,0.625,1,"RCC1L"
0.090526652738302,0.292705946945683,0.929,0.625,1,"SDHAF4"
0.090526652738302,-0.39788089549016,0.857,0.688,1,"AGBL4"
0.090526652738302,0.575461708135106,0.857,0.688,1,"DDX31"
0.090526652738302,1.00509742475778,0.857,0.688,1,"FAM161B"
0.0909671617579593,1.01969297207242,1,0.875,1,"LARGE1"
0.0913963520475749,0.660652911903677,0.786,0.688,1,"FAXC"
0.0914242018997381,-1.23200790390155,0.643,0.812,1,"BCL2L2-PABPN1"
0.0914972716600076,-1.63486200590389,0.5,0.688,1,"TSPAN1"
0.0917546868120807,-1.22194914072819,0.786,0.875,1,"HACL1"
0.0918258036444457,0.638452335240236,0.929,0.75,1,"MYB"
0.0918258036444457,1.16762392298485,0.929,0.75,1,"SLC25A12"
0.0918258036444457,1.20439043209288,0.929,0.75,1,"TSPAN9"
0.0918258036444457,2.05180685874272,0.929,0.75,1,"ZNF704"
0.0923182715487801,-1.43138382373322,0.571,0.75,1,"AGAP6"
0.0923828969588133,-0.896451547060635,0.786,1,1,"R3HCC1"
0.0923990017375216,0.699973697335486,1,0.812,1,"CREB1"
0.0923990017375216,0.535015982860235,1,0.812,1,"INTS4"
0.0923990017375216,1.00138863684788,1,0.812,1,"JUP"
0.0923990017375216,1.56618664567858,1,0.812,1,"SLFN13"
0.0923990017375216,1.10245318277895,1,0.812,1,"ZNF74"
0.0923990017375216,0.624687772364057,0.929,0.875,1,"COMTD1"
0.0923990017375216,1.46644014198681,0.929,0.875,1,"KLF8"
0.0923990017375216,0.90081970439098,0.929,0.875,1,"PNPLA4"
0.0924686607504639,0.656560404808987,0.857,0.5,1,"PHETA1"
0.092539915112963,-0.496429519091994,0.929,1,1,"CCAR1"
0.092539915112963,0.832935095586089,0.929,1,1,"HSD17B4"
0.092539915112963,0.393516713805084,0.929,1,1,"TMEM184A"
0.092539915112963,1.56709101025026,0.929,1,1,"TRIM52"
0.092539915112963,-0.797290562493559,0.929,1,1,"TXNDC12"
0.092539915112963,-0.984877207678379,0.929,1,1,"WDR6"
0.092539915112963,-1.3248727256169,1,0.938,1,"CDC25B"
0.092539915112963,0.625603058773379,1,0.938,1,"DMTF1"
0.092539915112963,0.80824395168671,1,0.938,1,"FBXL18"
0.092539915112963,-0.826521650016625,1,0.938,1,"GNPAT"
0.092539915112963,-0.531074660543781,1,0.938,1,"MFF"
0.092539915112963,-1.09862602217846,1,0.938,1,"SEPTIN10"
0.092539915112963,0.970418783627855,1,0.938,1,"TRIM4"
0.092539915112963,0.83322224230324,1,1,1,"ALDOA"
0.092539915112963,-0.4558187973462,1,1,1,"ALKBH7"
0.092539915112963,0.390543720605383,1,1,1,"APOOL"
0.092539915112963,-0.605749809605117,1,1,1,"CANT1"
0.092539915112963,-0.65371103093439,1,1,1,"CCNH"
0.092539915112963,-0.555466808039579,1,1,1,"COLGALT1"
0.092539915112963,-0.687444003156223,1,1,1,"DCTD"
0.092539915112963,-0.58118350037046,1,1,1,"DCTN3"
0.092539915112963,-0.256363413988439,1,1,1,"DDX1"
0.092539915112963,0.698073752635528,1,1,1,"ECH1"
0.092539915112963,0.61914590639205,1,1,1,"ENDOV"
0.092539915112963,0.753053264420378,1,1,1,"GID8"
0.092539915112963,0.752478476918522,1,1,1,"GTF2I"
0.092539915112963,0.857378437966513,1,1,1,"HLTF"
0.092539915112963,0.378470462617707,1,1,1,"HNRNPF"
0.092539915112963,0.439682609289755,1,1,1,"KIAA1217"
0.092539915112963,-0.479510828054076,1,1,1,"KTN1"
0.092539915112963,0.697895539541646,1,1,1,"LAMP2"
0.092539915112963,-0.691562962583056,1,1,1,"NDEL1"
0.092539915112963,-1.07398447804442,1,1,1,"NSD2"
0.092539915112963,0.873978871921884,1,1,1,"PDE12"
0.092539915112963,-0.758694660195218,1,1,1,"PFN1"
0.092539915112963,-0.353750583211488,1,1,1,"PPP2CA"
0.092539915112963,0.418968596995024,1,1,1,"PPP2R2D"
0.092539915112963,-0.368703507069812,1,1,1,"PSMB5"
0.092539915112963,1.01681173222897,1,1,1,"PTPRS"
0.092539915112963,-0.548645063405576,1,1,1,"RPL35"
0.092539915112963,0.365294777526707,1,1,1,"SLC75A1"
0.092539915112963,-0.434023782686263,1,1,1,"TLK1"
0.092539915112963,-0.819491626077069,1,1,1,"TNPO1"
0.092539915112963,-0.575043908384499,1,1,1,"TPM4"
0.092539915112963,-0.467235548491842,1,1,1,"UBE2L3"
0.092539915112963,0.472291678657978,1,1,1,"UGP2"
0.092539915112963,0.80775185191078,1,1,1,"USP37"
0.092539915112963,0.375657238806061,1,1,1,"VAPA"
0.092539915112963,0.566800107318878,1,1,1,"WDR26"
0.092539915112963,0.357609263935516,1,1,1,"YIPF4"
0.092539915112963,0.336643398619305,1,1,1,"ZNF557"
0.0927542833330492,1.67807708884876,0.786,0.5,1,"CYFIP2"
0.0927542833330492,1.07747658750535,0.786,0.5,1,"TMTC4"
0.0927542833330492,1.15927433651095,0.714,0.562,1,"ZRANB1"
0.0931116278805901,-0.905056817545177,0.643,0.938,1,"ABCF1"
0.0941126684679685,0.326014617708413,0.929,0.938,1,"CCDC97"
0.0941302310660979,1.13413855900155,0.643,0.438,1,"PPM1H"
0.0941978133740147,2.15699469646975,0.571,0.312,1,"FAM241B"
0.0944106137505722,-1.58865731268835,0.929,0.938,1,"DDX51"
0.0944106137505722,-1.16717959744165,0.929,0.938,1,"EZH2"
0.0944106137505722,-0.629060520006953,0.929,0.938,1,"RNF25"
0.0944106137505722,-0.524166089926692,0.929,0.938,1,"STAG1"
0.094685990338164,2.3291772039764,0.5,0.25,1,"ARMC2"
0.094685990338164,2.38860360641,0.5,0.25,1,"TFCP2L1"
0.0947434779342342,-0.202756724050951,0.643,0.312,1,"FNDC10"
0.0954412095637768,-1.03270852714533,0.714,0.75,1,"LYAR"
0.0954412095637768,-1.63083169618195,0.714,0.75,1,"POC1A"
0.0955300127713921,2.74796186374922,0.357,0.125,1,"CATSPERH"
0.0955300127713921,4.74011062601889,0.357,0.125,1,"PDGFB"
0.0957389760572076,1.69247212703382,0.714,0.438,1,"EDN1"
0.0957389760572076,1.0963964388935,0.714,0.438,1,"TRIL"
0.0959806027498811,0.797244099318821,0.857,0.625,1,"TTC4"
0.0962299448830796,-1.81688976485742,0.643,0.75,1,"APOLD1"
0.0962299448830796,-1.34979411274986,0.643,0.75,1,"TUBB6"
0.0965658622357208,1.45691676290808,0.786,0.625,1,"GKAP1"
0.0965907276839744,2.73089714908597,0.643,0.375,1,"ATP2A1"
0.0965907276839744,2.18261630498163,0.643,0.375,1,"KLHL15"
0.0979910044977519,0.814283354419872,0.571,0.25,1,"PRR36"
0.0983421051772016,-1.05887798216057,0.857,0.875,1,"PCTP"
0.0983583337330305,0.697139673668103,1,0.75,1,"PDZD2"
0.0983583337330305,0.534528859096076,0.857,0.875,1,"EXD2"
0.0986201636024093,0.0208320088192018,0.214,0.562,1,"C19orf44"
0.099006678291401,0.492924266890969,0.929,0.625,1,"DUS3L"
0.099006678291401,1.02557243583862,0.857,0.688,1,"DOC2A"
0.0990987547162091,-0.807458857836938,0.857,1,1,"DHX38"
0.0990987547162091,-0.890068317445409,0.857,1,1,"GTSE1"
0.0993040321944298,3.73321755158752,0.5,0.312,1,"EFCAB7"
0.0994139600306494,1.72540982948309,1,0.875,1,"CEMIP2"
0.0994139600306494,0.824203634499024,1,0.875,1,"LRRC28"
0.0994139600306494,0.0556606402417374,1,0.875,1,"PDCD2"
0.0994139600306494,0.615738764238677,1,0.875,1,"TEFM"
0.0999818494605471,0.717522114275834,0.929,0.562,1,"TRIB1"
0.100304783968525,-0.791367367694787,0.714,0.938,1,"APOBEC3B"
0.100304783968525,-0.804871276882125,0.714,0.938,1,"MDFIC"
0.100304783968525,-1.17658396177636,0.714,0.938,1,"PTPDC1"
0.100304783968525,-1.18925831208734,0.929,0.75,1,"ABTB1"
0.100304783968525,-1.41984247208355,0.857,0.812,1,"ANLN"
0.100375598234595,1.08733842702692,0.929,0.75,1,"FAM174B"
0.100375598234595,0.979539165389967,0.929,0.75,1,"GPHN"
0.100375598234595,0.456323740952613,0.929,0.75,1,"IFNGR2"
0.100375598234595,1.20353691659713,0.929,0.75,1,"LACTB2"
0.100375598234595,-1.56673351466407,0.929,0.75,1,"MAPKBP1"
0.100816258537397,1.04145604331466,0.5,0.188,1,"ANKRD13B"
0.100816258537397,0.352330598384322,0.5,0.188,1,"YPEL2"
0.10096458478707,-0.826682111462746,0.857,0.938,1,"ARRDC2"
0.10096458478707,-0.573113027013693,0.857,0.938,1,"BCAR1"
0.10096458478707,-1.06978284518972,0.857,0.938,1,"INPP5E"
0.100980854601939,0.73658732000778,1,0.812,1,"TRPS1"
0.100980854601939,1.41457303529086,0.929,0.875,1,"BCLAF3"
0.100980854601939,1.34313917432077,0.929,0.875,1,"C5orf63"
0.100980854601939,1.54409461388134,0.929,0.875,1,"CERS6"
0.100980854601939,1.09299949305485,0.929,0.875,1,"MED14"
0.100980854601939,0.970427404735338,0.929,0.875,1,"TBC1D32"
0.101081554166157,-1.82789145087913,0.571,0.75,1,"QSOX2"
0.101131243803623,-0.937013870663879,0.929,1,1,"CIAPIN1"
0.101131243803623,-0.644924663578298,0.929,1,1,"DMXL1"
0.101131243803623,1.25559875054417,0.929,1,1,"OAS1"
0.101131243803623,-0.841642424922858,1,0.938,1,"AIMP2"
0.101131243803623,0.734163021651504,1,0.938,1,"CTSF"
0.101131243803623,-0.987200654261797,1,0.938,1,"ELP6"
0.101131243803623,0.834022467519797,1,0.938,1,"METTL3"
0.101131243803623,0.9065881233816,1,0.938,1,"PDZD7"
0.101131243803623,0.118438836695482,1,0.938,1,"PIGH"
0.101131243803623,0.987710633222581,1,0.938,1,"TBC1D20"
0.101131243803623,-0.616569790784482,1,0.938,1,"XPNPEP1"
0.101131243803623,1.00009098527735,1,0.938,1,"ZNF200"
0.101131243803623,0.594170172332928,1,1,1,"ADAM15"
0.101131243803623,0.512630034384336,1,1,1,"ARID1B"
0.101131243803623,-0.460631008306644,1,1,1,"BAD"
0.101131243803623,0.377492980648694,1,1,1,"DSG2"
0.101131243803623,0.466387086494564,1,1,1,"EIF4A3"
0.101131243803623,0.411643337350054,1,1,1,"GPAT4"
0.101131243803623,-0.520424641031109,1,1,1,"H3-3B"
0.101131243803623,-0.499245989295527,1,1,1,"HIGD2A"
0.101131243803623,-0.729956867188974,1,1,1,"HMG20B"
0.101131243803623,-0.439968752583087,1,1,1,"LAMA5"
0.101131243803623,0.895716641870013,1,1,1,"LGALS3BP"
0.101131243803623,-0.595667696067636,1,1,1,"MFSD6"
0.101131243803623,-0.529841833367631,1,1,1,"MRPL22"
0.101131243803623,-0.628671160486824,1,1,1,"NUBP2"
0.101131243803623,-0.681173402529004,1,1,1,"PGM1"
0.101131243803623,0.93085252126175,1,1,1,"PIAS2"
0.101131243803623,-0.536173193757925,1,1,1,"PTMA"
0.101131243803623,0.684922788176371,1,1,1,"RBBP4"
0.101131243803623,0.39937722170493,1,1,1,"RNF6"
0.101131243803623,-0.362455479153546,1,1,1,"RPL36AL"
0.101131243803623,0.543315153183091,1,1,1,"SELENOW"
0.101131243803623,0.723538463297533,1,1,1,"SLC27A1"
0.101131243803623,1.07451239711211,1,1,1,"SMARCA5"
0.101131243803623,-1.08636700111371,1,1,1,"STMN1"
0.101131243803623,-0.424141540110611,1,1,1,"TAF9"
0.101131243803623,0.863136037338968,1,1,1,"TCAF1"
0.101131243803623,0.921539243021952,1,1,1,"TM2D3"
0.101131243803623,-0.716505568928991,1,1,1,"TUBB4B"
0.101131243803623,0.348137016662924,1,1,1,"UFC1"
0.101131243803623,-0.617579506566613,1,1,1,"UPF3A"
0.101131243803623,0.650275282151341,1,1,1,"ZC3HAV1"
0.101131243803623,-0.125367332438756,1,1,1,"ZCRB1"
0.101131243803623,0.491286622454072,1,1,1,"ZFTRAF1"
0.101153936275756,1.44203103112726,0.714,0.625,1,"EPS8L1"
0.101300570904778,-4.47767997154266,0.357,0.562,1,"TAGLN"
0.101518267354111,0.646772175696884,0.857,0.438,1,"EPPK1"
0.101518267354111,1.71983058206935,0.786,0.5,1,"BCL9"
0.101518267354111,0.526477076342101,0.786,0.5,1,"EPB41L5"
0.101518267354111,0.990990111625315,0.786,0.5,1,"MYO1D"
0.101518267354111,1.56155318915553,0.714,0.562,1,"DHX58"
0.101518267354111,1.85417844242788,0.643,0.625,1,"EEFSEC"
0.102041115665079,1.10866037256334,0.929,0.688,1,"ISOC1"
0.102848527576598,1.12661182493312,0.929,0.938,1,"LENG8"
0.102848527576598,0.775569433953048,0.929,0.938,1,"SREBF1"
0.102848527576598,0.0757419240584117,0.929,0.938,1,"WDR97"
0.103237352771843,0.982647787069251,0.929,0.812,1,"TRMT61B"
0.103348325837082,0.498670458073544,0.429,0.125,1,"TSSK4"
0.103729421838788,0.593674473637382,0.643,0.25,1,"SNX10"
0.103729421838788,2.21134211831577,0.571,0.312,1,"MED12L"
0.104848146961951,2.86002268519259,0.714,0.75,1,"TRIM66"
0.104886187797055,1.24022441909792,0.714,0.438,1,"MPZL2"
0.105197982364167,-1.82234485745208,0.5,0.875,1,"MEN1"
0.10553128664426,0.424646684225983,0.857,0.562,1,"ABCB6"
0.105547405175981,-0.726772193310328,0.5,0.812,1,"KTI12"
0.106054753840831,1.1895782319667,0.643,0.375,1,"C9orf152"
0.106054753840831,0.994707417615573,0.643,0.375,1,"LRRC26"
0.106054753840831,1.20579980143464,0.643,0.375,1,"ME1"
0.106136914342966,0.194975264984794,0.857,0.375,1,"KIFC2"
0.106626507867499,0.715556328818364,1,0.625,1,"FAM89B"
0.106626507867499,1.28313724088847,0.857,0.75,1,"DNHD1"
0.106663310931394,-0.917229320513433,0.714,0.875,1,"CABIN1"
0.107218671366072,1.29908183752841,0.571,0.25,1,"FAM81A"
0.107218671366072,0.897965005634586,0.571,0.25,1,"MAPK15"
0.107357425518407,0.715085591941093,1,0.75,1,"EGFL7"
0.107357425518407,-0.253752307395421,1,0.75,1,"SIK3"
0.107357425518407,0.942435652333644,1,0.75,1,"ZFAT"
0.107358209440172,-0.86193541437509,0.857,0.875,1,"ATAD3A"
0.107534055469684,0.0674462093081565,0.714,0.25,1,"USP18"
0.107915357766593,-1.00201668883202,0.714,0.812,1,"ARSK"
0.107915357766593,-1.74657984674993,0.714,0.812,1,"MKI67"
0.108089498422443,0.796223911268344,0.857,0.688,1,"ASS1"
0.108089498422443,1.09152350079059,0.857,0.688,1,"HECTD3"
0.108119975100169,-0.760138665785557,0.857,1,1,"CEP164"
0.108119975100169,-1.16892595349307,0.857,1,1,"CHCHD7"
0.108119975100169,-0.714630157631677,0.857,1,1,"DNAJB12"
0.108452577976578,1.2212146234243,1,0.875,1,"BDH1"
0.108452577976578,0.534365979512773,1,0.875,1,"CD2BP2"
0.108452577976578,0.429228692457836,1,0.875,1,"DCTPP1"
0.108452577976578,0.478877861118288,1,0.875,1,"RNF170"
0.108452577976578,0.735109556962492,1,0.875,1,"WASHC2C"
0.109245507964972,0.127127391889307,0.643,0.812,1,"SEPTIN1"
0.109245507964972,-1.63018572507519,0.643,0.812,1,"TAB1"
0.109345327336332,3.65791025075953,0.429,0.188,1,"GARIN5A"
0.109345327336332,3.44015397724568,0.429,0.188,1,"H3C10"
0.109345327336332,1.61079430192846,0.429,0.188,1,"KBTBD11-OT1"
0.109345327336332,1.83946294031428,0.429,0.188,1,"MEX3A"
0.109457771974006,-1.14129448367715,0.786,0.875,1,"FOXN2"
0.109457771974006,-1.36118434577932,0.786,0.875,1,"RACGAP1"
0.10952763728215,0.816746510395429,1,0.688,1,"CRABP2"
0.10952763728215,0.385339267453828,1,0.688,1,"ZDHHC17"
0.10952763728215,1.00974558469854,0.929,0.75,1,"CACNA1D"
0.110149534795726,-0.70223835768993,0.786,1,1,"PIBF1"
0.110165529550327,0.796483104232585,1,0.812,1,"COQ2"
0.110165529550327,0.800869860643613,1,0.812,1,"EXOC8"
0.110165529550327,0.395790462818493,1,0.812,1,"KCTD3"
0.110165529550327,0.714360668316814,1,0.812,1,"NEDD9"
0.110165529550327,0.765257245648031,1,0.812,1,"TMEM265"
0.110165529550327,0.630251200408692,1,0.812,1,"WRAP73"
0.110165529550327,0.492412558155381,0.929,0.875,1,"ATG2A"
0.110165529550327,0.456590384769516,0.929,0.875,1,"NRSN2"
0.110244114268975,1.55735899852926,0.786,0.438,1,"ADAMTS17"
0.110244114268975,2.34101339916532,0.643,0.562,1,"ANKRD13C-DT"
0.110323276614187,-0.181972575664367,0.929,1,1,"CYREN"
0.110323276614187,-0.71060681400445,0.929,1,1,"EML4"
0.110323276614187,-0.676444217045708,0.929,1,1,"MANBAL"
0.110323276614187,-0.66836576835976,0.929,1,1,"NPM3"
0.110323276614187,0.250469391306586,1,0.938,1,"BSCL2"
0.110323276614187,0.59191979144185,1,0.938,1,"CFAP298"
0.110323276614187,1.29767145266696,1,0.938,1,"DTX3L"
0.110323276614187,1.08195197475111,1,0.938,1,"LIMD1"
0.110323276614187,0.853887082431825,1,0.938,1,"NAXE"
0.110323276614187,1.06672384039128,1,0.938,1,"PIKFYVE"
0.110323276614187,0.971823464467969,1,0.938,1,"RAB9A"
0.110323276614187,0.384074193603417,1,0.938,1,"RALGPS2"
0.110323276614187,1.47510575201794,1,0.938,1,"TASOR2"
0.110323276614187,0.723075662945315,1,0.938,1,"TRMT2B"
0.110323276614187,0.551908089640318,1,0.938,1,"WDR33"
0.110323276614187,0.369031876851462,1,0.938,1,"ZNF281"
0.110323276614187,-0.45213820514742,1,1,1,"ADK"
0.110323276614187,-0.564234202865755,1,1,1,"AFG2A"
0.110323276614187,-1.01799549769263,1,1,1,"ANKRD13D"
0.110323276614187,-0.408619577442106,1,1,1,"ARF4"
0.110323276614187,0.608411337563834,1,1,1,"ARL1"
0.110323276614187,0.511227264855609,1,1,1,"ATF6"
0.110323276614187,0.507614120087582,1,1,1,"BAG5"
0.110323276614187,0.382172166707711,1,1,1,"BEX3"
0.110323276614187,-0.279193074748501,1,1,1,"CDK11A"
0.110323276614187,-0.689380593188374,1,1,1,"COG4"
0.110323276614187,-0.64620070127136,1,1,1,"COX20"
0.110323276614187,0.635949182514934,1,1,1,"DDX17"
0.110323276614187,0.582590919496742,1,1,1,"DIABLO"
0.110323276614187,0.614989378913058,1,1,1,"DNPEP"
0.110323276614187,0.730664734812843,1,1,1,"EMC8"
0.110323276614187,0.649949710429949,1,1,1,"GUK1"
0.110323276614187,0.572164757340206,1,1,1,"IER3IP1"
0.110323276614187,0.412288681848755,1,1,1,"IFITM3"
0.110323276614187,-0.371025762002573,1,1,1,"LSM7"
0.110323276614187,-0.370309038197121,1,1,1,"MLF2"
0.110323276614187,-0.550682070438243,1,1,1,"MRPL50"
0.110323276614187,0.535199101501395,1,1,1,"MSH6"
0.110323276614187,0.518930662720201,1,1,1,"NPIPB4"
0.110323276614187,0.525114337406724,1,1,1,"PEA15"
0.110323276614187,-0.405549346777382,1,1,1,"PSMD12"
0.110323276614187,0.597065051478255,1,1,1,"PTGR1"
0.110323276614187,-0.711503207043555,1,1,1,"PXN"
0.110323276614187,1.51185696681378,1,1,1,"RAD52"
0.110323276614187,0.122227072813125,1,1,1,"RAPGEF1"
0.110323276614187,-0.492762628567432,1,1,1,"RNH1"
0.110323276614187,-0.320413118908204,1,1,1,"SNRPF"
0.110323276614187,-0.403692710129774,1,1,1,"SNX5"
0.110323276614187,0.783881802032996,1,1,1,"SPINT2"
0.110323276614187,0.953249515372303,1,1,1,"SPRYD4"
0.110323276614187,-0.568158597724239,1,1,1,"SPTBN1"
0.110323276614187,0.549759566996726,1,1,1,"SPTSSA"
0.110323276614187,0.357172334784802,1,1,1,"SSU72"
0.110323276614187,1.08500188232238,1,1,1,"TBL1XR1"
0.110323276614187,-0.812142232638058,1,1,1,"TBRG4"
0.110323276614187,0.620063694892768,1,1,1,"TMEM134"
0.110323276614187,-0.596974446933872,1,1,1,"TRAPPC1"
0.110323276614187,-0.705554357466932,1,1,1,"VPS4A"
0.110323276614187,1.51548598727188,1,1,1,"XAF1"
0.110323276614187,0.482458140522571,1,1,1,"YEATS2"
0.110323276614187,-0.71077263044269,1,1,1,"ZDHHC12"
0.110937609970384,0.575448899686421,0.857,0.438,1,"CDC42EP2"
0.110937609970384,0.652415463636903,0.857,0.438,1,"TGFBR3L"
0.110937609970384,1.12612680320271,0.786,0.5,1,"UBL3"
0.111477594536065,1.18931588876224,0.5,0.188,1,"ZSWIM4"
0.112193975251797,1.62753508124957,0.929,0.938,1,"ERBB3"
0.112485979232606,-2.31809190691768,0.143,0.375,1,"TTLL11"
0.112526578128205,-0.573900002824361,0.929,0.938,1,"ECI1"
0.112526578128205,-0.960979190130752,0.929,0.938,1,"TMEM18"
0.112582415362666,0.667400244223556,0.929,0.812,1,"PUSL1"
0.113601444891588,0.903548157506519,0.643,0.312,1,"FHL3"
0.113601444891588,0.668793624632283,0.643,0.312,1,"SPDYE1"
0.113768433980464,-1.63153163248269,0.714,0.75,1,"ARHGAP11A"
0.11433873018771,1.22878358573009,0.857,0.625,1,"AFG2B"
0.11433873018771,1.1863472318821,0.857,0.625,1,"SPATA7"
0.115118581060347,0.643073206760227,0.857,0.562,1,"ZBTB34"
0.116162063447121,1.22846048347212,0.643,0.375,1,"LRRC24"
0.116162063447121,2.28950867212794,0.643,0.375,1,"PDE5A"
0.116242202256287,0.796286139300387,0.857,0.75,1,"PREP"
0.116242202256287,0.81196061988867,0.857,0.75,1,"PSMB10"
0.116242202256287,0.897393113905152,0.857,0.75,1,"TMEM250"
0.116541729135432,0.617961263988048,0.429,0.125,1,"INO80B-WBP1"
0.116541729135432,1.60825284005355,0.429,0.125,1,"SERPINA5"
0.11697801597997,0.565620558613956,1,0.75,1,"AKAP1"
0.11697801597997,0.54104310656623,1,0.75,1,"GSTK1"
0.11697801597997,1.36667623249343,1,0.75,1,"HILPDA"
0.11697801597997,0.485731548211216,1,0.75,1,"PNRC1"
0.11697801597997,0.765276067934286,1,0.75,1,"SHANK2"
0.116997682789152,-1.1794030718119,0.714,1,1,"CSKMT"
0.117321690032178,1.47602540575313,0.571,0.25,1,"CYP2J2"
0.117341329335332,1.91196724726206,0.5,0.25,1,"ATG4C"
0.117628024652964,-0.807377955117664,0.714,0.812,1,"CCHCR1"
0.117628024652964,-2.00815073651148,0.714,0.812,1,"ZFAND4"
0.117759420943123,-0.735078909114116,0.857,1,1,"MTFR1L"
0.11779747553124,0.803721660155286,0.929,0.625,1,"RNF214"
0.11779747553124,1.65520630877127,0.929,0.625,1,"SLC41A2"
0.11779747553124,0.861877536504347,0.857,0.688,1,"ZNF580"
0.118007662835249,0.712421403108823,0.357,0.062,1,"HSPA6"
0.118007662835249,0.29294190179887,0.357,0.062,1,"KCNMA1"
0.118007662835249,1.1411957755392,0.357,0.062,1,"SYTL3"
0.118007662835249,1.88520793972987,0.357,0.125,1,"B3GALT4"
0.118007662835249,2.66808080223807,0.357,0.125,1,"KRABD2"
0.118007662835249,2.95900421679738,0.357,0.125,1,"LTC4S"
0.118007662835249,3.83994499511623,0.286,0.062,1,"CCDC110"
0.118007662835249,3.66128730599053,0.286,0.062,1,"COL4A5"
0.118007662835249,2.125729030233,0.286,0.062,1,"ERICH6B"
0.118007662835249,3.00203600460187,0.286,0.062,1,"PANX2"
0.118007662835249,4.25599184641413,0.286,0.062,1,"TMEM139"
0.1181092150863,0.82981280989211,0.857,1,1,"TRUB1"
0.1181092150863,0.225027715825899,1,0.875,1,"DHRS4"
0.1181092150863,0.224825396196651,1,0.875,1,"RBM47"
0.1181092150863,0.740295689688756,1,0.875,1,"SIDT1"
0.1181092150863,0.771886123513765,1,0.875,1,"TBL2"
0.118114441231397,0.775731772157684,0.714,0.375,1,"ABHD14A-ACY1"
0.118114441231397,0.380554239465574,0.714,0.375,1,"KRTCAP3"
0.118114441231397,1.19598718036683,0.714,0.375,1,"LYPD6"
0.118114441231397,0.710960637564083,0.714,0.375,1,"OXSM"
0.119005732771729,0.708192590296799,0.929,0.562,1,"PPL"
0.119100862365515,-0.884562334148022,0.643,0.812,1,"MSN"
0.119235518119853,-1.45105274985375,0.786,0.875,1,"DDIT4"
0.119235518119853,-0.929955597700187,0.786,0.875,1,"MAPKAPK3"
0.119235518119853,-1.14653372788063,0.786,0.875,1,"NCAPG2"
0.119235518119853,-1.00235580343876,0.786,0.875,1,"PARPBP"
0.119235518119853,-2.06608869923057,0.786,0.875,1,"SGK1"
0.119304984590608,0.875379220309687,1,0.688,1,"UNC13B"
0.119304984590608,0.716345354942985,0.929,0.75,1,"TOP3B"
0.119304984590608,0.994771341629651,0.857,0.812,1,"ZNF584"
0.119958362751889,-1.33454843923295,0.786,1,1,"RNF220"
0.119958362751889,-1.09844659825581,1,0.812,1,"IFRD2"
0.119958362751889,-1.29762238993819,0.857,0.938,1,"HMGB2"
0.119958362751889,-1.05702665006542,0.857,0.938,1,"PCNT"
0.119958362751889,-0.572963303934181,0.929,0.875,1,"NUDT1"
0.119958362751889,-0.764766036689505,0.929,0.875,1,"NUDT16"
0.119958362751889,-1.29882292595831,0.929,0.875,1,"SLC25A26"
0.119958362751889,-2.17816904286169,0.929,0.875,1,"SMAD4"
0.119974330000463,0.558048622949175,1,0.812,1,"MOAP1"
0.119974330000463,0.677025606517279,1,0.812,1,"PREPL"
0.119974330000463,0.663879470737878,1,0.812,1,"SEPHS2"
0.119974330000463,0.922809521534409,0.929,0.875,1,"LYST"
0.119974330000463,1.10767297465132,0.929,0.875,1,"MTMR4"
0.119974330000463,1.02467607407167,0.929,0.875,1,"RAB11FIP4"
0.119974330000463,0.811943093344604,0.929,0.875,1,"SETD4"
0.120141704173713,-0.601150452601275,0.929,1,1,"AUP1"
0.120141704173713,-0.502830369233033,0.929,1,1,"DNAJC1"
0.120141704173713,-0.745127702800951,0.929,1,1,"IFT25"
0.120141704173713,-0.639583994734626,0.929,1,1,"METTL17"
0.120141704173713,-1.22837380838128,0.929,1,1,"ZDHHC20"
0.120141704173713,0.571178461630762,1,0.938,1,"CDC50A"
0.120141704173713,0.898204055654324,1,0.938,1,"CRYBG1"
0.120141704173713,0.471136966896028,1,0.938,1,"MCL1"
0.120141704173713,0.667705951043001,1,0.938,1,"NIT2"
0.120141704173713,0.471478447581964,1,0.938,1,"RPTOR"
0.120141704173713,0.497983280911756,1,0.938,1,"TENT2"
0.120141704173713,0.962177553755357,1,0.938,1,"THEM6"
0.120141704173713,1.55005113985182,1,0.938,1,"XRRA1"
0.120141704173713,0.689303726750215,1,0.938,1,"XXYLT1"
0.120141704173713,0.778561837148903,1,0.938,1,"ZC3H7B"
0.120141704173713,0.832985287734073,1,0.938,1,"ZNF561"
0.120141704173713,1.88454701712517,1,1,1,"AARD"
0.120141704173713,1.32495264467082,1,1,1,"ABHD18"
0.120141704173713,-0.511730457168586,1,1,1,"ANAPC10"
0.120141704173713,0.399290521628989,1,1,1,"AP3S2"
0.120141704173713,0.456176689525334,1,1,1,"ARIH1"
0.120141704173713,-0.492464048497135,1,1,1,"ATOX1"
0.120141704173713,1.02253413930613,1,1,1,"BAG4"
0.120141704173713,0.360832478640185,1,1,1,"CAMLG"
0.120141704173713,0.423016753315369,1,1,1,"CELF1"
0.120141704173713,0.900230926513757,1,1,1,"CERS2"
0.120141704173713,-0.199308439953983,1,1,1,"COX4I1"
0.120141704173713,-0.293546277322774,1,1,1,"COX8A"
0.120141704173713,-0.709972218031046,1,1,1,"DFFA"
0.120141704173713,0.464514672892046,1,1,1,"DIDO1"
0.120141704173713,-0.666737194228835,1,1,1,"DNAJC9"
0.120141704173713,-0.591123857026792,1,1,1,"DTD1"
0.120141704173713,-0.453601641705301,1,1,1,"EEF1B2"
0.120141704173713,-0.418859438126056,1,1,1,"ELOB"
0.120141704173713,1.17287734467231,1,1,1,"FRK"
0.120141704173713,-0.556858077137099,1,1,1,"GSTO1"
0.120141704173713,0.877939000252239,1,1,1,"HSPH1"
0.120141704173713,-0.264799393411224,1,1,1,"KHDRBS1"
0.120141704173713,0.54639618482107,1,1,1,"LGALS3"
0.120141704173713,0.857644263398112,1,1,1,"LMLN"
0.120141704173713,0.400473416104299,1,1,1,"MTHFD2"
0.120141704173713,1.20307331324325,1,1,1,"NCOA7"
0.120141704173713,0.562507819705545,1,1,1,"NEDD4L"
0.120141704173713,-0.454743319101033,1,1,1,"NME6"
0.120141704173713,0.384843376782145,1,1,1,"NOP58"
0.120141704173713,-0.731738338178484,1,1,1,"NUB1"
0.120141704173713,0.673011899461758,1,1,1,"NUP107"
0.120141704173713,-0.496846305465969,1,1,1,"PCM1"
0.120141704173713,-0.550893027924774,1,1,1,"PFDN4"
0.120141704173713,0.710269025985382,1,1,1,"PFKL"
0.120141704173713,-0.804291051475574,1,1,1,"PLLP"
0.120141704173713,-0.555659931331355,1,1,1,"PRPF4"
0.120141704173713,0.594685607508891,1,1,1,"PRRC1"
0.120141704173713,-0.591547307633327,1,1,1,"PSME3IP1"
0.120141704173713,-0.185460203032225,1,1,1,"PTPA"
0.120141704173713,0.563008122463541,1,1,1,"PUM1"
0.120141704173713,0.566716168061449,1,1,1,"RABAC1"
0.120141704173713,-0.806124212266736,1,1,1,"RHNO1"
0.120141704173713,-0.518118156206246,1,1,1,"S100A10"
0.120141704173713,-0.490905761989579,1,1,1,"SEC11A"
0.120141704173713,0.34532218481681,1,1,1,"SLC31A1"
0.120141704173713,1.13851149600972,1,1,1,"SLC50A1"
0.120141704173713,-0.282387153165455,1,1,1,"SRP14"
0.120141704173713,-0.406665474871922,1,1,1,"TEX264"
0.120141704173713,0.675932510132056,1,1,1,"THOC2"
0.120141704173713,-0.535065023765954,1,1,1,"TIMP2"
0.120141704173713,-0.579648456531994,1,1,1,"TMEM245"
0.120141704173713,-0.344707118463202,1,1,1,"TPM3"
0.12044808005354,1.72109882945172,0.714,0.625,1,"FAM8A1"
0.12044808005354,2.76429786174896,0.714,0.625,1,"FNTB"
0.121182834795194,1.05278398438379,0.929,0.688,1,"DSP"
0.122174193261127,1.40354173656862,0.929,0.938,1,"PPP1R3B"
0.122457959186901,-1.06735459176281,0.786,0.938,1,"MLH1"
0.122523987404303,-0.69427835438172,0.929,0.938,1,"TPGS1"
0.122560804221213,0.517482942277999,0.929,0.812,1,"ASB7"
0.122560804221213,0.68091727431737,0.929,0.812,1,"POLR3E"
0.122560804221213,0.992714422873529,0.929,0.812,1,"RHPN2"
0.122560804221213,0.993799701207716,0.929,0.812,1,"SELENBP1"
0.122560804221213,1.68560420716105,0.929,0.812,1,"TTC39A"
0.123969071535782,1.00206542406923,0.643,0.312,1,"GBP2"
0.124046666037467,1.23426728175408,0.643,0.438,1,"GPATCH3"
0.124461993289561,0.274290569104517,0.857,0.625,1,"RIPOR3"
0.125041957865237,-1.90953714711493,0.643,0.75,1,"KIF20A"
0.125041957865237,-1.26342663546408,0.643,0.75,1,"LDLRAD3"
0.125178937878842,0.320735475127667,0.714,0.438,1,"CLEC11A"
0.125362196782586,0.477443720484142,0.857,0.562,1,"APOO"
0.125460076979054,-1.27627771482775,0.643,0.688,1,"ASPM"
0.125625374447279,1.08871685803081,0.571,0.312,1,"TSPYL4"
0.126114720417569,-2.53398346874728,0.214,0.438,1,"GPR68"
0.126421206321504,1.63218741317962,0.786,0.562,1,"AHCYL2"
0.126421206321504,0.983940536869596,0.786,0.562,1,"PDK3"
0.126421206321504,0.942759092751956,0.786,0.562,1,"SNED1"
0.126497301744726,0.931916328041074,1,0.625,1,"MAP2K5"
0.126497301744726,1.23619674515192,0.857,0.75,1,"KRT15"
0.126497301744726,3.51166306720808,0.857,0.75,1,"TMPRSS2"
0.126516294656249,-0.739212608094391,0.714,0.875,1,"MTHFS"
0.126531422971005,0.54343021207114,0.714,0.5,1,"COL16A1"
0.127054078739784,1.4200255068091,0.643,0.375,1,"LRATD1"
0.127054078739784,1.22397263140796,0.643,0.375,1,"ZNF41"
0.12724061086072,0.550460888231545,1,0.75,1,"ELL"
0.12724061086072,0.521816807104157,1,0.75,1,"IDE"
0.12724061086072,-0.0897827944474296,1,0.75,1,"ZNF736"
0.127280068256206,-1.44643148055045,0.857,0.875,1,"CENPF"
0.127280068256206,-1.26364704876216,0.857,0.875,1,"MSH3"
0.127280068256206,-1.16432874489239,0.857,0.875,1,"ZNF267"
0.127534127673006,1.22421299937107,0.571,0.25,1,"TMEM86A"
0.127989503700162,-1.05680009548415,0.714,0.812,1,"CEP55"
0.128036992855481,-0.558120928536943,0.857,1,1,"NOL6"
0.128156355258903,0.730226038296678,0.929,0.625,1,"ANKRD50"
0.128156355258903,0.226322216346276,0.929,0.625,1,"TOR2A"
0.128156355258903,1.3213736013168,0.857,0.688,1,"SPAG4"
0.128156355258903,1.24623248320607,0.857,0.688,1,"WNT7B"
0.128403758217211,0.607726729856752,1,0.875,1,"DCUN1D4"
0.128403758217211,0.521662315185246,1,0.875,1,"DMXL2"
0.128403758217211,0.962179404683675,1,0.875,1,"RWDD2A"
0.128935532233883,1.87205309352829,0.429,0.188,1,"ALOX12"
0.128935532233883,2.1804657868853,0.429,0.188,1,"MAMDC4"
0.128935532233883,2.05299251206507,0.429,0.188,1,"REEP1"
0.128935532233883,1.88361931407882,0.429,0.188,1,"RORC"
0.129491745355393,1.49285924450536,0.786,0.688,1,"OSGEPL1"
0.12973113030688,2.72198987541464,0.929,0.75,1,"ACTR3B"
0.12973113030688,0.366955633946683,0.929,0.75,1,"BCDIN3D"
0.12973113030688,0.832690236482554,0.929,0.75,1,"TNFRSF25"
0.12973113030688,0.976392360043185,0.857,0.812,1,"MCM6"
0.12973113030688,0.597791986178077,0.857,0.812,1,"TLCD1"
0.130416883061737,-0.551595738025105,0.857,0.938,1,"HNRNPUL2"
0.130416883061737,-0.813016315192463,0.857,0.938,1,"PPID"
0.130432437719909,0.461717262812896,0.929,0.875,1,"CASP4"
0.130432437719909,0.782410960531681,0.929,0.875,1,"SQOR"
0.130432437719909,0.328684884387976,0.929,0.875,1,"SWI5"
0.130432437719909,0.882924261108043,0.929,0.875,1,"TRAPPC12"
0.130607059731228,0.806895433195651,0.929,1,1,"FKBP11"
0.130607059731228,-1.01424734246007,0.929,1,1,"REEP4"
0.130607059731228,-0.611325632405018,0.929,1,1,"SUPT7L"
0.130607059731228,-0.551174065343914,0.929,1,1,"UHRF1"
0.130607059731228,-0.516224979729175,1,0.938,1,"CMC1"
0.130607059731228,-0.632994018147704,1,0.938,1,"EMC6"
0.130607059731228,0.149527497206428,1,0.938,1,"ISG20"
0.130607059731228,0.582909930526448,1,0.938,1,"KANK1"
0.130607059731228,-0.787508795170267,1,0.938,1,"KMT2A"
0.130607059731228,0.720701228028154,1,0.938,1,"TRIM24"
0.130607059731228,-0.328202870087983,1,1,1,"ATP5MF"
0.130607059731228,0.547061815696888,1,1,1,"CCDC6"
0.130607059731228,-0.779373792450559,1,1,1,"CHST12"
0.130607059731228,-1.02293203307362,1,1,1,"CIAO2B"
0.130607059731228,0.56091701981533,1,1,1,"CRLF3"
0.130607059731228,-0.444710009137788,1,1,1,"CTDSPL2"
0.130607059731228,-0.354537763560609,1,1,1,"CWC15"
0.130607059731228,-0.528700955633269,1,1,1,"DCTN6"
0.130607059731228,-0.84774017412063,1,1,1,"DENND6A"
0.130607059731228,-0.452505794959972,1,1,1,"DENR"
0.130607059731228,-0.661402204630932,1,1,1,"DERL2"
0.130607059731228,-0.528598904224497,1,1,1,"EIF5A"
0.130607059731228,0.584471416828926,1,1,1,"ENSA"
0.130607059731228,-0.356010549295924,1,1,1,"HNRNPC"
0.130607059731228,0.157828114786475,1,1,1,"IL13RA1"
0.130607059731228,-0.351988653651374,1,1,1,"ITGAE"
0.130607059731228,0.905701838326926,1,1,1,"ITPRIPL2"
0.130607059731228,0.543270051858937,1,1,1,"JARID2"
0.130607059731228,0.414412930537242,1,1,1,"MAP1LC3B"
0.130607059731228,-0.550020234216378,1,1,1,"MNAT1"
0.130607059731228,-0.42519190584128,1,1,1,"MRPL38"
0.130607059731228,0.405977054110331,1,1,1,"MRPS18A"
0.130607059731228,-0.198207688016751,1,1,1,"MYL12A"
0.130607059731228,-1.32327144989603,1,1,1,"NCEH1"
0.130607059731228,1.05733324576409,1,1,1,"NDRG2"
0.130607059731228,0.509289358099535,1,1,1,"NDUFS1"
0.130607059731228,-1.06023659065981,1,1,1,"NIP7"
0.130607059731228,-0.312665613097559,1,1,1,"NME2"
0.130607059731228,0.899203683725145,1,1,1,"NUPR1"
0.130607059731228,0.769418570308863,1,1,1,"ODF2L"
0.130607059731228,0.369213002264233,1,1,1,"OGDH"
0.130607059731228,0.589561170643114,1,1,1,"OGT"
0.130607059731228,1.01304414503786,1,1,1,"PCYOX1"
0.130607059731228,-0.576514840725492,1,1,1,"PHAX"
0.130607059731228,1.23057845007164,1,1,1,"PIK3C2A"
0.130607059731228,0.44587678431965,1,1,1,"POLK"
0.130607059731228,-0.502807410237232,1,1,1,"PRDX3"
0.130607059731228,0.346078511087116,1,1,1,"RARS1"
0.130607059731228,0.55734962116968,1,1,1,"RNF103"
0.130607059731228,-0.732003615703139,1,1,1,"RRAGA"
0.130607059731228,0.332088860269387,1,1,1,"SARAF"
0.130607059731228,0.664712528759295,1,1,1,"SCFD1"
0.130607059731228,0.119318137206315,1,1,1,"SGSH"
0.130607059731228,-0.761953325628897,1,1,1,"SLMAP"
0.130607059731228,-0.463523854512909,1,1,1,"SNU13"
0.130607059731228,-0.983196542958818,1,1,1,"SORBS3"
0.130607059731228,-1.03122750563438,1,1,1,"SPC24"
0.130607059731228,0.355021197899385,1,1,1,"TMED4"
0.130607059731228,0.691286630130591,1,1,1,"TMEM68"
0.130607059731228,1.01413823509358,1,1,1,"URB1"
0.130607059731228,-0.505677049498118,1,1,1,"WASHC3"
0.130974911581017,1.71751830282517,0.786,0.438,1,"H2AC6"
0.130974911581017,0.506983952186089,0.786,0.438,1,"JDP2"
0.131112427962145,0.143390963559324,0.857,0.5,1,"CYP2R1"
0.131112427962145,1.39871847991423,0.714,0.625,1,"DHRS13"
0.131112427962145,1.16973385148573,0.714,0.625,1,"MMEL1"
0.131214241520451,-1.30270360136453,0.571,0.688,1,"PIP4P2"
0.131719898564651,0.639095096859558,0.929,0.688,1,"CD302"
0.131735714530075,1.25055075733042,0.786,0.5,1,"RADIL"
0.131735714530075,0.531856753582185,0.786,0.5,1,"RASSF7"
0.131735714530075,0.660257750563464,0.786,0.5,1,"SERINC2"
0.132810361245246,0.673053977331104,0.929,0.938,1,"AIFM1"
0.133067226276782,-1.59136003593917,0.786,0.938,1,"FOCAD"
0.133189449306995,0.56484180485092,0.929,0.812,1,"BTBD2"
0.133189449306995,0.837886480471344,0.929,0.812,1,"IPPK"
0.133189449306995,1.06027428977808,0.929,0.812,1,"SLC22A5"
0.133189449306995,0.792310771448723,0.929,0.812,1,"ZNF345"
0.134132933533234,0.691414509555695,0.429,0.125,1,"MMP25"
0.135222777328225,0.0527542540116426,0.643,0.312,1,"TTLL1"
0.135222777328225,-0.286814461177708,0.643,0.312,1,"ZBTB7B"
0.135255977102608,-0.634153256121141,0.857,0.625,1,"GAB1"
0.135255977102608,0.480333926792987,0.857,0.625,1,"LHPP"
0.135255977102608,0.877067002933004,0.857,0.625,1,"LRRCC1"
0.135255977102608,1.20224579887833,0.857,0.625,1,"RTKN"
0.135423021203537,1.29076915542289,0.643,0.438,1,"IFIH1"
0.135423021203537,0.824509906710243,0.643,0.438,1,"PEX6"
0.135589652714063,-1.11507631895561,0.429,0.688,1,"ZNF45"
0.135970391137421,-1.13920044723385,0.571,0.812,1,"CENPA"
0.135970391137421,-2.18885854381277,0.643,0.75,1,"SH3RF2"
0.136276629487114,1.73428513111076,0.786,0.625,1,"PLEKHH1"
0.136288580855771,-1.78762427427184,0.429,0.75,1,"ATF7-NPFF"
0.136345215765011,1.56269824650764,0.643,0.5,1,"C2CD2"
0.137425680004856,0.50365089744389,1,0.625,1,"DDX28"
0.137425680004856,1.3186911049151,0.857,0.75,1,"POLI"
0.137425680004856,0.725008962515979,0.857,0.75,1,"RHOT1"
0.137432061403079,-0.799991930639169,0.714,0.875,1,"COQ9"
0.137432061403079,-1.55160557081366,0.857,0.75,1,"AKTIP"
0.137450091603665,0.247227221811873,0.786,0.562,1,"AXIN1"
0.137450091603665,0.52992162483702,0.786,0.562,1,"DNAJC27"
0.13823174412106,-0.574763859897008,0.857,0.875,1,"UPK3BL1"
0.138561843949027,0.155128608175395,0.714,0.312,1,"BAIAP3"
0.138804282069492,1.39594308947633,0.571,0.25,1,"C1orf54"
0.138804282069492,0.370379097559285,0.571,0.25,1,"KITLG"
0.138977803839738,-0.637685167945827,0.857,1,1,"ATP6V1B2"
0.139026640790372,-0.968443337480791,0.643,0.875,1,"CCNA2"
0.139026640790372,-1.41775936403266,0.714,0.812,1,"NCDN"
0.139165972569271,-2.33037135892962,0.143,0.375,1,"RASSF5"
0.139186106980909,0.203652508399209,0.929,0.625,1,"TMCO6"
0.139186106980909,1.20621813905636,0.857,0.688,1,"AUNIP"
0.139186106980909,1.827828224879,0.857,0.688,1,"NAIF1"
0.139186106980909,1.08502517142987,0.857,0.688,1,"RTEL1"
0.139186106980909,2.19902091813338,0.786,0.75,1,"KMT5C"
0.13936133412482,1.65706649888323,1,0.875,1,"DNAH14"
0.13936133412482,0.998985069347489,1,0.875,1,"FAIM"
0.13936133412482,0.196137542245977,1,0.875,1,"KANSL2"
0.13936133412482,0.546433119482343,1,0.875,1,"MARCKSL1"
0.13936133412482,1.25933359125375,1,0.875,1,"MARK4"
0.13936133412482,0.404894765704149,1,0.875,1,"MED16"
0.13936133412482,0.388280944360531,1,0.875,1,"PARP9"
0.140672904002076,1.13120603818812,0.786,0.688,1,"INPP4A"
0.140795498363649,-1.26664745957775,0.643,0.812,1,"S100A4"
0.140827185306556,0.546178601948739,0.929,0.75,1,"HEXD"
0.140827185306556,-0.582450382314094,0.929,0.75,1,"LONRF2"
0.140827185306556,0.648320274366597,0.929,0.75,1,"MCM9"
0.141559588282914,0.312545060338599,1,0.812,1,"BRCC3"
0.141559588282914,0.108218773252146,1,0.812,1,"PHLDB2"
0.141559588282914,0.97020332580373,0.857,0.938,1,"TAF12"
0.141559588282914,0.814574237601077,0.929,0.875,1,"CCNT2"
0.141559588282914,1.71727375403808,0.929,0.875,1,"EDRF1"
0.141743617355409,1.06526340815202,0.929,1,1,"ARHGEF7"
0.141743617355409,-0.62198369209243,0.929,1,1,"ERAL1"
0.141743617355409,0.715104370513567,0.929,1,1,"IFT43"
0.141743617355409,-0.588428709350807,0.929,1,1,"NHERF2"
0.141743617355409,-0.512790556480812,0.929,1,1,"STARD3NL"
0.141743617355409,-0.584121092316907,0.929,1,1,"TMX1"
0.141743617355409,0.503478711971882,1,0.938,1,"B4GALT4"
0.141743617355409,0.778513421998221,1,0.938,1,"DRC9"
0.141743617355409,0.53201275437552,1,0.938,1,"FBXW11"
0.141743617355409,1.00326918550838,1,0.938,1,"GNPDA1"
0.141743617355409,0.692500455461222,1,0.938,1,"HIPK2"
0.141743617355409,-0.924106172657545,1,0.938,1,"LETMD1"
0.141743617355409,-0.97844195194759,1,0.938,1,"PDLIM1"
0.141743617355409,0.714885323963118,1,0.938,1,"PLPBP"
0.141743617355409,-1.33081938299817,1,0.938,1,"POLG"
0.141743617355409,0.711301143345547,1,0.938,1,"RALGAPB"
0.141743617355409,0.672662714895802,1,0.938,1,"RCC2"
0.141743617355409,0.146843431735517,1,0.938,1,"SERTAD1"
0.141743617355409,0.715004750284846,1,0.938,1,"SLC38A6"
0.141743617355409,0.540853425106391,1,0.938,1,"SNAPIN"
0.141743617355409,1.68659260375342,1,0.938,1,"ZNF224"
0.141743617355409,0.883742134474274,1,1,1,"ALPK1"
0.141743617355409,-0.472380654884504,1,1,1,"ARL6IP4"
0.141743617355409,0.363812180410996,1,1,1,"ATP6V0B"
0.141743617355409,-0.319654236100201,1,1,1,"ATP6V0C"
0.141743617355409,0.598970223926322,1,1,1,"BLZF1"
0.141743617355409,0.529988790863364,1,1,1,"CAPN1"
0.141743617355409,-0.587199960211795,1,1,1,"CDS2"
0.141743617355409,0.330487961305102,1,1,1,"CNIH1"
0.141743617355409,-0.66313534712822,1,1,1,"CRYZL1"
0.141743617355409,0.78851264272989,1,1,1,"CTNND1"
0.141743617355409,-0.428767702129842,1,1,1,"DDX46"
0.141743617355409,0.390484924560118,1,1,1,"EIF1AX"
0.141743617355409,0.340714355637709,1,1,1,"EIF2B4"
0.141743617355409,0.473272313949701,1,1,1,"EIF4G1"
0.141743617355409,-0.183680598928488,1,1,1,"FANCI"
0.141743617355409,-0.435999186985327,1,1,1,"FGFR1OP2"
0.141743617355409,0.730651917394426,1,1,1,"FRS2"
0.141743617355409,0.379036945095763,1,1,1,"FTL"
0.141743617355409,0.328871954132486,1,1,1,"GAPVD1"
0.141743617355409,-0.662868225715133,1,1,1,"GNG5"
0.141743617355409,0.405988295958139,1,1,1,"GRN"
0.141743617355409,-0.465776543664268,1,1,1,"GTF3A"
0.141743617355409,-1.44576083317254,1,1,1,"KAT6B"
0.141743617355409,-0.501585920946374,1,1,1,"KCTD5"
0.141743617355409,0.92323983384308,1,1,1,"KLF11"
0.141743617355409,-0.554655007780796,1,1,1,"LAMB2"
0.141743617355409,-0.662393525532853,1,1,1,"MKKS"
0.141743617355409,-0.705910938265533,1,1,1,"MPI"
0.141743617355409,0.505074304276085,1,1,1,"MRPL44"
0.141743617355409,-0.851452605185122,1,1,1,"MTMR14"
0.141743617355409,0.498265049067147,1,1,1,"NBR1"
0.141743617355409,-1.14276288121309,1,1,1,"NFAT5"
0.141743617355409,-0.604052874721951,1,1,1,"NUTF2"
0.141743617355409,-0.899848779769754,1,1,1,"PGAM5"
0.141743617355409,-0.293264981642642,1,1,1,"PKP4"
0.141743617355409,-0.63786692887906,1,1,1,"RAB8A"
0.141743617355409,0.503382643893529,1,1,1,"RABIF"
0.141743617355409,1.03674731624055,1,1,1,"RABL3"
0.141743617355409,-0.540906790128254,1,1,1,"RANBP1"
0.141743617355409,0.793608253121875,1,1,1,"RAP2B"
0.141743617355409,-0.402546756096376,1,1,1,"RPLP1"
0.141743617355409,0.420972500743428,1,1,1,"RPS6KB1"
0.141743617355409,-0.450654972054661,1,1,1,"SAE1"
0.141743617355409,-0.40328080051489,1,1,1,"SF3B6"
0.141743617355409,0.451298836095237,1,1,1,"SMG5"
0.141743617355409,0.570723865989108,1,1,1,"SREBF2"
0.141743617355409,0.253967073638033,1,1,1,"TNFAIP1"
0.141743617355409,0.594690338861559,1,1,1,"TXNRD1"
0.141743617355409,-0.791852663434075,1,1,1,"UBE2S"
0.141743617355409,1.59875324445291,1,1,1,"USP7"
0.141743617355409,0.377039505656576,1,1,1,"ZNF91"
0.14174572156646,1.61709154438826,0.571,0.375,1,"JADE3"
0.142460163107301,1.88527958627547,0.714,0.625,1,"ZNF750"
0.142725926338516,-0.721796084080032,0.643,0.938,1,"SLC31A2"
0.142725926338516,-0.791576660872308,0.786,0.812,1,"FBRSL1"
0.142936539985943,0.479039347125043,0.929,0.688,1,"ACOX3"
0.143172720485302,1.17791720383508,0.857,0.438,1,"EPB41L1"
0.143172720485302,0.0454011938348882,0.786,0.5,1,"AMMECR1"
0.143172720485302,0.297562358979853,0.786,0.5,1,"SPTB"
0.143172720485302,1.32202492130763,0.714,0.562,1,"ABCA1"
0.143172720485302,2.59938800015825,0.714,0.562,1,"TMEM145"
0.143994669332,3.20279186645425,0.429,0.25,1,"PELI3"
0.144125900585999,0.763636760461966,0.929,0.938,1,"CHPF2"
0.144125900585999,0.657483605691618,0.929,0.938,1,"GALK1"
0.144125900585999,1.80351799566529,0.929,0.938,1,"WDFY3"
0.144353210391708,-0.190414475370096,0.786,0.938,1,"TK2"
0.14449521025521,0.396283237012751,0.929,0.812,1,"RNF139"
0.14449521025521,0.753783206322343,0.929,0.812,1,"TFB2M"
0.14449521025521,0.445034636457047,0.929,0.812,1,"TMEM9"
0.14450943087108,-0.778441427898017,0.929,0.938,1,"EMC9"
0.14450943087108,-0.551950344889454,0.929,0.938,1,"ITFG2"
0.14450943087108,-0.820089236756109,0.929,0.938,1,"LYRM1"
0.14450943087108,-1.20787906837615,0.929,0.938,1,"PLK1"
0.144980842911878,3.70645934232222,0.286,0.125,1,"BATF"
0.147032159874654,0.643736172489719,0.643,0.312,1,"GGACT"
0.147032159874654,0.419526769209102,0.643,0.312,1,"GPRC5B"
0.147032159874654,0.211243255737706,0.643,0.312,1,"SLC22A15"
0.147568706186982,-1.19223234315937,0.429,0.688,1,"FMC1-LUC7L2"
0.147614118637276,0.938917789281887,0.643,0.438,1,"IL11RA"
0.147614118637276,1.0856036201198,0.643,0.438,1,"PWWP2B"
0.147891846990162,0.683848818112637,0.857,0.562,1,"GPRC5C"
0.147891846990162,0.449205265761706,0.857,0.562,1,"MGAT4A"
0.147891846990162,0.480819809986868,0.857,0.562,1,"WDR7"
0.147891846990162,0.905454304896815,0.786,0.625,1,"INVS"
0.148110643680568,-0.442694460707877,0.5,0.812,1,"TMEM42"
0.148296020548378,0.874206820891915,0.714,0.438,1,"WNT9A"
0.148525737131434,1.515626608227,0.429,0.188,1,"AKR7A3"
0.149036262742383,1.00635588162319,0.857,0.75,1,"SLC9A1"
0.149160108628176,0.888392673994388,0.786,0.562,1,"SDSL"
0.149712085821554,0.995675696583459,0.714,0.5,1,"BEND3"
0.149712085821554,1.52182558253523,0.714,0.5,1,"ISY1-RAB43"
0.149786379600018,0.219746126216518,1,0.75,1,"NECAB3"
0.149786379600018,1.4486891559406,1,0.75,1,"ZYG11A"
0.149870369252938,-0.66871103201583,0.857,0.875,1,"GGA3"
0.149870369252938,-1.06398130118167,0.857,0.875,1,"RASSF1"
0.149993623759156,-1.15801042699883,0.357,0.625,1,"NAT1"
0.150600062885654,-1.92515394375155,0.857,1,1,"EGR1"
0.150600062885654,-0.541620383538618,0.857,1,1,"RETSAT"
0.150600062885654,-0.912296188354316,1,0.875,1,"PKN3"
0.150910537163479,1.05654140796448,0.857,0.688,1,"FAM171B"
0.150910537163479,1.42353781827558,0.786,0.75,1,"CFAP263"
0.150910537163479,2.04436956265141,0.786,0.75,1,"LRRC27"
0.150996988605801,1.335429250589,0.643,0.375,1,"MB21D2"
0.150996988605801,0.999717291057793,0.643,0.375,1,"ZNF222"
0.150999807973551,0.595013118855915,1,0.875,1,"BSDC1"
0.150999807973551,0.941772756328799,1,0.875,1,"CPT2"
0.150999807973551,0.80194202135482,1,0.875,1,"HIBCH"
0.150999807973551,1.07863581166802,1,0.875,1,"HLA-B"
0.150999807973551,0.890559206190849,1,0.875,1,"SRD5A3"
0.150999807973551,0.49123528242571,1,0.875,1,"USP25"
0.150999807973551,1.92443590393664,1,0.875,1,"ZNF785"
0.152548273506866,0.98228706465163,0.786,0.688,1,"KLHL2"
0.152548273506866,1.36402271034017,0.786,0.688,1,"XNDC1N"
0.152553747206204,-0.220376430458753,0.714,0.938,1,"FBXO33"
0.152616598477507,0.598740214927437,0.929,0.75,1,"B3GNT2"
0.152616598477507,0.607716382861016,0.929,0.75,1,"MMGT1"
0.152616598477507,0.837009474055507,0.929,0.75,1,"TMEM216"
0.152616598477507,0.572700429433509,0.857,0.812,1,"ANKRD42"
0.153364349816836,-1.37955528212641,1,0.812,1,"TEDC1"
0.153364349816836,-0.901561723036464,0.857,0.938,1,"COMMD3-BMI1"
0.153364349816836,-0.389094499420947,0.857,0.938,1,"CTSL"
0.153364349816836,-1.06941977213473,0.857,0.938,1,"FMNL3"
0.153364349816836,-0.775878572177519,0.857,0.938,1,"TRIAP1"
0.153364349816836,-0.712088243510917,0.929,0.875,1,"KATNA1"
0.153378941764068,0.611988546284045,1,0.812,1,"ORMDL3"
0.153378941764068,0.605976572839444,1,0.812,1,"RIMKLB"
0.153378941764068,0.784350286336317,1,0.812,1,"UFSP2"
0.153378941764068,1.03959117205135,1,0.812,1,"ZBTB45"
0.153378941764068,1.11193082992846,0.857,0.938,1,"ZNF707"
0.153378941764068,0.608835359498802,0.929,0.875,1,"GMPPB"
0.153378941764068,0.63777840445764,0.929,0.875,1,"LCMT1"
0.153378941764068,1.32383503532549,0.929,0.875,1,"STX6"
0.153378941764068,1.1022404843663,0.929,0.875,1,"ZFP3"
0.153569874849297,0.626087796948858,0.929,1,1,"CREG1"
0.153569874849297,-0.49206044578715,0.929,1,1,"MCOLN1"
0.153569874849297,-0.653639220800248,0.929,1,1,"RAP1A"
0.153569874849297,-0.536206625577496,0.929,1,1,"UBE2E1"
0.153569874849297,0.657729581024395,1,0.938,1,"BRCA1"
0.153569874849297,0.661945491330264,1,0.938,1,"CDK17"
0.153569874849297,0.59503734299033,1,0.938,1,"CYSTM1"
0.153569874849297,0.53861697065839,1,0.938,1,"CYTH1"
0.153569874849297,-1.86114117881056,1,0.938,1,"DAB2IP"
0.153569874849297,0.583545374992408,1,0.938,1,"ERG28"
0.153569874849297,-0.223410010845315,1,0.938,1,"EXTL3"
0.153569874849297,0.830308684353968,1,0.938,1,"KRT19"
0.153569874849297,0.497544393633942,1,0.938,1,"MAST2"
0.153569874849297,0.282016454846669,1,0.938,1,"PHAF1"
0.153569874849297,-1.1552320420885,1,0.938,1,"SAPCD2"
0.153569874849297,0.590009666858617,1,0.938,1,"TM2D1"
0.153569874849297,0.767249383062167,1,0.938,1,"ZNF639"
0.153569874849297,0.651413272928974,1,1,1,"ATF7IP"
0.153569874849297,-0.442547239091853,1,1,1,"BLOC1S1"
0.153569874849297,0.0226914516721686,1,1,1,"C12orf76"
0.153569874849297,-0.489489949426239,1,1,1,"CCDC124"
0.153569874849297,-0.437595389032477,1,1,1,"CCND1"
0.153569874849297,-1.1331583148207,1,1,1,"CCNF"
0.153569874849297,0.508758548535693,1,1,1,"CLIP1"
0.153569874849297,-0.474406634678981,1,1,1,"CORO1C"
0.153569874849297,-0.777996107436154,1,1,1,"DCTN2"
0.153569874849297,0.486479249061691,1,1,1,"ECPAS"
0.153569874849297,-0.356675848270889,1,1,1,"EIF3G"
0.153569874849297,-1.00770639517181,1,1,1,"ENTPD1"
0.153569874849297,-0.434720725020483,1,1,1,"EXOC5"
0.153569874849297,-1.24450608489909,1,1,1,"FANCD2"
0.153569874849297,-0.54705218315406,1,1,1,"FXYD5"
0.153569874849297,-0.764262058321973,1,1,1,"H2AZ1"
0.153569874849297,0.251642062773946,1,1,1,"HAPSTR1"
0.153569874849297,-0.802877730380871,1,1,1,"HMGA1"
0.153569874849297,-0.467668629644134,1,1,1,"LTO1"
0.153569874849297,0.455537418934387,1,1,1,"MARCHF6"
0.153569874849297,-0.336501149681354,1,1,1,"MDH1"
0.153569874849297,0.447402890038024,1,1,1,"MDM4"
0.153569874849297,0.376168082976956,1,1,1,"MIDEAS"
0.153569874849297,0.387786596119129,1,1,1,"NDUFS3"
0.153569874849297,-0.643936694919854,1,1,1,"NUP50"
0.153569874849297,-0.499114317821076,1,1,1,"PDCD6IP"
0.153569874849297,-0.499270056808964,1,1,1,"PEX16"
0.153569874849297,-0.469364901840862,1,1,1,"POLDIP2"
0.153569874849297,0.427813415949761,1,1,1,"PPA1"
0.153569874849297,0.375359277700148,1,1,1,"PRPF38B"
0.153569874849297,-0.434636142665905,1,1,1,"RAB11B"
0.153569874849297,-0.536905635204345,1,1,1,"RHOA"
0.153569874849297,-0.399045255908446,1,1,1,"RMDN1"
0.153569874849297,1.16654605501721,1,1,1,"RNF130"
0.153569874849297,0.140781804185265,1,1,1,"RNF135"
0.153569874849297,-0.486905104026624,1,1,1,"RNF5"
0.153569874849297,-0.565457363440067,1,1,1,"RPA3"
0.153569874849297,-0.367676317415055,1,1,1,"RPL22"
0.153569874849297,-0.398740634523968,1,1,1,"RTRAF"
0.153569874849297,-0.50551043946718,1,1,1,"SEC22C"
0.153569874849297,0.0933686174676129,1,1,1,"SETD3"
0.153569874849297,1.09769170584696,1,1,1,"SETD7"
0.153569874849297,1.36587222307543,1,1,1,"SFXN2"
0.153569874849297,0.620855166072493,1,1,1,"SLC35A3"
0.153569874849297,0.553580082534975,1,1,1,"SLC39A11"
0.153569874849297,-0.426317675824643,1,1,1,"SNRPA1"
0.153569874849297,-0.459708695677344,1,1,1,"SNRPC"
0.153569874849297,0.454488965285102,1,1,1,"SNW1"
0.153569874849297,0.617895680731443,1,1,1,"TKT"
0.153569874849297,-0.327397970602192,1,1,1,"TMEM258"
0.153569874849297,-0.463284688955743,1,1,1,"TMEM263"
0.153569874849297,0.4911615460699,1,1,1,"TTC32"
0.153569874849297,0.254430962511533,1,1,1,"UBQLN1"
0.153569874849297,-0.490943772809224,1,1,1,"UROS"
0.153569874849297,-0.39175633643835,1,1,1,"VPS26C"
0.153569874849297,0.434377774021748,1,1,1,"ZNF26"
0.153569874849297,0.56441629397384,1,1,1,"ZNF429"
0.154553229061424,2.90047088012048,0.714,0.625,1,"PLD6"
0.154660942662484,-0.786425152705494,0.786,0.812,1,"ARHGDIB"
0.154845920692906,0.922183953332269,0.786,0.812,1,"SMG8"
0.154876713689937,1.07658705713009,0.571,0.375,1,"ELAC1"
0.154876713689937,0.975325866376652,0.571,0.375,1,"KCTD15"
0.15487691998514,-1.40011328532425,0.571,0.75,1,"PIMREG"
0.155133014847925,-0.987003147569896,0.5,0.688,1,"SLC5A2"
0.155348593333192,0.302079717587566,0.786,0.5,1,"CMC4"
0.155348593333192,0.467588092681213,0.786,0.5,1,"KBTBD7"
0.155348593333192,1.18191575313378,0.786,0.5,1,"TESK2"
0.155348593333192,1.13383168056774,0.714,0.562,1,"CDS1"
0.156139941725044,0.671847537206292,0.929,0.938,1,"CCDC86"
0.156330489725897,-1.60048529065477,0.786,0.938,1,"RFFL"
0.15649311910952,1.17213481927311,0.929,0.812,1,"DCAF5"
0.15649311910952,0.534628684678265,0.929,0.812,1,"FMO5"
0.15649311910952,0.490586851976976,0.929,0.812,1,"MARCHF5"
0.15649311910952,0.844113087691628,0.929,0.812,1,"ZNF747"
0.15653968681294,-1.20476548912399,0.929,0.938,1,"EML3"
0.15653968681294,-0.55534623863279,0.929,0.938,1,"RNASEH2A"
0.158369951591112,-1.59829748001745,0.714,0.75,1,"NUF2"
0.158787273030151,-0.458938431927346,0.5,0.188,1,"DNAJC6"
0.158915382350105,1.09531440063791,0.857,0.625,1,"SERGEF"
0.158915382350105,-0.597194617862275,0.857,0.625,1,"SYK"
0.158915382350105,1.82513198542968,0.714,0.75,1,"CLN8"
0.160222565016082,0.186880505077223,0.929,0.5,1,"ESRP1"
0.160222565016082,0.691093917114737,0.786,0.625,1,"LRCH1"
0.160222565016082,0.812872799182744,0.786,0.625,1,"PARP12"
0.160509824207264,1.06547339522974,0.643,0.438,1,"IGSF8"
0.160531113872029,-0.9087396778558,0.5,0.812,1,"TMCO4"
0.160955724408178,0.776759591602174,0.714,0.438,1,"ANKRD16"
0.160955724408178,0.600272357736979,0.643,0.5,1,"SUSD1"
0.161335761427852,-1.11144313397668,0.714,0.875,1,"E2F7"
0.161335761427852,-0.493013672861192,0.714,0.875,1,"H1-4"
0.161361603340058,1.04443180692874,0.857,0.75,1,"SNAPC4"
0.161361603340058,0.564319968424844,0.857,0.75,1,"STX18"
0.161602033520563,1.113291654665,0.786,0.562,1,"ACOT1"
0.161602033520563,1.14890486629382,0.786,0.562,1,"ZC3H12A"
0.161602033520563,1.52597727038633,0.786,0.562,1,"ZNF184"
0.162112242812203,0.907015280475934,0.857,0.875,1,"TAF5L"
0.162220176461477,-0.667438224173639,0.714,1,1,"CD74"
0.162220176461477,-0.85710034926385,0.857,0.875,1,"MMS19"
0.162926930067818,-1.06021647255823,1,0.875,1,"CENPI"
0.162962962962963,1.41742648263542,0.286,0.062,1,"FBXL16"
0.16317628595403,-1.51816674474429,0.357,0.625,1,"MPND"
0.16320524980028,-0.666821505417542,0.714,0.812,1,"SASS6"
0.163342298578953,1.69848177801949,1,0.875,1,"ABCA5"
0.163342298578953,0.789161074970582,1,0.875,1,"ATG2B"
0.163342298578953,0.510598591686454,1,0.875,1,"FOXP4"
0.163342298578953,0.714652764797644,1,0.875,1,"NINJ1"
0.163342298578953,0.868331922931883,1,0.875,1,"TSTD1"
0.163350096537558,0.769201522560352,1,0.562,1,"SEZ6L2"
0.163350096537558,0.706949692991967,0.857,0.688,1,"ZNF14"
0.163350096537558,0.847592149844206,0.786,0.75,1,"HDDC2"
0.164066656042464,1.03737446238144,0.571,0.438,1,"ZNF565"
0.164291187739464,-2.66002771355252,0.071,0.312,1,"CCR10"
0.164384006826996,1.01305311291188,0.571,0.312,1,"ALDH3B2"
0.164384006826996,1.07958232628657,0.571,0.312,1,"MID2"
0.165056969279378,-0.463349532419358,0.643,1,1,"PRELID2"
0.165056969279378,-0.831389066329026,0.786,0.875,1,"GPX8"
0.165056969279378,-0.682481412705617,0.786,0.875,1,"TYW1"
0.165116698616636,0.584875215732969,1,0.688,1,"KLHL9"
0.165116698616636,1.59893318398916,1,0.688,1,"WWC1"
0.165116698616636,0.411347018811741,1,0.688,1,"ZNF587B"
0.165116698616636,1.21076856233684,0.929,0.75,1,"SLC25A23"
0.165116698616636,1.15281829828623,0.857,0.812,1,"SLC2A10"
0.165116698616636,1.05437113636302,0.857,0.812,1,"SLC41A1"
0.165160790777642,0.299465098955965,0.929,0.562,1,"DCLRE1B"
0.165845965905936,-1.75053929286684,0.143,0.375,1,"SMIM1"
0.165893908910698,-0.78841023920106,0.857,0.938,1,"DENND5A"
0.165893908910698,-1.42222695559205,0.857,0.938,1,"NUDT6"
0.165893908910698,-0.895416128675502,0.857,0.938,1,"SMARCD1"
0.165893908910698,-0.888782496496023,0.929,0.875,1,"DHRS7B"
0.165893908910698,-0.686292975200362,0.929,0.875,1,"POLR1E"
0.165893908910698,-0.95316013539408,0.929,0.875,1,"RAVER1"
0.165908005749448,0.276797012703015,1,0.812,1,"C2orf49"
0.165908005749448,0.566133673758865,1,0.812,1,"COPS7B"
0.165908005749448,1.65928473312117,1,0.812,1,"SYTL4"
0.165908005749448,1.62480771103798,0.929,0.875,1,"IQCK"
0.165908005749448,0.63939356767437,0.929,0.875,1,"IQSEC2"
0.165908005749448,0.677163406851477,0.929,0.875,1,"MCU"
0.165908005749448,0.652383805630931,0.929,0.875,1,"PFN2"
0.166108112094624,0.556581575490983,0.929,1,1,"AREL1"
0.166108112094624,-0.699563158812715,0.929,1,1,"FAH"
0.166108112094624,-0.284897173622519,0.929,1,1,"MRPL18"
0.166108112094624,-0.909140042087827,0.929,1,1,"PTAR1"
0.166108112094624,-0.718433435911064,0.929,1,1,"THOC1"
0.166108112094624,-0.429834734718593,0.929,1,1,"TMEM209"
0.166108112094624,0.198023105711181,1,0.938,1,"CARD14"
0.166108112094624,1.19803016431698,1,0.938,1,"FKBP14"
0.166108112094624,0.497785679492865,1,0.938,1,"KIF9"
0.166108112094624,-1.09791016850414,1,0.938,1,"LYN"
0.166108112094624,0.633454429847863,1,0.938,1,"MRPS26"
0.166108112094624,0.635943057959709,1,0.938,1,"NFKBIB"
0.166108112094624,-0.610985913583812,1,0.938,1,"TBC1D23"
0.166108112094624,0.0718726280364983,1,0.938,1,"TCF7L2"
0.166108112094624,-0.696302171506289,1,0.938,1,"TEN1"
0.166108112094624,-0.485914673024332,1,1,1,"AAK1"
0.166108112094624,0.11466542286063,1,1,1,"ABI1"
0.166108112094624,-0.312465722315832,1,1,1,"ACTN4"
0.166108112094624,-0.501944929674741,1,1,1,"ANP32B"
0.166108112094624,-0.817598553201828,1,1,1,"ANXA11"
0.166108112094624,-0.410375922583587,1,1,1,"ANXA2"
0.166108112094624,0.915245748898902,1,1,1,"ATG10"
0.166108112094624,0.273338488679644,1,1,1,"CCNDBP1"
0.166108112094624,0.329951039258465,1,1,1,"CETN2"
0.166108112094624,0.25158819901635,1,1,1,"CLASP1"
0.166108112094624,-0.597276807040952,1,1,1,"DDA1"
0.166108112094624,-0.273244523513965,1,1,1,"EIF4A1"
0.166108112094624,0.384776403431342,1,1,1,"EIF4A2"
0.166108112094624,-0.987415662622685,1,1,1,"ERC1"
0.166108112094624,0.394220144276291,1,1,1,"EVA1C"
0.166108112094624,-0.226208958022584,1,1,1,"FAU"
0.166108112094624,-0.553064346510713,1,1,1,"HMGN3"
0.166108112094624,-0.395554064030966,1,1,1,"HNRNPA3"
0.166108112094624,-0.703947699358918,1,1,1,"KIF23"
0.166108112094624,-0.590163912015125,1,1,1,"KIF5B"
0.166108112094624,0.032848577704522,1,1,1,"LPIN1"
0.166108112094624,0.497441233403428,1,1,1,"LTA4H"
0.166108112094624,0.447728650844425,1,1,1,"MICAL3"
0.166108112094624,1.25861215744034,1,1,1,"MINDY2"
0.166108112094624,0.963660466859724,1,1,1,"NBEAL1"
0.166108112094624,0.414819825401539,1,1,1,"NCBP2"
0.166108112094624,-0.702998714560287,1,1,1,"NKAPD1"
0.166108112094624,-0.881061353779309,1,1,1,"NUDCD2"
0.166108112094624,0.633509852603158,1,1,1,"PIGP"
0.166108112094624,-0.666253371518787,1,1,1,"PLCD3"
0.166108112094624,-0.301111599249386,1,1,1,"POP7"
0.166108112094624,-0.816009870844503,1,1,1,"PPP2R5C"
0.166108112094624,-0.430805388729692,1,1,1,"PYGB"
0.166108112094624,-0.522634984471503,1,1,1,"QRICH1"
0.166108112094624,0.583825154847822,1,1,1,"RIPK2"
0.166108112094624,-0.362985303622256,1,1,1,"RPS19"
0.166108112094624,0.636230880531914,1,1,1,"SAR1B"
0.166108112094624,0.568796721399224,1,1,1,"SCARB1"
0.166108112094624,-0.689938083262747,1,1,1,"SETD2"
0.166108112094624,-0.468723038070606,1,1,1,"SLC7A1"
0.166108112094624,-0.436318126280829,1,1,1,"SNRPD1"
0.166108112094624,-0.138229077417598,1,1,1,"STAT3"
0.166108112094624,1.11069170208547,1,1,1,"STXBP1"
0.166108112094624,-0.627552492768691,1,1,1,"TBCB"
0.166108112094624,1.34051085989898,1,1,1,"TCF12"
0.166108112094624,0.421469424702523,1,1,1,"TMEM126B"
0.166108112094624,-1.74270604014099,1,1,1,"TNFAIP8"
0.166108112094624,0.196761622703233,1,1,1,"TOR1AIP2"
0.166108112094624,-0.765697539143042,1,1,1,"TRMT6"
0.166108112094624,-0.33152848210188,1,1,1,"UBXN1"
0.166108112094624,-0.578272627366959,1,1,1,"UXT"
0.166108112094624,0.730142228246366,1,1,1,"VASP"
0.166108112094624,-0.520177448163351,1,1,1,"WBP11"
0.166108112094624,-1.26871630432682,1,1,1,"ZNF532"
0.166108112094624,0.31725056713771,1,1,1,"ZNG1E"
0.167321375431995,-1.16742882374646,0.786,0.812,1,"ADORA2B"
0.167449608529068,3.03612445553524,0.429,0.25,1,"MMP17"
0.167531879055312,1.5278092866333,0.643,0.562,1,"SLC9B1"
0.167830814554883,-0.778233480790831,0.5,0.75,1,"ITPRIP"
0.168252591970268,0.772269755116469,0.786,0.5,1,"MAP7"
0.168820838978514,1.72857548812208,0.571,0.375,1,"COL9A2"
0.168820838978514,1.16964804003335,0.571,0.375,1,"NOS1AP"
0.168873925610295,0.82359996833414,0.929,0.938,1,"ACSS1"
0.168873925610295,0.902200941262024,0.929,0.938,1,"COMMD10"
0.168873925610295,0.448296734288444,0.929,0.938,1,"MIMS1"
0.168873925610295,0.543402035400836,0.929,0.938,1,"NCOA1"
0.168873925610295,0.308945044460218,0.929,0.938,1,"PLEKHA7"
0.168873925610295,0.445491264881429,0.929,0.938,1,"TRIM47"
0.169024782414434,-1.88549273421028,0.786,0.938,1,"ESCO2"
0.169208577685702,0.779340124315309,0.929,0.812,1,"MTERF1"
0.169208577685702,0.568490362959804,0.929,0.812,1,"TFAP2C"
0.169208577685702,0.197734654896173,0.929,0.812,1,"ZKSCAN5"
0.169289294121429,-0.746920377402614,0.929,0.938,1,"BRF2"
0.169289294121429,-0.664511597743143,0.929,0.938,1,"CENATAC"
0.169289294121429,-0.819595931911525,0.929,0.938,1,"CKAP2"
0.169289294121429,-0.719693583267094,0.929,0.938,1,"CWC22"
0.170292631462047,1.65270841714345,0.357,0.188,1,"FAM117A"
0.170292631462047,4.0098519771789,0.357,0.188,1,"THEMIS2"
0.171821155125911,1.18481599728533,0.857,0.625,1,"ALDH5A1"
0.171821155125911,-0.680200629683042,0.857,0.625,1,"ASTE1"
0.171821155125911,0.46269882453643,0.857,0.625,1,"POLA1"
0.171821155125911,0.329218705257055,0.857,0.625,1,"SLC27A3"
0.171954022988506,3.75179758845027,0.286,0.125,1,"MRPL45"
0.173038007999784,-0.806260394081954,0.714,0.688,1,"CDCA5"
0.173298792640144,0.719531827306812,0.786,0.625,1,"ARHGAP39"
0.173298792640144,1.13836799571461,0.714,0.688,1,"ENPP4"
0.173423587483863,0.0256617128361164,0.643,0.312,1,"CARD9"
0.173687892895657,-1.43034808583101,0.643,0.688,1,"TCF20"
0.173812096359801,-1.69324217488292,0.429,0.688,1,"LIME1"
0.173812096359801,-1.07099558640007,0.429,0.688,1,"ZNF749"
0.174271584537969,1.17034405136691,0.643,0.438,1,"MGMT"
0.174362739510878,-1.0724192006772,0.857,0.75,1,"SMTN"
0.174408702081709,0.301174336148442,0.857,0.75,1,"DENND4A"
0.174408702081709,0.860914618609105,0.857,0.75,1,"HID1"
0.174408702081709,0.385270394374799,0.857,0.75,1,"PGAP6"
0.174444294880424,0.90969573191522,0.714,0.438,1,"PODXL2"
0.174444294880424,0.954445297854235,0.714,0.438,1,"SCO2"
0.174444294880424,1.20594843307115,0.643,0.5,1,"CLDN3"
0.17516327491569,-0.0370235007403544,0.857,0.875,1,"CFAP20DC"
0.175974001303442,-0.710033619395958,1,0.875,1,"TTC9C"
0.176356266311289,-0.747323440287814,0.214,0.5,1,"HIRA"
0.176385780278076,-0.752601829218724,0.714,0.812,1,"ASF1B"
0.176385780278076,-0.934766513477403,0.714,0.812,1,"CDKN2D"
0.176385780278076,-0.545850581263382,0.786,0.75,1,"LRRC8D"
0.176404388105226,0.489159410102312,1,0.875,1,"EXOC3"
0.176404388105226,0.508763034915755,1,0.875,1,"NRBP2"
0.176404388105226,0.539361869971457,1,0.875,1,"PIAS4"
0.176404388105226,0.538427366687381,1,0.875,1,"STK35"
0.176404388105226,0.457127836488472,1,0.875,1,"TRAFD1"
0.176523035351949,0.430967626492986,0.857,0.688,1,"TGDS"
0.176523035351949,1.08964392311199,0.786,0.75,1,"OAF"
0.176991504247876,0.548442252434127,0.5,0.25,1,"PLCD1"
0.178110009322825,0.732508209032554,0.643,0.375,1,"AUTS2"
0.178110009322825,1.1392526473826,0.643,0.375,1,"CCDC183"
0.178292814377125,-0.612649046777039,0.857,0.812,1,"MOSMO"
0.178292814377125,-1.14333284404158,0.857,0.812,1,"PHF19"
0.178348390304332,1.7345007868498,0.786,0.875,1,"FBXO44"
0.178348390304332,1.11011007656939,0.857,0.812,1,"ENO3"
0.178348390304332,1.12872959490607,0.857,0.812,1,"MTFR1"
0.178348390304332,1.46485170975232,0.857,0.812,1,"ZNF514"
0.178505229669307,0.690691113535215,0.786,0.688,1,"PSTPIP2"
0.178631441073409,-1.04407121066643,0.643,0.812,1,"FECH"
0.178631441073409,-0.981681957485743,0.643,0.812,1,"PDF"
0.178766523171163,1.89152610167264,0.571,0.312,1,"ANO9"
0.178766523171163,0.66718927558512,0.571,0.312,1,"BTG2"
0.178766523171163,0.0138653999160401,0.571,0.312,1,"DRC10"
0.178766523171163,0.270594618814134,0.571,0.312,1,"MEGF6"
0.178766523171163,0.845637048990426,0.571,0.312,1,"NFATC4"
0.178979818656204,0.660229768388702,0.714,0.375,1,"CNFN"
0.179154784492859,-0.8082741268008,0.786,1,1,"RPAP1"
0.179154784492859,-0.975397709508445,0.857,0.938,1,"FAM193A"
0.179154784492859,-0.71934880983036,0.857,0.938,1,"NDC80"
0.179154784492859,-1.07549654129152,0.929,0.875,1,"INPP5F"
0.179154784492859,-0.872785173371467,0.929,0.875,1,"SPA17"
0.179167946126696,0.125745814993247,1,0.812,1,"DCLK1"
0.179167946126696,0.390538509199922,1,0.812,1,"NADK2"
0.179167946126696,0.471871564828487,1,0.812,1,"PKP3"
0.179167946126696,0.82925029044584,1,0.812,1,"UBE2H"
0.179167946126696,0.808300361592041,0.929,0.875,1,"CIC"
0.179167946126696,0.417338133669311,0.929,0.875,1,"CRELD2"
0.179167946126696,0.557979150222281,0.929,0.875,1,"PWWP2A"
0.179167946126696,0.574113685478498,0.929,0.875,1,"SPICE1"
0.179310344827586,2.1552708584193,0.214,0.062,1,"GAS2"
0.179310344827586,1.59977406808946,0.214,0.062,1,"KIF5C"
0.179310344827587,2.96417351906822,0.214,0,1,"BAG6"
0.179310344827587,3.25097146139672,0.214,0,1,"GDF9"
0.179310344827587,3.02855599790507,0.214,0,1,"MIP"
0.179310344827587,3.19455332442952,0.214,0,1,"STC2"
0.179310344827587,2.7087949208722,0.214,0,1,"TRIM59-IFT80"
0.179374200068868,-0.696933389368272,0.929,1,1,"ARID4A"
0.179374200068868,-0.530424630947082,0.929,1,1,"ARL4A"
0.179374200068868,0.372657905665601,0.929,1,1,"CAB39"
0.179374200068868,-0.516396051866258,0.929,1,1,"ERLIN1"
0.179374200068868,-0.719580943880461,0.929,1,1,"GBE1"
0.179374200068868,0.653737529461807,0.929,1,1,"LMBR1L"
0.179374200068868,-0.525222227054333,0.929,1,1,"PDLIM7"
0.179374200068868,-0.679695338715533,0.929,1,1,"RHOG"
0.179374200068868,-0.429087541293864,0.929,1,1,"SNAPC5"
0.179374200068868,-0.0289355549406878,0.929,1,1,"ZNF444"
0.179374200068868,0.883219425655843,1,0.938,1,"ARID2"
0.179374200068868,0.3836447876008,1,0.938,1,"CAPN10"
0.179374200068868,0.562230366426866,1,0.938,1,"CDKAL1"
0.179374200068868,0.624793811617223,1,0.938,1,"COMMD5"
0.179374200068868,0.60341157048365,1,0.938,1,"DPH1"
0.179374200068868,2.25945896419546,1,0.938,1,"DYRK1A"
0.179374200068868,0.412781374858632,1,0.938,1,"EXOSC2"
0.179374200068868,0.824951144426145,1,0.938,1,"FBXO11"
0.179374200068868,-0.999248144204329,1,0.938,1,"FSCN1"
0.179374200068868,0.29495272108857,1,0.938,1,"GALNT6"
0.179374200068868,0.68472314170237,1,0.938,1,"HIVEP1"
0.179374200068868,0.92282686819655,1,0.938,1,"MIA3"
0.179374200068868,0.885784187082387,1,0.938,1,"NFIA"
0.179374200068868,0.687292771850433,1,0.938,1,"PAXBP1"
0.179374200068868,-0.500287026886804,1,0.938,1,"POLE4"
0.179374200068868,1.18350267246531,1,0.938,1,"PROM2"
0.179374200068868,-0.562805217206365,1,0.938,1,"RGS3"
0.179374200068868,0.576272583287797,1,0.938,1,"SCYL2"
0.179374200068868,0.638808184652656,1,0.938,1,"TCTN1"
0.179374200068868,0.531897021875454,1,0.938,1,"TIMM23B"
0.179374200068868,0.712385042238665,1,0.938,1,"TP53BP1"
0.179374200068868,0.21525811059878,1,1,1,"ACTG1"
0.179374200068868,-0.47263161560018,1,1,1,"ACTN1"
0.179374200068868,0.749085401999618,1,1,1,"AFTPH"
0.179374200068868,-0.559090467370446,1,1,1,"ARHGDIA"
0.179374200068868,-0.666093884526185,1,1,1,"ARL2BP"
0.179374200068868,0.869827494018653,1,1,1,"ATXN3"
0.179374200068868,0.234570797231445,1,1,1,"CDK4"
0.179374200068868,-0.25272900073235,1,1,1,"CHMP1A"
0.179374200068868,0.717799361915215,1,1,1,"CLN5"
0.179374200068868,0.796600225636543,1,1,1,"CLU"
0.179374200068868,1.46232325843263,1,1,1,"CREBBP"
0.179374200068868,0.215358806431642,1,1,1,"CUL1"
0.179374200068868,0.381702354013816,1,1,1,"DDX6"
0.179374200068868,0.427759642542982,1,1,1,"DPF2"
0.179374200068868,0.4317487851251,1,1,1,"ERCC1"
0.179374200068868,-0.533324601933994,1,1,1,"FAM53C"
0.179374200068868,0.673384003464804,1,1,1,"GOLGA3"
0.179374200068868,0.650794165535596,1,1,1,"GOLGB1"
0.179374200068868,0.423573780264869,1,1,1,"HIKESHI"
0.179374200068868,-0.377411939080726,1,1,1,"HM13"
0.179374200068868,-0.694639902035337,1,1,1,"HP1BP3"
0.179374200068868,-0.423426515267941,1,1,1,"HSP90B1"
0.179374200068868,-0.233934977329771,1,1,1,"IMMT"
0.179374200068868,0.121946317161287,1,1,1,"LIMS1"
0.179374200068868,-0.401323670830598,1,1,1,"LMNA"
0.179374200068868,0.708428534558625,1,1,1,"METTL2B"
0.179374200068868,-0.748207102772206,1,1,1,"MRPL24"
0.179374200068868,-0.68273847252725,1,1,1,"NCOR1"
0.179374200068868,1.1365016388498,1,1,1,"NEDD4"
0.179374200068868,-0.673213783113472,1,1,1,"NFATC2IP"
0.179374200068868,0.437977594555991,1,1,1,"NPEPL1"
0.179374200068868,-0.533053265614567,1,1,1,"NUDT3"
0.179374200068868,0.471903638475877,1,1,1,"OGFOD3"
0.179374200068868,0.473708583884007,1,1,1,"PERP"
0.179374200068868,-0.151168096232269,1,1,1,"PLCG2"
0.179374200068868,0.3332454086441,1,1,1,"PRKAA1"
0.179374200068868,0.530427222124877,1,1,1,"RAB3D"
0.179374200068868,-0.604687569086761,1,1,1,"RALY"
0.179374200068868,0.500155590421117,1,1,1,"RASEF"
0.179374200068868,0.562795161435024,1,1,1,"RBBP5"
0.179374200068868,-0.641038871306735,1,1,1,"RPS7"
0.179374200068868,0.924033867199384,1,1,1,"SCD5"
0.179374200068868,0.702878667215698,1,1,1,"SEPTIN9"
0.179374200068868,-0.331325565612486,1,1,1,"SRSF9"
0.179374200068868,-0.653458462672585,1,1,1,"TAX1BP3"
0.179374200068868,-0.355990741516203,1,1,1,"TBCA"
0.179374200068868,0.466651400245586,1,1,1,"TMEM248"
0.179374200068868,-0.782273189282011,1,1,1,"TPCN2"
0.179374200068868,-0.0595921056872726,1,1,1,"TPT1"
0.179374200068868,-0.425926701740509,1,1,1,"TTC7B"
0.179374200068868,0.32438578580738,1,1,1,"U2AF2"
0.179374200068868,0.19906221342758,1,1,1,"UBR5"
0.179374200068868,0.323744230885403,1,1,1,"USP34"
0.179374200068868,-0.487031438003198,1,1,1,"WDR46"
0.179374200068868,1.09650429641526,1,1,1,"XPNPEP3"
0.179374200068868,0.362947313159263,1,1,1,"ZNF260"
0.179374200068868,-0.250959806440574,1,1,1,"ZNF264"
0.180137299771167,-1.31100195487625,0.286,0.5,1,"NRGN"
0.180718034515594,-0.858681041823405,0.786,0.812,1,"CLCF1"
0.180840051250606,0.810893483238766,0.929,0.688,1,"DNAL4"
0.18098561314458,1.15066871284481,0.857,0.5,1,"H2BC5"
0.181314984062836,0.124911605338029,0.786,0.438,1,"TGFA"
0.181950675848866,0.536611140762679,0.786,0.5,1,"C2orf76"
0.181950675848866,0.869468089133608,0.786,0.5,1,"IFITM1"
0.181950675848866,1.53555594668034,0.714,0.562,1,"ABHD14A"
0.182344012032512,0.606562043335892,0.929,0.938,1,"BBS2"
0.182344012032512,0.821441500142926,0.929,0.938,1,"BLVRB"
0.182344012032512,0.53496353889144,0.929,0.938,1,"LINS1"
0.182344012032512,-0.475262495493622,0.929,0.938,1,"S1PR3"
0.182344012032512,-0.192069133688485,0.929,0.938,1,"ZNF558"
0.182447682247628,-1.14046463324149,0.786,0.938,1,"SLC25A40"
0.182447682247628,-0.58111483011513,0.786,0.938,1,"ZBTB5"
0.182653000984888,0.788166204459579,0.929,0.812,1,"C6orf141"
0.182653000984888,-0.344580478049413,0.929,0.812,1,"DHFR2"
0.182653000984888,0.985874534129404,0.929,0.812,1,"LIN7B"
0.182653000984888,0.682554678885097,0.929,0.812,1,"SLC66A3"
0.182774398834295,-0.525114677281533,0.929,0.938,1,"GOLM1"
0.183776195837408,0.721188579306457,0.571,0.375,1,"S100A9"
0.185001066718103,-0.842420394539116,0.571,0.875,1,"DEPDC1B"
0.185001066718103,-0.835266125902929,0.714,0.75,1,"CDC45"
0.185001066718103,-0.930375333681633,0.714,0.75,1,"PSMC3IP"
0.18544061302682,-0.082041156332297,0.357,0.125,1,"BMF"
0.18544061302682,2.63236563530341,0.357,0.125,1,"DENND1C"
0.18544061302682,1.64135506522816,0.357,0.125,1,"MSMP"
0.185481968338156,0.337990029921042,0.857,0.625,1,"NECTIN4"
0.185481968338156,0.585919664065559,0.857,0.625,1,"SAAL1"
0.186889589261097,-0.615219912196117,0.571,0.812,1,"CCDC174"
0.186889589261097,-1.11650080378366,0.643,0.75,1,"CDCA2"
0.187126319880995,-0.109748278727904,0.929,0.5,1,"SBF1"
0.187126319880995,0.693991983556574,0.786,0.625,1,"BIK"
0.187126319880995,0.973742296591104,0.786,0.625,1,"MIB2"
0.188079293686491,1.73006412106486,0.5,0.312,1,"ENPP5"
0.188139793192499,-0.68874226025078,0.714,0.875,1,"HARS2"
0.188207375500417,0.804454656235879,0.857,0.75,1,"DCPS"
0.188207375500417,0.762121109239524,0.857,0.75,1,"SHROOM1"
0.18869790422986,-0.155837732621889,0.714,0.438,1,"ARHGEF37"
0.18869790422986,0.78646492620832,0.714,0.438,1,"RHPN1"
0.18869790422986,0.892860134859623,0.643,0.5,1,"H4C8"
0.18869790422986,0.810450856257012,0.643,0.5,1,"THTPA"
0.188761731965115,0.986809584319365,0.643,0.438,1,"EFNA3"
0.188761731965115,1.00108486579274,0.643,0.438,1,"PCDH1"
0.188761731965115,0.861791457842698,0.643,0.438,1,"RALGAPA2"
0.188961288189755,0.450911826276997,0.857,0.875,1,"OCEL1"
0.188961288189755,0.782369510432234,0.857,0.875,1,"STXBP4"
0.189119984211541,-0.891550679527767,0.714,1,1,"IDNK"
0.189119984211541,-0.35617437843291,0.857,0.875,1,"CASP9"
0.189119984211541,-1.15160931259155,0.857,0.875,1,"PPP2R5D"
0.189119984211541,-0.980156861225492,0.857,0.875,1,"PTTG1"
0.189762112407848,-0.519428463545948,0.857,1,1,"BIRC2"
0.189762112407848,-0.381537551412916,0.857,1,1,"CCDC167"
0.189762112407848,-0.941640411057591,0.857,1,1,"WDR83"
0.190206554789341,0.800562467787074,0.857,1,1,"REPS2"
0.190206554789341,1.54604686366502,1,0.875,1,"FOXO3"
0.190206554789341,0.169464159789185,1,0.875,1,"MAPK13"
0.190206554789341,1.68726906829957,1,0.875,1,"NOL4L"
0.190206554789341,0.652139706195237,1,0.875,1,"OSTM1"
0.190206554789341,0.681072087338118,1,0.875,1,"RSPH3"
0.190206554789341,0.737051074179781,1,0.875,1,"SOX9"
0.190206554789341,0.332827250396121,1,0.875,1,"SPATA2"
0.190206554789341,-0.443077493939228,1,0.875,1,"SPIRE1"
0.190206554789341,0.573181806042119,1,0.875,1,"ZNF226"
0.190206554789341,0.346297906607099,1,0.875,1,"ZNF70"
0.190322822764744,-1.00403504223136,0.714,0.812,1,"MEPCE"
0.190322822764744,-1.90040783880186,0.714,0.812,1,"ORC3"
0.190322822764744,-1.08291881983723,0.786,0.75,1,"PRH1"
0.190447081240941,0.311348488556325,0.929,0.625,1,"RTL6"
0.190447081240941,1.19931420251061,0.857,0.688,1,"ANKRD46"
0.190447081240941,0.912794481907709,0.857,0.688,1,"LNX2"
0.190447081240941,0.964088700129962,0.857,0.688,1,"OCRL"
0.190447081240941,0.00280242937053332,0.857,0.688,1,"PIK3CD"
0.190447081240941,0.464483730359828,0.857,0.688,1,"RRS1"
0.190447081240941,0.382318224622937,0.857,0.688,1,"TADA1"
0.192275338079154,-1.33151595388284,0.786,0.875,1,"CCDC150"
0.192275338079154,-0.776092559832292,0.857,0.812,1,"CASP7"
0.192275338079154,-1.53266970525101,0.857,0.812,1,"CC2D1B"
0.192275338079154,-0.701067564574184,0.857,0.812,1,"PHF23"
0.192327503259035,0.661943840262161,0.929,0.75,1,"ZNF606"
0.192327503259035,0.760519383756895,0.857,0.812,1,"DTNB"
0.192327503259035,1.4208865161142,0.857,0.812,1,"MAP3K5"
0.192327503259035,1.50073125447919,0.857,0.812,1,"SLC25A53"
0.192626383746551,-0.040943275769596,0.929,0.562,1,"NOXA1"
0.192740822571171,-0.957825749822836,0.643,0.812,1,"ARHGAP19"
0.192866731408978,0.925836769086059,0.643,0.375,1,"GRB7"
0.192866731408978,1.58507203303812,0.571,0.438,1,"POLR3B"
0.193160454516464,-1.32110567503485,0.929,0.875,1,"AURKA"
0.193160454516464,-0.693433824745067,0.929,0.875,1,"TRMT61A"
0.193172873487577,0.426852946056377,1,0.812,1,"TPRA1"
0.193172873487577,1.09431623878915,0.929,0.875,1,"CCL28"
0.193172873487577,0.467489548535464,0.929,0.875,1,"CLCN6"
0.193172873487577,0.799205575434733,0.929,0.875,1,"RIMOC1"
0.193172873487577,0.172443680803533,0.929,0.875,1,"TAMM41"
0.193172873487577,0.32353477265898,0.929,0.875,1,"TUFT1"
0.193303348325837,1.50203783095,0.429,0.188,1,"CDKN2B"
0.193303348325837,2.10741017391172,0.429,0.188,1,"CFAP298-TCP10L"
0.193387736816146,-0.459510962320336,0.929,1,1,"EXT2"
0.193387736816146,-0.826846264252854,0.929,1,1,"LGALS1"
0.193387736816146,-0.753100283397846,0.929,1,1,"LRCH4"
0.193387736816146,-1.57521316504908,0.929,1,1,"MAST4"
0.193387736816146,-0.900412521911377,0.929,1,1,"METTL16"
0.193387736816146,-0.51073253681646,0.929,1,1,"MRPL28"
0.193387736816146,-0.503803232189435,0.929,1,1,"NRAS"
0.193387736816146,-0.693698733894917,0.929,1,1,"PDPR"
0.193387736816146,-0.817552237147434,0.929,1,1,"WWOX"
0.193387736816146,-0.725281958421277,1,0.938,1,"C2orf69"
0.193387736816146,-0.453603563736212,1,0.938,1,"CLIC4"
0.193387736816146,-0.96079093102815,1,0.938,1,"CNTROB"
0.193387736816146,0.507122389009036,1,0.938,1,"ECD"
0.193387736816146,0.474466453460423,1,0.938,1,"GMPS"
0.193387736816146,0.58101120058978,1,0.938,1,"HADH"
0.193387736816146,1.14176716381505,1,0.938,1,"HERC1"
0.193387736816146,0.936505614867464,1,0.938,1,"ISG15"
0.193387736816146,1.16544112260883,1,0.938,1,"MAPK3"
0.193387736816146,0.497823309448613,1,0.938,1,"NHLRC3"
0.193387736816146,0.456524117513713,1,0.938,1,"PDP2"
0.193387736816146,-0.501596563972266,1,0.938,1,"PIP4P1"
0.193387736816146,0.873252168006787,1,0.938,1,"PRIM2"
0.193387736816146,-0.792718474916441,1,0.938,1,"REX1BD"
0.193387736816146,0.763642761314812,1,0.938,1,"SGK3"
0.193387736816146,-0.638490535517763,1,0.938,1,"TACC3"
0.193387736816146,0.425930727562125,1,0.938,1,"TARS2"
0.193387736816146,0.419298094279338,1,0.938,1,"TGIF2"
0.193387736816146,0.573692606413459,1,0.938,1,"UBR1"
0.193387736816146,0.256953021135939,1,0.938,1,"ZNF160"
0.193387736816146,-0.414679137406189,1,1,1,"AAMDC"
0.193387736816146,0.56661636410225,1,1,1,"ACADSB"
0.193387736816146,0.921552969072526,1,1,1,"ACER3"
0.193387736816146,-0.196182584342587,1,1,1,"ACTB"
0.193387736816146,-0.400906275453177,1,1,1,"ADRM1"
0.193387736816146,1.25137040430033,1,1,1,"ANKEF1"
0.193387736816146,0.496435871909131,1,1,1,"ARFRP1"
0.193387736816146,-1.11457408735504,1,1,1,"ARL6IP1"
0.193387736816146,0.277058882741709,1,1,1,"ATP6V1G1"
0.193387736816146,0.874608087883222,1,1,1,"BBIP1"
0.193387736816146,0.982832729363519,1,1,1,"BCAM"
0.193387736816146,0.809895662290963,1,1,1,"CACUL1"
0.193387736816146,-0.412720702273095,1,1,1,"CARHSP1"
0.193387736816146,-0.254195224670097,1,1,1,"CISD2"
0.193387736816146,0.788198378800314,1,1,1,"ELAPOR1"
0.193387736816146,1.02547471902587,1,1,1,"EP300"
0.193387736816146,-0.470248941023876,1,1,1,"ETFB"
0.193387736816146,-1.34374114292546,1,1,1,"FAM219B"
0.193387736816146,0.418159715589302,1,1,1,"GCC2"
0.193387736816146,-0.530793376726517,1,1,1,"GET4"
0.193387736816146,0.605301814493007,1,1,1,"HIF1A"
0.193387736816146,-0.35309658797657,1,1,1,"IGHMBP2"
0.193387736816146,-0.618770056194801,1,1,1,"KCTD18"
0.193387736816146,0.254222572993557,1,1,1,"KIDINS220"
0.193387736816146,-0.564474153098539,1,1,1,"KREMEN1"
0.193387736816146,0.535328986965021,1,1,1,"LAMTOR3"
0.193387736816146,-0.983921655464973,1,1,1,"MAP1S"
0.193387736816146,0.487280655439764,1,1,1,"MAZ"
0.193387736816146,0.645567673386598,1,1,1,"MED25"
0.193387736816146,-1.44013643821325,1,1,1,"MPRIP"
0.193387736816146,0.578361712136172,1,1,1,"NAA35"
0.193387736816146,-0.486103545391624,1,1,1,"PLIN3"
0.193387736816146,-0.307890558826962,1,1,1,"PNPT1"
0.193387736816146,-0.955761924728882,1,1,1,"PRR11"
0.193387736816146,-0.688996167860513,1,1,1,"PSIP1"
0.193387736816146,-0.260971372535785,1,1,1,"PSMA5"
0.193387736816146,-0.637611799784928,1,1,1,"PTCD3"
0.193387736816146,0.58383331359704,1,1,1,"PTGR2"
0.193387736816146,0.701739144630063,1,1,1,"R3HDM1"
0.193387736816146,0.35773061646587,1,1,1,"RBM4"
0.193387736816146,0.250712736523555,1,1,1,"RFK"
0.193387736816146,-0.902934458190887,1,1,1,"RFWD3"
0.193387736816146,0.579666414327336,1,1,1,"RNF19A"
0.193387736816146,-0.425273259232362,1,1,1,"RPAIN"
0.193387736816146,-0.341300378175458,1,1,1,"RPL21"
0.193387736816146,-0.440251771990023,1,1,1,"RPS19BP1"
0.193387736816146,0.526125672420114,1,1,1,"RUNX1"
0.193387736816146,0.860934044465514,1,1,1,"S100PBP"
0.193387736816146,-0.443099012731613,1,1,1,"SDHD"
0.193387736816146,-0.327128022011552,1,1,1,"SEM1"
0.193387736816146,0.53721129901707,1,1,1,"SHARPIN"
0.193387736816146,0.176420766608786,1,1,1,"SRRM2"
0.193387736816146,0.179991170286341,1,1,1,"SSTR2"
0.193387736816146,-0.751292406363611,1,1,1,"SUGP2"
0.193387736816146,0.169861839593667,1,1,1,"THEM4"
0.193387736816146,-0.732013486128294,1,1,1,"TOGARAM1"
0.193387736816146,-0.429125348299091,1,1,1,"TOMM22"
0.193387736816146,0.481691456400564,1,1,1,"TRIP11"
0.193387736816146,0.788946480662345,1,1,1,"TRPM4"
0.193387736816146,-0.78974151279612,1,1,1,"TUBA1B"
0.193387736816146,-0.436066767842653,1,1,1,"TUBG1"
0.193387736816146,-0.425861880984826,1,1,1,"UQCRC1"
0.193387736816146,0.915002471666577,1,1,1,"VKORC1L1"
0.193387736816146,0.480509044232176,1,1,1,"ZC3H11A"
0.193387736816146,0.587189227126533,1,1,1,"ZFP36L1"
0.193387736816146,0.122688985939143,1,1,1,"ZFX"
0.193387736816146,-0.395631303329327,1,1,1,"ZNF37A"
0.193387736816146,0.479806743051765,1,1,1,"ZNF587"
0.193648934046909,0.669193786569662,0.714,0.375,1,"PAK6"
0.193648934046909,2.1143484807334,0.571,0.5,1,"ZFYVE28"
0.194389121228859,1.3499379919496,0.571,0.312,1,"PPP1R3D"
0.194662668665667,1.78226107954422,0.5,0.25,1,"MAPRE3"
0.194876816837539,-0.705799056344084,0.786,0.812,1,"IKBIP"
0.195354307710266,0.172274775122896,0.857,0.5,1,"DIP2C-AS1"
0.195354307710266,0.105684906920128,0.857,0.5,1,"IFTAP"
0.195817908039444,-1.15149145429154,0.571,0.75,1,"FRMD5"
0.196060401171963,-1.4222136457464,0.5,0.75,1,"NEIL3"
0.196414252454096,0.499341195996185,0.786,0.5,1,"DDX20"
0.196414252454096,0.662099391748174,0.786,0.5,1,"NHEJ1"
0.196414252454096,1.08900373261182,0.714,0.562,1,"H2BC4"
0.196414252454096,0.87112788234585,0.714,0.562,1,"PLS1"
0.196568918842952,1.00882485989144,0.929,0.938,1,"C1GALT1"
0.196568918842952,1.57820922789198,0.929,0.938,1,"OTULIN"
0.196849411551534,0.282869681648578,0.929,0.812,1,"AP5B1"
0.196849411551534,0.47546227028621,0.929,0.812,1,"MRPL39"
0.196849411551534,0.314913302302839,0.929,0.812,1,"SPATA13"
0.196849411551534,0.378344246385625,0.929,0.812,1,"XAB2"
0.196849411551534,0.954149072978664,0.929,0.812,1,"ZNF563"
0.197013361224445,-0.789513136666089,0.929,0.938,1,"BAP1"
0.197013361224445,-0.617185951214703,0.929,0.938,1,"DNAAF9"
0.197013361224445,-0.967486240746764,0.929,0.938,1,"EDC4"
0.197013361224445,-0.788733137685051,0.929,0.938,1,"EEF1AKMT2"
0.197013361224445,-0.471545142563431,0.929,0.938,1,"EEF1AKMT3"
0.197013361224445,-0.67711199154681,0.929,0.938,1,"FLYWCH1"
0.197013361224445,-0.542936790886445,0.929,0.938,1,"GMNN"
0.201516909244036,-0.646610692002465,0.5,0.875,1,"BORA"
0.201516909244036,-1.51330096687494,0.643,0.75,1,"CHST14"
0.201516909244036,-0.780484345726969,0.714,0.688,1,"CLUL1"
0.201733904289685,0.378168922280092,0.857,0.562,1,"GPD1L"
0.201733904289685,1.02344658977186,0.857,0.562,1,"PON3"
0.202760044126545,0.987825555217912,0.857,0.75,1,"NAGLU"
0.203045144094619,-2.10170279895198,0.571,0.625,1,"FAM169A"
0.20339745503925,0.508797125392491,0.786,0.562,1,"SLC2A11"
0.20339745503925,0.367580060627494,0.786,0.562,1,"TMEM117"
0.203518536569349,0.961880838920726,0.857,0.875,1,"EFHD1"
0.203518536569349,0.81836426439168,0.857,0.875,1,"SETDB2"
0.203518536569349,1.06355686981659,0.857,0.875,1,"ZBTB10"
0.203518536569349,0.831848902319889,0.857,0.875,1,"ZNF330"
0.204109173483434,0.871602206178299,0.643,0.438,1,"DDR1"
0.204109173483434,1.09512146892207,0.643,0.438,1,"ITPKC"
0.204303627340097,-0.214361217458082,0.857,1,1,"RUSF1"
0.204303627340097,-0.93520938838336,1,0.875,1,"NUSAP1"
0.204342273307791,-2.37290807328306,0.071,0.25,1,"PEDS1-UBE2V1"
0.204761135084333,0.933169426077874,1,0.875,1,"CCDC200"
0.204761135084333,0.370031294809607,1,0.875,1,"POLM"
0.204761135084333,-0.156011334339108,1,0.875,1,"PPARGC1B"
0.204761135084333,0.14328023111355,1,0.875,1,"RPGRIP1L"
0.204761135084333,1.276646938338,1,0.875,1,"TFAP2A"
0.204761135084333,0.5206412979522,1,0.875,1,"TUT7"
0.20502549550818,-1.28181886622434,0.857,0.688,1,"TADA2A"
0.20502549550818,-1.05883967065722,0.714,0.812,1,"CENPW"
0.20503073540629,0.304565711208625,0.714,0.5,1,"NAT14"
0.20503073540629,3.81373881440642,0.714,0.5,1,"RBP1"
0.205039234768581,1.68376585358833,0.5,0.312,1,"C5orf34"
0.205039234768581,2.03663779337091,0.5,0.312,1,"POU2F2"
0.205139067892954,1.00908711578507,0.929,0.625,1,"ZFP62"
0.205139067892954,0.758362485687452,0.857,0.688,1,"GPR160"
0.205139067892954,0.975778642153429,0.714,0.812,1,"ANKRD18A"
0.207024344724782,-0.821889055811932,0.786,0.875,1,"RBL2"
0.207041137154161,-1.00122173916566,0.357,0.562,1,"ZNF35"
0.207071187488471,0.8919526396799,0.929,0.75,1,"ATG16L1"
0.207071187488471,0.366520118291095,0.929,0.75,1,"ZNF543"
0.207071187488471,0.679022507687188,0.786,0.875,1,"ANKRD39"
0.207071187488471,2.12784397467704,0.786,0.875,1,"ZNF808"
0.207071187488471,0.674129648406677,0.857,0.812,1,"NKIRAS1"
0.207071187488471,0.263380363352909,0.857,0.812,1,"PRKCD"
0.207511517718953,0.290951550705458,0.929,0.562,1,"ABCA7"
0.207511517718953,0.923253104556061,0.786,0.688,1,"CCDC191"
0.207607527505597,-0.22635393720332,0.643,0.812,1,"ZNF433"
0.207847655119809,0.356831816262368,0.571,0.25,1,"C20orf204"
0.207918263090677,3.42716435534961,0.286,0.062,1,"LCP1"
0.207929870633998,-1.00344845974094,1,0.812,1,"SVIP"
0.207929870633998,-1.25778566466067,0.857,0.938,1,"GSTCD"
0.207929870633998,-0.587527582295684,0.857,0.938,1,"SRGAP2C"
0.207929870633998,-0.824291888399773,0.857,0.938,1,"TRAM2"
0.207929870633998,-1.44164970807056,0.929,0.875,1,"CHSY1"
0.207929870633998,-0.742049319904134,0.929,0.875,1,"CTNNAL1"
0.207941134351985,0.210314990116561,1,0.812,1,"MRI1"
0.207941134351985,0.812294434870908,1,0.812,1,"PDIA5"
0.207941134351985,0.184626133967793,1,0.812,1,"SLC35E4"
0.207941134351985,1.54060566825444,0.857,0.938,1,"HES2"
0.207941134351985,0.645909912307801,0.929,0.875,1,"DRC3"
0.207941134351985,0.789958441286256,0.929,0.875,1,"ENDOD1"
0.207941134351985,0.430160090292439,0.929,0.875,1,"JMY"
0.207941134351985,0.648942914790149,0.929,0.875,1,"NUDT16L1"
0.207941134351985,0.48401752027691,0.929,0.875,1,"PABPC1L"
0.207941134351985,0.552875175245344,0.929,0.875,1,"WASHC5"
0.208161333849759,-0.712260308055232,0.929,1,1,"CAPG"
0.208161333849759,-0.390391074671208,0.929,1,1,"CHAF1A"
0.208161333849759,-0.81956121619169,0.929,1,1,"TANGO6"
0.208161333849759,-0.440140643101721,0.929,1,1,"TULP3"
0.208161333849759,0.475309431660586,0.929,1,1,"UBE2F"
0.208161333849759,-1.11820073744503,0.929,1,1,"UPP1"
0.208161333849759,0.552099087335931,1,0.938,1,"ALG3"
0.208161333849759,0.566472597499065,1,0.938,1,"CNOT11"
0.208161333849759,0.708417300312941,1,0.938,1,"CORO1B"
0.208161333849759,0.920322385035162,1,0.938,1,"CYB5A"
0.208161333849759,-0.744783300765882,1,0.938,1,"HMGN4"
0.208161333849759,0.453433818919015,1,0.938,1,"KIAA1671"
0.208161333849759,-0.75014279636498,1,0.938,1,"MAD2L1"
0.208161333849759,1.34900696882116,1,0.938,1,"MAGED1"
0.208161333849759,-0.649727187662877,1,0.938,1,"MRPS25"
0.208161333849759,0.346999945640869,1,0.938,1,"NADK"
0.208161333849759,0.482579392095098,1,0.938,1,"NFS1"
0.208161333849759,0.629643510717016,1,0.938,1,"PARD3"
0.208161333849759,0.283141427412955,1,0.938,1,"PPP6R1"
0.208161333849759,-1.37684306954446,1,0.938,1,"PRC1"
0.208161333849759,0.334684232870627,1,0.938,1,"RASA2"
0.208161333849759,-0.648179758759147,1,0.938,1,"SMAP1"
0.208161333849759,0.227841587168263,1,0.938,1,"SPIRE2"
0.208161333849759,0.320526701825753,1,0.938,1,"ZNF468"
0.208161333849759,0.385889043081068,1,1,1,"ABHD12"
0.208161333849759,0.258677351468667,1,1,1,"AEBP2"
0.208161333849759,-0.493196404033707,1,1,1,"AHCTF1"
0.208161333849759,-0.443078112927386,1,1,1,"APLP2"
0.208161333849759,-0.52101341067071,1,1,1,"BCAS2"
0.208161333849759,0.394155474228145,1,1,1,"CALCOCO2"
0.208161333849759,-0.737584091964335,1,1,1,"CDC42EP3"
0.208161333849759,-0.930973994793214,1,1,1,"CEP43"
0.208161333849759,1.02569195698702,1,1,1,"CFAP97"
0.208161333849759,0.184185748149077,1,1,1,"CHCHD5"
0.208161333849759,-0.671132013226692,1,1,1,"CHRAC1"
0.208161333849759,-0.379338627991543,1,1,1,"CPSF6"
0.208161333849759,-0.340852743967226,1,1,1,"CREB3"
0.208161333849759,0.466342557041543,1,1,1,"DCAF13"
0.208161333849759,-0.33112741670845,1,1,1,"ENO1"
0.208161333849759,0.870080562762263,1,1,1,"ERO1A"
0.208161333849759,-0.347365410850563,1,1,1,"FBXW5"
0.208161333849759,-0.273562269342777,1,1,1,"FIBP"
0.208161333849759,0.823053118193467,1,1,1,"GALNT2"
0.208161333849759,-0.644922405631362,1,1,1,"GPS2"
0.208161333849759,-0.463684173966241,1,1,1,"GTF3C6"
0.208161333849759,-0.67090535708169,1,1,1,"HERC2"
0.208161333849759,-0.258472309576702,1,1,1,"IDH3B"
0.208161333849759,-0.298184721446964,1,1,1,"INF2"
0.208161333849759,0.74381382798032,1,1,1,"KCNK6"
0.208161333849759,0.675413150480725,1,1,1,"KRT8"
0.208161333849759,-0.326408166968987,1,1,1,"LARP4B"
0.208161333849759,0.281585796895092,1,1,1,"LRRFIP1"
0.208161333849759,-0.493867617280926,1,1,1,"MACF1"
0.208161333849759,-0.442792736483396,1,1,1,"METAP2"
0.208161333849759,0.335084918122432,1,1,1,"NAA20"
0.208161333849759,0.289279614850405,1,1,1,"NVL"
0.208161333849759,0.402459080467856,1,1,1,"OSBPL2"
0.208161333849759,-1.19385147746703,1,1,1,"PHLDB1"
0.208161333849759,-0.640205834289064,1,1,1,"PLXNB2"
0.208161333849759,-0.346496656283178,1,1,1,"POLR2J"
0.208161333849759,0.951700096555627,1,1,1,"PPM1K"
0.208161333849759,-0.795938736398088,1,1,1,"PSMD9"
0.208161333849759,-0.568783975056236,1,1,1,"RAN"
0.208161333849759,-0.609376941827487,1,1,1,"RANBP3"
0.208161333849759,-0.444948123554511,1,1,1,"RGS10"
0.208161333849759,-0.492657543326656,1,1,1,"RPS15"
0.208161333849759,-0.4643687036371,1,1,1,"SELENOS"
0.208161333849759,-0.653157563819052,1,1,1,"SEPHS1"
0.208161333849759,-0.399220007123455,1,1,1,"SLC35B1"
0.208161333849759,0.433140277937999,1,1,1,"SLC39A4"
0.208161333849759,-1.35277096843865,1,1,1,"SMC5"
0.208161333849759,0.579482950911189,1,1,1,"SNRNP70"
0.208161333849759,-0.266506369432211,1,1,1,"TECR"
0.208161333849759,1.44783363657791,1,1,1,"THADA"
0.208161333849759,-0.722524563117969,1,1,1,"THOC5"
0.208161333849759,0.538666778534422,1,1,1,"TMEM183A"
0.208161333849759,0.112834737090921,1,1,1,"USP9X"
0.208593384766166,0.789813359968303,0.571,0.438,1,"INHBB"
0.208593384766166,2.04902025708885,0.571,0.438,1,"KCNK1"
0.209092742930221,-0.530310245648764,0.714,0.375,1,"PLEKHG5"
0.209092742930221,-0.0535557372817335,0.714,0.375,1,"ZNF319"
0.209092742930221,1.31004070650591,0.571,0.5,1,"PERM1"
0.2098478246257,0.57408573371042,0.929,0.688,1,"DCAF15"
0.210388606866157,1.16733096180963,0.571,0.312,1,"MAP2K6"
0.210388606866157,0.693200653468723,0.571,0.312,1,"TNK1"
0.210554894551348,1.12147689974673,0.714,0.625,1,"GRAMD1C"
0.210554894551348,1.03366140431325,0.714,0.625,1,"TMEM79"
0.211041132340606,-3.11123708252396,0.571,0.75,1,"SARM1"
0.21128236019589,1.12339364452088,0.643,0.562,1,"PLAAT4"
0.211557984337725,-0.662082094693795,0.786,0.938,1,"RHOQ"
0.211557984337725,-0.745288205811935,0.786,0.938,1,"SVBP"
0.211557984337725,-0.712377547524704,0.786,0.938,1,"UFL1"
0.211561532615186,0.745890636016801,0.929,0.938,1,"HAUS8"
0.211561532615186,0.601242896181635,0.929,0.938,1,"RPRD1A"
0.211696119604456,1.146172718775,0.786,0.5,1,"DUSP10"
0.211806212476837,0.531826142081445,0.929,0.812,1,"BCS1L"
0.211806212476837,0.579375098651244,0.929,0.812,1,"RPS6KA4"
0.211806212476837,1.81896230471198,0.929,0.812,1,"ZNF599"
0.212019040359421,-0.695497258305662,0.929,0.938,1,"ATF4"
0.212019040359421,-0.800067540460253,0.929,0.938,1,"REST"
0.212019040359421,-0.779983501573765,0.929,0.938,1,"RNF20"
0.212502761347225,-0.801594055741585,0.5,0.688,1,"EMP3"
0.214722043862829,-1.23388086912415,0.714,0.75,1,"DLGAP5"
0.214722043862829,-1.35695416979281,0.714,0.75,1,"SMIM20"
0.21510029299076,1.06483092995404,0.857,0.625,1,"RORA"
0.215692153923038,0.301801391447685,0.429,0.188,1,"EFNB1"
0.215692153923038,1.24189380001545,0.429,0.188,1,"GOLGA7B"
0.216941807733904,-1.41475788756797,0.643,0.75,1,"INCENP"
0.217129715156182,0.42593402278256,0.786,0.625,1,"NPIPB15"
0.217129715156182,1.80961276772029,0.786,0.625,1,"SLC67A2"
0.217158087622855,1.63210876013641,0.429,0.25,1,"OTX1"
0.217158087622855,2.08875890395533,0.429,0.25,1,"SEMA3E"
0.217158087622855,0.608768981790469,0.429,0.25,1,"VASH1"
0.217978248577809,-1.0269278670524,0.857,0.75,1,"SLC71A1"
0.21809490163759,1.82831600368789,0.857,0.75,1,"CCDC142"
0.218179798989394,2.23532695000758,0.357,0.188,1,"BLOC1S5-TXNDC5"
0.218179798989394,0.954419613282662,0.357,0.188,1,"C17orf67"
0.218224221222721,-0.535560827688006,0.5,0.188,1,"TTC21A"
0.218853421586421,1.14388606936543,0.857,0.875,1,"PTGES"
0.218853421586421,1.08081023515254,0.857,0.875,1,"RABEP2"
0.218900498151337,0.280861819682464,0.786,0.562,1,"CCDC71"
0.218900498151337,0.756444520347618,0.786,0.562,1,"MUTYH"
0.218900498151337,0.144854965193033,0.786,0.562,1,"SP4"
0.218900498151337,0.764826339371767,0.786,0.562,1,"TP73"
0.219064777896569,-0.787209389857447,0.857,0.875,1,"NELFB"
0.219064777896569,-0.622726275216313,0.857,0.875,1,"OTUD5"
0.219157088122605,1.47435230255345,0.357,0.125,1,"ARRDC4"
0.219616067439277,-1.2230694725133,0.857,1,1,"TPX2"
0.219616067439277,-0.462556663845188,0.857,1,1,"WIZ"
0.219921645644325,1.36122748423761,0.5,0.438,1,"GP1BB"
0.220085636576277,0.582836510812711,1,0.875,1,"DYNLT2B"
0.220085636576277,0.771828780826181,1,0.875,1,"MYORG"
0.220085636576277,1.02068739457694,1,0.875,1,"RALGDS"
0.220085636576277,0.106249871264551,1,0.875,1,"TLK2"
0.220085636576277,0.112858548492063,1,0.875,1,"TXNDC11"
0.220203774961505,0.801118580374372,0.643,0.438,1,"PRKAB2"
0.220203774961505,0.952419540013914,0.643,0.438,1,"TENT5C"
0.220203774961505,0.666431865313714,0.643,0.438,1,"ZNF860"
0.220514551805625,-1.18055974039438,0.714,0.812,1,"C3orf18"
0.220514551805625,-0.772631699756625,0.714,0.812,1,"HOMER3"
0.220613614761247,-0.0257782815150529,0.929,0.625,1,"HES4"
0.220613614761247,0.205599819250435,0.857,0.688,1,"FBXO32"
0.220613614761247,1.30503881638879,0.786,0.75,1,"NINL"
0.22079912915919,1.54892350285577,0.714,0.5,1,"LRRC20"
0.22079912915919,0.71251400692998,0.714,0.5,1,"OASL"
0.222590899252816,0.765860807222022,0.929,0.75,1,"AP3M2"
0.222590899252816,0.574128027325811,0.929,0.75,1,"CCDC40"
0.222590899252816,0.650101549066177,0.929,0.75,1,"ST7L"
0.222590899252816,0.559354699338018,0.857,0.812,1,"ELF3"
0.222590899252816,0.0382771582614763,0.857,0.812,1,"LRP8"
0.222590899252816,1.15194315475411,0.857,0.812,1,"ZNF672"
0.223166311581052,1.27649521324164,0.5,0.312,1,"GRHL3"
0.223200377795278,0.265010030227737,0.786,0.688,1,"WHR1"
0.223473155063335,-0.489813646965258,0.857,0.938,1,"BCL7B"
0.223473155063335,-0.825518653797837,0.857,0.938,1,"CHRNB1"
0.223473155063335,-1.09573508032114,0.857,0.938,1,"PIF1"
0.223473155063335,-0.653845537634729,0.857,0.938,1,"TRAK1"
0.223473155063335,-0.670207798878423,0.929,0.875,1,"NOMO2"
0.223483387305315,0.575878804188818,1,0.812,1,"AARS2"
0.223483387305315,0.516788954179049,1,0.812,1,"PAQR4"
0.223483387305315,0.432575345524621,1,0.812,1,"SLC35A2"
0.223483387305315,0.827309531084278,1,0.812,1,"VAV2"
0.223483387305315,0.643629624553699,0.929,0.875,1,"CNOT6L"
0.223483387305315,0.526413744634968,0.929,0.875,1,"NFKB2"
0.223483387305315,0.760499987803958,0.929,0.875,1,"PBX1"
0.223483387305315,0.259261656632945,0.929,0.875,1,"WDR19"
0.223711260984575,-0.443893331955073,0.929,1,1,"AK1"
0.223711260984575,-0.762413410915132,0.929,1,1,"CCNG1"
0.223711260984575,-0.289104448661339,0.929,1,1,"DBNDD2"
0.223711260984575,-0.597009437873343,0.929,1,1,"HSPBP1"
0.223711260984575,0.496871025289551,0.929,1,1,"MECR"
0.223711260984575,-0.375285612872649,0.929,1,1,"MIS12"
0.223711260984575,0.819230638675863,0.929,1,1,"MX1"
0.223711260984575,-0.610931989363504,0.929,1,1,"RAB34"
0.223711260984575,-0.542717846258909,0.929,1,1,"SBNO1"
0.223711260984575,-0.522681609221324,0.929,1,1,"VRK3"
0.223711260984575,-0.364894146113993,0.929,1,1,"WWP2"
0.223711260984575,1.06997187291011,0.929,1,1,"ZZEF1"
0.223711260984575,0.1420097808994,1,0.938,1,"ACOT13"
0.223711260984575,0.290268815119856,1,0.938,1,"BMPR2"
0.223711260984575,0.547271084425535,1,0.938,1,"GFUS"
0.223711260984575,-0.462050218696959,1,0.938,1,"GLUD1"
0.223711260984575,0.720286899771242,1,0.938,1,"NR1D2"
0.223711260984575,0.522999219762947,1,0.938,1,"P4HA2"
0.223711260984575,-0.594139269611294,1,0.938,1,"PCGF3"
0.223711260984575,-0.640082130187276,1,0.938,1,"SNRNP35"
0.223711260984575,-0.64668117099183,1,0.938,1,"TSPAN4"
0.223711260984575,0.346267768561636,1,0.938,1,"VPS36"
0.223711260984575,-0.660299864226447,1,0.938,1,"XPR1"
0.223711260984575,0.323956793065109,1,0.938,1,"ZNF593"
0.223711260984575,0.373305875374607,1,0.938,1,"ZSCAN29"
0.223711260984575,-0.408770504260088,1,1,1,"ACADVL"
0.223711260984575,-0.656517463080619,1,1,1,"AKIP1"
0.223711260984575,-0.343840579375104,1,1,1,"ATP5PO"
0.223711260984575,-0.214133593247713,1,1,1,"ATXN2"
0.223711260984575,-0.480976680439425,1,1,1,"C19orf33"
0.223711260984575,-0.432741435286482,1,1,1,"CCT5"
0.223711260984575,0.815418918869856,1,1,1,"CDC14B"
0.223711260984575,0.617818277896633,1,1,1,"CDK7"
0.223711260984575,-0.446115780386601,1,1,1,"CHID1"
0.223711260984575,-1.01064596835667,1,1,1,"CKB"
0.223711260984575,0.535106038633681,1,1,1,"COMMD2"
0.223711260984575,-0.518935232579812,1,1,1,"DESI2"
0.223711260984575,-0.338596640659692,1,1,1,"DGUOK"
0.223711260984575,-0.411191365839976,1,1,1,"DNAJC15"
0.223711260984575,0.469930717289157,1,1,1,"EPB41L4A"
0.223711260984575,-0.283733272909569,1,1,1,"FAAP20"
0.223711260984575,0.65998298751582,1,1,1,"GABPB2"
0.223711260984575,-0.255035758533106,1,1,1,"GAPDH"
0.223711260984575,0.164474861588222,1,1,1,"GNA11"
0.223711260984575,-0.361141913172312,1,1,1,"IARS2"
0.223711260984575,0.872901898382701,1,1,1,"INTS1"
0.223711260984575,0.509041118376725,1,1,1,"ITM2B"
0.223711260984575,0.609435580589301,1,1,1,"JTB"
0.223711260984575,-1.0173463433442,1,1,1,"LRRK1"
0.223711260984575,0.433017560955506,1,1,1,"LTBR"
0.223711260984575,0.607862732439793,1,1,1,"MAP3K9"
0.223711260984575,-0.259593786462229,1,1,1,"MRPL53"
0.223711260984575,-0.442141407721779,1,1,1,"NAA60"
0.223711260984575,-0.300476148692667,1,1,1,"NDUFC2"
0.223711260984575,-0.759971964477286,1,1,1,"NUCB2"
0.223711260984575,0.990637488710235,1,1,1,"NUMA1"
0.223711260984575,0.624991597863096,1,1,1,"OAT"
0.223711260984575,-0.52373886066355,1,1,1,"PITPNB"
0.223711260984575,-0.495463517444808,1,1,1,"PLEKHA5"
0.223711260984575,-0.46754742494651,1,1,1,"PLP2"
0.223711260984575,-0.337156695142998,1,1,1,"POLD2"
0.223711260984575,0.293513181135475,1,1,1,"POLR2H"
0.223711260984575,-1.27778908306248,1,1,1,"PRKCA"
0.223711260984575,-0.291755624118507,1,1,1,"PRPF6"
0.223711260984575,-0.418900130963719,1,1,1,"PRPF8"
0.223711260984575,-0.436182891306784,1,1,1,"PSMD3"
0.223711260984575,0.371207920626452,1,1,1,"PSPH"
0.223711260984575,0.394989933785504,1,1,1,"PTOV1"
0.223711260984575,0.32295276497847,1,1,1,"PUS7L"
0.223711260984575,-0.457303425612452,1,1,1,"RPAP2"
0.223711260984575,-0.538790906756931,1,1,1,"RPL14"
0.223711260984575,-0.531233326550289,1,1,1,"RPL28"
0.223711260984575,-0.355375015406784,1,1,1,"RPL6"
0.223711260984575,-0.477243094847454,1,1,1,"RPS29"
0.223711260984575,0.380005821199629,1,1,1,"SHOC2"
0.223711260984575,-0.638692249897643,1,1,1,"SLC25A24"
0.223711260984575,0.859750303503794,1,1,1,"SLC38A9"
0.223711260984575,-0.405290602544321,1,1,1,"SRP68"
0.223711260984575,0.148599257858986,1,1,1,"SRPK2"
0.223711260984575,0.683048535169903,1,1,1,"SRPRB"
0.223711260984575,-0.802578422912306,1,1,1,"SUGT1"
0.223711260984575,-0.480378195671097,1,1,1,"SZRD1"
0.223711260984575,-0.291812647943238,1,1,1,"TAF11"
0.223711260984575,0.95380497084889,1,1,1,"TCOF1"
0.223711260984575,-0.440547951091736,1,1,1,"TMUB2"
0.223711260984575,-0.72695910943007,1,1,1,"TNFAIP8L1"
0.223711260984575,-0.20970439355166,1,1,1,"TOR1A"
0.223711260984575,0.610070690740128,1,1,1,"TOR3A"
0.223711260984575,-1.2718269824838,1,1,1,"TPP2"
0.223711260984575,0.318133377181232,1,1,1,"TRABD"
0.223711260984575,0.731584812745714,1,1,1,"TSC22D2"
0.223711260984575,0.548684457765644,1,1,1,"TULP4"
0.223711260984575,-0.184735302495195,1,1,1,"UBB"
0.223711260984575,-0.444067072069553,1,1,1,"UBE2D2"
0.223711260984575,0.343051852879826,1,1,1,"ZMIZ2"
0.223711260984575,-0.448700385351705,1,1,1,"ZNF106"
0.223711260984575,-0.72010697366717,1,1,1,"ZNF383"
0.225099380134495,0.566368038725813,0.643,0.375,1,"HHEX"
0.225099380134495,0.448054483492623,0.643,0.375,1,"RARRES1"
0.225099380134495,1.97394813270156,0.571,0.438,1,"OXNAD1"
0.225523014206692,0.83590313193269,0.929,0.688,1,"TNS3"
0.225545280335409,0.156573574089602,0.714,0.375,1,"BAMBI"
0.225545280335409,0.369975570352042,0.714,0.375,1,"MAL2"
0.225545280335409,0.36740194136038,0.714,0.375,1,"SLC12A7"
0.225545280335409,2.13655390462214,0.571,0.5,1,"CLDN23"
0.225900383141763,3.87355827132058,0.286,0.125,1,"ARHGEF25"
0.225900383141763,2.76664281425075,0.286,0.125,1,"CCDC73"
0.225900383141763,4.47456357471139,0.286,0.125,1,"HPX"
0.225900383141763,1.50367497862379,0.286,0.125,1,"SAMD14"
0.225900383141763,2.32466151575381,0.286,0.125,1,"ZGLP1"
0.22626347644891,-0.705041290726406,0.286,0.562,1,"ZNF607"
0.226545399470887,-0.578654822325028,0.857,0.5,1,"GREB1L"
0.226545399470887,-1.82720012400751,0.714,0.625,1,"POU2F3"
0.226545399470887,1.4438548694639,0.714,0.625,1,"ZNF772"
0.227336885392873,0.555558476207233,0.929,0.938,1,"CARS2"
0.227336885392873,0.37819706280164,0.929,0.938,1,"CREB3L1"
0.227336885392873,0.452685893225227,0.929,0.938,1,"DDX60L"
0.227336885392873,0.986271457899689,0.929,0.938,1,"ITPKB"
0.227336885392873,0.477867013685898,0.929,0.938,1,"RALB"
0.227336885392873,0.180892141128003,0.929,0.938,1,"RBM15"
0.227336885392873,0.61774517380056,0.929,0.938,1,"TRMO"
0.227470124586829,1.32226217174995,0.571,0.312,1,"SMPD2"
0.227470124586829,0.733837766622157,0.571,0.312,1,"TSSK6"
0.227520941971394,3.53350726369021,0.643,0.562,1,"FOXO1"
0.227542740497656,0.307826934367234,0.929,0.812,1,"NSUN6"
0.227542740497656,0.443418523098341,0.929,0.812,1,"RELB"
0.227542740497656,0.934498950777441,0.929,0.812,1,"TSPAN13"
0.227542740497656,0.430185987797547,0.929,0.812,1,"ZER1"
0.22778674646165,0.702074692309631,0.786,0.5,1,"BICDL2"
0.22778674646165,0.676471458090283,0.786,0.5,1,"NUDT8"
0.22778674646165,0.175195462350647,0.786,0.5,1,"ZNF358"
0.22778674646165,0.722767227430836,0.714,0.562,1,"NBEA"
0.227806454529873,-0.799241603445971,0.929,0.938,1,"CCDC85B"
0.227806454529873,-0.692403487294626,0.929,0.938,1,"GHDC"
0.227806454529873,-0.595173721602007,0.929,0.938,1,"IKBKG"
0.227806454529873,-1.08294587482434,0.929,0.938,1,"ORC6"
0.229658504081292,-1.14362366592327,0.5,0.25,1,"HSD17B6"
0.231088129825696,-0.380360237156937,0.857,0.625,1,"CREG2"
0.231088129825696,0.370879013001836,0.857,0.625,1,"MESP1"
0.232950191570881,-1.5802619862155,0.143,0.312,1,"MPP2"
0.232950191570881,-0.215191002058821,0.071,0.312,1,"HLA-F"
0.233164986134384,-1.37210828523413,0.714,0.688,1,"CDCA8"
0.233164986134384,-1.17790432017136,0.714,0.688,1,"PBK"
0.233329059584415,2.32790265020964,0.786,0.625,1,"ITGA2B"
0.233468143809071,-0.479153167002389,0.571,0.375,1,"ARHGAP40"
0.233468143809071,0.82108420119568,0.571,0.375,1,"SOX12"
0.233468143809071,1.905623453806,0.571,0.375,1,"SPTBN2"
0.233468143809071,0.908741367760812,0.571,0.375,1,"SYTL2"
0.233468143809071,0.93982376624787,0.571,0.375,1,"TJP3"
0.234209293701964,-0.062819425805964,1,0.625,1,"KAT14"
0.234209293701964,0.516881331945331,0.857,0.75,1,"APLP1"
0.234209293701964,0.594961266728424,0.857,0.75,1,"ATP23"
0.234209293701964,0.498633564375917,0.857,0.75,1,"CYP27A1"
0.234209293701964,0.751892303601602,0.857,0.75,1,"SEPTIN5"
0.234209293701964,0.954758915363535,0.857,0.75,1,"SULT2B1"
0.234209293701964,0.130550398435632,0.857,0.75,1,"ZNF600"
0.234296872891384,-2.67604031243196,0.643,0.688,1,"CTIF"
0.234296872891384,-1.08979802361371,0.643,0.688,1,"KIF15"
0.234973906235737,-0.193578817546298,1,0.75,1,"HSPA2"
0.234973906235737,0.0171273205168783,1,0.75,1,"MRS2"
0.234973906235737,1.12904496677036,0.857,0.875,1,"RNASE4"
0.235183914750571,0.918279153453359,0.786,0.562,1,"METRN"
0.235211929638896,-0.780172490552353,0.857,0.875,1,"TP53INP2"
0.235708289646027,-0.746012483329723,0.857,1,1,"ZMAT5"
0.235708289646027,-0.745945351080404,1,0.875,1,"BORCS7"
0.235708289646027,-0.8993211782962,1,0.875,1,"PUM3"
0.23618854487445,0.484768383591404,1,0.875,1,"FAM234A"
0.23618854487445,0.798216206721287,1,0.875,1,"FMN1"
0.23618854487445,0.348578856342426,1,0.875,1,"HLCS"
0.23618854487445,0.27536386055609,1,0.875,1,"NF2"
0.23618854487445,0.445934746474373,1,0.875,1,"NR4A2"
0.23618854487445,-0.0733766699740244,1,0.875,1,"RMC1"
0.23618854487445,0.66261925531203,1,0.875,1,"SIRT5"
0.23618854487445,0.0308585819679821,1,0.875,1,"TTF1"
0.2365452842894,0.554026011604777,0.714,0.438,1,"HOXB7"
0.2365452842894,1.15385143112501,0.643,0.5,1,"SLC1A2"
0.236795547874498,-1.15679302732596,0.714,0.812,1,"SOCS3"
0.236795547874498,-1.05436897258078,0.786,0.75,1,"C4orf46"
0.236881834280658,0.701112142380858,0.857,0.688,1,"ATG4A"
0.236881834280658,1.26988850371698,0.857,0.688,1,"ZDHHC14"
0.236881834280658,0.93458397869316,0.786,0.75,1,"CCNE2"
0.236881834280658,0.60090385859663,0.786,0.75,1,"EPHX1"
0.237229510459769,1.30527071128974,0.643,0.438,1,"AKNAD1"
0.237229510459769,0.305805722284203,0.643,0.438,1,"POP1"
0.237229510459769,0.72021238914689,0.643,0.438,1,"ZNF174"
0.238865527676478,-1.72009557574428,0.929,0.75,1,"HJURP"
0.238865527676478,-0.693365432312035,0.786,0.875,1,"CSTF2"
0.238865527676478,-1.00175928652985,0.857,0.812,1,"TOP2A"
0.238901766866825,-0.0946919639294093,1,0.688,1,"IFI30"
0.238901766866825,1.6361605099274,0.929,0.75,1,"APOLTP"
0.238901766866825,0.456311454038256,0.929,0.75,1,"LHFPL2"
0.238901766866825,0.292101368253233,0.857,0.812,1,"CHUK"
0.239679362245262,0.556945615261248,0.786,0.688,1,"TLCD3A"
0.239724595906381,-0.617777542722718,0.643,0.812,1,"RAD51AP1"
0.239805339848136,-0.316072151330499,0.857,0.938,1,"AVPI1"
0.239805339848136,-0.858116349044117,0.929,0.875,1,"KIF27"
0.239805339848136,-0.788013196180134,0.929,0.875,1,"RNF26"
0.239814183035761,0.475313065251596,1,0.812,1,"AGTPBP1"
0.239814183035761,0.666500411168975,1,0.812,1,"BIN3"
0.239814183035761,0.40289112956484,1,0.812,1,"CYB561"
0.239814183035761,0.531909386700443,1,0.812,1,"KCTD13"
0.239814183035761,0.252464591089749,1,0.812,1,"NFKB1"
0.239814183035761,0.697842776902076,1,0.812,1,"SGSM2"
0.239814183035761,0.487724113133028,1,0.812,1,"TKFC"
0.239814183035761,0.529041894350608,0.857,0.938,1,"GRPEL2"
0.239814183035761,0.139324208835196,0.929,0.875,1,"BCKDHB"
0.239814183035761,1.17366939577696,0.929,0.875,1,"CARMIL1"
0.239814183035761,0.193308120303848,0.929,0.875,1,"UGDH"
0.240046251384112,0.309044620700626,0.929,1,1,"CILK1"
0.240046251384112,-0.6324225761114,0.929,1,1,"HTRA1"
0.240046251384112,-0.507290082910583,0.929,1,1,"LETM2"
0.240046251384112,-0.402092897278337,0.929,1,1,"MRPS2"
0.240046251384112,-0.984837433242316,0.929,1,1,"NR2C1"
0.240046251384112,-0.727774362426988,0.929,1,1,"PCNX4"
0.240046251384112,-0.800364587331341,0.929,1,1,"PDK2"
0.240046251384112,-0.504959580513017,0.929,1,1,"PEPD"
0.240046251384112,-0.202405125327591,0.929,1,1,"PPP4R1"
0.240046251384112,-0.470831568856648,0.929,1,1,"RNF167"
0.240046251384112,-0.408906027611311,0.929,1,1,"SMC2"
0.240046251384112,0.517561584668798,0.929,1,1,"TXNIP"
0.240046251384112,0.484534142609466,1,0.938,1,"ARFIP2"
0.240046251384112,-0.651206865392843,1,0.938,1,"BRD3"
0.240046251384112,0.532844810837756,1,0.938,1,"CNOT6"
0.240046251384112,0.481429055991126,1,0.938,1,"DNASE2"
0.240046251384112,0.354896781558975,1,0.938,1,"DNPH1"
0.240046251384112,-0.604345338665211,1,0.938,1,"ELP3"
0.240046251384112,0.351552447923572,1,0.938,1,"ENTPD6"
0.240046251384112,0.085807249162051,1,0.938,1,"KNOP1"
0.240046251384112,0.092962354409357,1,0.938,1,"LAPTM4B"
0.240046251384112,-0.698116761842384,1,0.938,1,"LSM6"
0.240046251384112,0.519142232704201,1,0.938,1,"MCCC1"
0.240046251384112,0.812417593166564,1,0.938,1,"NAAA"
0.240046251384112,0.679148127725318,1,0.938,1,"NTAQ1"
0.240046251384112,0.522794005976462,1,0.938,1,"PARP1"
0.240046251384112,1.50608752211013,1,0.938,1,"PDE8A"
0.240046251384112,-0.500778786932835,1,0.938,1,"PHF6"
0.240046251384112,0.684683092803542,1,0.938,1,"POR"
0.240046251384112,0.68350568186566,1,0.938,1,"SLC25A44"
0.240046251384112,-1.52155822561458,1,0.938,1,"STK11"
0.240046251384112,-0.887031774399935,1,0.938,1,"STX8"
0.240046251384112,0.511037672265412,1,0.938,1,"SURF1"
0.240046251384112,-0.918593290690672,1,0.938,1,"TIMM9"
0.240046251384112,0.527223042594048,1,0.938,1,"UBR2"
0.240046251384112,0.745612577653804,1,0.938,1,"VPS13A"
0.240046251384112,-0.518790879515423,1,0.938,1,"ZNF644"
0.240046251384112,0.38260496761783,1,1,1,"ABRACL"
0.240046251384112,0.289896790975958,1,1,1,"ACSF3"
0.240046251384112,0.5892947719093,1,1,1,"ARF1"
0.240046251384112,0.404683989575226,1,1,1,"ARHGEF12"
0.240046251384112,-0.449045776541563,1,1,1,"ASB8"
0.240046251384112,-0.264758439718019,1,1,1,"ATP5PB"
0.240046251384112,0.410144534132835,1,1,1,"ATP6V0E1"
0.240046251384112,0.484530474009485,1,1,1,"BRIX1"
0.240046251384112,0.470793111641311,1,1,1,"CCT2"
0.240046251384112,-0.20206328895396,1,1,1,"CD63"
0.240046251384112,0.334857221303244,1,1,1,"CD81"
0.240046251384112,-0.442493882668137,1,1,1,"CEBPZOS"
0.240046251384112,0.19342016120904,1,1,1,"CHMP2B"
0.240046251384112,0.883265198292689,1,1,1,"CLUAP1"
0.240046251384112,0.456629636684789,1,1,1,"COA6"
0.240046251384112,0.129841437510429,1,1,1,"COX7C"
0.240046251384112,-0.392765115454986,1,1,1,"CYB5R3"
0.240046251384112,0.576604026249278,1,1,1,"DAAM1"
0.240046251384112,0.481384089820398,1,1,1,"DCAF8"
0.240046251384112,-0.130873652180078,1,1,1,"DNAJB6"
0.240046251384112,0.464751930659872,1,1,1,"EIF2S3"
0.240046251384112,-0.14263345348262,1,1,1,"EIF3I"
0.240046251384112,-0.497525999554536,1,1,1,"EMC7"
0.240046251384112,0.351234722712663,1,1,1,"ERP29"
0.240046251384112,-0.172629965567269,1,1,1,"FAM177A1"
0.240046251384112,-0.392640317608261,1,1,1,"FAM204A"
0.240046251384112,0.541749125598778,1,1,1,"GBA1"
0.240046251384112,-0.179934396137387,1,1,1,"H2AZ2"
0.240046251384112,1.18057034535801,1,1,1,"HERPUD2"
0.240046251384112,-0.575731503572566,1,1,1,"HMGB3"
0.240046251384112,-0.629588832119502,1,1,1,"IGF2R"
0.240046251384112,-0.47174483131267,1,1,1,"LAMTOR4"
0.240046251384112,-1.01713446613362,1,1,1,"LIN52"
0.240046251384112,-0.315407794067402,1,1,1,"MPST"
0.240046251384112,1.47283126512695,1,1,1,"MTAP"
0.240046251384112,-0.808487406121444,1,1,1,"MYG1"
0.240046251384112,-0.451353400810924,1,1,1,"MYO1C"
0.240046251384112,0.463977583729985,1,1,1,"NDUFA1"
0.240046251384112,0.339879483790507,1,1,1,"NKAP"
0.240046251384112,0.210656475120012,1,1,1,"NMD3"
0.240046251384112,0.470666134507653,1,1,1,"NOPCHAP1"
0.240046251384112,1.01772413974316,1,1,1,"PIGN"
0.240046251384112,0.459522575988561,1,1,1,"PLK2"
0.240046251384112,-0.423839533487279,1,1,1,"PNISR"
0.240046251384112,-0.365841730344574,1,1,1,"POLR2J3-UPK3BL2"
0.240046251384112,-0.433007163633094,1,1,1,"PPME1"
0.240046251384112,0.281576380391157,1,1,1,"PPP1R15B"
0.240046251384112,0.162080750697061,1,1,1,"PSMD8"
0.240046251384112,0.682762102765044,1,1,1,"QTRT2"
0.240046251384112,0.515229080547373,1,1,1,"RCHY1"
0.240046251384112,-0.318662095780281,1,1,1,"RPS20"
0.240046251384112,-0.488225541847541,1,1,1,"RPSA"
0.240046251384112,-0.145157245538642,1,1,1,"SIRT6"
0.240046251384112,-0.445454315139656,1,1,1,"SLC25A3"
0.240046251384112,0.411605100979384,1,1,1,"SMC3"
0.240046251384112,-0.209049623509673,1,1,1,"SRRM1"
0.240046251384112,0.441778868420423,1,1,1,"STX16"
0.240046251384112,-0.459212579904154,1,1,1,"SURF4"
0.240046251384112,0.126285788266412,1,1,1,"TATDN1"
0.240046251384112,-0.35249224426593,1,1,1,"TIMM23"
0.240046251384112,-0.368302320404676,1,1,1,"TMEM109"
0.240046251384112,0.447698298511392,1,1,1,"TMEM205"
0.240046251384112,-0.478219210824834,1,1,1,"TMEM41B"
0.240046251384112,0.553175984244373,1,1,1,"UBOX5"
0.240046251384112,0.389310510960405,1,1,1,"UBXN4"
0.240046251384112,-0.268826223787229,1,1,1,"XRCC6"
0.240046251384112,0.217543279228343,1,1,1,"ZCCHC8"
0.240046251384112,-0.68016667635746,1,1,1,"ZSWIM7"
0.240746293519906,1.74637111094901,0.429,0.25,1,"CD14"
0.240746293519906,1.35416198566073,0.429,0.25,1,"FKBPL"
0.240746293519906,1.62918202692885,0.429,0.25,1,"H2BC6"
0.240746293519906,0.2184044816825,0.429,0.25,1,"NT5M"
0.241634738186463,-0.329980288137142,0.357,0.125,1,"KCNQ1"
0.241634738186463,0.555899643786168,0.357,0.125,1,"SNX32"
0.241634738186463,0.506819374764009,0.357,0.125,1,"TRANK1"
0.241988988305986,0.703619256788881,0.929,0.688,1,"DIS3L2"
0.241988988305986,0.0316443104839021,0.929,0.688,1,"TMEM129"
0.241988988305986,1.43426245880807,0.786,0.812,1,"ZNF354B"
0.242035280949137,-1.12116145158524,0.786,0.812,1,"FBXL15"
0.242140491501755,-1.44113261288853,0.357,0.625,1,"MCTS2"
0.242533470107053,4.96485318692936,0.5,0.312,1,"CNBD2"
0.242654152799762,0.427489811114208,0.643,0.375,1,"CDC50B"
0.242654152799762,0.455323032996125,0.643,0.375,1,"TOMM40L"
0.242654152799762,-0.0755867403576538,0.643,0.375,1,"ZSCAN20"
0.242818817629369,-1.74177163731071,0.714,0.375,1,"ARHGAP44"
0.242818817629369,1.03238899585577,0.571,0.5,1,"HACD4"
0.24339179567423,0.962867896485744,0.714,0.625,1,"DNAH5"
0.24339179567423,1.4485189715841,0.714,0.625,1,"HK2"
0.24339179567423,0.602255477097002,0.714,0.625,1,"MAPK12"
0.243773840633863,-1.14068420362327,0.929,0.812,1,"CDKN3"
0.243773840633863,-1.62662119662097,0.929,0.812,1,"CKAP2L"
0.243903957893774,-0.0919790465408532,0.929,0.938,1,"CATSPER2"
0.243903957893774,1.06479183818248,0.929,0.938,1,"CEP104"
0.243903957893774,0.944322369153493,0.929,0.938,1,"CHEK2"
0.243903957893774,0.72036633508496,0.929,0.938,1,"FBXO38"
0.243903957893774,1.3659705992143,0.929,0.938,1,"RANBP2"
0.244063327813218,0.463083522249425,0.929,0.812,1,"CTC1"
0.244063327813218,-0.0797136486137562,0.929,0.812,1,"GSK3A"
0.244065335753177,-0.69626030811431,0.571,0.25,1,"GPER1"
0.244183872975793,-2.64418909784356,0.357,0.5,1,"LIPT2"
0.244384213122197,-0.763535703780967,0.929,0.938,1,"TTF2"
0.244480236661855,-1.3167141489315,0.643,0.625,1,"GDF11"
0.244713061425943,0.858246906979134,0.714,0.562,1,"GRB10"
0.244713061425943,0.556820382199549,0.714,0.562,1,"HVCN1"
0.24520815615584,0.507428046611618,0.571,0.312,1,"MSH5-SAPCD1"
0.24520815615584,0.534827913043317,0.571,0.312,1,"PRSS22"
0.245668717069054,-0.132289304713573,0.429,0.625,1,"ZNF81"
0.246032855605221,-0.298589079631624,0.5,0.688,1,"DEPDC1"
0.246032855605221,-0.469759525473925,0.5,0.688,1,"ST20-MTHFS"
0.24663668165917,-0.159208382049343,0.5,0.25,1,"ATP6V1E2"
0.247655243585638,0.867564666456879,0.571,0.875,1,"STAG3"
0.247655243585638,-0.985442067890789,0.714,0.75,1,"LXN"
0.247655243585638,-0.37538626009163,0.714,0.75,1,"MAK16"
0.247889402392027,0.485409535146267,0.857,0.625,1,"RBM27-POU4F3"
0.250209632026092,-0.592222161391448,0.5,0.875,1,"ZBTB17"
0.250209632026092,-0.613228373088392,0.571,0.812,1,"WDR25"
0.250341729719936,0.642576824153378,0.786,0.625,1,"ZNF324"
0.250957809708837,-0.561548792645053,0.714,0.875,1,"BACE1"
0.251328824751711,-2.35070902478553,0.5,0.562,1,"ABLIM2"
0.25152426882534,-1.19887043926655,0.643,0.688,1,"HROB"
0.25152426882534,-1.33536810112462,0.643,0.688,1,"KIF2C"
0.251895352633281,0.24361888886733,1,0.75,1,"CBX4"
0.251895352633281,0.662821930314104,1,0.75,1,"KDM5B"
0.251895352633281,0.930847349560829,0.857,0.875,1,"MACROD1"
0.251895352633281,0.684202834834079,0.857,0.875,1,"OCLN"
0.251895352633281,0.915178879692922,0.857,0.875,1,"TRAPPC9"
0.251910604725156,1.82634008087246,0.571,0.375,1,"CITED4"
0.251910604725156,1.16934751920355,0.571,0.375,1,"PROSER2"
0.251910604725156,-1.38766763245322,0.571,0.375,1,"RNF144A"
0.252159658045075,-1.16450838083452,0.857,0.875,1,"BTBD3"
0.252159658045075,-0.52905873060706,0.857,0.875,1,"CAT"
0.252159658045075,-0.713577790333671,0.857,0.875,1,"CLSPN"
0.252302042992951,0.313568087022956,0.786,0.562,1,"NXT2"
0.252384918651785,3.39448261914382,0.357,0.188,1,"MUC5B"
0.252593978208694,-0.361361953154583,0.857,1,1,"MAPK1"
0.252593978208694,-0.505989384671421,0.857,1,1,"SLC41A3"
0.252873563218391,-0.393535318948339,0.286,0.062,1,"EFEMP2"
0.253083516721172,0.513212987272322,1,0.875,1,"ACAD9"
0.253083516721172,0.259725122039777,1,0.875,1,"CRLS1"
0.253083516721172,1.13255069442359,1,0.875,1,"KIAA0930"
0.253083516721172,0.763225569947332,1,0.875,1,"PRR14"
0.253083516721172,-0.130302810194723,1,0.875,1,"PXYLP1"
0.253083516721172,0.289408285363507,1,0.875,1,"ZMYM5"
0.253893376669079,-0.757165928076192,0.429,0.688,1,"F8"
0.253893376669079,-1.56824639065582,0.5,0.625,1,"C16orf95"
0.253955925374086,1.1833319561554,0.786,0.75,1,"GID4"
0.254160845273958,0.870496317521937,0.714,0.438,1,"ATPSCKMT"
0.254160845273958,0.362391881790651,0.714,0.438,1,"CPEB3"
0.254160845273958,0.277083054973003,0.714,0.438,1,"ZCWPW2"
0.254160845273958,1.49722398981478,0.643,0.5,1,"CA2"
0.254829365503006,0.665703113458322,0.714,0.5,1,"SPINT1"
0.254829365503006,1.73169934820562,0.714,0.5,1,"TMEM164"
0.254829365503006,0.745274694194994,0.714,0.5,1,"TUT1"
0.254966111715385,0.559113254121112,0.643,0.438,1,"POLR3G"
0.255979901346197,-0.561997794869092,0.714,0.938,1,"GTF2E1"
0.255979901346197,-0.80351737768926,0.786,0.875,1,"BICD2"
0.256009800397359,0.685679771154302,1,0.688,1,"SMARCD2"
0.256009800397359,0.390217777599453,1,0.688,1,"ZNF598"
0.256009800397359,0.593664637456443,0.929,0.75,1,"CABYR"
0.256009800397359,0.778082182989444,0.929,0.75,1,"KATNIP"
0.256932380043209,-0.375876824673192,0.857,0.938,1,"CDK5RAP1"
0.256932380043209,-0.781002512699208,0.857,0.938,1,"PPIH"
0.256932380043209,-0.610378208606865,0.857,0.938,1,"ZNF717"
0.256932380043209,-1.07539729476831,0.929,0.875,1,"HYLS1"
0.25693999921264,-0.22053296454273,1,0.812,1,"CAPN12"
0.25693999921264,0.493915683365381,1,0.812,1,"HELQ"
0.25693999921264,0.761554530151859,1,0.812,1,"NBPF11"
0.25693999921264,0.568371223796886,1,0.812,1,"OBSL1"
0.25693999921264,0.571471335214427,1,0.812,1,"RBM38"
0.25693999921264,0.523610712344758,0.929,0.875,1,"C1orf21"
0.25693999921264,0.569246602208586,0.929,0.875,1,"CHCHD6"
0.25693999921264,0.739297270674037,0.929,0.875,1,"DMKN"
0.25693999921264,-0.803437363582818,0.929,0.875,1,"ETAA1"
0.25693999921264,0.97011320395475,0.929,0.875,1,"REXO1"
0.25693999921264,1.13513993214802,0.929,0.875,1,"SOWAHC"
0.256984545223088,0.149377530529251,0.786,0.688,1,"ZBTB6"
0.256996510344759,-0.735020641383624,0.643,0.812,1,"MAN2A1"
0.256996510344759,-2.40428378151414,0.786,0.688,1,"FAM114A2"
0.25717871026647,-0.548472401676011,0.929,1,1,"ADSL"
0.25717871026647,-0.505778228122646,0.929,1,1,"FAM149B1"
0.25717871026647,-0.433637529690149,0.929,1,1,"IFT57"
0.25717871026647,0.57803005001615,0.929,1,1,"LRRC37A"
0.25717871026647,0.601438483226437,0.929,1,1,"PDHX"
0.25717871026647,0.446589174976099,0.929,1,1,"RABGGTA"
0.25717871026647,0.599228304487069,0.929,1,1,"REPS1"
0.25717871026647,-0.571988318006087,0.929,1,1,"RSPRY1"
0.25717871026647,-0.370066146961764,0.929,1,1,"SDF4"
0.25717871026647,-0.447118261310174,0.929,1,1,"SFXN5"
0.25717871026647,0.0776527607340891,0.929,1,1,"TRAF3IP2"
0.25717871026647,0.496486008974765,1,0.938,1,"B4GALT3"
0.25717871026647,0.666772287704938,1,0.938,1,"CLDN7"
0.25717871026647,0.0738021506058892,1,0.938,1,"CMBL"
0.25717871026647,-0.722778324530377,1,0.938,1,"DERA"
0.25717871026647,0.441829191155472,1,0.938,1,"FKRP"
0.25717871026647,0.127297017140887,1,0.938,1,"GTF3C1"
0.25717871026647,0.624283885067371,1,0.938,1,"METTL15"
0.25717871026647,0.122475803296677,1,0.938,1,"MFSD1"
0.25717871026647,-0.507253706622977,1,0.938,1,"MRM2"
0.25717871026647,-0.952296130291841,1,0.938,1,"NKTR"
0.25717871026647,0.418484631712416,1,0.938,1,"OXLD1"
0.25717871026647,0.376634230646171,1,0.938,1,"PTEN"
0.25717871026647,-0.430059303728858,1,0.938,1,"SHFL"
0.25717871026647,0.432946334289913,1,0.938,1,"TFRC"
0.25717871026647,0.693851710775476,1,0.938,1,"VPS13C"
0.25717871026647,0.263482910018563,1,0.938,1,"ZFC3H1"
0.25717871026647,-0.386728864670641,1,1,1,"AHI1"
0.25717871026647,-0.441313874130473,1,1,1,"AHNAK"
0.25717871026647,-0.147083456304478,1,1,1,"ALDH3B1"
0.25717871026647,-0.304059245395406,1,1,1,"ANAPC11"
0.25717871026647,1.02037353689332,1,1,1,"ARHGEF28"
0.25717871026647,0.467517073861892,1,1,1,"ATAD2"
0.25717871026647,0.354502142800051,1,1,1,"B2M"
0.25717871026647,-0.8134209588935,1,1,1,"C5orf24"
0.25717871026647,0.478759525032801,1,1,1,"CANX"
0.25717871026647,-0.302759101008286,1,1,1,"CBX5"
0.25717871026647,0.114651081541091,1,1,1,"CD55"
0.25717871026647,-0.185924229770787,1,1,1,"CD59"
0.25717871026647,-0.389560269753717,1,1,1,"CDC123"
0.25717871026647,-0.519226105231795,1,1,1,"CEP170"
0.25717871026647,-0.329565142458038,1,1,1,"CFL2"
0.25717871026647,-0.245279039052765,1,1,1,"CIB1"
0.25717871026647,-0.342664727282864,1,1,1,"CLPTM1"
0.25717871026647,-0.218243728271609,1,1,1,"COX7A2"
0.25717871026647,-0.250647685918576,1,1,1,"COXFA4"
0.25717871026647,-0.156147493196781,1,1,1,"DEK"
0.25717871026647,0.193027990139124,1,1,1,"DENND3"
0.25717871026647,-0.51445682315178,1,1,1,"DPP8"
0.25717871026647,0.629310910317343,1,1,1,"DYM"
0.25717871026647,-0.496428668569301,1,1,1,"EIF2S2"
0.25717871026647,-0.419993358566322,1,1,1,"ELMOD3"
0.25717871026647,0.784197625795464,1,1,1,"EMC10"
0.25717871026647,-0.278400217963984,1,1,1,"ERH"
0.25717871026647,0.404184013901669,1,1,1,"GEMIN6"
0.25717871026647,-0.346913774371705,1,1,1,"GLRX5"
0.25717871026647,0.412199239467242,1,1,1,"IDS"
0.25717871026647,0.00712075920029775,1,1,1,"INPPL1"
0.25717871026647,-0.498566424093056,1,1,1,"ITFG1"
0.25717871026647,-0.618892272220167,1,1,1,"ITGB1"
0.25717871026647,-0.699804679804462,1,1,1,"KHSRP"
0.25717871026647,-0.294015052502792,1,1,1,"LAMTOR1"
0.25717871026647,-0.631962902124295,1,1,1,"LARP7"
0.25717871026647,-0.610590959818483,1,1,1,"LOC122455342"
0.25717871026647,0.651236199625599,1,1,1,"LRRC41"
0.25717871026647,-0.47920998483047,1,1,1,"MAPK1IP1L"
0.25717871026647,-0.282040432538041,1,1,1,"MCRS1"
0.25717871026647,-0.410234288541359,1,1,1,"MRPL43"
0.25717871026647,0.867780397686207,1,1,1,"MSI2"
0.25717871026647,-0.473170584995526,1,1,1,"MTRR"
0.25717871026647,-0.264147674311262,1,1,1,"MYL6B"
0.25717871026647,-0.363284348187526,1,1,1,"NDUFB8"
0.25717871026647,-0.437600223809906,1,1,1,"OSBPL8"
0.25717871026647,0.634711606995326,1,1,1,"PDCD6"
0.25717871026647,0.312904918780151,1,1,1,"PDIA6"
0.25717871026647,-0.327645692622795,1,1,1,"PITX1"
0.25717871026647,-0.447953659825512,1,1,1,"PKM"
0.25717871026647,-0.669492868127664,1,1,1,"PRKAR2A"
0.25717871026647,-0.300938706487996,1,1,1,"PRPF31"
0.25717871026647,-0.458816866392234,1,1,1,"PSME3"
0.25717871026647,0.744048569192651,1,1,1,"PTK7"
0.25717871026647,0.24121194009142,1,1,1,"RAB18"
0.25717871026647,-0.288256123629647,1,1,1,"RAD21"
0.25717871026647,-0.432010798937435,1,1,1,"RNASEK"
0.25717871026647,0.396413149871961,1,1,1,"RNF115"
0.25717871026647,0.41300363695423,1,1,1,"RNF168"
0.25717871026647,-0.441882923787205,1,1,1,"RPL13"
0.25717871026647,-0.259046908479103,1,1,1,"RPL13A"
0.25717871026647,-0.287730856970537,1,1,1,"RPL7"
0.25717871026647,-0.229307967382383,1,1,1,"RPL8"
0.25717871026647,0.549482305332247,1,1,1,"RUVBL1"
0.25717871026647,-0.580412349805854,1,1,1,"RUVBL2"
0.25717871026647,-0.806497773453256,1,1,1,"SF3A1"
0.25717871026647,-0.619905236385432,1,1,1,"SLC39A13"
0.25717871026647,-0.242491718683269,1,1,1,"SNRPD2"
0.25717871026647,-0.693671789767782,1,1,1,"STK10"
0.25717871026647,0.609637560096109,1,1,1,"STK24"
0.25717871026647,0.323567728436636,1,1,1,"TCEAL4"
0.25717871026647,-0.601312173011454,1,1,1,"TMEM184C"
0.25717871026647,-0.486888378571646,1,1,1,"TMPO"
0.25717871026647,-0.507605479781864,1,1,1,"TMSB4X"
0.25717871026647,0.309492669671633,1,1,1,"TMTC3"
0.25717871026647,0.394315646481736,1,1,1,"TNIP1"
0.25717871026647,-0.386278448412318,1,1,1,"TOX4"
0.25717871026647,-0.427660977939513,1,1,1,"TRIM33"
0.25717871026647,-0.388916089919854,1,1,1,"TRIM37"
0.25717871026647,0.635044659333964,1,1,1,"UQCC5"
0.25717871026647,-0.266062583132001,1,1,1,"VCP"
0.25717871026647,-0.331813872776737,1,1,1,"WDR45B"
0.25717871026647,-0.188021447320342,1,1,1,"YWHAZ"
0.259265565015911,0.283652089782042,0.929,0.688,1,"TRMT1"
0.259265565015911,0.81674300278198,0.786,0.812,1,"MBP"
0.25936095591695,-0.627847206023261,0.786,0.812,1,"CENPU"
0.25936095591695,-1.12152200514902,0.786,0.812,1,"MAPK7"
0.260652858985024,-1.75093348098746,0.429,0.562,1,"VEPH1"
0.26091567907137,0.725816223178809,0.643,0.375,1,"DYRK1B"
0.26091567907137,0.239739101807561,0.643,0.375,1,"ZNF467"
0.26091567907137,1.19130538460358,0.571,0.438,1,"DNAJA4"
0.261273903811768,0.547785947876908,0.929,0.938,1,"DDRGK1"
0.261273903811768,0.532984644691573,0.929,0.938,1,"DDX49"
0.261273903811768,0.40338230397048,0.929,0.938,1,"DHCR24"
0.261273903811768,0.0965088817625084,0.929,0.938,1,"ID3"
0.261273903811768,-0.198253708536867,0.929,0.938,1,"SMG7"
0.261273903811768,0.650793178553501,0.929,0.938,1,"TRAF6"
0.261273903811768,0.604542300363743,0.929,0.938,1,"UAP1L1"
0.261383996684149,0.676768939694735,0.929,0.812,1,"FBXL3"
0.261383996684149,0.434732330596571,0.929,0.812,1,"GOLPH3L"
0.261383996684149,0.257543777625674,0.929,0.812,1,"IMPACT"
0.261383996684149,0.192941406221503,0.929,0.812,1,"PORCN"
0.261383996684149,0.690261855590816,0.929,0.812,1,"SAMD1"
0.261383996684149,0.492753664587376,0.929,0.812,1,"UNC119"
0.261484820025488,-1.92580321238991,0.571,0.75,1,"CYB561D1"
0.261763442324246,-0.625315006805211,0.929,0.938,1,"ACD"
0.261763442324246,-0.310324392262552,0.929,0.938,1,"ARL3"
0.261763442324246,-1.15223778802483,0.929,0.938,1,"CKS2"
0.261763442324246,-0.579065702411754,0.929,0.938,1,"DNAJC25-GNG10"
0.261763442324246,-0.503471282329515,0.929,0.938,1,"SLC25A11"
0.261763442324246,-0.403495381594685,0.929,0.938,1,"TWF2"
0.262299878612465,-1.09624517987385,0.5,0.75,1,"TP53I3"
0.262299878612465,-0.365071090647763,0.571,0.688,1,"E2F8"
0.262462961845531,0.733884465374996,0.786,0.5,1,"SEPTIN6"
0.262462961845531,0.146587260042328,0.714,0.562,1,"ARRDC3"
0.262462961845531,2.53591146169101,0.714,0.562,1,"CLCN5"
0.262462961845531,1.77728143740577,0.714,0.562,1,"SMIM5"
0.262650704231647,2.46826149124033,0.643,0.562,1,"OXTR"
0.264012555125946,-0.738810093629452,0.5,0.688,1,"AHNAK2"
0.264012555125946,-1.24991065671722,0.5,0.688,1,"BUB1"
0.26411238825032,0.495104407771834,0.357,0.125,1,"FGF2"
0.26411238825032,0.244826421068004,0.357,0.125,1,"PARM1"
0.264131917529367,-2.86603319669733,0.429,0.625,1,"EFL1"
0.264131917529367,0.571154322127711,0.429,0.625,1,"TMEM217"
0.264222742429954,0.477975187790662,0.571,0.312,1,"ATG9B"
0.264222742429954,-0.223961597611583,0.571,0.312,1,"DOK4"
0.264222742429954,-0.354513359687006,0.571,0.312,1,"UPRT"
0.265000832916874,0.701483942585743,0.5,0.25,1,"CDK3"
0.265000832916874,2.49270644387226,0.429,0.25,1,"PLPP6"
0.265000832916874,1.77498701481879,0.429,0.25,1,"SIPA1L2"
0.265344589487162,-1.00147961686117,0.714,0.75,1,"SH2B3"
0.265496353990187,-0.416258530520682,0.857,0.625,1,"PARD3B"
0.268078179692404,-0.582266972217841,0.571,0.812,1,"ECM1"
0.268078179692404,-1.59905872912268,0.643,0.75,1,"LARS2"
0.268179841967561,0.656967428991976,0.857,0.562,1,"C1RL"
0.268179841967561,0.704410746982645,0.786,0.625,1,"SOCS6"
0.268645959098194,-0.699983919513029,0.714,0.875,1,"SLC12A4"
0.268645959098194,-1.06223247737867,0.857,0.75,1,"SARS2"
0.268845116485446,-0.818177911921977,1,0.625,1,"FSTL3"
0.268845116485446,0.396129618000195,1,0.625,1,"RHOD"
0.268845116485446,1.59147725142952,0.857,0.75,1,"TAF4"
0.268865567216392,-0.801443691794732,0.429,0.188,1,"BGLAP"
0.2695712618407,-1.26375838798105,0.643,0.688,1,"ZNF367"
0.269620538887763,1.19499337331611,1,0.75,1,"ARL8A"
0.269620538887763,0.222062706755766,1,0.75,1,"LBHD1"
0.269620538887763,-0.110205654121756,1,0.75,1,"SHB"
0.269620538887763,0.238650489012481,0.857,0.875,1,"BTBD10"
0.269620538887763,0.189272233282257,0.857,0.875,1,"DCBLD1"
0.269620538887763,1.22209826698652,0.857,0.875,1,"SLC12A8"
0.269620538887763,0.723578837093016,0.857,0.875,1,"WFS1"
0.269910672458748,-0.726179567268588,0.857,0.875,1,"DST"
0.27022862837587,0.925509583502479,0.786,0.562,1,"DUSP16"
0.270277465326504,-0.548713608819537,0.857,1,1,"WDFY1"
0.270277465326504,-0.764443508562581,1,0.875,1,"IP6K1"
0.270774898068682,0.328590831394845,1,0.875,1,"GBF1"
0.270774898068682,0.163294811747106,1,0.875,1,"GGA2"
0.270774898068682,0.292136801073873,1,0.875,1,"MEAK7"
0.270774898068682,0.297229698698349,1,0.875,1,"PLEKHF2"
0.270774898068682,-0.134336230617523,1,0.875,1,"SPEN"
0.270774898068682,0.286037061385192,1,0.875,1,"SQLE"
0.270774898068682,0.304102592340632,1,0.875,1,"VPS41"
0.270774898068682,1.27305577623941,1,0.875,1,"ZMYM4"
0.271786445958307,-0.545016469954163,0.714,0.812,1,"CCDC34"
0.271786445958307,-0.574294993092892,0.714,0.812,1,"SKA3"
0.271786445958307,-1.26863198060125,0.786,0.75,1,"BUB1B"
0.271840729102253,0.740959850977355,0.857,0.688,1,"PHKA2"
0.271840729102253,0.385656248032997,0.857,0.688,1,"TLR5"
0.271840729102253,0.371244673173585,0.857,0.688,1,"ZNF197"
0.271840729102253,0.0259271739045812,0.786,0.75,1,"UBXN8"
0.272698779609164,0.898305289108066,0.643,0.5,1,"ATP2A3"
0.272698779609164,1.43406311648234,0.643,0.5,1,"NIPA1"
0.273105579992941,0.548942829543187,0.714,0.5,1,"OPLAH"
0.273638853088076,0.803145373647949,0.643,0.438,1,"ARMCX1"
0.273638853088076,0.671553187741013,0.643,0.438,1,"DEXI"
0.273638853088076,0.797030731992953,0.643,0.438,1,"NUPR2"
0.273638853088076,1.1651072884815,0.643,0.438,1,"SDCBP2"
0.27390319975891,-1.27934919436543,0.786,0.875,1,"CENPO"
0.27390319975891,-1.0788867510138,0.786,0.875,1,"IPO13"
0.27390319975891,-0.636087758026201,0.786,0.875,1,"TUBB2A"
0.273926126032271,0.202469225489252,1,0.688,1,"CRYL1"
0.273926126032271,0.416225089095021,0.929,0.75,1,"GYS1"
0.273926126032271,0.188664935741707,0.929,0.75,1,"SCUBE3"
0.273926126032271,1.78080157343875,0.857,0.812,1,"GSDMB"
0.273926126032271,0.399820020641763,0.857,0.812,1,"ZNF586"
0.273951912932423,-0.843192064506927,0.214,0.438,1,"ATP5MF-PTCD1"
0.274865525613526,-1.15160938702613,0.857,0.938,1,"BIRC5"
0.274865525613526,-0.377953645860479,0.857,0.938,1,"EIF1B"
0.274865525613526,-0.731158370704224,0.857,0.938,1,"PPCDC"
0.274865525613526,-0.82550841693056,0.857,0.938,1,"SLC35G2"
0.274865525613526,-1.49954412661853,0.929,0.875,1,"CDCA3"
0.274865525613526,-0.707842079261513,0.929,0.875,1,"LRR1"
0.274865525613526,-1.13786454504104,0.929,0.875,1,"TCAIM"
0.274871466915321,0.311888430331444,1,0.812,1,"HMBOX1"
0.274871466915321,0.303600746192939,1,0.812,1,"IRF3"
0.274871466915321,-0.0286229352156848,1,0.812,1,"OSBPL1A"
0.274871466915321,0.484408418879842,1,0.812,1,"PIGB"
0.274871466915321,-0.186765931884412,1,0.812,1,"PPARG"
0.274871466915321,0.550654291394277,1,0.812,1,"TSEN54"
0.274871466915321,0.347025248353722,0.857,0.938,1,"RAB12"
0.274871466915321,0.53091097916419,0.929,0.875,1,"COX15"
0.274871466915321,0.27510637338995,0.929,0.875,1,"PEX11B"
0.274871466915321,0.423229776045555,0.929,0.875,1,"SLC1A4"
0.274871466915321,0.230871466196375,0.929,0.875,1,"SLC8B1"
0.274871466915321,0.341046227538672,0.929,0.875,1,"SPSB3"
0.274871466915321,0.00282282344135343,0.929,0.875,1,"ZNF724"
0.274871466915321,0.404292391675725,0.929,0.875,1,"ZNF800"
0.275093536822919,0.0763659022522472,0.929,0.562,1,"TENT5A"
0.275093536822919,0.737972150379605,0.786,0.688,1,"CNST"
0.275112859806767,0.574541644573794,0.929,1,1,"ACSL1"
0.275112859806767,0.627899340179475,0.929,1,1,"ATF7"
0.275112859806767,1.16098603705112,0.929,1,1,"BICRA"
0.275112859806767,-0.390346845112303,0.929,1,1,"DPYSL2"
0.275112859806767,0.40614696171373,0.929,1,1,"ESCO1"
0.275112859806767,-0.44275155048506,0.929,1,1,"NT5C"
0.275112859806767,-1.01810812865728,0.929,1,1,"SNX15"
0.275112859806767,0.765406179338265,0.929,1,1,"TLE1"
0.275112859806767,0.28436738279639,1,0.938,1,"C17orf75"
0.275112859806767,1.69224107001361,1,0.938,1,"CATSPERG"
0.275112859806767,0.379282614121071,1,0.938,1,"COLEC12"
0.275112859806767,0.814086594728939,1,0.938,1,"COX11"
0.275112859806767,0.485817096635438,1,0.938,1,"DYNC2LI1"
0.275112859806767,-1.83702579734282,1,0.938,1,"GPR107"
0.275112859806767,0.29632082885099,1,0.938,1,"LIMK1"
0.275112859806767,-0.431551553392561,1,0.938,1,"NXF1"
0.275112859806767,-0.480343551824028,1,0.938,1,"PKMYT1"
0.275112859806767,0.494066323668483,1,0.938,1,"PPP2R5A"
0.275112859806767,0.469105504313671,1,0.938,1,"SELENOM"
0.275112859806767,0.43062681219403,1,0.938,1,"SLC39A1"
0.275112859806767,0.362889115807875,1,0.938,1,"SNX13"
0.275112859806767,-0.400576996909839,1,0.938,1,"UBE2E3"
0.275112859806767,-0.452372643558528,1,0.938,1,"ZNF234"
0.275112859806767,-1.26044381114758,1,0.938,1,"ZNF813"
0.275112859806767,-0.591156116408236,1,1,1,"AGBL5"
0.275112859806767,-0.331130278656728,1,1,1,"ARPC5L"
0.275112859806767,-0.362983130406671,1,1,1,"ARSG"
0.275112859806767,-0.314336328582019,1,1,1,"ATP1A1"
0.275112859806767,-0.245108815623231,1,1,1,"BCL10"
0.275112859806767,-0.738425417964675,1,1,1,"BRD8"
0.275112859806767,-0.169327506124588,1,1,1,"CALM3"
0.275112859806767,0.421017849604391,1,1,1,"CAPS"
0.275112859806767,0.290358151535111,1,1,1,"CFAP92"
0.275112859806767,-0.339963426439807,1,1,1,"COPS3"
0.275112859806767,0.616258139270959,1,1,1,"EPS8"
0.275112859806767,-0.571668238832712,1,1,1,"FAM32A"
0.275112859806767,0.593103971768527,1,1,1,"GATAD1"
0.275112859806767,0.350090725518896,1,1,1,"GK5"
0.275112859806767,0.607045118010019,1,1,1,"GSK3B"
0.275112859806767,-0.983363815086537,1,1,1,"GSTZ1"
0.275112859806767,0.409206853139858,1,1,1,"IVD"
0.275112859806767,-1.15184068735921,1,1,1,"KCNB1"
0.275112859806767,-0.452271835298669,1,1,1,"KIF2A"
0.275112859806767,-0.547869904512254,1,1,1,"LGALS8"
0.275112859806767,1.08537503778035,1,1,1,"MAN2B2"
0.275112859806767,-0.477936148082066,1,1,1,"MAP2K2"
0.275112859806767,-0.00344147986958188,1,1,1,"MFN2"
0.275112859806767,0.297208960759435,1,1,1,"MMAB"
0.275112859806767,0.397182764858913,1,1,1,"MRPL46"
0.275112859806767,0.324239263876205,1,1,1,"MRPS5"
0.275112859806767,0.0349552933311239,1,1,1,"MYCBP2"
0.275112859806767,-0.261599930512624,1,1,1,"MYL6"
0.275112859806767,0.205435078797733,1,1,1,"NBPF9"
0.275112859806767,-0.160083200754762,1,1,1,"NDUFB10"
0.275112859806767,0.374446647434688,1,1,1,"NDUFB4"
0.275112859806767,-0.154060522074996,1,1,1,"NFKBIZ"
0.275112859806767,-0.503963371054857,1,1,1,"NME7"
0.275112859806767,-0.385568294420359,1,1,1,"NUCKS1"
0.275112859806767,0.694970202852721,1,1,1,"NUP160"
0.275112859806767,-0.275269435067917,1,1,1,"OXA1L"
0.275112859806767,0.0131204676906904,1,1,1,"PACS1"
0.275112859806767,-0.508159705626872,1,1,1,"PGM2"
0.275112859806767,0.16509441600148,1,1,1,"PLD3"
0.275112859806767,-0.684013434175167,1,1,1,"PNPLA8"
0.275112859806767,-0.273539900168577,1,1,1,"PRMT5"
0.275112859806767,0.332926678784187,1,1,1,"RAB6A"
0.275112859806767,-0.46439677598921,1,1,1,"RBM22"
0.275112859806767,-0.313171766655072,1,1,1,"REXO2"
0.275112859806767,-0.530961445872952,1,1,1,"RNF126"
0.275112859806767,-0.428568367854748,1,1,1,"RPS15A"
0.275112859806767,-0.370158739007103,1,1,1,"RPS23"
0.275112859806767,-0.372315945027669,1,1,1,"RPS6"
0.275112859806767,0.618168105953501,1,1,1,"S100A11"
0.275112859806767,-0.390801073538785,1,1,1,"SEPTIN11"
0.275112859806767,-0.58522398942718,1,1,1,"SLC9D1"
0.275112859806767,0.23028882357487,1,1,1,"STAU1"
0.275112859806767,0.338302080301652,1,1,1,"STRAP"
0.275112859806767,-0.296138738944709,1,1,1,"SYF2"
0.275112859806767,-0.272336272314936,1,1,1,"TAX1BP1"
0.275112859806767,0.294743277871962,1,1,1,"TMED9"
0.275112859806767,0.366182899345136,1,1,1,"TMEM64"
0.275112859806767,0.817954337229656,1,1,1,"TMEM67"
0.275112859806767,-0.461359052690183,1,1,1,"TMEM69"
0.275112859806767,0.294156551865561,1,1,1,"TP53RK"
0.275112859806767,-1.19741777800569,1,1,1,"U2AF1L4"
0.275112859806767,0.144415248866133,1,1,1,"UBC"
0.275112859806767,0.2568645895034,1,1,1,"UFM1"
0.275112859806767,0.158969392065534,1,1,1,"USP47"
0.275112859806767,0.85023489955771,1,1,1,"USP53"
0.275112859806767,-0.0744137824500095,1,1,1,"XPO1"
0.275112859806767,-0.325699990154082,1,1,1,"YKT6"
0.275862068965517,-1.21104231880442,0.071,0.25,1,"DCDC2B"
0.275862068965517,-1.63686938656857,0.071,0.25,1,"SLC16A1"
0.275862068965517,-4.25826677288358,0.071,0.188,1,"RAB3A"
0.276146371258815,-0.807811119972832,0.286,0.5,1,"PLEKHO2"
0.277350915185683,0.285611952752644,0.929,0.688,1,"ZDHHC21"
0.277350915185683,0.504291234972221,0.929,0.688,1,"ZNF700"
0.277350915185683,0.575897441989132,0.786,0.812,1,"APOL2"
0.277350915185683,0.70472742891183,0.786,0.812,1,"ARAP1"
0.277350915185683,2.04690553359904,0.786,0.812,1,"PIP5KL1"
0.279450821544852,0.592840122794707,0.929,0.938,1,"POLL"
0.279450821544852,0.269918410252779,0.929,0.938,1,"RESF1"
0.279450821544852,0.84281562297716,0.929,0.938,1,"SEC24D"
0.279450821544852,-0.745082980794557,0.929,0.938,1,"SMG6"
0.279503839411564,0.509822346709085,0.929,0.812,1,"FAM47E-STBD1"
0.279503839411564,0.765131815617642,0.929,0.812,1,"SFXN4"
0.279503839411564,0.356207962668032,0.929,0.812,1,"TRIM8"
0.279503839411564,0.1751179627159,0.929,0.812,1,"WRNIP1"
0.279503839411564,0.242825216606022,0.929,0.812,1,"ZNF678"
0.279577514304423,1.16148856604125,0.714,0.625,1,"CEP72"
0.279577514304423,0.454335508410812,0.714,0.625,1,"LSR"
0.279846743295019,1.69141439715197,0.286,0.125,1,"PPM1J"
0.279948254287029,-0.571089538963626,0.929,0.938,1,"ECI2"
0.279948254287029,-0.536835861094548,0.929,0.938,1,"TMT1A"
0.279963176306584,-1.0249989909712,0.571,0.75,1,"NEK3"
0.280038432795986,-1.36199755616279,0.429,0.562,1,"RAD54L"
0.280283195175719,-0.788971937058748,0.643,0.375,1,"PNPLA7"
0.280283195175719,0.956443271565688,0.643,0.375,1,"RETREG1"
0.280283195175719,1.8053130589531,0.571,0.438,1,"ADCY5"
0.280756271331139,-0.51543288032967,0.357,0.562,1,"ADM5"
0.280955813802765,-0.319710942469661,0.5,0.75,1,"LIPE"
0.280955813802765,-0.520765998000655,0.5,0.75,1,"ZDHHC18"
0.280955813802765,-1.83726120400546,0.571,0.688,1,"KAT2B"
0.281083042929859,1.14137356303744,0.714,0.562,1,"CDK18"
0.281083042929859,0.483400919133541,0.714,0.562,1,"GEMIN8"
0.281083042929859,1.22004693941426,0.714,0.562,1,"NEMP2"
0.281083042929859,0.892562745230137,0.714,0.562,1,"PARP16"
0.283364984174579,-0.563947657837776,0.5,0.25,1,"SEMA6A"
0.283364984174579,2.33918739094286,0.429,0.312,1,"SHLD1"
0.283820896569259,2.4381495514099,0.571,0.312,1,"SYNGAP1"
0.283876596273587,-0.916610978313098,0.714,0.75,1,"NEMP1"
0.283937907207387,0.179114234939288,0.857,0.625,1,"KSR1"
0.284896849820705,-0.426224328308515,0.5,0.312,1,"FANK1"
0.284896849820705,0.759279063969204,0.5,0.312,1,"SLC4A3"
0.285568326947637,2.27114550576497,0.214,0.062,1,"C9orf43"
0.285568326947637,4.25403660297912,0.214,0.062,1,"EEPD1"
0.286780985152419,-0.433086933565171,0.571,0.812,1,"VIM"
0.286780985152419,-0.789107218804313,0.643,0.75,1,"FYCO1"
0.286844262767137,0.489115402820273,0.857,0.562,1,"MPDZ"
0.286844262767137,0.443702865578095,0.857,0.562,1,"PCYOX1L"
0.286844262767137,0.611323676704726,0.857,0.562,1,"TANC1"
0.286844262767137,1.01422095498647,0.786,0.625,1,"VASN"
0.286844262767137,0.292515888354491,0.786,0.625,1,"ZNF227"
0.286844262767137,2.36116770161277,0.714,0.688,1,"TMX3"
0.287152550315829,-1.69008801737422,0.857,0.75,1,"KNSTRN"
0.287152550315829,-1.1059700858942,0.857,0.75,1,"NFATC1"
0.287379447531138,0.279630932746263,0.857,0.75,1,"ARMCX3"
0.287379447531138,-0.763108472486195,0.857,0.75,1,"CARF"
0.287379447531138,0.597493622559829,0.857,0.75,1,"SLC35B3"
0.288160481162928,0.462236489892406,1,0.75,1,"CAMK2N1"
0.288160481162928,-0.257654700799924,1,0.75,1,"FAM234B"
0.288160481162928,0.23302909403015,1,0.75,1,"RAB40B"
0.288160481162928,1.72726319916844,0.857,0.875,1,"FAM151B"
0.288160481162928,0.565797026565884,0.857,0.875,1,"RP2"
0.288476099067769,-0.724362557782791,0.857,0.875,1,"LARP6"
0.2884995066966,-1.29783318522961,0.643,0.688,1,"B4GALT2"
0.28876830934378,-0.862667710967231,0.857,1,1,"HYAL2"
0.28876830934378,-0.366265190223064,0.857,1,1,"PPIL3"
0.28876830934378,-0.572644090346953,0.857,1,1,"TRMU"
0.28876830934378,-0.904193823015291,1,0.875,1,"KIF18B"
0.28876830934378,-0.433960151944882,1,0.875,1,"TMEM43"
0.289004599867249,0.542626550310125,0.786,0.562,1,"SGF29"
0.289004599867249,0.498700993987089,0.786,0.562,1,"SNN"
0.289271889682954,0.677770536673026,1,0.875,1,"ACSS2"
0.289271889682954,0.800200391449636,1,0.875,1,"BCL7A"
0.289271889682954,0.543794135873143,1,0.875,1,"FAM120AOS"
0.289271889682954,0.558563639040126,1,0.875,1,"H6PD"
0.289271889682954,0.353903755481128,1,0.875,1,"LRRC49"
0.290352601477039,-0.395416810389956,0.143,0.375,1,"MSANTD2"
0.290511297498825,-0.768704122449263,0.786,0.75,1,"DUSP6"
0.290545349960039,-0.227171539751809,0.929,0.625,1,"CHD1L"
0.290545349960039,0.810126004774231,0.857,0.688,1,"CGN"
0.290545349960039,0.976020159661982,0.786,0.75,1,"GNAL"
0.291234210895926,0.395692140032865,0.571,0.375,1,"MNS1"
0.291234210895926,1.0177343568768,0.571,0.375,1,"RHOV"
0.292082386739207,0.0439062335525846,0.714,0.438,1,"THBS3"
0.292082386739207,1.07818302828692,0.643,0.5,1,"MED12"
0.292190554189709,0.449075874128002,0.714,0.5,1,"ARHGAP42"
0.292636261848436,-0.496644708759977,0.786,0.875,1,"DNAH7"
0.292636261848436,-1.46082640169987,0.857,0.812,1,"GAS2L3"
0.292636261848436,-1.2795167825521,0.857,0.812,1,"KIF14"
0.292652999265761,0.725272022325563,0.929,0.75,1,"C1QTNF6"
0.292652999265761,0.448225868509908,0.857,0.812,1,"VPS26B"
0.29272030651341,1.10545029483239,0.429,0.25,1,"BIVM-ERCC5"
0.29272030651341,0.132974605995189,0.429,0.25,1,"EEF1AKMT1"
0.29272030651341,1.14733232502252,0.429,0.25,1,"ELL3"
0.293097194093012,1.1591525387433,0.643,0.438,1,"CADPS2"
0.293097194093012,0.180690711107468,0.643,0.438,1,"PIGZ"
0.293605409197706,-0.838525226823926,1,0.812,1,"CEP192"
0.293605409197706,-0.614350811336411,0.857,0.938,1,"CES2"
0.293605409197706,-0.485319094294669,0.857,0.938,1,"CLCN7"
0.293605409197706,-0.853345713651727,0.857,0.938,1,"EEIG2"
0.293605409197706,-0.608986407789135,0.857,0.938,1,"PXDC1"
0.293605409197706,-1.09342351369611,0.929,0.875,1,"ADGRE5"
0.293605409197706,-0.738462573104071,0.929,0.875,1,"ANKRD28"
0.293609906433092,0.861146713662075,1,0.812,1,"ASAP3"
0.293609906433092,0.43230747546499,1,0.812,1,"COG2"
0.293609906433092,0.174617013339171,1,0.812,1,"LIMK2"
0.293609906433092,0.566099008264215,0.857,0.938,1,"CTCF"
0.293609906433092,0.608341065889918,0.857,0.938,1,"TEN1-CDK3"
0.293609906433092,0.751799340532885,0.857,0.938,1,"TRAPPC11"
0.293856621740729,0.636403688105209,0.929,1,1,"COPRS"
0.293856621740729,0.284206020704767,0.929,1,1,"HSPBAP1"
0.293856621740729,0.752051990176942,0.929,1,1,"MAGI1"
0.293856621740729,-0.377074235132565,0.929,1,1,"PHACTR2"
0.293856621740729,-0.363479641402725,0.929,1,1,"PREB"
0.293856621740729,-0.419988913471496,0.929,1,1,"TYK2"
0.293856621740729,0.315895951714798,1,0.938,1,"ANO10"
0.293856621740729,0.624059841194521,1,0.938,1,"ARHGAP35"
0.293856621740729,0.57406971101867,1,0.938,1,"BPHL"
0.293856621740729,0.900535631413323,1,0.938,1,"CCDC186"
0.293856621740729,0.0235246104126832,1,0.938,1,"CEP44"
0.293856621740729,-0.667624322991159,1,0.938,1,"DSN1"
0.293856621740729,0.319861101559679,1,0.938,1,"GXYLT1"
0.293856621740729,-0.00198292863276839,1,0.938,1,"HIPK3"
0.293856621740729,0.499698851972084,1,0.938,1,"MED1"
0.293856621740729,0.34781488711759,1,0.938,1,"PARN"
0.293856621740729,-0.795668709135712,1,0.938,1,"RNF216P1"
0.293856621740729,0.349570484034634,1,0.938,1,"SSH2"
0.293856621740729,0.898123127713236,1,0.938,1,"TCF7L1"
0.293856621740729,-0.676344297833882,1,0.938,1,"TK1"
0.293856621740729,0.260341750253687,1,0.938,1,"TUBGCP4"
0.293856621740729,0.18169272308997,1,0.938,1,"TUSC3"
0.293856621740729,0.630610692836864,1,0.938,1,"VEZT"
0.293856621740729,-0.301845860956382,1,0.938,1,"XPA"
0.293856621740729,0.0693714008403483,1,0.938,1,"ZRANB3"
0.293856621740729,0.18308677043871,1,1,1,"ACTR2"
0.293856621740729,0.402860009634055,1,1,1,"ACTR6"
0.293856621740729,0.272274396934952,1,1,1,"AHSA1"
0.293856621740729,-0.417062286625519,1,1,1,"ALDH7A1"
0.293856621740729,-0.447605532545706,1,1,1,"AMD1"
0.293856621740729,0.389171498278313,1,1,1,"ATG3"
0.293856621740729,0.368058346355832,1,1,1,"ATP1B1"
0.293856621740729,-0.353030026702319,1,1,1,"CALM2"
0.293856621740729,0.164089806539192,1,1,1,"CCDC90B"
0.293856621740729,0.195604826262214,1,1,1,"CCNC"
0.293856621740729,0.339540674299618,1,1,1,"CLINT1"
0.293856621740729,-0.169788653563524,1,1,1,"CTNNA1"
0.293856621740729,-0.454724353843106,1,1,1,"DCLRE1C"
0.293856621740729,0.493844690764904,1,1,1,"DEGS1"
0.293856621740729,-0.738147829531605,1,1,1,"DHODH"
0.293856621740729,-0.277158498075198,1,1,1,"DLGAP4"
0.293856621740729,0.271244652390885,1,1,1,"DNAJA1"
0.293856621740729,0.473140710019351,1,1,1,"DSTYK"
0.293856621740729,0.578494600562189,1,1,1,"DTX2"
0.293856621740729,-0.251911575202863,1,1,1,"EBNA1BP2"
0.293856621740729,-0.423674481333409,1,1,1,"FH"
0.293856621740729,0.314601095537856,1,1,1,"FLAD1"
0.293856621740729,0.285911155541238,1,1,1,"FTSJ3"
0.293856621740729,-0.668195509058745,1,1,1,"GAN"
0.293856621740729,0.676833138861131,1,1,1,"HAX1"
0.293856621740729,-0.233486317603207,1,1,1,"HINT1"
0.293856621740729,-0.440886478471256,1,1,1,"HMGCR"
0.293856621740729,0.64363888118393,1,1,1,"IFT122"
0.293856621740729,-1.03317892271481,1,1,1,"ITGA3"
0.293856621740729,0.461926201048678,1,1,1,"KLC3"
0.293856621740729,0.814620596462979,1,1,1,"KYNU"
0.293856621740729,0.338746513934157,1,1,1,"LARS1"
0.293856621740729,0.43814171753046,1,1,1,"LTBP3"
0.293856621740729,-0.411508517074695,1,1,1,"MAGOH"
0.293856621740729,0.525172990019535,1,1,1,"MFN1"
0.293856621740729,-0.214919444717685,1,1,1,"NAP1L4"
0.293856621740729,0.387771171217441,1,1,1,"NEK9"
0.293856621740729,-0.412004977487326,1,1,1,"NELFE"
0.293856621740729,-0.757798448524285,1,1,1,"NGLY1"
0.293856621740729,0.701182936615724,1,1,1,"NPHP1"
0.293856621740729,-0.477904885416936,1,1,1,"NUDT5"
0.293856621740729,0.584119885517187,1,1,1,"OSBP"
0.293856621740729,0.373424080082732,1,1,1,"OXR1"
0.293856621740729,0.505768223111165,1,1,1,"PLOD1"
0.293856621740729,-0.261225461975545,1,1,1,"POLR2G"
0.293856621740729,-0.401500838026027,1,1,1,"PPIE"
0.293856621740729,0.400056242821463,1,1,1,"PTBP3"
0.293856621740729,0.357405544238677,1,1,1,"RAB3GAP2"
0.293856621740729,0.307755336989581,1,1,1,"RCN1"
0.293856621740729,-0.588022601062253,1,1,1,"RPS2"
0.293856621740729,0.255824004472641,1,1,1,"SCAMP1"
0.293856621740729,0.741867378308741,1,1,1,"SDC3"
0.293856621740729,-0.452631691471828,1,1,1,"SFSWAP"
0.293856621740729,0.117580989729996,1,1,1,"SIVA1"
0.293856621740729,-0.554454103523952,1,1,1,"SLC44A2"
0.293856621740729,0.620026361448377,1,1,1,"STK3"
0.293856621740729,0.333442739275382,1,1,1,"THOC3"
0.293856621740729,-0.55600554819596,1,1,1,"TMSB10"
0.293856621740729,-0.0506390876078431,1,1,1,"TSC22D1"
0.293856621740729,-0.670116102329789,1,1,1,"TUBA1C"
0.293856621740729,0.368967669726539,1,1,1,"UBE2Z"
0.293856621740729,0.54490937195868,1,1,1,"VGLL4"
0.293856621740729,0.390183576740769,1,1,1,"YTHDC2"
0.293856621740729,0.182167260333162,1,1,1,"ZBTB8A"
0.293856621740729,0.256602370089101,1,1,1,"ZDHHC7"
0.293856621740729,-0.195778787696382,1,1,1,"ZNF335"
0.293856621740729,-1.39122276635356,1,1,1,"ZNF549"
0.293856621740729,0.0969053057248566,1,1,1,"ZNF585A"
0.294042301174834,0.975282120068176,0.786,0.688,1,"TM7SF2"
0.296259300690213,0.514376826013685,0.929,0.688,1,"STAT5A"
0.296456821468867,-0.680580833076738,0.786,0.812,1,"BTD"
0.298434917388227,0.318864241637845,0.929,0.812,1,"CXCL16"
0.298434917388227,0.264706530908208,0.929,0.812,1,"LACTB"
0.298434917388227,0.599126674044093,0.929,0.812,1,"PPIC"
0.298434917388227,0.550159332987056,0.929,0.812,1,"RBM14-RBM4"
0.298434917388227,0.418782464756154,0.929,0.812,1,"SERAC1"
0.298434917388227,0.224276063738992,0.929,0.812,1,"SMIM8"
0.298434917388227,-0.613685865878696,0.929,0.812,1,"SRBD1"
0.298434917388227,0.408458010843381,0.929,0.812,1,"SRXN1"
0.298434917388227,0.133469686956044,0.929,0.812,1,"ZSCAN2"
0.298441353798505,1.18141007999122,0.929,0.938,1,"PTPRK"
0.298441353798505,0.700328206403392,0.929,0.938,1,"ZFP82"
0.298944934137678,-0.671288162204108,0.929,0.938,1,"DAXX"
0.298944934137678,-0.774772634740809,0.929,0.938,1,"G2E3"
0.298944934137678,-0.595541706786378,0.929,0.938,1,"MFSD8"
0.298944934137678,-0.461415185135139,0.929,0.938,1,"PRPSAP2"
0.298944934137678,-0.407886226672166,0.929,0.938,1,"STK17A"
0.300151678546692,-2.13001232942333,0.357,0.438,1,"ABCC1"
0.300450971624611,0.808332018398741,0.571,0.438,1,"MCIDAS"
0.300450971624611,0.86750528647406,0.571,0.438,1,"NMRK1"
0.300450971624611,0.349240194574589,0.571,0.438,1,"RIBC2"
0.300494183592758,-0.738973106613017,0.571,0.688,1,"SHROOM2"
0.30053124796391,2.17967585673332,0.571,0.5,1,"SLC13A3"
0.300534576193155,0.0474828921160007,0.786,0.5,1,"ACAD11"
0.300534576193155,0.448819084883685,0.786,0.5,1,"RAB40C"
0.300534576193155,0.161466961186081,0.786,0.5,1,"ZNF692"
0.301335317893169,1.07964627626904,0.643,0.562,1,"FANCB"
0.301335317893169,0.652420978405779,0.643,0.562,1,"FBF1"
0.301335317893169,0.86204171357616,0.643,0.562,1,"NR1H3"
0.301335317893169,2.03742007084239,0.643,0.562,1,"ZNF235"
0.302324393358876,2.94323282133072,0.286,0.188,1,"EPHA6"
0.302324393358876,2.55664637568982,0.286,0.188,1,"H2AC13"
0.303193721336786,0.794595143957764,0.857,0.625,1,"MYC"
0.303193721336786,1.29447061315788,0.714,0.75,1,"FANCF"
0.303230331858495,-1.05521819746638,0.571,0.875,1,"RELCH"
0.304230574771094,-0.905592736278675,0.357,0.5,1,"VIL1"
0.30631338613459,-0.632258499391408,0.643,0.75,1,"CACNB1"
0.30631338613459,-1.0830332065502,0.714,0.688,1,"PIM1"
0.306344165378611,0.168519738769284,0.857,0.562,1,"GATA2"
0.306464861824334,-0.343105251639192,0.714,0.875,1,"SMARCB1"
0.306464861824334,-0.517995790371405,0.714,0.875,1,"TGFB1"
0.306719443855645,0.599778911435437,0.857,0.75,1,"GRK4"
0.307273030151592,0.968025663560419,0.5,0.312,1,"ADAM8"
0.307513460332098,0.273435352714812,1,0.75,1,"OSBPL5"
0.307513460332098,0.441384698942506,1,0.75,1,"RLF"
0.307852747173025,-0.646583244570328,0.857,0.875,1,"ATPAF2"
0.307852747173025,-0.744459207797494,0.857,0.875,1,"CDCA7"
0.307852747173025,-0.517907481762728,0.857,0.875,1,"NCOA5"
0.308065973892999,0.369593716048709,0.857,1,1,"FBXW4"
0.308065973892999,-0.378283476496303,0.857,1,1,"PISD"
0.308065973892999,-1.09854922583435,1,0.875,1,"CCNB1"
0.308065973892999,-0.604818566428914,1,0.875,1,"NCAPD3"
0.308573913937424,0.0941219527679253,1,0.875,1,"ACADM"
0.308573913937424,0.322729419626119,1,0.875,1,"DUSP11"
0.308573913937424,0.0943567294658907,1,0.875,1,"ENTPD4"
0.308573913937424,-0.148558672028089,1,0.875,1,"IFT80"
0.308594969800961,0.319471064260071,0.786,0.562,1,"B3GNT3"
0.308594969800961,0.483966425068011,0.786,0.562,1,"PLEKHO1"
0.310052761716837,-0.448499611302808,0.714,0.812,1,"NUS1"
0.310052761716837,-1.28886420727913,0.714,0.812,1,"POMZP3"
0.310052761716837,-0.926169356233275,0.714,0.812,1,"STX2"
0.310052761716837,-0.292283486156404,0.714,0.812,1,"ZNF143"
0.310070448092087,-0.213238331942096,0.929,0.625,1,"FANCM"
0.310070448092087,0.369472045296795,0.857,0.688,1,"TBC1D9"
0.310070448092087,0.886671009283973,0.857,0.688,1,"UBA7"
0.310222666444555,-0.818895293050759,0.429,0.188,1,"DCST1"
0.310222666444555,-0.779035234241825,0.429,0.188,1,"SLC49A3"
0.311952300423574,0.234865680841069,0.571,0.375,1,"CEBPA"
0.311952300423574,1.02474335994647,0.571,0.375,1,"ERMP1"
0.311952300423574,0.345028774542746,0.571,0.375,1,"PTPN6"
0.312160534799679,0.0675153850940724,0.714,0.5,1,"MPP7"
0.312160534799679,0.741649853397045,0.714,0.5,1,"SH3PXD2B"
0.312187256904743,-0.520390009595244,0.786,0.875,1,"FBXO8"
0.312187256904743,-0.523491388229955,0.857,0.812,1,"SNTA1"
0.312195632489913,0.467857105238337,1,0.688,1,"E4F1"
0.312195632489913,1.38114873858003,0.929,0.75,1,"LRRN2"
0.312195632489913,-0.0489914500962276,0.929,0.75,1,"PHF13"
0.312195632489913,0.295461491739631,0.929,0.75,1,"STRIP1"
0.312195632489913,1.08820641611919,0.857,0.812,1,"HS2ST1"
0.312195632489913,0.651280201245432,0.857,0.812,1,"PLK3"
0.312195632489913,1.11444042232476,0.857,0.812,1,"RBM41"
0.312195632489913,0.478156208004039,0.857,0.812,1,"ZXDC"
0.312356900325207,-1.66469691181923,0.5,0.625,1,"ITGB2"
0.313158783525334,-0.424814451366338,0.857,0.938,1,"TCTN3"
0.313158783525334,-0.898865103830755,0.929,0.875,1,"CENPN"
0.313158783525334,-0.324580759654326,0.929,0.875,1,"PANX1"
0.313161479115963,0.439473501355007,1,0.812,1,"BRPF3"
0.313161479115963,0.136357723438269,1,0.812,1,"PACSIN3"
0.313161479115963,0.57789113406976,1,0.812,1,"RBL1"
0.313161479115963,0.557692692947377,1,0.812,1,"RMI1"
0.313161479115963,0.360312102350176,1,0.812,1,"RNF111"
0.313161479115963,0.390123569700785,0.857,0.938,1,"CYP4V2"
0.313161479115963,0.929448489357648,0.857,0.938,1,"PHTF2"
0.313161479115963,0.870874927884154,0.929,0.875,1,"CXADR"
0.313161479115963,0.531589424493641,0.929,0.875,1,"MPPE1"
0.313161479115963,0.217892329896109,0.929,0.875,1,"NRBF2"
0.313161479115963,0.640867227218609,0.929,0.875,1,"PFKFB3"
0.313161479115963,0.340176802845501,0.929,0.875,1,"RNASET2"
0.313161479115963,0.30779208504347,0.929,0.875,1,"TRIM65"
0.313161479115963,0.115498479536972,0.929,0.875,1,"YAE1"
0.313409308417687,-0.416439882556888,0.929,1,1,"ABCB9"
0.313409308417687,-0.396305466570225,0.929,1,1,"ACP1"
0.313409308417687,-0.853416716950995,0.929,1,1,"INSIG1"
0.313409308417687,0.219921344603704,0.929,1,1,"KIAA0319L"
0.313409308417687,-0.517050993707853,0.929,1,1,"LSM3"
0.313409308417687,-0.805508545594099,0.929,1,1,"MTX3"
0.313409308417687,-0.418164108851117,0.929,1,1,"S100A6"
0.313409308417687,-0.333527059788586,0.929,1,1,"SPATA33"
0.313409308417687,-0.419296880891597,0.929,1,1,"ZBTB44"
0.313409308417687,-0.917660417285194,0.929,1,1,"ZNF362"
0.313409308417687,1.07048041632276,1,0.938,1,"B3GALNT1"
0.313409308417687,0.366746834500645,1,0.938,1,"BAIAP2"
0.313409308417687,0.46583744009135,1,0.938,1,"BBX"
0.313409308417687,0.703256545383697,1,0.938,1,"BET1"
0.313409308417687,0.272089397766925,1,0.938,1,"C22orf39"
0.313409308417687,0.165272689414362,1,0.938,1,"CIAO2A"
0.313409308417687,0.327820941474937,1,0.938,1,"CRKL"
0.313409308417687,0.391043043995597,1,0.938,1,"DYNC1LI1"
0.313409308417687,-0.604184618413081,1,0.938,1,"FCSK"
0.313409308417687,0.322477112165437,1,0.938,1,"HMCES"
0.313409308417687,1.16938892935196,1,0.938,1,"ITSN2"
0.313409308417687,-0.347158802647648,1,0.938,1,"MOCS2"
0.313409308417687,0.471414259587907,1,0.938,1,"MOV10"
0.313409308417687,-0.60176251101854,1,0.938,1,"NCAPH2"
0.313409308417687,0.0872208336963451,1,0.938,1,"NOCT"
0.313409308417687,-1.19636783439464,1,0.938,1,"PANK2"
0.313409308417687,0.226093841224592,1,0.938,1,"PTK6"
0.313409308417687,0.14288508510288,1,0.938,1,"SCN1B"
0.313409308417687,-0.112064519863491,1,0.938,1,"TAF2"
0.313409308417687,-0.735794515847593,1,0.938,1,"TWSG1"
0.313409308417687,-0.525067145719486,1,0.938,1,"UACA"
0.313409308417687,1.39137945623336,1,0.938,1,"ZBTB3"
0.313409308417687,0.357110265980578,1,1,1,"ACTR3"
0.313409308417687,0.320313723807198,1,1,1,"ADAR"
0.313409308417687,-0.640974719816797,1,1,1,"ALYREF"
0.313409308417687,1.1653412094661,1,1,1,"ASTN2"
0.313409308417687,-0.342863469348121,1,1,1,"ATG12"
0.313409308417687,0.25300790036782,1,1,1,"ATP6V1D"
0.313409308417687,0.21330996035794,1,1,1,"BZW2"
0.313409308417687,0.306357221005676,1,1,1,"CHP1"
0.313409308417687,-0.125928680934967,1,1,1,"CIRBP"
0.313409308417687,0.464413382523177,1,1,1,"COPA"
0.313409308417687,-0.50374773081968,1,1,1,"COQ6"
0.313409308417687,-1.08904525663995,1,1,1,"COX18"
0.313409308417687,0.120600826226549,1,1,1,"CRBN"
0.313409308417687,-0.174111314423847,1,1,1,"CRIP2"
0.313409308417687,0.255422366847729,1,1,1,"DCAF6"
0.313409308417687,-0.209620154186802,1,1,1,"DHX30"
0.313409308417687,-0.190994352163786,1,1,1,"DIAPH1"
0.313409308417687,-1.00963249558057,1,1,1,"DICER1"
0.313409308417687,-0.276751996593835,1,1,1,"DPM2"
0.313409308417687,-0.436286699377119,1,1,1,"EIF3F"
0.313409308417687,0.81689087356938,1,1,1,"ELL2"
0.313409308417687,-0.0408313585869227,1,1,1,"ELP2"
0.313409308417687,-0.350544494338752,1,1,1,"EWSR1"
0.313409308417687,0.130691472350464,1,1,1,"GGNBP2"
0.313409308417687,0.256309437688573,1,1,1,"GINM1"
0.313409308417687,0.401412273907689,1,1,1,"GOLPH3"
0.313409308417687,-0.184309787589452,1,1,1,"HGS"
0.313409308417687,-0.280804273905356,1,1,1,"HNRNPU"
0.313409308417687,0.480877554746709,1,1,1,"HSPB1"
0.313409308417687,0.897476968690837,1,1,1,"IFITM2"
0.313409308417687,0.79995769093706,1,1,1,"KIAA1328"
0.313409308417687,0.154079423254738,1,1,1,"KLF3"
0.313409308417687,-0.00886191715152052,1,1,1,"LDHA"
0.313409308417687,-0.488074251315692,1,1,1,"LMO7"
0.313409308417687,-0.409244972424428,1,1,1,"LYRM2"
0.313409308417687,-0.348746894724817,1,1,1,"MICU1"
0.313409308417687,-0.679294866216734,1,1,1,"MIS18BP1"
0.313409308417687,-0.365079464195261,1,1,1,"MPDU1"
0.313409308417687,0.399017356928377,1,1,1,"MRPL42"
0.313409308417687,0.0710518252469932,1,1,1,"N4BP2L2"
0.313409308417687,-0.287093436441474,1,1,1,"NABP2"
0.313409308417687,0.475630951004529,1,1,1,"NCOR2"
0.313409308417687,-0.326762669039907,1,1,1,"NDUFA2"
0.313409308417687,0.479365132802251,1,1,1,"NDUFAF6"
0.313409308417687,0.568668447458316,1,1,1,"NDUFB5"
0.313409308417687,-0.32265038188248,1,1,1,"NRBP1"
0.313409308417687,0.266634322715579,1,1,1,"NUMB"
0.313409308417687,0.441042595418499,1,1,1,"NUP42"
0.313409308417687,0.816699187255848,1,1,1,"NXPE3"
0.313409308417687,-0.242419391216245,1,1,1,"OAZ2"
0.313409308417687,-0.468973577749356,1,1,1,"PAFAH1B1"
0.313409308417687,0.503079081349739,1,1,1,"PARD6B"
0.313409308417687,-0.430607584293687,1,1,1,"PDAP1"
0.313409308417687,-0.478005162585773,1,1,1,"PDHB"
0.313409308417687,0.488286266703948,1,1,1,"PDIA3"
0.313409308417687,2.00876508356485,1,1,1,"PGBD2"
0.313409308417687,-0.408545654988673,1,1,1,"PLEC"
0.313409308417687,0.311173040644444,1,1,1,"PPP1R13L"
0.313409308417687,0.610996320612822,1,1,1,"PPP4R3B"
0.313409308417687,0.222703698797278,1,1,1,"PRMT1"
0.313409308417687,-0.288492542869883,1,1,1,"PSMD10"
0.313409308417687,-0.255517027005149,1,1,1,"PSMD6"
0.313409308417687,-0.0730382113873098,1,1,1,"RABEP1"
0.313409308417687,-0.444506743978403,1,1,1,"RAF1"
0.313409308417687,-0.816023625013574,1,1,1,"RB1CC1"
0.313409308417687,0.295116192494343,1,1,1,"RBM18"
0.313409308417687,0.1107462115451,1,1,1,"RIF1"
0.313409308417687,-0.260031644744354,1,1,1,"RPL18"
0.313409308417687,0.159686580768348,1,1,1,"SCNM1"
0.313409308417687,-0.542111594497764,1,1,1,"SDHAF2"
0.313409308417687,0.382402568411009,1,1,1,"SEC31A"
0.313409308417687,-0.443747634160259,1,1,1,"SEH1L"
0.313409308417687,0.697899995327432,1,1,1,"SH3BGRL"
0.313409308417687,0.48158211291706,1,1,1,"SMIM19"
0.313409308417687,-0.215929094850829,1,1,1,"SYNJ2BP-COX16"
0.313409308417687,-0.0324162451772487,1,1,1,"TALDO1"
0.313409308417687,0.437515705107407,1,1,1,"TCF3"
0.313409308417687,0.862288960130897,1,1,1,"TMEM80"
0.313409308417687,0.40591003332692,1,1,1,"TRAPPC3"
0.313409308417687,-0.328083982641333,1,1,1,"UBE2I"
0.313409308417687,-0.86858389758063,1,1,1,"WHAMM"
0.313409308417687,0.78679888077248,1,1,1,"ZMYM6"
0.313798835016616,0.10247378582303,0.786,0.688,1,"FGFR2"
0.313798835016616,1.14333327582325,0.786,0.688,1,"SLC25A14"
0.313798835016616,1.8404656030454,0.786,0.688,1,"TNFSF10"
0.314176245210728,1.09230168467722,0.214,0.125,1,"IFITM10"
0.315983363667325,0.216925986573301,0.929,0.688,1,"BCL2L11"
0.315983363667325,0.214994097108621,0.929,0.688,1,"PHLDA3"
0.315983363667325,0.341891872718438,0.929,0.688,1,"TARBP2"
0.315983363667325,0.924865190130555,0.786,0.812,1,"ERCC6L"
0.316232802071616,-0.991628109419206,0.786,0.812,1,"CAAP1"
0.316232802071616,-0.785434262824212,0.786,0.812,1,"VSIR"
0.317124313660162,1.86274672155615,0.5,0.438,1,"LDAH"
0.317811579246497,-0.778709713337809,0.786,0.938,1,"POLR1F"
0.317811579246497,-0.469753266730485,0.929,0.812,1,"VRK1"
0.31784107946027,-2.58126313937294,0.214,0.375,1,"ZNF852"
0.318171440595492,-0.0159064547932912,0.929,0.812,1,"GALNS"
0.318171440595492,0.375311458497947,0.929,0.812,1,"MAP1LC3A"
0.318171440595492,0.916280243167729,0.929,0.812,1,"NSMAF"
0.318171440595492,0.360259251663381,0.929,0.812,1,"TZMP1"
0.318171440595492,0.315619449959273,0.929,0.812,1,"ZBTB1"
0.318244702897949,0.655014657728745,0.929,0.938,1,"ATR"
0.318244702897949,0.532517897945635,0.929,0.938,1,"CNOT10"
0.318244702897949,0.889352463395763,0.929,0.938,1,"CSNK1G2"
0.318244702897949,0.460709334297045,0.929,0.938,1,"DNAJC22"
0.318244702897949,1.06265912095848,0.929,0.938,1,"EFCAB5"
0.318244702897949,0.111391993596268,0.929,0.938,1,"MAN1A2"
0.318244702897949,0.198735932819113,0.929,0.938,1,"TOP3A"
0.318752642942375,-0.55202869192654,0.929,0.938,1,"ALKBH2"
0.318752642942375,-0.475721474084136,0.929,0.938,1,"CLASRP"
0.318752642942375,-0.52473664343277,0.929,0.938,1,"HSPA13"
0.318752642942375,-0.43222314473537,0.929,0.938,1,"POLE3"
0.318752642942375,-1.30987464135576,0.929,0.938,1,"RPS6KL1"
0.318752642942375,-0.406845798051829,0.929,0.938,1,"RPUSD1"
0.318752642942375,-0.268880376922241,0.929,0.938,1,"UBA3"
0.318752642942375,-0.556850310968741,0.929,0.938,1,"UBE2T"
0.318807613736991,-0.740553223550992,0.286,0.5,1,"RILP"
0.319141605667754,2.26888447498853,0.714,0.625,1,"CSGALNACT1"
0.319377153528499,-0.637916525319619,0.571,0.75,1,"BPGM"
0.319377153528499,-1.28241797954273,0.714,0.625,1,"SEC14L2"
0.320439780109945,1.88088825460984,0.429,0.25,1,"IGSF3"
0.320439780109945,0.769353493638452,0.429,0.25,1,"LRP3"
0.320439780109945,0.794134450443609,0.429,0.25,1,"PSORS1C1"
0.320439780109945,1.17184774327448,0.429,0.25,1,"TMEM102"
0.320439780109945,1.34755272663649,0.429,0.25,1,"ZKSCAN2"
0.320851297777324,0.609824533033459,0.714,0.562,1,"MEIS3"
0.320851297777324,1.73762091997575,0.714,0.562,1,"TAF6L"
0.320857802952669,-2.33102214162147,0.643,0.625,1,"HDAC4"
0.320857802952669,-1.32643471806912,0.643,0.625,1,"PLGRKT"
0.321586533874446,0.750578069052316,0.571,0.5,1,"TMTC2"
0.321666810213745,0.133472276040229,0.643,0.375,1,"RAPGEF3"
0.321666810213745,0.408496990467161,0.643,0.375,1,"ST14"
0.321666810213745,0.679624400127862,0.571,0.438,1,"KHK"
0.321666810213745,0.443860908409458,0.571,0.438,1,"MAFB"
0.322036903804719,0.263738112635188,0.786,0.438,1,"ZNF821"
0.322036903804719,1.02035316697077,0.643,0.562,1,"GDPD5"
0.322036903804719,0.604491636792416,0.643,0.562,1,"ROGDI"
0.322036903804719,0.481224496053668,0.643,0.562,1,"WDR4"
0.323127352732303,-0.474635448229743,0.5,0.688,1,"CCT6B"
0.323127352732303,-1.02031988287461,0.5,0.688,1,"STARD13"
0.323290958579877,0.110056742580936,0.857,0.625,1,"FNBP1L"
0.323290958579877,0.601384183485295,0.857,0.625,1,"TAP2"
0.323290958579877,-0.256416647249064,0.857,0.625,1,"ZBED6"
0.323431445611903,-1.23195400255007,0.714,0.75,1,"SGO1"
0.32514853684269,-0.665733164811528,0.429,0.188,1,"CYP27B1"
0.326542927366726,-0.116986601611585,0.571,0.312,1,"LONRF1"
0.326542927366726,1.78351532522884,0.5,0.375,1,"SPDYA"
0.326600855059226,-0.974654080927799,0.714,0.875,1,"RAB11FIP5"
0.326600855059226,-0.372247900853706,0.714,0.875,1,"SAT2"
0.326600855059226,-1.60873198479693,0.857,0.75,1,"GLB1L"
0.326600855059226,-1.22655547082354,0.857,0.75,1,"KIF18A"
0.326679536048969,1.5657468470746,0.857,0.562,1,"ZNF827"
0.326679536048969,0.16314104032064,0.714,0.688,1,"TPST1"
0.326881939147387,0.835921792019,0.714,0.875,1,"STRADA"
0.326881939147387,0.936680195495502,0.857,0.75,1,"DNAAF4"
0.326881939147387,0.701454105002322,0.857,0.75,1,"EPC2"
0.326881939147387,0.725804615941815,0.857,0.75,1,"MYH14"
0.327542895219057,-1.60177347111234,0.214,0.312,1,"TPTEP2-CSNK1E"
0.327685128883787,0.36766158962176,1,0.75,1,"SAP130"
0.327685128883787,0.5321684113303,0.857,0.875,1,"ARV1"
0.327685128883787,0.299515121685777,0.857,0.875,1,"MBOAT7"
0.327685128883787,0.481492345614444,0.857,0.875,1,"SLC23A2"
0.327685128883787,0.301394392222698,0.857,0.875,1,"WASHC1"
0.327685128883787,0.705186374486122,0.857,0.875,1,"ZNF596"
0.328047176961915,-0.298219587055488,0.857,0.875,1,"LPCAT1"
0.328047176961915,-0.0256406220840937,0.857,0.875,1,"SP2"
0.328174983715573,-0.311465793579391,0.857,1,1,"ANXA1"
0.328174983715573,-0.298814002932701,0.857,1,1,"USB1"
0.328174983715573,-0.486958332172239,1,0.875,1,"TMEM256"
0.328685578091588,-0.125217263223834,1,0.875,1,"BCKDHA"
0.328685578091588,0.667599127215143,1,0.875,1,"SEC24A"
0.328685578091588,0.378130427428757,1,0.875,1,"TOM1L1"
0.328685578091588,0.568955960087297,1,0.875,1,"ZMIZ1"
0.328908156860682,-0.311072888768024,0.5,0.812,1,"ACTR5"
0.329053457447403,0.402251282387114,0.786,0.562,1,"BCL3"
0.329053457447403,0.450996867573369,0.786,0.562,1,"CACFD1"
0.329053457447403,0.81441824469271,0.786,0.562,1,"CDYL2"
0.329053457447403,-0.00388269373903105,0.786,0.562,1,"HAGHL"
0.329053457447403,0.254677383627017,0.786,0.562,1,"SAP30L"
0.330418705336014,-0.276117107639345,0.929,0.625,1,"NCS1"
0.330418705336014,0.146905257020472,0.857,0.688,1,"OSBPL11"
0.330418705336014,0.20288715656978,0.857,0.688,1,"PPOX"
0.330418705336014,0.591967043048925,0.857,0.688,1,"PXK"
0.330418705336014,1.2167698238123,0.714,0.812,1,"MXD1"
0.330418705336014,0.768619874984396,0.786,0.75,1,"MINDY4"
0.330418705336014,0.173832944475769,0.786,0.75,1,"NRF1"
0.330418705336014,0.0381576622500805,0.786,0.75,1,"SEMA3B"
0.330433379801328,1.43526987306961,0.5,0.312,1,"RAPGEF5"
0.332044132732395,-1.1511685262922,0.571,0.625,1,"ZSCAN16"
0.33217317725726,0.378847448620849,0.357,0.688,1,"IL16"
0.332549982318782,-1.02417558654596,0.786,0.875,1,"ARHGAP10"
0.332549982318782,-0.283330762761296,0.786,0.875,1,"FCHSD2"
0.332549982318782,0.080133043853083,0.786,0.875,1,"PINK1"
0.332549982318782,-0.770539246941231,0.786,0.875,1,"SLC39A10"
0.332550669969453,0.0592296960234107,1,0.688,1,"PPIP5K1"
0.332550669969453,-0.438926053979329,0.929,0.75,1,"PMS2"
0.332550669969453,0.902811889639835,0.786,0.875,1,"ALDH1B1"
0.332550669969453,0.478580871513267,0.857,0.812,1,"FIRRM"
0.33291658264435,0.428160128717526,0.714,0.5,1,"S100P"
0.333521467680333,-0.214220783662353,0.786,1,1,"UHRF2"
0.333521467680333,-0.395184828184913,0.857,0.938,1,"GORASP1"
0.333521467680333,-0.682861077934496,0.857,0.938,1,"HMBS"
0.333521467680333,-0.722029408197761,0.929,0.875,1,"KCNJ14"
0.333521467680333,-0.733795888963825,0.929,0.875,1,"KIF11"
0.333521467680333,-0.312868750500369,0.929,0.875,1,"PRMT7"
0.333521467680333,-0.586108448807622,0.929,0.875,1,"SLC7A6"
0.333522471650312,0.648582833865926,1,0.812,1,"MAPK14"
0.333522471650312,0.605655301721406,1,0.812,1,"PLEKHH2"
0.333522471650312,0.524880995694418,1,0.812,1,"TPST2"
0.333522471650312,0.7661446267423,0.857,0.938,1,"ACAD10"
0.333522471650312,0.652436180341694,0.857,0.938,1,"ZNF276"
0.333522471650312,0.5258297651372,0.929,0.875,1,"KCNN4"
0.333522471650312,0.461255632954271,0.929,0.875,1,"LRRC8E"
0.333522471650312,-0.62629084249738,0.929,0.875,1,"RINT1"
0.333522471650312,0.405775851474258,0.929,0.875,1,"SNX21"
0.333522471650312,0.686523805484551,0.929,0.875,1,"TTBK2"
0.333522471650312,1.01427303886274,0.929,0.875,1,"ZNF414"
0.333522471650312,1.20337780236122,0.929,0.875,1,"ZNF585B"
0.333532153771756,-0.290174109195003,0.714,0.438,1,"CFAP119"
0.333634421179503,-2.15468649250607,0.5,0.625,1,"MPZL3"
0.333754567504688,0.324830593211416,0.571,0.375,1,"CDC14A"
0.333773890488536,-0.296258500039864,0.929,1,1,"DDX10"
0.333773890488536,-1.41951593161834,0.929,1,1,"KMT5A"
0.333773890488536,-0.0913977403807884,0.929,1,1,"TMEM107"
0.333773890488536,-0.496670470913623,1,0.938,1,"ACOT7"
0.333773890488536,0.355544262679619,1,0.938,1,"C3orf38"
0.333773890488536,0.435551354479839,1,0.938,1,"DHX57"
0.333773890488536,-0.825258785023007,1,0.938,1,"ERCC5"
0.333773890488536,-0.287869187448809,1,0.938,1,"HTATSF1"
0.333773890488536,0.672511762070457,1,0.938,1,"PAK1"
0.333773890488536,0.0940590347271382,1,0.938,1,"SLC37A3"
0.333773890488536,-0.621512168917621,1,0.938,1,"THUMPD2"
0.333773890488536,-0.370541670643806,1,0.938,1,"VDAC3"
0.333773890488536,-0.821273953988371,1,0.938,1,"VPS54"
0.333773890488536,-0.503298775104785,1,0.938,1,"ZNF302"
0.333773890488536,-0.410070210820536,1,0.938,1,"ZNF839"
0.333773890488536,0.102688502542483,1,1,1,"AFMID"
0.333773890488536,0.612912779155145,1,1,1,"ALAD"
0.333773890488536,-0.15946028631591,1,1,1,"ARF6"
0.333773890488536,0.859090848848908,1,1,1,"ARPIN"
0.333773890488536,0.289558827864488,1,1,1,"ASAP1"
0.333773890488536,0.340626786220692,1,1,1,"ATP2A2"
0.333773890488536,-0.269957776469138,1,1,1,"ATP5IF1"
0.333773890488536,0.253240032691128,1,1,1,"BAZ1B"
0.333773890488536,-0.199839858418886,1,1,1,"BCKDK"
0.333773890488536,-0.350754381964888,1,1,1,"BCL2L1"
0.333773890488536,-0.344327834086783,1,1,1,"BRAT1"
0.333773890488536,-0.226290246982068,1,1,1,"BRD9"
0.333773890488536,0.0476061362627682,1,1,1,"CACYBP"
0.333773890488536,0.243512642142097,1,1,1,"CAPZA2"
0.333773890488536,-0.197903769327278,1,1,1,"CCDC91"
0.333773890488536,0.289929088381922,1,1,1,"CCNL2"
0.333773890488536,0.0898632132710153,1,1,1,"CCS"
0.333773890488536,-0.274347815315843,1,1,1,"CDC42EP4"
0.333773890488536,0.686797920595053,1,1,1,"CHAF1B"
0.333773890488536,-0.436830850529189,1,1,1,"CLK3"
0.333773890488536,-0.487131065985025,1,1,1,"DDT"
0.333773890488536,-0.455038545632724,1,1,1,"DYNC1LI2"
0.333773890488536,-0.310097108861533,1,1,1,"EIF2B2"
0.333773890488536,-0.657560423384525,1,1,1,"FAM133B"
0.333773890488536,-0.323968465984204,1,1,1,"GARS1"
0.333773890488536,-1.02879165869129,1,1,1,"GEN1"
0.333773890488536,-0.193358569162094,1,1,1,"GPR108"
0.333773890488536,-0.297326826241255,1,1,1,"HMGN1"
0.333773890488536,0.20906493453834,1,1,1,"HNRNPL"
0.333773890488536,-0.30176639888845,1,1,1,"ILF2"
0.333773890488536,0.160015983083841,1,1,1,"IMP3"
0.333773890488536,-0.551442817780869,1,1,1,"INIP"
0.333773890488536,0.276003188140302,1,1,1,"IRF2BPL"
0.333773890488536,-0.335369060705998,1,1,1,"JPT1"
0.333773890488536,-0.30985582959843,1,1,1,"KEAP1"
0.333773890488536,0.638875529113136,1,1,1,"KLHL42"
0.333773890488536,0.160760961077211,1,1,1,"KRT10"
0.333773890488536,-0.359843806711718,1,1,1,"LMNB2"
0.333773890488536,-0.812109779801671,1,1,1,"LNPK"
0.333773890488536,-0.625890716735916,1,1,1,"LRP11"
0.333773890488536,-0.794971618005417,1,1,1,"LRRFIP2"
0.333773890488536,1.00459608850101,1,1,1,"MARK2"
0.333773890488536,-0.36162797569919,1,1,1,"MATR3"
0.333773890488536,0.345417086814255,1,1,1,"MDK"
0.333773890488536,0.303062924048472,1,1,1,"MGST3"
0.333773890488536,0.33639599428978,1,1,1,"MMADHC"
0.333773890488536,-0.194048862553149,1,1,1,"MORF4L1"
0.333773890488536,-0.377046225866613,1,1,1,"MRPL16"
0.333773890488536,-0.382812695560822,1,1,1,"NBN"
0.333773890488536,-0.243296050704489,1,1,1,"NDUFB7"
0.333773890488536,-0.187605002046958,1,1,1,"NEDD8"
0.333773890488536,-0.362432231851022,1,1,1,"NOP14"
0.333773890488536,-0.779260705256017,1,1,1,"NQO2"
0.333773890488536,0.252373042640645,1,1,1,"PHPT1"
0.333773890488536,0.102160434273801,1,1,1,"PLBD2"
0.333773890488536,0.104535991270771,1,1,1,"PNO1"
0.333773890488536,0.463950672285183,1,1,1,"POLR2B"
0.333773890488536,0.343214822149617,1,1,1,"PPP1R7"
0.333773890488536,-0.449040522926632,1,1,1,"PRKAG1"
0.333773890488536,0.453211846626899,1,1,1,"RBBP6"
0.333773890488536,-0.38640361900168,1,1,1,"RPLP0"
0.333773890488536,-0.417846875794901,1,1,1,"RPLP2"
0.333773890488536,-0.380250219169357,1,1,1,"RPS8"
0.333773890488536,-0.292106881706727,1,1,1,"SCYL1"
0.333773890488536,-0.348069195992232,1,1,1,"SDCBP"
0.333773890488536,0.373517403092515,1,1,1,"SDE2"
0.333773890488536,-0.172814096876808,1,1,1,"SEC61B"
0.333773890488536,0.240785881874046,1,1,1,"SF3A3"
0.333773890488536,0.361685850038285,1,1,1,"SGPL1"
0.333773890488536,-0.360229563221667,1,1,1,"SGTA"
0.333773890488536,-0.32161254310993,1,1,1,"SLC25A1"
0.333773890488536,0.399231945344813,1,1,1,"SLC38A1"
0.333773890488536,0.244610486488218,1,1,1,"SMARCE1"
0.333773890488536,-0.308941489828955,1,1,1,"SMDT1"
0.333773890488536,-0.555278472061206,1,1,1,"SREK1IP1"
0.333773890488536,0.512649528798357,1,1,1,"TIA1"
0.333773890488536,0.497931570983022,1,1,1,"TIGD1"
0.333773890488536,0.293528179636043,1,1,1,"TMED10"
0.333773890488536,-0.101957485634563,1,1,1,"TMEM123"
0.333773890488536,-0.914625243307072,1,1,1,"TNRC6B"
0.333773890488536,-0.418372591029089,1,1,1,"TSR3"
0.333773890488536,-0.388259009223828,1,1,1,"TTC39C"
0.333773890488536,-0.219023315804904,1,1,1,"UBL7"
0.333773890488536,0.271558836012511,1,1,1,"UGGT2"
0.333773890488536,-0.33714167479821,1,1,1,"UQCRFS1"
0.333773890488536,0.271257142647671,1,1,1,"USP4"
0.333773890488536,-0.941170561905975,1,1,1,"VANGL1"
0.333773890488536,-0.243076910195375,1,1,1,"VHL"
0.333773890488536,0.395412363571998,1,1,1,"WARS1"
0.333773890488536,0.31633824971623,1,1,1,"ZKSCAN1"
0.333773890488536,-0.287974615019007,1,1,1,"ZNF131"
0.333773890488536,0.186823677833523,1,1,1,"ZNG1A"
0.334477205841524,0.602090388765648,0.357,0.188,1,"RSC1A1"
0.336534849190473,0.138211653142924,0.929,0.688,1,"SPATC1L"
0.336534849190473,0.587207746170848,0.786,0.812,1,"IRF7"
0.336836287738484,-0.260143362215576,0.643,0.938,1,"VARS1"
0.336836287738484,-1.75199819598153,0.786,0.812,1,"CNTLN"
0.336836287738484,-0.503982996590362,0.786,0.812,1,"FANCG"
0.336836287738484,-1.49712952538267,0.786,0.812,1,"SLF1"
0.338346863719843,-1.20707030217123,0.929,0.812,1,"DCK"
0.338346863719843,-1.09982042748357,0.929,0.812,1,"GINS2"
0.33871994171473,1.00279463667276,0.929,0.812,1,"CHAMP1"
0.33871994171473,0.375494380977042,0.929,0.812,1,"ICE1"
0.33871994171473,0.302250542732042,0.929,0.812,1,"MSH5"
0.338862202885486,0.327845048233321,0.929,0.938,1,"ATG14"
0.338862202885486,0.56487947165186,0.929,0.938,1,"GMEB2"
0.338862202885486,0.314856493310418,0.929,0.938,1,"NXT1"
0.338862202885486,0.663195118254988,0.929,0.938,1,"PVR"
0.3393727972615,-2.68370084500884,0.929,0.938,1,"ADCY9"
0.3393727972615,-0.817098694698843,0.929,0.938,1,"CASP8AP2"
0.3393727972615,-0.56155203516844,0.929,0.938,1,"MSANTD3"
0.3393727972615,-0.468869139268667,0.929,0.938,1,"PRXL2C"
0.3393727972615,-0.36340652793121,0.929,0.938,1,"PSMG2"
0.3393727972615,-0.157725646350305,0.929,0.938,1,"VPS18"
0.34017751358239,0.0219326338373782,0.857,0.5,1,"WDSUB1"
0.34017751358239,0.720749640629478,0.714,0.625,1,"MIPEP"
0.34017751358239,0.701285971900058,0.714,0.625,1,"ZNF232"
0.340311536698111,-0.747666492981103,0.571,0.75,1,"CELF2"
0.340311536698111,-0.483150604010551,0.571,0.75,1,"NCAPG"
0.342097805586371,-0.635238451989459,0.571,0.688,1,"AP2A2"
0.342097805586371,-1.61399554381027,0.571,0.688,1,"FASTKD1"
0.343685948563387,1.71961551542607,0.643,0.375,1,"SESN1"
0.343685948563387,1.57203702433539,0.571,0.438,1,"EIF4E3"
0.343721527609089,0.897936985284044,0.571,0.5,1,"DCLRE1A"
0.344207119006716,0.629420720703047,0.714,0.75,1,"BAHD1"
0.344452789085333,-0.5694046811188,0.714,0.75,1,"ANKRD33B"
0.344465689411916,-0.186505425562388,0.5,0.688,1,"EEF2KMT"
0.346426786606696,0.836000713633381,0.429,0.312,1,"ALDH4A1"
0.347381864623244,-1.75616052398363,0.071,0.25,1,"FCMR"
0.347846427663361,-0.207221758462586,0.929,0.5,1,"ACBD4"
0.347846427663361,-0.0114599223963099,0.929,0.5,1,"CDADC1"
0.347846427663361,-0.37003897285049,0.857,0.562,1,"ATOSA"
0.347846427663361,0.679407385938727,0.786,0.625,1,"ABCB7"
0.347846427663361,1.91944818364096,0.786,0.625,1,"IFT140"
0.347846427663361,-0.0157900864017222,0.714,0.688,1,"SETD1A"
0.347847376621288,0.820252904543731,0.857,0.75,1,"C2CD5"
0.347892018902829,-0.966736635381853,0.786,0.625,1,"STMN3"
0.347892018902829,-0.741698413301442,0.643,0.75,1,"PHETA2"
0.34815925370648,1.75698635758821,0.357,0.25,1,"LPAR5"
0.349051012849269,-0.941383300702908,0.857,0.875,1,"C10orf88"
0.349051012849269,-0.526270608482411,0.857,0.875,1,"C17orf58"
0.349051012849269,-0.625812813786863,0.857,0.875,1,"LTBP4"
0.349051012849269,-1.75319908634505,0.857,0.875,1,"MAST3"
0.349051012849269,-0.139099738374029,0.857,0.875,1,"NR2C2AP"
0.349051012849269,-0.37957797379245,0.857,0.875,1,"YEATS4"
0.349089755088056,-0.295545447399664,0.857,1,1,"CHIC2"
0.349089755088056,-0.392599913631602,1,0.875,1,"PEX1"
0.349089755088056,-0.461864755651245,1,0.875,1,"TMA16"
0.349527458492976,1.44286988321601,0.286,0.188,1,"C1orf74"
0.349527458492976,2.60599182790996,0.286,0.188,1,"FOXH1"
0.349527458492976,1.81617818793484,0.286,0.188,1,"GPC3"
0.349600899584608,0.266004880553284,1,0.875,1,"BRD4"
0.349600899584608,0.0809248264956581,1,0.875,1,"ITGAV"
0.349600899584608,-0.370785615174317,1,0.875,1,"NEK7"
0.349600899584608,0.104518055297821,1,0.875,1,"PHYH"
0.349600899584608,0.609938393813423,1,0.875,1,"PPP1R16A"
0.349600899584608,0.170817896866824,1,0.875,1,"TRERF1"
0.349600899584608,0.308510393258841,1,0.875,1,"TRPT1"
0.349600899584608,-0.0402245563807793,1,0.875,1,"UVSSA"
0.349600899584608,-0.229512335022148,1,0.875,1,"ZNF43"
0.349666804024888,1.74746363211886,0.5,0.375,1,"ADCK1"
0.349666804024888,1.28993587002787,0.5,0.375,1,"NRL"
0.349833971902938,-1.13141303822128,0.286,0.438,1,"INCA1"
0.350168307659036,-0.0271873241873094,0.286,0.562,1,"CTDP1"
0.350168307659036,-2.0169310598666,0.357,0.5,1,"RHEBL1"
0.350324651915528,0.711837622348276,0.786,0.562,1,"NSMCE3"
0.350385343963725,-0.494096082811869,0.643,0.688,1,"CAB39L"
0.350385343963725,-0.81232858825804,0.643,0.688,1,"INTS5"
0.351584029106877,-0.215755960842475,0.929,0.625,1,"TNS4"
0.351584029106877,1.24995498130448,0.857,0.688,1,"EOLA1"
0.351584029106877,-0.0854162482414647,0.857,0.688,1,"EPB41"
0.351584029106877,0.231155763739555,0.857,0.688,1,"KIFAP3"
0.351584029106877,0.521975342571031,0.857,0.688,1,"MISP"
0.351606391506689,-0.947884592255989,0.857,0.688,1,"CCNB2"
0.351606391506689,-0.199520984616892,0.714,0.812,1,"CHTF18"
0.351606391506689,-0.960050601890425,0.714,0.812,1,"RAB11FIP2"
0.351624187906047,0.563230308002241,0.429,0.25,1,"LTBP2"
0.351624187906047,1.83576996617174,0.429,0.25,1,"OMG"
0.351624187906047,-0.727666878372698,0.429,0.25,1,"PACSIN1"
0.353720312186528,0.20285861643302,0.929,0.75,1,"CMIP"
0.353720312186528,0.518013294849895,0.929,0.75,1,"TMEM132A"
0.353720312186528,0.453209670250371,0.929,0.75,1,"TTLL4"
0.353720312186528,0.152672697437666,0.857,0.812,1,"MAGI3"
0.353727422494463,-0.286035972868708,0.857,0.812,1,"VEGFB"
0.353727422494463,-1.43276906475325,0.857,0.812,1,"ZNF845"
0.353940222871021,0.658578842720388,0.5,0.312,1,"FAM110B"
0.353940222871021,0.949965303799888,0.5,0.312,1,"LMF1"
0.354098189983096,-1.6848638680268,0.571,0.625,1,"ZDHHC8"
0.354587288399143,0.608948718384166,0.714,0.5,1,"ANGEL1"
0.354587288399143,0.379102213781414,0.714,0.5,1,"FAM50B"
0.354587288399143,0.372494177660641,0.714,0.5,1,"RNF113A"
0.354693530427769,0.0728816391806562,1,0.812,1,"CCDC24"
0.354693530427769,0.535466603158499,1,0.812,1,"H1-2"
0.354693530427769,0.238674241946655,1,0.812,1,"ZNF141"
0.354693530427769,0.430385957443838,1,0.812,1,"ZNF19"
0.354693530427769,0.472701650752565,0.857,0.938,1,"TTC5"
0.354693530427769,0.787746159838511,0.857,0.938,1,"ZNF512B"
0.354693530427769,0.253084184584861,0.929,0.875,1,"EDEM2"
0.354693530427769,0.489461626628916,0.929,0.875,1,"VMAC"
0.354694506891721,-0.112275541563144,0.786,1,1,"NOA1"
0.354694506891721,-0.293019020443079,0.857,0.938,1,"CNEP1R1"
0.354694506891721,-0.262162357792957,0.857,0.938,1,"GALM"
0.354694506891721,-1.04959732259651,0.857,0.938,1,"NFIX"
0.354694506891721,-0.528361884892464,0.857,0.938,1,"RITA1"
0.354694506891721,-0.154262700982438,0.929,0.875,1,"ASB1"
0.354694506891721,-1.12212727835568,0.929,0.875,1,"ZNF28"
0.354944234109295,-0.241573722343323,0.929,1,1,"BRAP"
0.354944234109295,-0.738646923198724,0.929,1,1,"CCDC32"
0.354944234109295,-0.311984470078899,0.929,1,1,"CLCC1"
0.354944234109295,-0.730903991795362,0.929,1,1,"DBF4B"
0.354944234109295,-0.387148207938925,0.929,1,1,"DCTN1"
0.354944234109295,0.490698704291908,0.929,1,1,"NHLRC2"
0.354944234109295,0.228071370222921,0.929,1,1,"PDPK1"
0.354944234109295,-0.302252197829734,0.929,1,1,"PKN2"
0.354944234109295,-0.459807476449253,0.929,1,1,"RNF145"
0.354944234109295,-0.459200109081207,0.929,1,1,"RSKR"
0.354944234109295,0.462281494767446,0.929,1,1,"SIL1"
0.354944234109295,0.891477610590528,0.929,1,1,"TFAM"
0.354944234109295,0.0336940046509238,0.929,1,1,"TMEM106C"
0.354944234109295,0.569271153352888,0.929,1,1,"ZNF169"
0.354944234109295,0.103314678470794,1,0.938,1,"C6orf132"
0.354944234109295,0.443365581034422,1,0.938,1,"CIPC"
0.354944234109295,0.00166187026442888,1,0.938,1,"CISD1"
0.354944234109295,0.961575981407762,1,0.938,1,"DEDD2"
0.354944234109295,-1.01863070883113,1,0.938,1,"DMAP1"
0.354944234109295,0.589510198702532,1,0.938,1,"FAM200B"
0.354944234109295,0.42762526248551,1,0.938,1,"INPP5B"
0.354944234109295,0.261744312825487,1,0.938,1,"MED30"
0.354944234109295,0.285861908819403,1,0.938,1,"MIDN"
0.354944234109295,0.381588592141385,1,0.938,1,"NHSL3"
0.354944234109295,0.44324811096617,1,0.938,1,"PCNX1"
0.354944234109295,0.328452766857833,1,0.938,1,"PLAA"
0.354944234109295,-0.448017046075365,1,0.938,1,"RPA1"
0.354944234109295,0.17394408891571,1,0.938,1,"ZNF622"
0.354944234109295,0.328090636298849,1,1,1,"AAR2"
0.354944234109295,-0.626817436413526,1,1,1,"ACTR1A"
0.354944234109295,0.0469253178395688,1,1,1,"ADGRG1"
0.354944234109295,0.410407769798314,1,1,1,"ANGEL2"
0.354944234109295,0.365801750529384,1,1,1,"ANKRD36C"
0.354944234109295,0.297779255084151,1,1,1,"ATP5MC1"
0.354944234109295,0.373274575351797,1,1,1,"ATP6AP1"
0.354944234109295,0.853823776020795,1,1,1,"ATRX"
0.354944234109295,0.280046396799978,1,1,1,"BBLN"
0.354944234109295,-0.306081868591406,1,1,1,"BRI3"
0.354944234109295,0.160658295226362,1,1,1,"CDC42EP1"
0.354944234109295,0.247107725895796,1,1,1,"CDC5L"
0.354944234109295,-0.198377912950359,1,1,1,"CHMP5"
0.354944234109295,-0.86367015219309,1,1,1,"CNNM2"
0.354944234109295,-0.371520974870421,1,1,1,"COPS9"
0.354944234109295,-0.462151915954474,1,1,1,"COTL1"
0.354944234109295,-0.224477949755053,1,1,1,"COX7A2L"
0.354944234109295,0.317140503709351,1,1,1,"CUL3"
0.354944234109295,0.201094373821987,1,1,1,"DPM1"
0.354944234109295,-0.0418246155998512,1,1,1,"EBP"
0.354944234109295,0.625706690336647,1,1,1,"ERBB2"
0.354944234109295,0.584788485684723,1,1,1,"FAM228B"
0.354944234109295,-0.194450094188608,1,1,1,"FAM3C"
0.354944234109295,-0.94986473077908,1,1,1,"GDPGP1"
0.354944234109295,0.318179917488186,1,1,1,"GRSF1"
0.354944234109295,0.0856964930044608,1,1,1,"GSS"
0.354944234109295,-0.250872949650731,1,1,1,"HERPUD1"
0.354944234109295,1.25734101253102,1,1,1,"IDH1"
0.354944234109295,0.300673089683075,1,1,1,"ING1"
0.354944234109295,0.439856233335217,1,1,1,"KANSL1"
0.354944234109295,-0.563410102303461,1,1,1,"KIAA0586"
0.354944234109295,-0.449733651360003,1,1,1,"KLHDC2"
0.354944234109295,-0.334696770926548,1,1,1,"LRRC75A"
0.354944234109295,-0.335827667818888,1,1,1,"LSM1"
0.354944234109295,-0.650343740988121,1,1,1,"MAP3K20"
0.354944234109295,0.582963759236157,1,1,1,"MPHOSPH8"
0.354944234109295,0.356467926910287,1,1,1,"MPV17"
0.354944234109295,-0.163101643592389,1,1,1,"MRPL41"
0.354944234109295,0.465051926874108,1,1,1,"MRPL48"
0.354944234109295,-0.390848386053386,1,1,1,"MRPL58"
0.354944234109295,0.320035865147948,1,1,1,"MTDH"
0.354944234109295,-0.427085697215736,1,1,1,"MYH9"
0.354944234109295,-0.13114299081932,1,1,1,"NCL"
0.354944234109295,-0.475483822455771,1,1,1,"NCOA4"
0.354944234109295,0.0360320832717331,1,1,1,"NDUFA13"
0.354944234109295,0.908148737371557,1,1,1,"NIPBL"
0.354944234109295,0.360204182427132,1,1,1,"NUDT19"
0.354944234109295,0.254847719445864,1,1,1,"OTUD4"
0.354944234109295,0.259066318618065,1,1,1,"PAK2"
0.354944234109295,-0.190587852094209,1,1,1,"PARK7"
0.354944234109295,-0.517401399890628,1,1,1,"PDGFA"
0.354944234109295,-0.336167496586753,1,1,1,"PDIA4"
0.354944234109295,-0.359735961702045,1,1,1,"PEBP1"
0.354944234109295,-0.353278020291411,1,1,1,"PFDN5"
0.354944234109295,0.323089486834929,1,1,1,"PHF3"
0.354944234109295,-0.335578901791528,1,1,1,"PIP4K2A"
0.354944234109295,0.475292728250169,1,1,1,"PKD1"
0.354944234109295,0.34167870273449,1,1,1,"PLPP2"
0.354944234109295,0.375133123973925,1,1,1,"POLR3K"
0.354944234109295,-0.150642474079453,1,1,1,"PRKAR1A"
0.354944234109295,-0.0400854633118666,1,1,1,"PSMA6"
0.354944234109295,-0.474878156830837,1,1,1,"PTDSS1"
0.354944234109295,0.581524060248408,1,1,1,"PTPN3"
0.354944234109295,-0.249231227939068,1,1,1,"RBM39"
0.354944234109295,-0.505332488419416,1,1,1,"RHOC"
0.354944234109295,0.506659083091749,1,1,1,"RIT1"
0.354944234109295,-0.442257457415035,1,1,1,"RPL15"
0.354944234109295,-0.199890006390882,1,1,1,"RPS16"
0.354944234109295,0.369042254304993,1,1,1,"SHKBP1"
0.354944234109295,-0.369644000231999,1,1,1,"SLC39A9"
0.354944234109295,0.519058906879347,1,1,1,"SMYD4"
0.354944234109295,-0.217817528406839,1,1,1,"SRP19"
0.354944234109295,0.419954419133048,1,1,1,"SRPK1"
0.354944234109295,-0.214956020630473,1,1,1,"SSR1"
0.354944234109295,-0.265091047721833,1,1,1,"SSRP1"
0.354944234109295,0.249007531240917,1,1,1,"STAM2"
0.354944234109295,0.18127527137068,1,1,1,"TGIF1"
0.354944234109295,0.324673036847292,1,1,1,"TOMM20"
0.354944234109295,-0.549888420172995,1,1,1,"TOMM40"
0.354944234109295,-0.14191582997014,1,1,1,"TOMM7"
0.354944234109295,-0.456018735676123,1,1,1,"TRADD"
0.354944234109295,-0.346255604761891,1,1,1,"TRAPPC5"
0.354944234109295,-1.28452041797072,1,1,1,"TRIM44"
0.354944234109295,-0.821744980343524,1,1,1,"TRIP13"
0.354944234109295,-0.181311518294583,1,1,1,"TXN"
0.354944234109295,-0.211619736318413,1,1,1,"UBE2K"
0.354944234109295,-0.322292103763814,1,1,1,"UBE2V2"
0.354944234109295,-0.427915037792739,1,1,1,"UBLCP1"
0.354944234109295,0.183229112460848,1,1,1,"VCF1"
0.354944234109295,-0.100829321348789,1,1,1,"VEZF1"
0.354944234109295,0.288551180315214,1,1,1,"VPS37B"
0.354944234109295,-0.470388178543793,1,1,1,"VTI1A"
0.354944234109295,-0.400226904023933,1,1,1,"WDR54"
0.354944234109295,-0.188322419036478,1,1,1,"ZFAND6"
0.354944234109295,-0.198487849035917,1,1,1,"ZNF428"
0.354944234109295,0.368498899359819,1,1,1,"ZNF451"
0.35557732657579,-0.0221386719489596,0.643,0.812,1,"FIG4"
0.35557732657579,-0.607780918654005,0.643,0.812,1,"SSBP4"
0.355765481552309,-0.373506869000793,0.429,0.688,1,"EPOR"
0.355795628157713,1.43881930531541,0.786,0.688,1,"KDM1B"
0.355795628157713,0.773262251338955,0.786,0.688,1,"TXLNG"
0.356074608034819,0.786780179844234,0.571,0.375,1,"PTPRU"
0.356638687880003,1.50068364541708,0.643,0.438,1,"MEST"
0.356638687880003,0.674405028087102,0.643,0.438,1,"UCN"
0.356638687880003,-0.00577743469089853,0.643,0.438,1,"ZSCAN21"
0.357897913788205,0.459920664242606,0.929,0.688,1,"OSBP2"
0.357897913788205,1.38861805535802,0.786,0.812,1,"PPP1R9A"
0.357897913788205,0.281616539794266,0.786,0.812,1,"TIFA"
0.359685227905483,-0.564024186521534,0.786,0.938,1,"ERI2"
0.360069487100276,0.312206566772246,0.929,0.812,1,"MUL1"
0.360069487100276,0.250762514795063,0.929,0.812,1,"NCOA2"
0.360069487100276,0.138221278557988,0.929,0.812,1,"THRB"
0.360069487100276,0.968129598689403,0.929,0.812,1,"VPS37C"
0.360287568633984,0.383768462816335,0.929,0.938,1,"SLC25A10"
0.360766283524904,0.352717066389009,0.286,0.125,1,"FAM187A"
0.360766283524904,1.00329628028357,0.286,0.125,1,"SLC45A3"
0.360766283524904,-0.262484812023161,0.286,0.125,1,"TNIK"
0.360798713130535,-0.59766898604076,0.929,0.938,1,"ESF1"
0.360798713130535,-0.843967168511867,0.929,0.938,1,"LMNB1"
0.360798713130535,-0.96710542023184,0.929,0.938,1,"NEK2"
0.360798713130535,-0.580131717165646,0.929,0.938,1,"PLCB3"
0.360798713130535,-0.726497319059432,0.929,0.938,1,"RFX2"
0.360798713130535,-0.66897496546049,0.929,0.938,1,"TCTA"
0.360798713130535,-1.69047466387659,0.929,0.938,1,"WDFY2"
0.36208059025183,0.744816169974417,0.714,0.625,1,"SNX18"
0.362111988381454,-0.53120149574848,0.571,0.75,1,"LRRC75B"
0.363283387545992,-0.00406682416955517,0.5,0.438,1,"B3GAT2"
0.364045056934897,0.295421632631582,0.786,0.5,1,"EID2"
0.364045056934897,0.0101501059257822,0.786,0.5,1,"FPGT"
0.364045056934897,1.22684250986309,0.643,0.625,1,"C4orf33"
0.364178942520484,-0.730852505991657,0.571,0.688,1,"H4C3"
0.364178942520484,-1.78779548304726,0.571,0.688,1,"MTHFSD"
0.365960384101035,0.285187730510745,0.857,0.625,1,"TRAPPC6A"
0.367967127547338,0.251829767288763,0.214,0.438,1,"ZNF239"
0.369628147742435,0.47439766421522,0.857,0.75,1,"CEP290"
0.369628147742435,0.836003939799567,0.857,0.75,1,"RAB20"
0.369628147742435,0.524520892692376,0.857,0.75,1,"RANBP6"
0.369628147742435,0.174972841963287,0.857,0.75,1,"TMEM38A"
0.369842447197454,-0.0395951119093376,0.929,0.5,1,"SIRT3"
0.369842447197454,0.541410464683171,0.857,0.562,1,"ATP11A"
0.369842447197454,0.725690649249637,0.786,0.625,1,"CLIC3"
0.369931566724378,-0.616527968976697,0.643,0.75,1,"RRAS"
0.370334832583708,1.59592950443546,0.429,0.312,1,"TMEM187"
0.370463024421742,0.824007464498955,0.857,0.875,1,"L3MBTL1"
0.370809449076631,-0.483486550350598,0.857,1,1,"CD58"
0.370809449076631,-0.140070936776542,0.857,1,1,"HPS4"
0.370809449076631,-0.357139098531296,0.857,1,1,"TRIP6"
0.370809449076631,-0.378507118306241,1,0.875,1,"ITGA6"
0.370809449076631,-0.572734805033017,1,0.875,1,"ZNF384"
0.370865148780959,-0.169015918679766,0.857,0.875,1,"SCAF1"
0.370865148780959,-0.957521140652946,0.857,0.875,1,"STRIP2"
0.371319108247734,0.255619197754962,1,0.875,1,"FOXJ2"
0.371319108247734,-0.0791421233945595,1,0.875,1,"GMCL1"
0.371319108247734,0.78534346689925,1,0.875,1,"LIPH"
0.371319108247734,-0.621078240365093,1,0.875,1,"MLLT10"
0.371319108247734,0.217160259933796,1,0.875,1,"PTRH2"
0.372456936306528,0.6342050084461,0.786,0.562,1,"ESRRA"
0.372456936306528,0.374252024344355,0.786,0.562,1,"GPR39"
0.372456936306528,0.334490891564743,0.786,0.562,1,"PALB2"
0.372456936306528,0.517427471882466,0.786,0.562,1,"ST3GAL3"
0.372456936306528,0.179195091401081,0.786,0.562,1,"TFB1M"
0.37274246261802,-0.296034707711163,0.5,0.812,1,"CMTM7"
0.373566763230012,0.318126361099966,0.857,0.688,1,"GLI4"
0.373566763230012,0.371736738551767,0.857,0.688,1,"ZFP41"
0.373566763230012,0.57671521893001,0.786,0.75,1,"INPP4B"
0.373566763230012,1.37019214365813,0.786,0.75,1,"LRIG1"
0.373566763230012,0.68920213436615,0.786,0.75,1,"SAXO6"
0.373611254228407,-0.295148538806355,0.714,0.812,1,"NAPB"
0.373611254228407,-0.700763009420274,0.786,0.75,1,"CUL7"
0.375478927203065,4.30593845096066,0.214,0.125,1,"IRX5"
0.375478927203065,1.30012811348854,0.214,0.125,1,"SEMA4G"
0.375523349436393,0.640268357656705,0.357,0.188,1,"DKK3"
0.375523349436393,1.62131725164539,0.357,0.188,1,"SAMD15"
0.375693625495474,1.3691143358418,0.929,0.75,1,"MACO1"
0.375693625495474,0.438291498909662,0.929,0.75,1,"NIF3L1"
0.375693625495474,0.499892114465619,0.857,0.812,1,"C1orf216"
0.375693625495474,0.583280713195196,0.857,0.812,1,"OSGIN2"
0.375693625495474,0.795626855553823,0.857,0.812,1,"USF1"
0.375709317683779,-0.945993065497763,0.929,0.75,1,"PRIMPOL"
0.375709317683779,-0.444288628730357,0.786,0.875,1,"MOB2"
0.376051974012994,-2.3582804549344,0.214,0.312,1,"FAM209A"
0.376665372164279,0.787113198266558,1,0.812,1,"PLEKHG3"
0.376665372164279,0.314252442493937,1,0.812,1,"PPP1R13B"
0.376665372164279,0.20498705851251,1,0.812,1,"YARS2"
0.376665372164279,0.530984740430494,0.857,0.938,1,"ARK2N"
0.376665372164279,0.247407527038602,0.857,0.938,1,"NAF1"
0.376665372164279,1.17013636391262,0.929,0.875,1,"PDCD11"
0.376665372164279,-0.0214202706552733,0.929,0.875,1,"PLD2"
0.376665372164279,0.258199423475384,0.929,0.875,1,"TMEM116"
0.376665372164279,0.227813005514794,0.929,0.875,1,"ZDHHC13"
0.376665372164279,-0.162461373299063,0.929,0.875,1,"ZMYM3"
0.376668164026002,-0.527745805216112,0.786,1,1,"ORAI1"
0.376668164026002,-1.10780871027029,1,0.812,1,"NUMBL"
0.376668164026002,-1.22178749372431,0.857,0.938,1,"CDK19"
0.376668164026002,-0.559613698407521,0.857,0.938,1,"CZIB"
0.376668164026002,-0.699104760566493,0.857,0.938,1,"TMEM185B"
0.376668164026002,-0.497269444582132,0.929,0.875,1,"DOHH"
0.376668164026002,-0.884382808892985,0.929,0.875,1,"SGTB"
0.376668164026002,-0.667364910538621,0.929,0.875,1,"WDR62"
0.376918015020697,-0.350430660670683,0.929,1,1,"AAAS"
0.376918015020697,-0.338737304147446,0.929,1,1,"ACAA2"
0.376918015020697,0.651760292318789,0.929,1,1,"ARL5B"
0.376918015020697,-0.286830800924053,0.929,1,1,"DDX54"
0.376918015020697,-1.20768808795498,0.929,1,1,"DET1"
0.376918015020697,0.371730085753695,0.929,1,1,"ENC1"
0.376918015020697,-0.24949971006673,0.929,1,1,"FAM111A"
0.376918015020697,-0.55939606455561,0.929,1,1,"MED22"
0.376918015020697,0.268314576429201,0.929,1,1,"NBPF15"
0.376918015020697,-0.649477398071432,0.929,1,1,"PPP1R10"
0.376918015020697,0.62313644754239,0.929,1,1,"RASGEF1B"
0.376918015020697,1.6560584787339,0.929,1,1,"RSBN1L"
0.376918015020697,0.514784465516879,0.929,1,1,"TM2D2"
0.376918015020697,-0.410427391909401,0.929,1,1,"VBP1"
0.376918015020697,0.30619251579696,1,0.938,1,"BLTP2"
0.376918015020697,0.66892049831328,1,0.938,1,"DHRS4L2"
0.376918015020697,0.552710820029032,1,0.938,1,"GLE1"
0.376918015020697,0.0927415003287972,1,0.938,1,"GOSR2"
0.376918015020697,-0.190839588756845,1,0.938,1,"IFT20"
0.376918015020697,0.215869346146741,1,0.938,1,"MIER3"
0.376918015020697,0.0203827225288249,1,0.938,1,"NOL11"
0.376918015020697,0.0894324600473437,1,0.938,1,"PCCB"
0.376918015020697,-0.326036508174544,1,0.938,1,"PHLDA1"
0.376918015020697,0.546836575308195,1,0.938,1,"PLSCR1"
0.376918015020697,-0.776523384167634,1,0.938,1,"PPM1D"
0.376918015020697,0.226175498746896,1,0.938,1,"PURB"
0.376918015020697,0.766521205779142,1,0.938,1,"RIC8B"
0.376918015020697,0.177355675093208,1,0.938,1,"RYK"
0.376918015020697,0.59340174418568,1,0.938,1,"SDC1"
0.376918015020697,0.101475029657106,1,0.938,1,"SLC30A5"
0.376918015020697,-0.69178449605081,1,0.938,1,"SMCHD1"
0.376918015020697,-0.546628805579943,1,0.938,1,"SRGAP2"
0.376918015020697,1.22471084635499,1,0.938,1,"THAP6"
0.376918015020697,0.284486683560551,1,0.938,1,"TIPARP"
0.376918015020697,0.0550060019476435,1,0.938,1,"TMEM70"
0.376918015020697,-0.45006247159324,1,1,1,"ANP32A"
0.376918015020697,-0.565009833635405,1,1,1,"AP2B1"
0.376918015020697,-0.287204414147331,1,1,1,"ARHGEF10"
0.376918015020697,-0.222869329441577,1,1,1,"AURKAIP1"
0.376918015020697,-0.222206160709669,1,1,1,"BANF1"
0.376918015020697,0.279621682418906,1,1,1,"BLOC1S2"
0.376918015020697,-0.265923941327618,1,1,1,"BZW1"
0.376918015020697,-0.296468378616933,1,1,1,"CALU"
0.376918015020697,-0.32201540629111,1,1,1,"CAPN2"
0.376918015020697,-0.0531599777350964,1,1,1,"CCDC137"
0.376918015020697,-0.799515822088403,1,1,1,"CCDC25"
0.376918015020697,0.208330910023824,1,1,1,"CDC42SE1"
0.376918015020697,-0.102489595031392,1,1,1,"CDV3"
0.376918015020697,-0.435503973431811,1,1,1,"COA1"
0.376918015020697,0.433690699495674,1,1,1,"COP1"
0.376918015020697,0.3521187830607,1,1,1,"COX5B"
0.376918015020697,-0.409011960983123,1,1,1,"CRNKL1"
0.376918015020697,0.245210399762044,1,1,1,"CTSB"
0.376918015020697,0.640303362881832,1,1,1,"CYP3A5"
0.376918015020697,-0.254073783979892,1,1,1,"DDHD2"
0.376918015020697,-0.0770792985766029,1,1,1,"DDX21"
0.376918015020697,-0.246736088564456,1,1,1,"DECR1"
0.376918015020697,-0.283944346938044,1,1,1,"EIF3L"
0.376918015020697,0.402432925617846,1,1,1,"FDPS"
0.376918015020697,-0.197625577642402,1,1,1,"GNAI3"
0.376918015020697,-0.294460911444002,1,1,1,"HCFC1"
0.376918015020697,0.0890384002683158,1,1,1,"HEXA"
0.376918015020697,-0.349994174811211,1,1,1,"HNRNPA1"
0.376918015020697,-0.317241900163609,1,1,1,"HNRNPD"
0.376918015020697,0.480602400548531,1,1,1,"HSD17B12"
0.376918015020697,0.0868871409668861,1,1,1,"ITCH"
0.376918015020697,-0.301717688680392,1,1,1,"KMT5B"
0.376918015020697,0.2879409142783,1,1,1,"LUC7L3"
0.376918015020697,-0.533557293232475,1,1,1,"MAT2B"
0.376918015020697,-0.573960860711584,1,1,1,"MCMBP"
0.376918015020697,-0.0595154907508348,1,1,1,"MEA1"
0.376918015020697,0.357778619374116,1,1,1,"MKRN1"
0.376918015020697,0.164419375715335,1,1,1,"MRPL11"
0.376918015020697,0.321928274087227,1,1,1,"MRPL47"
0.376918015020697,-0.296109206819846,1,1,1,"MTCH1"
0.376918015020697,-0.306866858211928,1,1,1,"NAP1L1"
0.376918015020697,-0.211768336023946,1,1,1,"NDUFB6"
0.376918015020697,-0.352755417244773,1,1,1,"NECTIN2"
0.376918015020697,0.32915157185418,1,1,1,"NFE2L2"
0.376918015020697,0.671173763897625,1,1,1,"NHERF1"
0.376918015020697,-0.284767042709655,1,1,1,"NOP10"
0.376918015020697,0.169072139646184,1,1,1,"OST4"
0.376918015020697,0.245557323245587,1,1,1,"P4HB"
0.376918015020697,-0.26639671486674,1,1,1,"PAFAH1B2"
0.376918015020697,-0.183705228293394,1,1,1,"PCBD2"
0.376918015020697,-0.0941918695060862,1,1,1,"PDLIM2"
0.376918015020697,-0.296038754286817,1,1,1,"PFDN1"
0.376918015020697,0.254671711573859,1,1,1,"PHF20"
0.376918015020697,-0.170923883808607,1,1,1,"PRDX6"
0.376918015020697,-0.541454419879029,1,1,1,"PXDN"
0.376918015020697,-0.220636249687557,1,1,1,"RAB1B"
0.376918015020697,-0.296898178721388,1,1,1,"RBM3"
0.376918015020697,-0.382007011197491,1,1,1,"RPL26L1"
0.376918015020697,-0.224063053332301,1,1,1,"RPL35A"
0.376918015020697,-0.421554579266989,1,1,1,"RPS21"
0.376918015020697,-0.00596854993077578,1,1,1,"SANBR"
0.376918015020697,0.43679906565724,1,1,1,"SCP2"
0.376918015020697,-1.00043652710496,1,1,1,"SEC23A"
0.376918015020697,-0.347074284538236,1,1,1,"SELENOK"
0.376918015020697,0.26725114578915,1,1,1,"SFXN1"
0.376918015020697,-0.176501361388555,1,1,1,"SPCS1"
0.376918015020697,-0.350730313894267,1,1,1,"SPCS3"
0.376918015020697,0.16385298024679,1,1,1,"TACO1"
0.376918015020697,-0.7971561951541,1,1,1,"TM4SF1"
0.376918015020697,-0.389864437368861,1,1,1,"TNNT1"
0.376918015020697,-0.268540762956435,1,1,1,"TRAPPC4"
0.376918015020697,-0.151277536917513,1,1,1,"TRMT112"
0.376918015020697,-0.457118724047197,1,1,1,"TSPAN17"
0.376918015020697,0.345201437299161,1,1,1,"TUBGCP2"
0.376918015020697,-0.505169695231451,1,1,1,"TXNRD2"
0.376918015020697,-0.348149539460241,1,1,1,"UBA52"
0.376918015020697,-0.516421788882616,1,1,1,"WSB2"
0.376918015020697,0.54360473196321,1,1,1,"YARS1"
0.376918015020697,0.788170008181699,1,1,1,"ZMYM2"
0.376918015020697,-0.529316089655292,1,1,1,"ZNF3"
0.37696720954968,-0.828278465501414,0.571,0.625,1,"FGD1"
0.37696720954968,-1.32712318839544,0.571,0.625,1,"ITGA5"
0.377047692184179,-0.103227974257713,0.714,0.5,1,"TRIM34"
0.377760263315195,-0.618027185869795,0.643,0.812,1,"P2RY2"
0.377760263315195,-0.377379258019558,0.643,0.812,1,"RAC2"
0.37802650790188,-1.15440643981777,0.786,0.688,1,"ACVR2B"
0.378212998763777,0.418743545155633,0.5,0.312,1,"AS3MT"
0.378212998763777,-0.282071940804,0.5,0.312,1,"ENTPD7"
0.378212998763777,0.0609785624942226,0.5,0.312,1,"FAM222A"
0.378521946457112,0.626643454429097,0.714,0.438,1,"EFNA4"
0.379054916985952,-0.406625669988208,0.286,0.438,1,"ZBTB47"
0.379343661502582,0.721213902690026,0.429,0.25,1,"CCDC92"
0.379343661502582,0.716406079412206,0.429,0.25,1,"MISP3"
0.379362970733415,0.328331610288178,0.571,0.375,1,"SECTM1"
0.379362970733415,0.584226335289247,0.571,0.375,1,"SNORC"
0.379362970733415,0.341331790521852,0.571,0.375,1,"VAMP5"
0.379424652998579,-0.830491556009169,0.643,0.438,1,"IL17RB"
0.379424652998579,0.636926863567485,0.643,0.438,1,"PHKA1"
0.380079392708188,0.121009914010321,0.929,0.688,1,"ABHD13"
0.380079392708188,0.142977905946235,0.929,0.688,1,"RIDA"
0.38048150331439,-0.766233111692559,0.786,0.812,1,"HEATR5B"
0.381711366538953,-2.51043864520113,0.143,0.25,1,"PFN4"
0.381828831026523,-0.427020937222096,0.786,0.938,1,"CSTF2T"
0.381828831026523,-0.467709391361421,0.786,0.938,1,"PGS1"
0.382222070939075,1.19146698467428,0.786,0.938,1,"BBS1"
0.382222070939075,0.858660994271982,0.786,0.938,1,"IFIT1"
0.382222070939075,0.130378127814784,0.929,0.812,1,"B3GAT3"
0.382222070939075,0.242054361379535,0.929,0.812,1,"NFRKB"
0.382222070939075,0.598349236010896,0.929,0.812,1,"RAD18"
0.382222070939075,0.600681990630659,0.929,0.812,1,"STK11IP"
0.382516921793662,0.398711024205688,0.929,0.938,1,"LRSAM1"
0.382516921793662,1.0296277491088,0.929,0.938,1,"MCM3AP"
0.383026580964764,-0.564400625456314,0.929,0.938,1,"ASAP2"
0.383026580964764,-0.361401058553168,0.929,0.938,1,"ASCC3"
0.383026580964764,-0.447912986959226,0.929,0.938,1,"CLSTN1"
0.383026580964764,-0.923259648588399,0.929,0.938,1,"NCAPD2"
0.383026580964764,-0.360284769842957,0.929,0.938,1,"NOP2"
0.384697063233089,-0.64708312877877,0.571,0.75,1,"VAMP1"
0.384780392741366,0.629068184563933,0.857,0.5,1,"ZHX2"
0.38689985588561,-0.45762954390627,0.786,0.5,1,"SKIC2"
0.38689985588561,1.28193716791237,0.643,0.625,1,"SLC67A1"
0.388522436408215,0.890670198684458,0.714,0.75,1,"ZNF138"
0.388986531845876,-0.461887431329203,0.714,0.75,1,"HTD2"
0.388986531845876,-0.912104759483042,0.714,0.75,1,"SHLD3"
0.389706460839068,0.0909886976666214,0.5,0.688,1,"NEURL4"
0.390687834617264,-0.99266292904221,0.643,0.375,1,"GBP1"
0.390687834617264,-0.492217716491493,0.571,0.438,1,"SEL1L3"
0.390687834617264,0.621101432486156,0.571,0.438,1,"ZC2HC1C"
0.390687834617264,0.85145922447515,0.571,0.438,1,"ZNF484"
0.390727168235628,1.25377094585076,0.571,0.5,1,"ETV7"
0.391238505274367,-3.05930786527304,0.429,0.562,1,"SLC6A8"
0.391238505274367,-0.979748302095528,0.5,0.5,1,"DOK1"
0.391460740218126,-0.47639522675615,0.357,0.562,1,"MTCP1"
0.391826309067688,1.24155024056055,0.214,0.062,1,"PRICKLE4"
0.391850761925539,0.120670636589364,0.714,0.875,1,"KDM1A"
0.391850761925539,-0.284568154677667,0.714,0.875,1,"MKRN2"
0.391850761925539,-1.14413608963079,0.857,0.75,1,"ME3"
0.392199840912018,0.108193197255913,0.857,0.75,1,"COG5"
0.392199840912018,-0.179782447761649,0.857,0.75,1,"RAPGEFL1"
0.392658366379246,0.00158884357951417,0.857,0.562,1,"RHBDF1"
0.392658366379246,1.0170231919106,0.786,0.625,1,"AREG"
0.392658366379246,0.951471598624643,0.714,0.688,1,"XYLB"
0.392785196668951,-0.668975275409204,0.643,0.75,1,"B4GALNT1"
0.392785196668951,-0.647133635594107,0.643,0.75,1,"ZSCAN9"
0.392785196668951,-1.0359410393789,0.714,0.688,1,"RAMP1"
0.393056378587453,0.151444226291984,1,0.75,1,"APH1B"
0.393056378587453,-0.0444344689101639,1,0.75,1,"ZNF654"
0.393056378587453,0.644377713399847,0.857,0.875,1,"ATF3"
0.393056378587453,0.487739874122268,0.857,0.875,1,"GGPS1"
0.393056378587453,0.537921943849444,0.857,0.875,1,"MREG"
0.393056378587453,1.37064308680411,0.857,0.875,1,"TIGAR"
0.393056378587453,1.94297273074104,0.857,0.875,1,"ZNF462"
0.393322733198244,-0.366404816194057,1,0.875,1,"ABCF2"
0.393322733198244,-0.645615386506939,1,0.875,1,"DUSP18"
0.393322733198244,-0.319252883413262,1,0.875,1,"SPATA20"
0.3934751440929,-0.646862979828267,0.857,0.875,1,"PCGF6"
0.3934751440929,-1.28718268720017,0.857,0.875,1,"PRDM15"
0.3934751440929,-0.493406149175002,0.857,0.875,1,"VCPKMT"
0.393828926609967,0.703637072084923,1,0.875,1,"ATP2C1"
0.393828926609967,0.54646549130201,1,0.875,1,"CTSZ"
0.393828926609967,0.800414033037971,1,0.875,1,"JAK1"
0.393828926609967,-0.434291848014165,1,0.875,1,"LLGL2"
0.393828926609967,0.398318973045997,1,0.875,1,"NPDC1"
0.393828926609967,0.0627244694896734,1,0.875,1,"RASSF3"
0.393828926609967,0.345932314149455,1,0.875,1,"RHOB"
0.393828926609967,1.08070055339312,1,0.875,1,"ZNF136"
0.39590846475627,-0.61723671939698,0.643,0.688,1,"JMJD7"
0.39635245328832,0.603803330209011,0.857,0.688,1,"NAPEPLD"
0.39635245328832,0.705233936117161,0.786,0.75,1,"ARHGEF3"
0.39635245328832,0.147484083285736,0.786,0.75,1,"ORAI3"
0.39635245328832,-0.892705196205081,0.786,0.75,1,"ULK4"
0.396416872403152,0.160194679996019,0.643,0.875,1,"BNIP1"
0.396416872403152,-0.709037284451422,0.714,0.812,1,"ADCK2"
0.396416872403152,-0.51419438987677,0.714,0.812,1,"LYSMD4"
0.398467171642937,0.98555467624879,0.929,0.75,1,"CHDH"
0.398467171642937,0.222306636611146,0.929,0.75,1,"NCK2"
0.398467171642937,0.768293594809796,0.929,0.75,1,"SOS1"
0.398467171642937,0.460913952755333,0.786,0.875,1,"DPF1"
0.398467171642937,0.742984642164206,0.857,0.812,1,"TDRD3"
0.398491995832149,-0.178655091808522,0.786,0.875,1,"ADPRHL1"
0.398491995832149,-0.398685389823085,0.786,0.875,1,"PIGK"
0.398491995832149,-0.972265146363237,0.857,0.812,1,"POC5"
0.399233599574482,-0.663868301830158,0.571,0.312,1,"MANEAL"
0.399233599574482,0.738415485883313,0.5,0.375,1,"HHAT"
0.399233599574482,1.01205257547666,0.5,0.375,1,"IFT70A"
0.399233599574482,0.866201940947574,0.5,0.375,1,"STOX1"
0.399233599574482,0.315777314100137,0.5,0.375,1,"TBX1"
0.399433678413631,-0.194681061744577,1,0.812,1,"TUBGCP3"
0.399433678413631,0.581756003275136,0.857,0.938,1,"DNAAF2"
0.399433678413631,0.707280087030354,0.857,0.938,1,"FAM217B"
0.399433678413631,0.625885466002755,0.929,0.875,1,"JMJD4"
0.399433678413631,0.960939283793374,0.929,0.875,1,"PCSK6"
0.399433678413631,0.355682808242848,0.929,0.875,1,"RUFY3"
0.399433678413631,0.373392082840467,0.929,0.875,1,"SHMT1"
0.399433678413631,0.363583039198893,0.929,0.875,1,"SPHK1"
0.399433678413631,0.589597475755946,0.929,0.875,1,"UBAC2"
0.399438574486407,-1.01827244265709,1,0.812,1,"RCCD1"
0.399438574486407,-0.543867744082566,0.857,0.938,1,"PAN2"
0.399438574486407,-0.488652811686562,0.857,0.938,1,"RTL10"
0.399438574486407,-1.10210347027966,0.929,0.875,1,"DDX50"
0.399438574486407,-0.342597175174914,0.929,0.875,1,"UTP15"
0.399683405631206,-0.339084855991143,0.929,1,1,"ALKBH6"
0.399683405631206,-0.418409730965056,0.929,1,1,"ANGPTL4"
0.399683405631206,0.204022045194158,0.929,1,1,"DGCR2"
0.399683405631206,-0.577707858485631,0.929,1,1,"DOLPP1"
0.399683405631206,-0.258391225403976,0.929,1,1,"GPT2"
0.399683405631206,0.633783624834898,0.929,1,1,"LYPLA2"
0.399683405631206,0.361876381537742,0.929,1,1,"OSMR"
0.399683405631206,-0.0820798793039597,0.929,1,1,"PLEKHG2"
0.399683405631206,-0.132589377284897,0.929,1,1,"POFUT4"
0.399683405631206,-0.421343690251855,0.929,1,1,"PRKAG2"
0.399683405631206,-0.4528676848327,0.929,1,1,"SERPINB1"
0.399683405631206,-0.0615170962480498,0.929,1,1,"SGMS2"
0.399683405631206,-0.217584967598843,0.929,1,1,"SLC29A1"
0.399683405631206,-0.290784647949144,0.929,1,1,"SNAP29"
0.399683405631206,0.177544884617292,0.929,1,1,"SNHG32"
0.399683405631206,0.174106726822227,0.929,1,1,"TMED5"
0.399683405631206,0.18472621264734,1,0.938,1,"AKAP8"
0.399683405631206,0.707739631285524,1,0.938,1,"BRWD1"
0.399683405631206,0.221467298076568,1,0.938,1,"CSAD"
0.399683405631206,0.164965652407421,1,0.938,1,"ERCC4"
0.399683405631206,0.296672160121933,1,0.938,1,"EVPL"
0.399683405631206,-0.497546364283248,1,0.938,1,"FAM98C"
0.399683405631206,0.151558223758759,1,0.938,1,"FBXO3"
0.399683405631206,-0.517245491319603,1,0.938,1,"FLNB"
0.399683405631206,-1.36190709536343,1,0.938,1,"FMC1"
0.399683405631206,0.271959799234472,1,0.938,1,"NIT1"
0.399683405631206,-1.77745048123942,1,0.938,1,"PTPRJ"
0.399683405631206,0.218686007184911,1,0.938,1,"RARS2"
0.399683405631206,-0.337917918479132,1,0.938,1,"SIGMAR1"
0.399683405631206,-0.17875250709784,1,0.938,1,"SLAIN2"
0.399683405631206,0.155183654298305,1,0.938,1,"TMEM63A"
0.399683405631206,0.158908776000841,1,0.938,1,"UIMC1"
0.399683405631206,-0.244257987282615,1,0.938,1,"UTP4"
0.399683405631206,-0.192320234782909,1,0.938,1,"UVRAG"
0.399683405631206,0.162056235851205,1,1,1,"ACBD6"
0.399683405631206,0.0859377330852178,1,1,1,"ACLY"
0.399683405631206,0.280654875307872,1,1,1,"AMMECR1L"
0.399683405631206,-0.0778575934512551,1,1,1,"ANKIB1"
0.399683405631206,0.181726976927153,1,1,1,"ARL16"
0.399683405631206,-0.245626614009303,1,1,1,"ARPC4"
0.399683405631206,0.148141211905574,1,1,1,"BCAT2"
0.399683405631206,-0.342042243017284,1,1,1,"BPTF"
0.399683405631206,0.298601311703334,1,1,1,"BTBD9"
0.399683405631206,-0.411187477576549,1,1,1,"C2CD3"
0.399683405631206,-0.0221568080066756,1,1,1,"CASC3"
0.399683405631206,0.491910301365915,1,1,1,"CCAR2"
0.399683405631206,-0.207391944795756,1,1,1,"CCDC127"
0.399683405631206,0.745307924368064,1,1,1,"CDKL5"
0.399683405631206,0.600788388040127,1,1,1,"CEP41"
0.399683405631206,0.0904026183556601,1,1,1,"CNOT2"
0.399683405631206,0.27906262183047,1,1,1,"COASY"
0.399683405631206,-0.196032437644139,1,1,1,"CPSF2"
0.399683405631206,-0.298172383889987,1,1,1,"CRAT"
0.399683405631206,0.385680643531795,1,1,1,"DDAH1"
0.399683405631206,-0.275371564902081,1,1,1,"DNM1L"
0.399683405631206,-0.176697870866755,1,1,1,"DNMT3A"
0.399683405631206,-0.111976682099876,1,1,1,"EDF1"
0.399683405631206,0.447838250392487,1,1,1,"EIF5B"
0.399683405631206,-0.311946366143085,1,1,1,"EIF6"
0.399683405631206,-0.20571281538733,1,1,1,"ELP1"
0.399683405631206,-0.316618625196715,1,1,1,"ETFA"
0.399683405631206,0.364762402999903,1,1,1,"FUNDC2"
0.399683405631206,-0.316843183004935,1,1,1,"GMFB"
0.399683405631206,0.237285944594936,1,1,1,"GPATCH8"
0.399683405631206,0.337361371838241,1,1,1,"GRINA"
0.399683405631206,-0.250644371681714,1,1,1,"GRPEL1"
0.399683405631206,-0.339342883028845,1,1,1,"HMGB1"
0.399683405631206,-0.600603194482203,1,1,1,"HSPA5"
0.399683405631206,-0.29871135077834,1,1,1,"KANK2"
0.399683405631206,-0.344386671454958,1,1,1,"KXD1"
0.399683405631206,0.464049003941538,1,1,1,"L2HGDH"
0.399683405631206,0.433068096060171,1,1,1,"MBD6"
0.399683405631206,0.295987715161147,1,1,1,"ME2"
0.399683405631206,0.389064881332515,1,1,1,"MED29"
0.399683405631206,0.147637742988466,1,1,1,"MRPL19"
0.399683405631206,0.138300363940145,1,1,1,"MTX1"
0.399683405631206,0.192918399352928,1,1,1,"NDUFAF8"
0.399683405631206,0.336979000341108,1,1,1,"NDUFS2"
0.399683405631206,0.144040677455632,1,1,1,"NET1"
0.399683405631206,-0.74750049565391,1,1,1,"NT5C2"
0.399683405631206,0.447885619327094,1,1,1,"OCIAD1"
0.399683405631206,-0.330998974840795,1,1,1,"PEX2"
0.399683405631206,-0.16921118178149,1,1,1,"PPP2R1A"
0.399683405631206,-0.729669400961888,1,1,1,"PPP5C"
0.399683405631206,0.235063779919866,1,1,1,"PRRC2C"
0.399683405631206,-0.283064099826499,1,1,1,"PSMC1"
0.399683405631206,-0.516441937452344,1,1,1,"PSME4"
0.399683405631206,-0.360754410168937,1,1,1,"PSMG4"
0.399683405631206,0.662128416253443,1,1,1,"R3HDM4"
0.399683405631206,0.630070588942635,1,1,1,"RAB3IP"
0.399683405631206,-0.365858986344767,1,1,1,"RAP1B"
0.399683405631206,-0.221763696675928,1,1,1,"RBM42"
0.399683405631206,-0.36555027155379,1,1,1,"RBX1"
0.399683405631206,0.269692463343393,1,1,1,"REEP5"
0.399683405631206,-0.350374530658696,1,1,1,"RPL23A"
0.399683405631206,-0.541975158785792,1,1,1,"RPL32"
0.399683405631206,-0.303508649245675,1,1,1,"RPL5"
0.399683405631206,-0.312023674620946,1,1,1,"RPS14"
0.399683405631206,0.603989295478294,1,1,1,"RRP15"
0.399683405631206,-0.386243907130633,1,1,1,"RSRC1"
0.399683405631206,0.468802800456719,1,1,1,"SCAF8"
0.399683405631206,0.289336199510551,1,1,1,"SERP1"
0.399683405631206,-1.51113353500184,1,1,1,"SLC12A9"
0.399683405631206,0.260097593094682,1,1,1,"SPPL2A"
0.399683405631206,-0.248645532506105,1,1,1,"SRA1"
0.399683405631206,0.810297997958559,1,1,1,"SRD5A1"
0.399683405631206,0.299946912932221,1,1,1,"SYNGR2"
0.399683405631206,-0.560539085199423,1,1,1,"TAF6"
0.399683405631206,0.26769193990923,1,1,1,"TNFRSF10B"
0.399683405631206,-0.140044779738175,1,1,1,"TRAPPC2"
0.399683405631206,-0.744313774551137,1,1,1,"TRAPPC6B"
0.399683405631206,-0.155033992837743,1,1,1,"TRIM13"
0.399683405631206,0.394950820923692,1,1,1,"TSEN15"
0.399683405631206,0.300573304488363,1,1,1,"UBAP2L"
0.399683405631206,0.441075584731447,1,1,1,"UBE2D4"
0.399683405631206,0.480734642603346,1,1,1,"ZFAND3"
0.399683405631206,0.353993704429023,1,1,1,"ZNF706"
0.400306513409962,-3.19314347337974,0.143,0.312,1,"ZNF575"
0.400405507600516,0.315349826911006,0.714,0.5,1,"TLE2"
0.400730505060507,-0.541445557430147,0.643,0.812,1,"YBEY"
0.401044060013337,-0.141797372654275,0.643,0.812,1,"NREP"
0.401044060013337,0.247906066467753,0.786,0.688,1,"HPS6"
0.401044060013337,-0.199550595026512,0.786,0.688,1,"ORC5"
0.40232665229133,0.93699135657417,0.643,0.5,1,"PUS3"
0.40232665229133,1.57585384640395,0.571,0.562,1,"CCDC15"
0.402558720639681,0.253465468891848,0.5,0.312,1,"EFS"
0.402558720639681,0.573864060853297,0.5,0.312,1,"MOCS1"
0.402558720639681,-0.862793473812363,0.5,0.312,1,"ONECUT2"
0.403058835219474,0.244343304852973,0.929,0.688,1,"PGAP3"
0.403058835219474,1.06366146639362,0.786,0.812,1,"KLC4"
0.403058835219474,0.954476708079507,0.786,0.812,1,"MTMR2"
0.403058835219474,0.350559127065118,0.786,0.812,1,"SLA2"
0.403058835219474,-0.374616455756857,0.786,0.812,1,"SRRD"
0.403058835219474,0.885454326441403,0.786,0.812,1,"TDRD7"
0.403199858619023,0.225569126933772,0.643,0.438,1,"MTFP1"
0.403430854232325,0.628703537074505,0.571,0.375,1,"TP53I11"
0.403507541035124,-0.365787270215171,0.643,0.938,1,"NFE2L3"
0.403507541035124,-0.783269583876867,0.929,0.688,1,"LZTR1"
0.403507541035124,-0.232352049765156,0.786,0.812,1,"SELENOO"
0.403507541035124,-0.876927831503382,0.786,0.812,1,"SLC6A9"
0.404753178966072,2.22306414631479,0.357,0.25,1,"RASL11A"
0.404760426804142,-0.489655914115843,0.786,0.938,1,"SLC68A1"
0.404760426804142,-0.156048236541837,0.929,0.812,1,"CWF19L2"
0.404760426804142,-0.472721620368781,0.929,0.812,1,"TMEM237"
0.405160020608891,-0.265315176551447,0.929,0.812,1,"PLEKHG4"
0.405537884652446,0.547824184817586,0.929,0.938,1,"ABHD11"
0.405537884652446,0.321727793972442,0.929,0.938,1,"ANKRD52"
0.405537884652446,0.231745309534451,0.929,0.938,1,"FBH1"
0.405537884652446,-0.12334449156589,0.929,0.938,1,"FBXO28"
0.405537884652446,0.190064333331567,0.929,0.938,1,"IPO11"
0.405537884652446,1.82435903317371,0.929,0.938,1,"LAT"
0.405537884652446,0.251613102019126,0.929,0.938,1,"UBQLN4"
0.405537884652446,0.438971275043015,0.929,0.938,1,"VMA22"
0.406044078064167,-0.0675380370030481,0.929,0.938,1,"ANKH"
0.406044078064167,-0.530758234849471,0.929,0.938,1,"DDX47"
0.406044078064167,-0.0801332641133969,0.929,0.938,1,"EXOSC9"
0.406044078064167,-0.478433952963588,0.929,0.938,1,"JMJD1C"
0.406044078064167,-0.127749075807055,0.929,0.938,1,"PAPSS1"
0.406044078064167,-0.341957934486796,0.929,0.938,1,"RHOBTB3"
0.406044078064167,-0.840227584932787,0.929,0.938,1,"SCLT1"
0.406044078064167,-0.414090649641525,0.929,0.938,1,"UBE2J1"
0.407063135099117,-0.0973407708236431,0.429,0.25,1,"CIMIP2C"
0.408135168741739,-1.14529329478153,0.571,0.75,1,"RNF166"
0.408339318472858,0.4143024259118,0.714,0.625,1,"DHRS12"
0.408339318472858,1.1213676812034,0.714,0.625,1,"FUZ"
0.408339318472858,-0.10098824016527,0.714,0.625,1,"PABIR2"
0.410603353294113,-0.78568609082073,0.714,0.562,1,"HGH1"
0.410603353294113,-0.146745494504299,0.714,0.562,1,"THRA"
0.410866434687713,-0.25896564163423,0.571,0.688,1,"PEX7"
0.411909724532299,-0.863611783931359,0.857,0.625,1,"GCNT1"
0.411909724532299,0.421079191664224,0.857,0.625,1,"SLC33A2"
0.411909724532299,-0.194160463516234,0.857,0.625,1,"ZNF740"
0.4124816160891,-1.37192956660691,0.571,0.875,1,"STRA6"
0.4124816160891,-0.303444229353345,0.571,0.875,1,"TCP11L1"
0.4124816160891,-0.725629444059238,0.714,0.75,1,"SACK1D"
0.4124816160891,-0.0729129976718464,0.714,0.75,1,"SPATA21"
0.413466689427903,0.653353218514017,0.643,0.562,1,"COXFA4L3"
0.413643291873154,1.33064645668923,0.5,0.438,1,"ST20"
0.414712643678161,-0.779477606349855,0.286,0.125,1,"CCDC134"
0.414712643678161,0.762744351433949,0.286,0.125,1,"FSCN2"
0.414712643678161,1.41038371889926,0.286,0.125,1,"PMEL"
0.415202746064188,-2.45353191167556,0.857,0.75,1,"KCTD7"
0.415202746064188,-0.710622553670992,0.857,0.75,1,"SLC35F2"
0.415202746064188,-1.3956678619976,0.857,0.75,1,"UBALD2"
0.415568507455939,0.225943692117021,0.857,0.75,1,"CPE"
0.415568507455939,0.043084124563487,0.857,0.75,1,"SEMA4D"
0.415599781808443,0.167082866483587,0.643,0.375,1,"MBOAT1"
0.415599781808443,-0.00150378942780183,0.571,0.438,1,"AKR1C3"
0.415599781808443,0.551608511333056,0.571,0.438,1,"EHF"
0.415599781808443,0.45017724655049,0.571,0.438,1,"MAPK11"
0.415859383689648,1.72048071990311,0.357,0.562,1,"PRSS53"
0.416283815436623,0.178324457134631,0.786,0.625,1,"C21orf91"
0.416283815436623,-0.227947172522275,0.786,0.625,1,"PRKCE"
0.416283815436623,0.129839651796818,0.786,0.625,1,"STRADB"
0.416283815436623,1.41766224771473,0.714,0.688,1,"MED26"
0.416283815436623,1.52664497519001,0.714,0.688,1,"NBEAL2"
0.416443597946469,0.880973369204836,0.857,0.875,1,"ARHGAP32"
0.416443597946469,0.52973459277058,0.857,0.875,1,"PEX14"
0.416443597946469,0.511749187830135,0.857,0.875,1,"PYURF"
0.416455590574166,-0.431108329640702,0.714,0.688,1,"CCDC88C"
0.416569493031262,0.675591210408574,0.357,0.188,1,"SBNO2"
0.416569493031262,1.21538011430494,0.357,0.188,1,"TAPBP"
0.416569493031262,-0.33278237005053,0.357,0.188,1,"TNFRSF10C"
0.416623459855899,-0.514006332393829,0.857,1,1,"COX10"
0.416623459855899,-0.383937834052992,0.857,1,1,"FHL2"
0.416623459855899,-0.577452848274926,1,0.875,1,"APAF1"
0.416623459855899,-1.09885727218787,1,0.875,1,"FOXM1"
0.416623459855899,-0.521384598738346,1,0.875,1,"MTMR9"
0.416876927893123,-0.553208037598386,0.857,0.875,1,"CUL9"
0.417123890755001,0.185765886911211,1,0.875,1,"AKAP8L"
0.417123890755001,0.475868561778252,1,0.875,1,"EPCAM"
0.417123890755001,-0.0159774025305373,1,0.875,1,"FAM107B"
0.417123890755001,0.55446181260888,1,0.875,1,"MTOR"
0.417123890755001,0.786491636036429,1,0.875,1,"PRSS27"
0.417123890755001,0.262715379954487,1,0.875,1,"SLC48A1"
0.418390804597701,5.50188478940061,0.143,0,1,"DIPK1B"
0.418390804597701,2.14192852108716,0.143,0,1,"LENG1"
0.418390804597701,1.88727825228098,0.143,0,1,"LMNTD2"
0.418390804597701,3.85104729179974,0.143,0,1,"PPP1R11"
0.418390804597701,4.73515099595497,0.143,0,1,"RDM1"
0.418390804597701,4.98365538578242,0.143,0,1,"RIBC1"
0.418390804597701,3.70335455977868,0.143,0,1,"SERINC4"
0.418390804597701,3.67654088126385,0.143,0,1,"SH3BP1"
0.418390804597701,1.9080374671528,0.143,0,1,"TSNAX-DISC1"
0.418390804597701,5.01880426373677,0.143,0.062,1,"CISH"
0.418390804597701,3.98760945107287,0.143,0.062,1,"IL4I1"
0.418390804597701,4.19114080111541,0.143,0.062,1,"INHA"
0.418901660280971,-0.632372292921828,0.071,0.25,1,"CASTOR2"
0.418901660280971,-1.24930730820328,0.071,0.188,1,"ZXDA"
0.419196497382543,0.153945516127923,0.786,0.562,1,"CRIP1"
0.419196497382543,0.648237885040376,0.786,0.562,1,"KIF3C"
0.419196497382543,0.049024468600288,0.786,0.562,1,"NAB2"
0.419196497382543,0.811759060502111,0.786,0.562,1,"SLC5A3"
0.419935914395743,-0.717177191414478,0.643,0.688,1,"FLVCR2"
0.419935914395743,-0.759640774270424,0.643,0.688,1,"WRAP53"
0.419936354492172,0.0726747506547163,0.929,0.625,1,"FICD"
0.419936354492172,0.821362453553796,0.786,0.75,1,"FGD6"
0.419936354492172,-0.465872126255782,0.786,0.75,1,"ZFP37"
0.420024855133493,0.436793578402808,0.643,0.875,1,"FRMD6"
0.420024855133493,0.404142355187978,0.714,0.812,1,"PRMT9"
0.420024855133493,-0.588225379316853,0.786,0.75,1,"ARMC7"
0.422025808561148,-0.349647459106591,0.929,0.75,1,"MSL3"
0.422025808561148,1.02657999085777,0.786,0.875,1,"FBXW9"
0.422025808561148,0.226659296020387,0.857,0.812,1,"ZNF574"
0.422058637004167,-1.2588537654633,0.929,0.75,1,"TROAP"
0.422058637004167,-0.761318809323132,0.857,0.812,1,"C12orf75"
0.422982743234506,0.349207403615992,1,0.812,1,"TGS1"
0.422982743234506,1.06720557471826,0.857,0.938,1,"ABCC3"
0.422982743234506,0.361040774596514,0.929,0.875,1,"TENT4A"
0.422989537223133,-0.108734998740923,0.857,0.938,1,"AFAP1"
0.422989537223133,-0.875452768681679,0.857,0.938,1,"LCORL"
0.422989537223133,-0.29065700389873,0.857,0.938,1,"STK39"
0.422989537223133,-0.467408549096466,0.857,0.938,1,"TMEM115"
0.422989537223133,-0.698591247549632,0.857,0.938,1,"UMAD1"
0.422989537223133,-0.431781120918652,0.929,0.875,1,"GTPBP3"
0.422989537223133,-0.513284614246163,0.929,0.875,1,"SHLD2"
0.422989537223133,-0.549368375155682,0.929,0.875,1,"ZNF76"
0.423232456699067,0.065699884710396,0.929,1,1,"CETN3"
0.423232456699067,0.219217342579465,0.929,1,1,"DCUN1D5"
0.423232456699067,0.0646622543126618,0.929,1,1,"DDX41"
0.423232456699067,-0.277231879113154,0.929,1,1,"EIF3D"
0.423232456699067,0.130809932933976,0.929,1,1,"GTF2B"
0.423232456699067,-0.446185287851885,0.929,1,1,"MAD2L2"
0.423232456699067,-0.548147912125563,0.929,1,1,"MZT1"
0.423232456699067,0.0371880305372607,0.929,1,1,"PPTC7"
0.423232456699067,-0.476991655572903,0.929,1,1,"RABGGTB"
0.423232456699067,0.547426425570808,0.929,1,1,"SCCPDH"
0.423232456699067,-0.839026476154671,0.929,1,1,"SIRAL2"
0.423232456699067,-0.115936997629386,0.929,1,1,"ST3GAL4"
0.423232456699067,-0.149009037048446,1,0.938,1,"ANKS3"
0.423232456699067,-0.329981167398132,1,0.938,1,"BFAR"
0.423232456699067,-0.130306180763153,1,0.938,1,"CAMTA2"
0.423232456699067,0.101664441207975,1,0.938,1,"CAPRIN2"
0.423232456699067,0.303418021072475,1,0.938,1,"CHMP7"
0.423232456699067,-0.490760622366063,1,0.938,1,"CLK4"
0.423232456699067,-0.10811867798201,1,0.938,1,"FBXO34"
0.423232456699067,0.190965067882408,1,0.938,1,"FIP1L1"
0.423232456699067,0.210905203113309,1,0.938,1,"GTF2IRD2B"
0.423232456699067,-0.694620527418946,1,0.938,1,"GTPBP1"
0.423232456699067,-0.86823377944715,1,0.938,1,"JOSD1"
0.423232456699067,-0.450398782080838,1,0.938,1,"KIF22"
0.423232456699067,-0.753371034239706,1,0.938,1,"MIS18A"
0.423232456699067,0.274571849801355,1,0.938,1,"NME4"
0.423232456699067,-0.366496506497929,1,0.938,1,"OGA"
0.423232456699067,0.248373815274992,1,0.938,1,"SPNS1"
0.423232456699067,0.322288863883041,1,0.938,1,"TMEM97"
0.423232456699067,0.400598968335837,1,0.938,1,"TOPORS"
0.423232456699067,-0.324169253362218,1,0.938,1,"TRIP4"
0.423232456699067,-0.508687494234588,1,0.938,1,"ZCCHC9"
0.423232456699067,0.135278385131773,1,0.938,1,"ZNF331"
0.423232456699067,0.388131055823103,1,1,1,"A1BG"
0.423232456699067,0.153801404152343,1,1,1,"ABI2"
0.423232456699067,0.672272485459333,1,1,1,"ACOT11"
0.423232456699067,0.285008694611831,1,1,1,"ALG13"
0.423232456699067,0.13693870496449,1,1,1,"AMZ2"
0.423232456699067,0.314775933075839,1,1,1,"ARF3"
0.423232456699067,0.136782895875546,1,1,1,"ARPC1B"
0.423232456699067,-0.37669080349782,1,1,1,"ATG4B"
0.423232456699067,-0.386109637753393,1,1,1,"BUB3"
0.423232456699067,-0.38861082653383,1,1,1,"C9orf78"
0.423232456699067,-0.38843631603569,1,1,1,"CCDC47"
0.423232456699067,0.754393015791465,1,1,1,"CCNB1IP1"
0.423232456699067,0.324490479097364,1,1,1,"CEP350"
0.423232456699067,0.285995750483814,1,1,1,"CHMP2A"
0.423232456699067,0.136980221534191,1,1,1,"COPB2"
0.423232456699067,-0.159984419649318,1,1,1,"CPSF1"
0.423232456699067,-0.442221063981993,1,1,1,"CTBP1"
0.423232456699067,0.0323004853721711,1,1,1,"DLST"
0.423232456699067,0.0528959144927441,1,1,1,"DOCK7"
0.423232456699067,-0.0181099950527486,1,1,1,"EEF2"
0.423232456699067,-0.385804932703229,1,1,1,"ELOVL1"
0.423232456699067,-0.405551815578931,1,1,1,"FGFR1"
0.423232456699067,-0.154031974074067,1,1,1,"FUCA2"
0.423232456699067,0.131653912022214,1,1,1,"FYTTD1"
0.423232456699067,-0.463705295833343,1,1,1,"GLTP"
0.423232456699067,-0.37196922184179,1,1,1,"GOLGA4"
0.423232456699067,0.777019347488275,1,1,1,"HERC4"
0.423232456699067,-0.234127390421889,1,1,1,"HSP90AA1"
0.423232456699067,0.0591197706561406,1,1,1,"HSP90AB1"
0.423232456699067,0.657030211297818,1,1,1,"JPT2"
0.423232456699067,-0.261601150345923,1,1,1,"KLC1"
0.423232456699067,-0.413867710353385,1,1,1,"MGLL"
0.423232456699067,0.438756220583543,1,1,1,"MPZL1"
0.423232456699067,0.0352566277443342,1,1,1,"MRPL36"
0.423232456699067,-0.377835098688691,1,1,1,"MRPL40"
0.423232456699067,-0.133212775002479,1,1,1,"MRPS11"
0.423232456699067,-0.237207959651935,1,1,1,"NARS1"
0.423232456699067,0.848529852262644,1,1,1,"NCBP1"
0.423232456699067,0.165836873979962,1,1,1,"NUBPL"
0.423232456699067,0.370433010409191,1,1,1,"NUP214"
0.423232456699067,-0.580401350808449,1,1,1,"OSGEP"
0.423232456699067,-0.0518340467780307,1,1,1,"PBRM1"
0.423232456699067,-0.30541802450925,1,1,1,"PDE6D"
0.423232456699067,-0.346726351300858,1,1,1,"PGAM1"
0.423232456699067,-0.326860549691949,1,1,1,"PHF12"
0.423232456699067,0.460835179139651,1,1,1,"PLEKHH3"
0.423232456699067,0.280340904925574,1,1,1,"PLEKHJ1"
0.423232456699067,-0.31214108985831,1,1,1,"PPT1"
0.423232456699067,-0.678879010221963,1,1,1,"PSEN1"
0.423232456699067,0.159529579162199,1,1,1,"PSMB2"
0.423232456699067,-0.526679612079461,1,1,1,"PSMD5"
0.423232456699067,0.179521429496003,1,1,1,"RBIS"
0.423232456699067,0.228926768803554,1,1,1,"RBM34"
0.423232456699067,-0.25213042062011,1,1,1,"RBM8A"
0.423232456699067,-0.0276070197129195,1,1,1,"RETREG2"
0.423232456699067,-0.307396091933374,1,1,1,"RNF10"
0.423232456699067,0.0617526548639447,1,1,1,"RNF34"
0.423232456699067,-0.249563637843181,1,1,1,"RPL24"
0.423232456699067,-0.516121053817827,1,1,1,"RPL27"
0.423232456699067,0.122783723614317,1,1,1,"RPL30"
0.423232456699067,0.0181651454369325,1,1,1,"RUSC1"
0.423232456699067,0.119398667438645,1,1,1,"S100A16"
0.423232456699067,0.252583357715205,1,1,1,"SAT1"
0.423232456699067,0.89661101492973,1,1,1,"SLC25A33"
0.423232456699067,0.204894613226564,1,1,1,"SMIM7"
0.423232456699067,0.22697718676305,1,1,1,"SP1"
0.423232456699067,-0.559898041394391,1,1,1,"STK17B"
0.423232456699067,-0.202866009268149,1,1,1,"SUPT5H"
0.423232456699067,-0.588168922818888,1,1,1,"TMEM208"
0.423232456699067,-0.172379541312665,1,1,1,"TOMM5"
0.423232456699067,0.102941910627497,1,1,1,"TPD52L2"
0.423232456699067,0.547219753817852,1,1,1,"TSPAN31"
0.423232456699067,0.33831061283666,1,1,1,"USP16"
0.423232456699067,0.0389564275814003,1,1,1,"VMA21"
0.423232456699067,0.111521567855575,1,1,1,"VPS51"
0.423232456699067,0.554299715939558,1,1,1,"XYLT2"
0.423232456699067,0.285465943972222,1,1,1,"YTHDF2"
0.423232456699067,-0.609952457183504,1,1,1,"ZNF419"
0.423855908303158,-2.21610882880158,0.357,0.438,1,"ZCWPW1"
0.42455831595726,-0.126975838692542,0.714,0.5,1,"NPHP4"
0.425375698803505,-1.23493673054611,0.571,0.625,1,"REXO5"
0.425773779776778,1.14153557710018,0.429,0.312,1,"CCDC7"
0.426963264153957,0.78293570756849,0.643,0.5,1,"RRAGB"
0.427329438136109,0.00948038476132496,0.786,0.812,1,"RAD54B"
0.427329438136109,-1.0284945682125,0.786,0.812,1,"TAF3"
0.427498201363714,-0.299994708675996,0.5,0.625,1,"NEIL2"
0.427998632262816,0.427198950448963,0.5,0.312,1,"ZNF709"
0.428383207776916,-0.777027960667846,0.5,0.562,1,"KCNAB1"
0.428383207776916,-0.471461764818727,0.5,0.562,1,"PIGV"
0.428401265483528,0.702693358227868,0.571,0.375,1,"EPHA4"
0.428401265483528,0.918767508302736,0.571,0.375,1,"NUDT7"
0.428401265483528,0.066272022410181,0.571,0.375,1,"RAVER2"
0.428401265483528,-0.37373054405885,0.571,0.375,1,"SLC7A8"
0.428401265483528,-0.0224057061824843,0.571,0.375,1,"TTLL12"
0.428477209623603,-0.445077868139761,0.786,0.938,1,"PRPS1"
0.428536608888538,-0.858994931506855,0.429,0.5,1,"KLHDC8B"
0.428880007880477,0.456915420879092,0.929,0.812,1,"POLR3D"
0.429341022643134,0.222070366163686,0.929,0.938,1,"GEM"
0.429341022643134,0.60883722511253,0.929,0.938,1,"HAUS6"
0.429341022643134,0.525929344239733,0.929,0.938,1,"NOL8"
0.429341022643134,0.378130352025221,0.929,0.938,1,"SFN"
0.429341022643134,0.33367586492207,0.929,0.938,1,"SLC35A5"
0.429341022643134,-0.4391056779961,0.929,0.938,1,"SORL1"
0.429341022643134,-0.0173062435759519,0.929,0.938,1,"TOR1B"
0.429341022643134,2.32230667866675,0.929,0.938,1,"TTLL7"
0.429841453542235,-0.622274404039763,0.929,0.938,1,"HSD3B7"
0.429841453542235,-0.270507605881825,0.929,0.938,1,"NSMCE1"
0.429841453542235,-0.279423301329878,0.929,0.938,1,"RNF31"
0.429841453542235,-0.325064942125175,0.929,0.938,1,"SIDT2"
0.429841453542235,-0.399148684948383,0.929,0.938,1,"TCEA2"
0.429841453542235,-1.06269796247055,0.929,0.938,1,"ZNF33A"
0.430335943139541,-0.128215783302352,0.286,0.375,1,"SPATA1"
0.430335943139541,-2.01635013011391,0.286,0.375,1,"TBC1D19"
0.432333018217414,-3.20249958134626,0.571,0.75,1,"LEPR"
0.432657052966465,-0.0214591704142144,0.714,0.625,1,"DTX3"
0.432657052966465,1.35889594000431,0.714,0.625,1,"EXOC6B"
0.432657052966465,0.529450635029614,0.714,0.625,1,"PLEKHG6"
0.43362763062913,0.773648495556227,0.429,0.25,1,"EGR2"
0.435111525764465,0.183712363437976,0.786,0.5,1,"ANKS1A"
0.435111525764465,0.422374637017791,0.714,0.562,1,"SESTD1"
0.435111525764465,0.442731015774523,0.714,0.562,1,"VAMP8"
0.435111525764465,0.99196735802697,0.643,0.625,1,"MACROH2A2"
0.435111525764465,1.33523731429072,0.643,0.625,1,"MFHAS1"
0.435474151469157,-0.315809797834689,0.5,0.75,1,"ZSWIM9"
0.435474151469157,-0.271960952994876,0.571,0.688,1,"IRAK1BP1"
0.435474151469157,-0.765250955087061,0.571,0.688,1,"ZNF550"
0.436756991301391,-0.454231358123013,0.714,0.75,1,"KLF16"
0.436756991301391,-0.218396333534517,0.714,0.75,1,"NSUN7"
0.43749680715198,-0.229767695335296,0.143,0.312,1,"TCF19"
0.438397698295674,0.65018145460472,0.643,0.562,1,"HASPIN"
0.438397698295674,0.463992792262808,0.643,0.562,1,"METTL4"
0.438397698295674,0.608871187407632,0.643,0.562,1,"PLEKHN1"
0.439324541375683,-0.924002100807991,0.714,0.875,1,"SLC36A4"
0.439324541375683,-0.872888677185184,0.857,0.75,1,"RFNG"
0.439703450648258,-0.776345083873045,0.857,0.75,1,"TNS1"
0.439703450648258,-0.0486855090612011,0.857,0.75,1,"ZNF84"
0.440037758898329,-1.86251128229946,0.286,0.438,1,"PRKAR2B"
0.440381570480669,1.06713742404097,0.5,0.438,1,"PLA2G6"
0.440604891912489,0.2953706930311,1,0.75,1,"ANKRD27"
0.440604891912489,0.398191133370191,1,0.75,1,"MTMR3"
0.440604891912489,0.868862802781422,1,0.75,1,"PTPN18"
0.440604891912489,0.63246243962902,0.857,0.875,1,"RAD9B"
0.440694327758721,-0.648190049575279,1,0.875,1,"MCMDC2"
0.440694327758721,-0.712549982705308,1,0.875,1,"SUGP1"
0.440703157193333,-0.128259466875047,0.857,0.562,1,"TFCP2"
0.440703157193333,0.296352747417811,0.857,0.562,1,"VCF2"
0.440703157193333,0.286674279110898,0.714,0.688,1,"ZNF746"
0.440914444738415,-1.48743890879064,0.714,0.688,1,"ERCC6"
0.441049513083156,-0.539751772032813,0.857,0.875,1,"FANCC"
0.441049513083156,-0.238929132110553,0.857,0.875,1,"GLA"
0.441049513083156,-0.75682767292407,0.857,0.875,1,"ZFYVE1"
0.441134988061525,1.31402021958956,0.357,0.25,1,"EBF4"
0.441134988061525,-0.281886506557534,0.357,0.25,1,"KBTBD11"
0.441186754404016,0.540440022586044,0.857,1,1,"MRPS27"
0.441186754404016,0.164684988724962,1,0.875,1,"CEBPG"
0.441186754404016,0.460190160987018,1,0.875,1,"FIBCD1"
0.441186754404016,-0.422803002009892,1,0.875,1,"IMPA2"
0.441186754404016,0.633383438877658,1,0.875,1,"PAQR5"
0.441186754404016,0.28928225071454,1,0.875,1,"PBXIP1"
0.441266934472221,-0.343321518889882,0.643,0.375,1,"SEMA4A"
0.441266934472221,0.709995758303627,0.571,0.438,1,"FAM219A"
0.441266934472221,0.310971903991767,0.571,0.438,1,"ICAM3"
0.441266934472221,0.364543341585045,0.571,0.438,1,"ZDHHC23"
0.441266934472221,1.52935627067427,0.5,0.5,1,"PRLR"
0.441438035712106,-1.1153583383921,0.357,0.562,1,"IQCJ-SCHIP1"
0.442146040842668,-0.227095485728563,0.429,0.562,1,"FPGT-TNNI3K"
0.443770808094405,0.217801442858505,0.786,0.562,1,"PATZ1"
0.444298978821563,-0.45956469831603,0.857,0.688,1,"KCTD1"
0.444298978821563,0.269776840959533,0.857,0.688,1,"TOP1MT"
0.444298978821563,0.448546427642604,0.857,0.688,1,"ZNF181"
0.444298978821563,0.689988377064698,0.786,0.75,1,"FUCA1"
0.444298978821563,0.545368163983505,0.786,0.75,1,"KRT10-AS1"
0.444298978821563,0.880657369872893,0.786,0.75,1,"PAPSS2"
0.444298978821563,0.96539291012462,0.786,0.75,1,"TVP23A"
0.444407462591374,-0.354489055282384,0.714,0.812,1,"FBXW7"
0.444407462591374,-0.832032787489095,0.714,0.812,1,"SLC7A6OS"
0.444407462591374,-0.548085875570362,0.714,0.812,1,"TXNL4B"
0.444742087160754,-0.648984549259616,0.643,0.688,1,"SPAG5"
0.446359207737033,0.186589084326536,1,0.688,1,"MBD2"
0.446401635783416,-0.322913566785187,0.786,0.875,1,"QDPR"
0.446401635783416,-0.170209139614677,0.786,0.875,1,"UQCC6"
0.446401635783416,-0.63048914688901,0.786,0.875,1,"ZFYVE19"
0.446401635783416,-0.353596571762862,0.857,0.812,1,"CDC7"
0.446401635783416,-0.625343145809604,0.857,0.812,1,"OGG1"
0.446401635783416,-0.565848452014941,0.857,0.812,1,"OVCA2"
0.446401635783416,-1.00315618874487,0.857,0.812,1,"TGFBR3"
0.447302650704231,0.35358532960546,0.857,0.938,1,"TUBE1"
0.447302650704231,0.323902432977002,0.929,0.875,1,"BOD1"
0.447302650704231,0.472474769033275,0.929,0.875,1,"RECQL5"
0.447302650704231,0.253148322867272,0.929,0.875,1,"STX5"
0.447311645175005,-0.5165347375452,0.857,0.938,1,"POLR3H"
0.447311645175005,-0.458054894489514,0.857,0.938,1,"RSU1"
0.447311645175005,-0.121942612843134,0.857,0.938,1,"TP53I13"
0.447311645175005,-1.58674887235755,0.929,0.875,1,"COG6"
0.447311645175005,-0.939871623065805,0.929,0.875,1,"EARS2"
0.447547426836977,0.398206616553584,0.929,1,1,"MAGOHB"
0.447547426836977,-0.36579199895269,0.929,1,1,"NT5DC3"
0.447547426836977,-0.0864033417249277,0.929,1,1,"SENP1"
0.447547426836977,-0.630340642428551,0.929,1,1,"TANGO2"
0.447547426836977,-0.344279605453703,0.929,1,1,"TRMT5"
0.447547426836977,-0.207488556316985,0.929,1,1,"TTC8"
0.447547426836977,0.371377338907283,0.929,1,1,"WDR18"
0.447547426836977,-0.364897264704155,1,0.938,1,"AP1S1"
0.447547426836977,0.299784859182363,1,0.938,1,"ATAD2B"
0.447547426836977,0.588927137486876,1,0.938,1,"ATP2B4"
0.447547426836977,0.288909249162197,1,0.938,1,"CMTR1"
0.447547426836977,-0.666013737898138,1,0.938,1,"CUL4B"
0.447547426836977,0.38372320028058,1,0.938,1,"IMP4"
0.447547426836977,0.424776059064786,1,0.938,1,"MIX23"
0.447547426836977,0.427273339396444,1,0.938,1,"MKNK1"
0.447547426836977,0.16591605619186,1,0.938,1,"NADSYN1"
0.447547426836977,0.208879346629226,1,0.938,1,"PHKG2"
0.447547426836977,0.235302032107972,1,0.938,1,"PI4KB"
0.447547426836977,0.270465574335509,1,0.938,1,"POLR1C"
0.447547426836977,-0.0520769826338334,1,0.938,1,"POLR3F"
0.447547426836977,-0.73030696350016,1,0.938,1,"RBMX2"
0.447547426836977,-0.124711214539752,1,0.938,1,"RGS9"
0.447547426836977,0.434538340272029,1,0.938,1,"RYBP"
0.447547426836977,0.361840282465385,1,0.938,1,"SLC9A8"
0.447547426836977,0.409008132764474,1,0.938,1,"ST3GAL1"
0.447547426836977,-0.608332228463894,1,0.938,1,"TDG"
0.447547426836977,0.66268421499181,1,1,1,"AGO3"
0.447547426836977,-0.0586527762287492,1,1,1,"AK2"
0.447547426836977,-0.384170415237377,1,1,1,"AMFR"
0.447547426836977,0.154159769187364,1,1,1,"AP1S3"
0.447547426836977,-0.611255406464309,1,1,1,"ARL6IP6"
0.447547426836977,0.346003186136858,1,1,1,"ARRDC1"
0.447547426836977,0.294619475341117,1,1,1,"ATP1B3"
0.447547426836977,-0.202596420614793,1,1,1,"ATP5MC2"
0.447547426836977,-0.372593005105404,1,1,1,"C18orf32"
0.447547426836977,0.802900071360864,1,1,1,"C2orf92"
0.447547426836977,-0.209773643806171,1,1,1,"CALR"
0.447547426836977,0.126236672073696,1,1,1,"CAPZB"
0.447547426836977,-0.394361768531235,1,1,1,"CBY1"
0.447547426836977,-0.139668627329968,1,1,1,"CCDC107"
0.447547426836977,0.176633807477162,1,1,1,"CCDC30"
0.447547426836977,-0.246583519811012,1,1,1,"CCZ1"
0.447547426836977,0.0205960165074455,1,1,1,"CDC42"
0.447547426836977,0.179325993331539,1,1,1,"CDK12"
0.447547426836977,0.141400752769391,1,1,1,"CLNS1A"
0.447547426836977,0.101231086654527,1,1,1,"COPS2"
0.447547426836977,0.315180310469086,1,1,1,"COX17"
0.447547426836977,-0.217676707277357,1,1,1,"CPT1A"
0.447547426836977,-0.148474102688676,1,1,1,"DHX15"
0.447547426836977,0.442587327585608,1,1,1,"EGLN1"
0.447547426836977,0.252607143547725,1,1,1,"GALE"
0.447547426836977,-0.154287132150928,1,1,1,"GDI2"
0.447547426836977,0.284692454666169,1,1,1,"H3-3A"
0.447547426836977,-0.179147678691995,1,1,1,"HERC3"
0.447547426836977,0.233047933979614,1,1,1,"HEXB"
0.447547426836977,0.236236148799355,1,1,1,"HSPD1"
0.447547426836977,0.477497590223043,1,1,1,"HYCC2"
0.447547426836977,0.235085866070524,1,1,1,"ITPA"
0.447547426836977,-0.214145727597426,1,1,1,"KCTD9"
0.447547426836977,0.148166427795699,1,1,1,"KDELR2"
0.447547426836977,0.0611208884873804,1,1,1,"KDM4B"
0.447547426836977,-0.45521511082491,1,1,1,"KIN"
0.447547426836977,0.137266301437086,1,1,1,"KPNA6"
0.447547426836977,0.443624745290432,1,1,1,"KRT18"
0.447547426836977,-0.331520898246541,1,1,1,"LDLR"
0.447547426836977,0.577536949340637,1,1,1,"LITAF"
0.447547426836977,-0.624475686222944,1,1,1,"LRRC57"
0.447547426836977,0.34614539353402,1,1,1,"MCM3"
0.447547426836977,-0.261274726830578,1,1,1,"MED10"
0.447547426836977,0.270057373199457,1,1,1,"MICU2"
0.447547426836977,-0.446454773808899,1,1,1,"MLF1"
0.447547426836977,0.0365455133111237,1,1,1,"MRTFB"
0.447547426836977,-0.117528669189658,1,1,1,"MTBP"
0.447547426836977,0.30711550064199,1,1,1,"MTIF3"
0.447547426836977,0.336296137997226,1,1,1,"NDUFV3"
0.447547426836977,-0.625502097174544,1,1,1,"NISCH"
0.447547426836977,0.282269619130184,1,1,1,"NR1H2"
0.447547426836977,-0.0742705441230469,1,1,1,"NUP153"
0.447547426836977,-0.191484193527941,1,1,1,"NUP98"
0.447547426836977,-0.170192799077077,1,1,1,"OAZ1"
0.447547426836977,-0.0166175576331735,1,1,1,"OCIAD2"
0.447547426836977,-0.328700352272476,1,1,1,"OS9"
0.447547426836977,0.179757795626877,1,1,1,"OSTC"
0.447547426836977,-0.29389059761758,1,1,1,"PCLAF"
0.447547426836977,0.0751745850664065,1,1,1,"PRDX5"
0.447547426836977,0.388851534653903,1,1,1,"PWWP3A"
0.447547426836977,-0.786689660499731,1,1,1,"RABGAP1L"
0.447547426836977,0.220662840053586,1,1,1,"RHBDD2"
0.447547426836977,0.477190180567979,1,1,1,"RIGI"
0.447547426836977,0.0736214947026745,1,1,1,"RNF187"
0.447547426836977,0.397635137533341,1,1,1,"RNF213"
0.447547426836977,-0.0208661351103556,1,1,1,"RNF216"
0.447547426836977,-0.187920245375748,1,1,1,"RPL17"
0.447547426836977,-0.245752638393769,1,1,1,"RPL4"
0.447547426836977,-0.330647457607295,1,1,1,"RPL9"
0.447547426836977,-0.239358453986673,1,1,1,"RPS10"
0.447547426836977,0.109996329743847,1,1,1,"RPS5"
0.447547426836977,0.326287564048648,1,1,1,"SEC14L1"
0.447547426836977,-0.0419167788723529,1,1,1,"SEC62"
0.447547426836977,-0.289961425663696,1,1,1,"SETD5"
0.447547426836977,-0.552523244357577,1,1,1,"SH3BGRL3"
0.447547426836977,0.290546924292412,1,1,1,"SKP1"
0.447547426836977,0.266843469398667,1,1,1,"SMUG1"
0.447547426836977,0.198445213244237,1,1,1,"SPG21"
0.447547426836977,1.33602343469279,1,1,1,"SPTLC3"
0.447547426836977,-0.21104261022964,1,1,1,"SRSF10"
0.447547426836977,-0.430184958798186,1,1,1,"SSBP1"
0.447547426836977,0.135159757989878,1,1,1,"SSR3"
0.447547426836977,0.950298873780225,1,1,1,"TBC1D9B"
0.447547426836977,0.166901942440911,1,1,1,"TMX2"
0.447547426836977,0.256607598983615,1,1,1,"TOP1"
0.447547426836977,-0.240077428285463,1,1,1,"TRA2A"
0.447547426836977,0.0114007733975185,1,1,1,"TRUB2"
0.447547426836977,0.13516962340938,1,1,1,"UBE2A"
0.447547426836977,0.459531832254934,1,1,1,"UCP2"
0.447547426836977,0.294197161148334,1,1,1,"XRCC5"
0.447547426836977,-0.243619926844318,1,1,1,"YME1L1"
0.447547426836977,0.0299751409517146,1,1,1,"YTHDF1"
0.447547426836977,0.692759711218503,1,1,1,"ZBTB37"
0.447547426836977,-0.406583148327936,1,1,1,"ZC3H7A"
0.447547426836977,0.086479117711906,1,1,1,"ZKSCAN8"
0.447547426836977,0.333709624899774,1,1,1,"ZNF440"
0.447547426836977,-0.755143342576873,1,1,1,"ZNF766"
0.449059116812423,-0.385372263429667,0.643,0.812,1,"ATOSB"
0.449059116812423,-0.972929233875108,0.643,0.812,1,"B9D2"
0.449059116812423,0.0232039223292295,0.643,0.812,1,"BYSL"
0.449059116812423,-0.535031029283322,0.643,0.812,1,"NEURL1B"
0.449059116812423,-1.29318547098733,0.786,0.688,1,"CRYZ"
0.451383912446942,0.154393188489758,0.929,0.688,1,"FCGRT"
0.451383912446942,0.717737020126762,0.786,0.812,1,"FAM98B"
0.452445548811422,0.575926333656131,0.643,0.5,1,"MON1A"
0.452915764340052,0.980161918406004,0.5,0.375,1,"AQP11"
0.452915764340052,3.5432284368899,0.429,0.438,1,"ARHGEF38"
0.452955496795806,-0.326403380929329,0.786,0.938,1,"NOL12"
0.452955496795806,-0.485988352730666,0.786,0.938,1,"RIPOR1"
0.452955496795806,-0.129881082664649,0.786,0.938,1,"TNFRSF10A"
0.452955496795806,-0.901952539979729,0.929,0.812,1,"INPP1"
0.453059153257908,-0.64692711201795,0.571,0.562,1,"EME1"
0.453175187432085,0.513993680748854,0.643,0.438,1,"AGPAT1"
0.453359051468418,0.576148746844692,0.929,0.812,1,"CHML"
0.453359051468418,0.353059812055581,0.929,0.812,1,"CLOCK"
0.453359051468418,0.589277946023183,0.929,0.812,1,"IFNAR2"
0.453359051468418,0.380442655498008,0.929,0.812,1,"NEU3"
0.453359051468418,0.664191130353009,0.929,0.812,1,"USP32"
0.453359051468418,0.398465342827153,0.929,0.812,1,"UTP25"
0.453359051468418,0.515303847623191,0.929,0.812,1,"ZDHHC6"
0.453908099269939,0.684529397519165,0.929,0.938,1,"COA5"
0.453908099269939,1.61157012039261,0.929,0.938,1,"DENND5B"
0.453908099269939,-0.593041462912546,0.929,0.938,1,"EOGT"
0.453908099269939,0.163511788985985,0.929,0.938,1,"NBPF12"
0.453908099269939,-0.603685916031442,0.929,0.938,1,"NHSL2"
0.453908099269939,0.333230879025605,0.929,0.938,1,"OMA1"
0.453908099269939,0.0538728221653999,0.929,0.938,1,"PITHD1"
0.453908099269939,0.953578894004958,0.929,0.938,1,"POU5F2"
0.453908099269939,0.28073622290454,0.929,0.938,1,"ZNF44"
0.453928068645415,0.687046539332495,0.571,0.375,1,"LYPD3"
0.454400525915233,0.126347391365001,0.929,0.938,1,"TUBB3"
0.456091954022989,-1.68167801285194,0.143,0.25,1,"LEF1"
0.457304680992837,0.813675783279336,0.429,0.312,1,"FANCD2OS"
0.457358895371716,-0.283490538618421,0.571,0.75,1,"SPRY4"
0.458459659059359,0.141131660159948,0.429,0.25,1,"SPATA24"
0.459667943805875,0.0660398105205523,0.286,0.188,1,"PCED1B"
0.459667943805875,0.953362259199908,0.286,0.188,1,"RPS17"
0.46042361688093,0.351945505177591,0.714,0.562,1,"SUFU"
0.46042361688093,-0.133132699329601,0.643,0.625,1,"CCSER1"
0.46042361688093,1.50359968615362,0.643,0.625,1,"LGR4"
0.460845696862611,0.0215182842831121,0.5,0.75,1,"FAM24B"
0.460845696862611,-0.607779350432004,0.571,0.688,1,"PHF2"
0.461048375021296,0.392141642413665,0.857,0.625,1,"DCAKD"
0.461048375021296,-0.547326902826932,0.857,0.625,1,"EIF4G3"
0.463079571325449,3.43666525605608,0.357,0.312,1,"TWNK"
0.464216436673304,0.512147775782407,0.643,0.562,1,"ABLIM3"
0.464216436673304,0.717753068763048,0.643,0.562,1,"RAB15"
0.464218953474759,-0.452225998497041,0.714,0.875,1,"CCDC112"
0.464606623416879,2.95114893528143,0.857,0.75,1,"PNPLA3"
0.464606623416879,0.757153209100373,0.857,0.75,1,"RECQL4"
0.464606623416879,0.245398917325965,0.857,0.75,1,"RNF185"
0.465523289266959,-0.644467638169372,0.857,1,1,"NFYC"
0.465523289266959,-0.0552828529032546,0.857,1,1,"SNX30"
0.465523289266959,-0.337670554687698,1,0.875,1,"ATRN"
0.465523289266959,0.367378410717453,1,0.875,1,"CENPK"
0.465523289266959,-1.52662262445013,1,0.875,1,"EIF4ENIF1"
0.465523289266959,-0.514267402258292,1,0.875,1,"MRPL32"
0.465529876960385,1.57245347857674,0.857,0.875,1,"ADNP2"
0.465529876960385,0.688787362655437,0.857,0.875,1,"CASZ1"
0.465529876960385,-0.38070194976378,0.857,0.875,1,"GSR"
0.465529876960385,0.610844581192857,0.857,0.875,1,"HMGXB3"
0.465529876960385,0.483889053284685,0.857,0.875,1,"ING4"
0.465529876960385,0.793339874509956,0.857,0.875,1,"LHFPL5"
0.465529876960385,0.230773679142551,0.857,0.875,1,"RMND1"
0.465529876960385,-0.13362809824548,0.857,0.875,1,"UTP3"
0.4659090337872,-0.634472504393718,0.857,0.562,1,"PEAK3"
0.4659090337872,0.849660040025979,0.714,0.688,1,"FNIP2"
0.4659090337872,-0.0204799946887708,0.714,0.688,1,"KAT2A"
0.4659090337872,0.541209449210671,0.714,0.688,1,"TMEM201"
0.465983245047583,-0.252267662744005,0.857,0.875,1,"DTL"
0.465983245047583,0.0405703780124842,0.857,0.875,1,"MAD1L1"
0.465983245047583,-3.40497453163284,0.857,0.875,1,"PARD6G"
0.466005621200408,0.76153494857022,1,0.875,1,"DOP1B"
0.466005621200408,0.628424786385205,1,0.875,1,"SH3BP5"
0.466005621200408,-0.193358267853427,1,0.875,1,"SRF"
0.466166503951327,-0.592061683424684,0.643,0.75,1,"PEX5"
0.467882027338584,1.21246040091994,0.643,0.375,1,"WHRN"
0.467882027338584,0.552837454382441,0.571,0.438,1,"ZNF404"
0.467882027338584,1.72788734108799,0.5,0.5,1,"ZNF256"
0.467905627509603,-0.744281095988252,0.714,0.375,1,"PHC1"
0.467905627509603,0.722900818256276,0.571,0.5,1,"CASD1"
0.468219223721473,0.0131265494035537,0.214,0.375,1,"ARG2"
0.468659003831417,0.259937270867684,0.286,0.125,1,"DUSP8"
0.468659003831417,0.859678391709418,0.286,0.125,1,"TTC36"
0.469176433455099,-0.54626488221065,0.786,0.562,1,"ID2"
0.469176433455099,-0.00505917503191533,0.786,0.562,1,"SLC49A4"
0.469176433455099,0.146016057140391,0.786,0.562,1,"ZNF710"
0.469176433455099,0.976532618323927,0.643,0.688,1,"CARNMT1"
0.469429172582611,-1.04369542349792,0.857,0.688,1,"LIN9"
0.469429172582611,0.529753971215106,0.857,0.688,1,"MLH3"
0.469429172582611,-0.0991736328872364,0.786,0.75,1,"C8orf82"
0.469429172582611,1.08174083060777,0.786,0.75,1,"FKBP4"
0.469560898945092,-1.24421912252807,0.857,0.688,1,"ZNF23"
0.469560898945092,-0.357586715023346,0.714,0.812,1,"ARL4C"
0.469560898945092,-0.443007990621597,0.714,0.812,1,"ATP11C"
0.470367045579378,-0.653344312979533,0.643,0.688,1,"ZC3HC1"
0.470529179854517,-0.588868703179807,0.286,0.438,1,"RPL36A-HNRNPH2"
0.47144548812625,0.381859375579591,1,0.688,1,"RARG"
0.47144548812625,-1.54357293349776,0.929,0.75,1,"CROCC"
0.47144548812625,1.22532502546272,0.929,0.75,1,"ZNF18"
0.47144548812625,0.0451155660495988,0.857,0.812,1,"IFT88"
0.471496663089164,-0.49024282622707,0.786,0.875,1,"ARHGEF18"
0.471496663089164,-0.472367117378995,0.786,0.875,1,"DNMBP"
0.471496663089164,-1.08794931818252,0.786,0.875,1,"GFOD1"
0.471496663089164,1.85293019067419,0.786,0.875,1,"PRR5"
0.471496663089164,-0.236343039479696,0.786,0.875,1,"SPRED1"
0.471496663089164,-0.383899179820623,0.786,0.875,1,"THOC6"
0.471496663089164,-0.610289261410744,0.857,0.812,1,"SGMS1"
0.472372042392976,0.0754029908087057,1,0.812,1,"GSKIP"
0.472372042392976,0.244965869181621,1,0.812,1,"MAPDA"
0.472372042392976,0.766997295227092,1,0.812,1,"NIPSNAP1"
0.472372042392976,0.39802250362901,1,0.812,1,"TBC1D14"
0.472372042392976,-0.0292157965626845,0.857,0.938,1,"FBXL2"
0.472372042392976,0.653655062728578,0.857,0.938,1,"HFE"
0.472372042392976,0.625981928764338,0.857,0.938,1,"PHGDH"
0.472372042392976,-0.253548414621379,0.929,0.875,1,"FASN"
0.472372042392976,0.633102614469068,0.929,0.875,1,"FKTN"
0.472372042392976,0.794486015346443,0.929,0.875,1,"IGF1R"
0.472372042392976,-0.0462137646299521,0.929,0.875,1,"SIGIRR"
0.472372042392976,-0.11719080878786,0.929,0.875,1,"SYVN1"
0.472383017297681,0.277170110962655,1,0.812,1,"ATMIN"
0.472383017297681,-0.141101814994603,1,0.812,1,"LSM10"
0.472383017297681,-0.610456280308531,1,0.812,1,"RBMS1"
0.472383017297681,-0.14254891349934,0.857,0.938,1,"HAUS3"
0.472383017297681,-0.736061113778847,0.857,0.938,1,"PLEKHM3"
0.472383017297681,-0.497880388709574,0.857,0.938,1,"TPRG1L"
0.472383017297681,-0.89998776202926,0.929,0.875,1,"NKX3-1"
0.472383017297681,-0.98127179199636,0.929,0.875,1,"SPRTN"
0.472383017297681,-0.306121738316188,0.929,0.875,1,"TRIM32"
0.472383017297681,-0.723349747074766,0.929,0.875,1,"ZNF546"
0.472614618043575,-0.288147168056587,0.929,1,1,"ADISSP"
0.472614618043575,0.625988827356236,0.929,1,1,"AKAP11"
0.472614618043575,-0.23941424199445,0.929,1,1,"AKR1A1"
0.472614618043575,-0.216433259180458,0.929,1,1,"ATE1"
0.472614618043575,-0.270502051860764,0.929,1,1,"ATG101"
0.472614618043575,-0.0353704948873252,0.929,1,1,"CNPPD1"
0.472614618043575,0.610972301740618,0.929,1,1,"DPP3"
0.472614618043575,0.217198331619953,0.929,1,1,"GAMT"
0.472614618043575,0.225588970198289,0.929,1,1,"GIGYF2"
0.472614618043575,-0.563690871025666,0.929,1,1,"JADE1"
0.472614618043575,-0.26085589299676,0.929,1,1,"NTMT1"
0.472614618043575,-0.529168335125371,0.929,1,1,"PARP2"
0.472614618043575,-0.14446537431481,0.929,1,1,"POLR3GL"
0.472614618043575,1.9476694596075,0.929,1,1,"QRSL1"
0.472614618043575,0.343669984339367,0.929,1,1,"RNF13"
0.472614618043575,-0.0275696180783198,0.929,1,1,"RNF38"
0.472614618043575,-0.355242928322246,0.929,1,1,"SACM1L"
0.472614618043575,0.419027916481671,1,0.938,1,"DHFR"
0.472614618043575,-0.220073092677799,1,0.938,1,"FOXJ3"
0.472614618043575,0.0897918659245382,1,0.938,1,"GFM1"
0.472614618043575,-0.475283382276746,1,0.938,1,"GPR180"
0.472614618043575,0.237192236914878,1,0.938,1,"ISG20L2"
0.472614618043575,-1.88209119191296,1,0.938,1,"MAPKAPK2"
0.472614618043575,0.233575499607606,1,0.938,1,"MPHOSPH6"
0.472614618043575,0.915404807174477,1,0.938,1,"NDUFAF7"
0.472614618043575,-0.00699371484584166,1,0.938,1,"NPC1"
0.472614618043575,0.163437294330869,1,0.938,1,"NSD1"
0.472614618043575,-0.271395739729483,1,0.938,1,"RFC4"
0.472614618043575,-0.133708113916966,1,0.938,1,"SLC33A1"
0.472614618043575,-0.223464063888366,1,0.938,1,"STUB1"
0.472614618043575,0.228558667320558,1,0.938,1,"TERF2IP"
0.472614618043575,-0.502866176346625,1,0.938,1,"ZDHHC16"
0.472614618043575,0.186348153125221,1,1,1,"AGGF1"
0.472614618043575,-0.0686055173646993,1,1,1,"ALG9"
0.472614618043575,-0.158067679774997,1,1,1,"APEH"
0.472614618043575,-0.506312087030478,1,1,1,"ATL3"
0.472614618043575,0.2395272728037,1,1,1,"ATP5MC3"
0.472614618043575,0.270604920854554,1,1,1,"ATP5PF"
0.472614618043575,0.243387046661356,1,1,1,"ATRAID"
0.472614618043575,0.458154188177802,1,1,1,"BLOC1S5"
0.472614618043575,0.197282955766619,1,1,1,"C2orf68"
0.472614618043575,-0.196702124680098,1,1,1,"CCT7"
0.472614618043575,0.396679234001723,1,1,1,"CLN3"
0.472614618043575,-0.467024389830956,1,1,1,"COMMD9"
0.472614618043575,0.275794437395581,1,1,1,"COPS5"
0.472614618043575,-0.285935004785144,1,1,1,"CPPED1"
0.472614618043575,0.102935792270123,1,1,1,"CSNK1A1"
0.472614618043575,0.121185650123227,1,1,1,"DAPK3"
0.472614618043575,-0.210134277363,1,1,1,"DCAF10"
0.472614618043575,-0.145401871807717,1,1,1,"DDOST"
0.472614618043575,-0.435548316864698,1,1,1,"DHRS1"
0.472614618043575,-0.323701226164904,1,1,1,"DLG1"
0.472614618043575,-0.297221341222174,1,1,1,"DR1"
0.472614618043575,0.119453932484209,1,1,1,"EIF3B"
0.472614618043575,0.136288992082763,1,1,1,"EIF3K"
0.472614618043575,0.231314294562556,1,1,1,"ELOVL5"
0.472614618043575,0.43335071820681,1,1,1,"EMC2"
0.472614618043575,0.352512153299138,1,1,1,"ENOSF1"
0.472614618043575,-0.331551352860246,1,1,1,"EXOSC10"
0.472614618043575,0.408923237115126,1,1,1,"FOSL2"
0.472614618043575,0.221789480343622,1,1,1,"FXR1"
0.472614618043575,-0.214750702738652,1,1,1,"GAK"
0.472614618043575,0.122308283479783,1,1,1,"GTPBP4"
0.472614618043575,-0.186259504543598,1,1,1,"HDGFL2"
0.472614618043575,0.315199473850425,1,1,1,"HNRNPH2"
0.472614618043575,0.093707193249772,1,1,1,"HNRNPUL1"
0.472614618043575,0.270263904879584,1,1,1,"IFRD1"
0.472614618043575,-0.152369036381965,1,1,1,"KAT7"
0.472614618043575,0.00553615042991762,1,1,1,"KIF1B"
0.472614618043575,0.132963891210725,1,1,1,"KRT80"
0.472614618043575,-0.434762782592153,1,1,1,"LETM1"
0.472614618043575,-0.116694731112886,1,1,1,"LONP2"
0.472614618043575,0.979228782093428,1,1,1,"LPGAT1"
0.472614618043575,0.220110210711242,1,1,1,"MAGT1"
0.472614618043575,-0.191142703482289,1,1,1,"MALSU1"
0.472614618043575,0.449054000310193,1,1,1,"MCCC2"
0.472614618043575,0.930117680186783,1,1,1,"MCPH1"
0.472614618043575,0.416512851890193,1,1,1,"MITD1"
0.472614618043575,-0.359848366381247,1,1,1,"MRPL4"
0.472614618043575,-0.133088896283352,1,1,1,"MRPS10"
0.472614618043575,-0.252905418552993,1,1,1,"MRPS18C"
0.472614618043575,0.101824758441233,1,1,1,"MRPS6"
0.472614618043575,0.173891381262679,1,1,1,"MTHFR"
0.472614618043575,0.249086780786804,1,1,1,"NAA50"
0.472614618043575,0.165907928132512,1,1,1,"NDUFV1"
0.472614618043575,-0.337346413106574,1,1,1,"NNT"
0.472614618043575,-0.215387889035128,1,1,1,"NT5C3B"
0.472614618043575,-0.220276546494984,1,1,1,"PATL1"
0.472614618043575,0.300601629325301,1,1,1,"PCBD1"
0.472614618043575,0.202895953340947,1,1,1,"PROSER3"
0.472614618043575,-0.17408999010848,1,1,1,"PRR13"
0.472614618043575,-0.34862613647695,1,1,1,"PSMA4"
0.472614618043575,-0.233129136834529,1,1,1,"PSMD14"
0.472614618043575,0.169683062003164,1,1,1,"PYCR1"
0.472614618043575,-0.32920061896222,1,1,1,"PYCR2"
0.472614618043575,-0.512600381760767,1,1,1,"RBMX"
0.472614618043575,0.15460618335175,1,1,1,"RGS12"
0.472614618043575,0.344979931543513,1,1,1,"RIOK3"
0.472614618043575,0.100796568553784,1,1,1,"RND3"
0.472614618043575,-0.345889183293697,1,1,1,"RNPS1"
0.472614618043575,-0.318069507916308,1,1,1,"RPL10A"
0.472614618043575,-0.346676203447855,1,1,1,"RPL7A"
0.472614618043575,-0.489687967833897,1,1,1,"RPS24"
0.472614618043575,-0.219318438182947,1,1,1,"RPS27A"
0.472614618043575,-0.310235604601557,1,1,1,"RPS3"
0.472614618043575,-0.0562929317441867,1,1,1,"SFMBT1"
0.472614618043575,-0.31436786678645,1,1,1,"SHMT2"
0.472614618043575,-0.264158344513181,1,1,1,"SKIC8"
0.472614618043575,-0.335365119249092,1,1,1,"SLC2A8"
0.472614618043575,1.80151259623385,1,1,1,"SMARCA2"
0.472614618043575,-0.363115396412977,1,1,1,"SMC4"
0.472614618043575,-0.390995042112177,1,1,1,"SNX6"
0.472614618043575,0.444256499818035,1,1,1,"SRCAP"
0.472614618043575,0.531731836008386,1,1,1,"SRGAP1"
0.472614618043575,-0.232068433782489,1,1,1,"THUMPD3"
0.472614618043575,0.174939089896016,1,1,1,"TIMM50"
0.472614618043575,0.173457325897915,1,1,1,"TMEM165"
0.472614618043575,0.397467663247644,1,1,1,"TMEM181"
0.472614618043575,0.125604145661105,1,1,1,"TMOD3"
0.472614618043575,-0.363540422562377,1,1,1,"TNFRSF12A"
0.472614618043575,0.932956038801349,1,1,1,"TONSL"
0.472614618043575,0.165890105222591,1,1,1,"TRAF4"
0.472614618043575,0.144565894512094,1,1,1,"TRAM1"
0.472614618043575,0.0815870987404774,1,1,1,"TRIM56"
0.472614618043575,-0.778257795379253,1,1,1,"TRIM59"
0.472614618043575,0.0962571160007801,1,1,1,"TSKU"
0.472614618043575,-0.205359360797658,1,1,1,"TXN2"
0.472614618043575,0.21633251698768,1,1,1,"TXNL1"
0.472614618043575,-0.513600225870465,1,1,1,"WDR70"
0.472614618043575,0.372140561825093,1,1,1,"ZFAND5"
0.472614618043575,0.23652673560487,1,1,1,"ZNF7"
0.472614618043575,0.579833248849614,1,1,1,"ZNF8"
0.472614618043575,-0.243129217496594,1,1,1,"ZNRD2"
0.474388426701682,-1.35988801233519,0.786,0.688,1,"CCDC18"
0.474818112099781,-2.08078390907569,0.786,0.688,1,"MEGF8"
0.474818112099781,0.547248630625529,0.786,0.688,1,"MKS1"
0.474818112099781,0.567476216007209,0.786,0.688,1,"SIRT1"
0.475369786726863,1.30617057375768,0.571,0.625,1,"TSHZ1"
0.476698300316647,0.698925583423603,0.929,0.688,1,"MARVELD1"
0.476698300316647,0.617392201554671,0.929,0.688,1,"TRAK2"
0.476698300316647,0.461142555058665,0.786,0.812,1,"RHBDD1"
0.477152507337662,-2.54529403136323,0.571,0.625,1,"LEKR1"
0.477267977638288,-0.419114531138462,0.786,0.812,1,"CREM"
0.478138708423566,0.294327965867179,0.357,0.188,1,"ANKRD23"
0.478138708423566,0.105829530808626,0.357,0.188,1,"MATN1"
0.478186733946408,0.156357378641171,0.786,0.938,1,"UBE2D1"
0.478587648040445,0.532934990348324,0.786,0.938,1,"MTSS1"
0.478587648040445,0.145957675236889,0.929,0.812,1,"DBNDD1"
0.478587648040445,-0.421568167426078,0.929,0.812,1,"PHLDB3"
0.478587648040445,-0.0152772309460207,0.929,0.812,1,"RPS6KC1"
0.47873417264536,0.140926365758341,0.643,0.5,1,"IL27RA"
0.47873417264536,1.01496767639391,0.571,0.562,1,"TSNARE1"
0.479042583971173,-0.0494616098757543,0.5,0.312,1,"MOB3C"
0.479042583971173,1.4706210434131,0.5,0.312,1,"RGS5"
0.479223614886744,0.0497322038927073,0.929,0.938,1,"FBRS"
0.479223614886744,-0.506591735247339,0.929,0.938,1,"FKBP15"
0.479223614886744,0.640484711804579,0.929,0.938,1,"PAQR7"
0.479223614886744,0.295977024263976,0.929,0.938,1,"TIMM29"
0.479332043644501,0.0251639448603438,0.643,0.438,1,"EFNA1"
0.479705946820192,-0.453584585410273,0.929,0.938,1,"CCP110"
0.479705946820192,-0.432224763943391,0.929,0.938,1,"CDK5RAP2"
0.479705946820192,-0.478477729789175,0.929,0.938,1,"DDX19B"
0.479705946820192,-0.365263216807088,0.929,0.938,1,"SGO2"
0.479705946820192,-0.0724279150471334,0.929,0.938,1,"TAOK2"
0.480559252537474,0.00888275394181548,0.357,0.438,1,"CNNM3"
0.480559252537474,-1.90172794347528,0.357,0.438,1,"ZNF449"
0.480688874688902,-0.132571788552922,0.571,0.375,1,"GLS2"
0.480688874688902,0.409639537652246,0.571,0.375,1,"HSF2BP"
0.480872312381821,0.835785896769739,0.5,0.375,1,"THAP2"
0.483114026062304,-0.0261714749710924,0.571,0.75,1,"GADD45A"
0.483300805737482,1.57726763731349,0.357,0.5,1,"CHST10"
0.485601643622633,0.356227233584822,0.357,0.25,1,"CEMP1"
0.486532818901866,-0.098581495159578,0.643,0.625,1,"C1orf50"
0.486767115238391,-0.265331136651469,0.857,0.625,1,"D2HGDH"
0.486767115238391,1.36956667090643,0.714,0.75,1,"GNB1L"
0.48702963275844,-0.375434435043437,0.571,0.688,1,"GNG12"
0.48702963275844,-0.624758221891684,0.571,0.688,1,"TTK"
0.48702963275844,-0.99351475491235,0.571,0.688,1,"WIPF3"
0.487334110722417,2.2705550713483,0.357,0.312,1,"MFSD2A"
0.487633995179913,-1.02785623881572,0.714,0.75,1,"TCFL5"
0.489182075628852,0.623520067838587,0.429,0.312,1,"TUBA8"
0.489847721478098,-0.13418824984412,0.714,0.875,1,"COMMD8"
0.489847721478098,-0.603146098401736,0.714,0.875,1,"ZMYM1"
0.489847721478098,-0.955093012649358,0.857,0.75,1,"SPSB1"
0.489961954007516,-0.177704951603042,0.5,0.688,1,"RBM45"
0.490239888655604,0.49878748336475,0.857,0.75,1,"C1GALT1C1"
0.490239888655604,-0.484478795749942,0.857,0.75,1,"MAGIX"
0.490239888655604,0.245731713658613,0.857,0.75,1,"SLC27A4"
0.490239888655604,0.642321690255058,0.857,0.75,1,"ZNF213"
0.490421455938697,-1.6135670844362,0.143,0.188,1,"ODAD4"
0.490741364783724,0.745510371756794,0.643,0.562,1,"GMPR"
0.491087404354238,-2.23222480320358,0.857,1,1,"SLC25A30"
0.491087404354238,-0.3989439075569,0.857,1,1,"WDR74"
0.491087404354238,-0.446219735764681,1,0.875,1,"ATN1"
0.491087404354238,-0.659757520728995,1,0.875,1,"DTNBP1"
0.491087404354238,-0.59226165424507,1,0.875,1,"MAP7D1"
0.491087404354238,0.015739096614225,1,0.875,1,"WASL"
0.491087404354238,-0.321099760874863,1,0.875,1,"WDR76"
0.491192202316455,0.341755316586546,0.857,0.875,1,"ANO1"
0.491192202316455,0.865861163108704,0.857,0.875,1,"IQSEC1"
0.491192202316455,0.210994617737486,0.857,0.875,1,"KRCC1"
0.491192202316455,-0.687058814294651,0.857,0.875,1,"PGAP1"
0.491557221045481,1.24024171850483,0.857,1,1,"ATF5"
0.491557221045481,0.90937914118573,0.857,1,1,"RAD9A"
0.491557221045481,0.519371865731384,0.857,1,1,"SMARCAD1"
0.491557221045481,0.201761880130535,1,0.875,1,"COPS4"
0.491557221045481,0.0816613866239524,1,0.875,1,"DMWD"
0.491557221045481,0.257239053737026,1,0.875,1,"LIN54"
0.491557221045481,-0.0427879255476764,1,0.875,1,"PPP2R1B"
0.491557221045481,0.41324527685692,1,0.875,1,"SPACA9"
0.491651126621072,-0.295839582937333,0.857,0.875,1,"PLPP1"
0.491866705106339,-0.16788412319437,0.786,0.625,1,"FZD5"
0.491866705106339,-0.120062188875663,0.786,0.625,1,"HDAC11"
0.491866705106339,1.55600339256452,0.786,0.625,1,"RBPMS"
0.491866705106339,0.582942904655262,0.714,0.688,1,"OAZ3"
0.492163701431018,0.0798173134266804,0.571,0.812,1,"STX1A"
0.492163701431018,-1.00328760508345,0.714,0.688,1,"MTCL1"
0.494355519178835,-0.63644864778702,0.429,0.625,1,"ZBTB7C"
0.494912089878693,-0.225865252935665,0.357,0.562,1,"ZACN"
0.495275925848566,0.620376041703951,0.571,0.438,1,"HOXB2"
0.495275925848566,0.637810662073397,0.571,0.438,1,"MAPK10"
0.495275925848566,0.257375651460608,0.571,0.438,1,"ZDHHC11"
0.495299360983423,-0.015151770354306,0.857,0.688,1,"CREB3L4"
0.495452101950401,-0.433042939863141,0.714,0.812,1,"CREBL2"
0.495632183908046,-0.585366117097959,0.286,0.125,1,"GABBR1"
0.495632183908046,-0.00153381535446798,0.286,0.125,1,"VIT"
0.496482395197309,-0.0652214063581922,0.5,0.438,1,"CHAC1"
0.496485434613275,-1.19083582953802,0.429,0.562,1,"POC1B-GALNT4"
0.496727858980726,-0.618530799684396,0.643,0.688,1,"LY6G5C"
0.497270497877996,0.313821797440963,0.929,0.75,1,"HS1BP3"
0.497270497877996,0.838814105770993,0.786,0.875,1,"FARSB"
0.497270497877996,1.84519604102478,0.857,0.812,1,"CDH3"
0.497270497877996,0.619300273228445,0.857,0.812,1,"DENND4B"
0.497270497877996,0.271908263119889,0.857,0.812,1,"NT5DC1"
0.497270497877996,0.314120467599138,0.857,0.812,1,"PPM1L"
0.497270497877996,0.534599032849399,0.857,0.812,1,"SCRIB"
0.497270497877996,0.720699659874851,0.857,0.812,1,"SDR42E1"
0.497270497877996,0.587682441698704,0.857,0.812,1,"SPHK2"
0.497330392251415,-1.11872082670507,0.786,0.875,1,"ABCB8"
0.498084291187739,-2.340125032702,0.214,0.062,1,"CASKIN1"
0.498084291187739,1.35032990200768,0.214,0.125,1,"JSRP1"
0.498174923546139,0.524606346910307,0.857,0.938,1,"ACAD8"
0.498174923546139,0.29710025897036,0.929,0.875,1,"GNA13"
0.498174923546139,0.57590297855207,0.929,0.875,1,"MIEF1"
0.498174923546139,1.82594309999167,0.929,0.875,1,"TP53"
0.49818805767395,-0.177867154730604,0.786,1,1,"NEDD8-MDP1"
0.49818805767395,-0.391890178967594,0.857,0.938,1,"ATP13A1"
0.49818805767395,-0.348953100033154,0.857,0.938,1,"CC2D2A"
0.49818805767395,-0.959241356680363,0.857,0.938,1,"SLX9"
0.49818805767395,-0.231779405286137,0.929,0.875,1,"MELK"
0.49818805767395,-0.303535085456735,0.929,0.875,1,"MRPS18B"
0.49818805767395,-0.676066572583778,0.929,0.875,1,"RAD51"
0.49818805767395,-0.389081884053921,0.929,0.875,1,"SLC38A12"
0.498410320123736,-0.240942819397237,0.929,1,1,"CHCHD3"
0.498410320123736,-0.178807980569619,0.929,1,1,"DDX52"
0.498410320123736,-0.0487508523216107,0.929,1,1,"DPH6"
0.498410320123736,-0.286362688591678,0.929,1,1,"IPO7"
0.498410320123736,-0.0408398139162887,0.929,1,1,"KDM3B"
0.498410320123736,0.52691744981149,0.929,1,1,"LEMD3"
0.498410320123736,0.0927377096108515,0.929,1,1,"MRPL10"
0.498410320123736,-0.582485674354597,0.929,1,1,"NPRL3"
0.498410320123736,-0.713799934527996,0.929,1,1,"SUV39H2"
0.498410320123736,-0.225571493393333,0.929,1,1,"TRMT10B"
0.498410320123736,-0.574876131905556,0.929,1,1,"USP19"
0.498410320123736,-0.284569807752298,0.929,1,1,"ZNF511"
0.498410320123736,-1.36689955338218,1,0.938,1,"CLDN12"
0.498410320123736,0.176684675969261,1,0.938,1,"ERCC3"
0.498410320123736,0.266902063756477,1,0.938,1,"FARSA"
0.498410320123736,0.479207455209952,1,0.938,1,"GPAA1"
0.498410320123736,0.471226461402575,1,0.938,1,"KLHDC10"
0.498410320123736,0.427339513400922,1,0.938,1,"MAPK8IP3"
0.498410320123736,-0.361473058156316,1,0.938,1,"MAX"
0.498410320123736,-0.905375202697728,1,0.938,1,"MCM10"
0.498410320123736,-0.238079545841987,1,0.938,1,"MSTO1"
0.498410320123736,-0.632700444727192,1,0.938,1,"NMT2"
0.498410320123736,0.48819851934312,1,0.938,1,"PTCD2"
0.498410320123736,0.0712131371131068,1,0.938,1,"PUS1"
0.498410320123736,0.865659976315486,1,0.938,1,"SEC24B"
0.498410320123736,0.508473099745212,1,0.938,1,"SKIL"
0.498410320123736,-0.200684922840481,1,0.938,1,"SMG9"
0.498410320123736,-0.390584273983848,1,0.938,1,"TCEAL1"
0.498410320123736,0.0730083385424258,1,0.938,1,"TMEM175"
0.498410320123736,-0.420971872374517,1,0.938,1,"TOM1L2"
0.498410320123736,0.467083029382447,1,0.938,1,"VPS35L"
0.498410320123736,-0.255979601317902,1,0.938,1,"WWP1"
0.498410320123736,-0.364283293593695,1,1,1,"ABCD4"
0.498410320123736,1.5976607789968,1,1,1,"AKT2"
0.498410320123736,-0.311015209120397,1,1,1,"ALG11"
0.498410320123736,0.248095860874731,1,1,1,"AMOTL2"
0.498410320123736,-0.341141206344031,1,1,1,"AP1G2"
0.498410320123736,-0.33167637619753,1,1,1,"AP3B1"
0.498410320123736,-0.269352235599098,1,1,1,"ASB6"
0.498410320123736,-0.207719177338364,1,1,1,"BID"
0.498410320123736,0.725914709588334,1,1,1,"BTBD1"
0.498410320123736,0.170209325210775,1,1,1,"C1orf52"
0.498410320123736,-0.162155961062329,1,1,1,"CAP1"
0.498410320123736,-0.269226743421411,1,1,1,"CASP8"
0.498410320123736,-0.315199402051475,1,1,1,"CDC42SE2"
0.498410320123736,-0.236251818469722,1,1,1,"CHD2"
0.498410320123736,-0.218210904310034,1,1,1,"CIZ1"
0.498410320123736,-0.54333619989424,1,1,1,"CKS1B"
0.498410320123736,0.0860842051703194,1,1,1,"CNPY3"
0.498410320123736,0.266298369651349,1,1,1,"COX14"
0.498410320123736,0.102122470058443,1,1,1,"COX7B"
0.498410320123736,0.0922948776499863,1,1,1,"CRIM1"
0.498410320123736,-0.273233744147626,1,1,1,"CSTPP1"
0.498410320123736,-0.339574592407933,1,1,1,"CUL5"
0.498410320123736,0.247419104377231,1,1,1,"CYRIB"
0.498410320123736,0.660549279661471,1,1,1,"DIS3"
0.498410320123736,0.128938050044666,1,1,1,"DLD"
0.498410320123736,-0.282346662605427,1,1,1,"DNAJB1"
0.498410320123736,-0.246697155439449,1,1,1,"DNAJB11"
0.498410320123736,-0.583373714615544,1,1,1,"DOCK5"
0.498410320123736,0.684028368157557,1,1,1,"DPY19L3"
0.498410320123736,-0.136128221744838,1,1,1,"EIF4EBP1"
0.498410320123736,0.308482286873152,1,1,1,"ETNK1"
0.498410320123736,-1.03125010529266,1,1,1,"EYA3"
0.498410320123736,-0.261577392364687,1,1,1,"FHIP2B"
0.498410320123736,-0.558996838482651,1,1,1,"FLNA"
0.498410320123736,-0.231928812206309,1,1,1,"GADD45GIP1"
0.498410320123736,-0.40163568862939,1,1,1,"GALNT11"
0.498410320123736,0.290359181286135,1,1,1,"GNAS"
0.498410320123736,0.110665371009102,1,1,1,"GRB2"
0.498410320123736,0.350406182780484,1,1,1,"HAUS2"
0.498410320123736,0.0709839777042891,1,1,1,"HNRNPAB"
0.498410320123736,-0.479761116126758,1,1,1,"HPS1"
0.498410320123736,0.0996004474474335,1,1,1,"ICMT"
0.498410320123736,-1.49989863779698,1,1,1,"IDH3A"
0.498410320123736,0.161091929110253,1,1,1,"IDI1"
0.498410320123736,0.0828707599616392,1,1,1,"IWS1"
0.498410320123736,0.142026607797228,1,1,1,"MAP4K5"
0.498410320123736,-0.184590169193607,1,1,1,"MDH2"
0.498410320123736,-0.00626618935960321,1,1,1,"MED13L"
0.498410320123736,0.365334362646239,1,1,1,"MOB4"
0.498410320123736,-0.372197532883254,1,1,1,"MPHOSPH9"
0.498410320123736,0.0990264121606979,1,1,1,"MRPL12"
0.498410320123736,-0.512417049026888,1,1,1,"MRPL52"
0.498410320123736,-0.117978502157467,1,1,1,"MRPS33"
0.498410320123736,0.30638943275507,1,1,1,"MSL1"
0.498410320123736,0.250746790890792,1,1,1,"NANS"
0.498410320123736,-0.297119488549051,1,1,1,"NDUFC1"
0.498410320123736,0.0361055126228873,1,1,1,"NEMF"
0.498410320123736,-0.0176231902371704,1,1,1,"NFKBIA"
0.498410320123736,-0.235817303823304,1,1,1,"NIPSNAP2"
0.498410320123736,0.292895685532049,1,1,1,"NSFL1C"
0.498410320123736,-0.140714174693302,1,1,1,"NSMCE4A"
0.498410320123736,0.0900502626309585,1,1,1,"NUP54"
0.498410320123736,-0.516817481839344,1,1,1,"OPA3"
0.498410320123736,0.141984696248497,1,1,1,"ORAI2"
0.498410320123736,-0.17900865029904,1,1,1,"ORMDL2"
0.498410320123736,-0.113633575798829,1,1,1,"PAICS"
0.498410320123736,-0.16354631930634,1,1,1,"PDCD5"
0.498410320123736,-0.276092856727106,1,1,1,"PDS5A"
0.498410320123736,-0.436080461057371,1,1,1,"PML"
0.498410320123736,-0.226320035402241,1,1,1,"PRCP"
0.498410320123736,0.148518410044666,1,1,1,"PRDX1"
0.498410320123736,-0.230770824624674,1,1,1,"PRDX2"
0.498410320123736,0.105862375636588,1,1,1,"PSMF1"
0.498410320123736,0.110942619545437,1,1,1,"PSMG3"
0.498410320123736,0.591112679992453,1,1,1,"PTBP2"
0.498410320123736,-0.322883113421994,1,1,1,"PTP4A1"
0.498410320123736,0.107122850544691,1,1,1,"PXMP4"
0.498410320123736,0.245115653746629,1,1,1,"RAB11A"
0.498410320123736,0.531677167419248,1,1,1,"RHBDD3"
0.498410320123736,-0.285235655789121,1,1,1,"RPL18A"
0.498410320123736,-0.219064083331494,1,1,1,"RPL36"
0.498410320123736,-0.326411822692556,1,1,1,"RPL37A"
0.498410320123736,-0.216876765644495,1,1,1,"RPL39"
0.498410320123736,-0.323734252165629,1,1,1,"RPL41"
0.498410320123736,-0.239641425111932,1,1,1,"RPS11"
0.498410320123736,-0.272262481833533,1,1,1,"RPS28"
0.498410320123736,-0.103583229016541,1,1,1,"RSRC2"
0.498410320123736,-0.183744032484713,1,1,1,"RTF2"
0.498410320123736,0.29947995164984,1,1,1,"RUFY2"
0.498410320123736,0.13247089753124,1,1,1,"SEC61G"
0.498410320123736,-0.242350748888201,1,1,1,"SERPINB6"
0.498410320123736,-0.0496895902876755,1,1,1,"SMPD4"
0.498410320123736,-0.271031955030161,1,1,1,"SON"
0.498410320123736,0.105952660562604,1,1,1,"SPCS2"
0.498410320123736,0.446178577969297,1,1,1,"SPECC1"
0.498410320123736,0.815120920520059,1,1,1,"SYNJ2BP"
0.498410320123736,0.280070151034924,1,1,1,"SYPL1"
0.498410320123736,0.204212256064435,1,1,1,"SZT2"
0.498410320123736,0.539852484208723,1,1,1,"TAF1D"
0.498410320123736,-0.514860713797476,1,1,1,"TIGD5"
0.498410320123736,-0.282809621444683,1,1,1,"TIMM8B"
0.498410320123736,0.461585397565634,1,1,1,"TLE3"
0.498410320123736,-0.402036574967934,1,1,1,"TMEM170A"
0.498410320123736,0.427630679801699,1,1,1,"TMEM41A"
0.498410320123736,0.052800901981052,1,1,1,"TMEM50A"
0.498410320123736,-0.239864760969186,1,1,1,"TRAF7"
0.498410320123736,-0.525163596236908,1,1,1,"TRIM41"
0.498410320123736,-0.333322980618114,1,1,1,"UBE2G1"
0.498410320123736,0.420703749728221,1,1,1,"UGCG"
0.498410320123736,-0.182333489728387,1,1,1,"UQCR10"
0.498410320123736,-0.124111254166527,1,1,1,"UQCRB"
0.498410320123736,-0.341048752023852,1,1,1,"URI1"
0.498410320123736,-0.434465217841405,1,1,1,"YIPF3"
0.498410320123736,0.340162391944356,1,1,1,"ZCCHC7"
0.498410320123736,-0.0774945540866341,1,1,1,"ZNF121"
0.498410320123736,-0.0992820115623951,1,1,1,"ZNF207"
0.498410320123736,0.0760670749706707,1,1,1,"ZNF496"
0.500898611581722,0.281684542328341,0.929,0.562,1,"TFPT"
0.500898611581722,0.0107300059264293,0.786,0.688,1,"THAP11"
0.502025877326214,1.47484886955901,0.571,0.625,1,"SLC25A22"
0.502175578877228,-0.608351596382642,0.214,0.375,1,"ZNF436"
0.502743633343288,0.390291067078331,0.786,0.812,1,"APOBEC3F"
0.502743633343288,0.644828937854425,0.786,0.812,1,"KPTN"
0.504141613403825,-0.639245805690745,0.786,0.938,1,"CDK1"
0.504141613403825,-0.856182706592922,0.786,0.938,1,"CMTR2"
0.504141613403825,1.07430891932014,0.786,0.938,1,"GIN1"
0.504141613403825,0.268464985050554,0.786,0.938,1,"MTRF1L"
0.504141613403825,-0.39048909481918,0.786,0.938,1,"PFAS"
0.504141613403825,-1.05756146420769,0.929,0.812,1,"ABCA3"
0.504141613403825,-1.31269132785277,0.929,0.812,1,"SHCBP1"
0.504141613403825,-0.22457014026028,0.929,0.812,1,"TMEM218"
0.504279088525912,-0.195066756196766,0.571,0.625,1,"HMMR"
0.504536751232227,-0.678182740343804,0.929,0.812,1,"PLEKHA6"
0.504536751232227,0.0424860332330232,0.929,0.812,1,"SATB2"
0.505263419201992,0.355119616002344,0.929,0.938,1,"CHMP4B"
0.505263419201992,0.147574882351812,0.929,0.938,1,"IGFBP2"
0.505263419201992,0.369233524433326,0.929,0.938,1,"METTL14"
0.505263419201992,0.0382380811663889,0.929,0.938,1,"MRPL35"
0.505263419201992,1.10841080374339,0.929,0.938,1,"SH3BP4"
0.505263419201992,-0.0404342274762239,0.929,0.938,1,"SPTY2D1"
0.505263419201992,0.513874012343636,0.929,0.938,1,"UBA5"
0.505733235893233,-0.829553111516048,0.929,0.938,1,"BLOC1S3"
0.505733235893233,-0.477667636680621,0.929,0.938,1,"CENPQ"
0.505733235893233,-0.513772334406945,0.929,0.938,1,"IPP"
0.505733235893233,-0.207137320639237,0.929,0.938,1,"SPR"
0.508003212016282,-0.283381493897977,0.571,0.375,1,"ZNF407"
0.508003212016282,-0.279967542223885,0.571,0.375,1,"ZNF497"
0.510306828010143,0.854584350777183,0.714,0.625,1,"C20orf96"
0.510306828010143,0.44551733580768,0.714,0.625,1,"JAZF1"
0.510306828010143,-1.29483790601675,0.714,0.625,1,"LPAR6"
0.513143221990656,-1.3531326717212,0.429,0.5,1,"C10orf95"
0.513386939141368,0.159047120748549,0.714,0.562,1,"SNAPC2"
0.513386939141368,0.606279848280254,0.643,0.625,1,"KLHL23"
0.513386939141368,1.30234634360796,0.643,0.625,1,"TMEM91"
0.513947443203063,-0.494229677771893,0.643,0.625,1,"CHCHD4"
0.51419476364329,-0.496464421391998,0.714,0.75,1,"DNAJC30"
0.514476095285691,1.07547427548367,0.357,0.312,1,"H2AC17"
0.515998842683921,0.688337804165243,0.286,0.5,1,"PILRA"
0.516208631150541,0.673211905616075,0.714,0.875,1,"SLC3A1"
0.516599890629162,0.729561237398098,0.857,0.75,1,"CEP131"
0.516599890629162,0.0408269624714341,0.857,0.75,1,"GPANK1"
0.516599890629162,-0.144756686486848,0.857,0.75,1,"ZCCHC4"
0.51736871158504,-0.218656670921726,0.857,1,1,"SLC66A1"
0.517576533370742,0.531220725015615,1,0.75,1,"ACAP3"
0.517823785045902,0.107498625385552,0.857,1,1,"ARL5A"
0.517823785045902,0.0920662175601583,1,0.875,1,"ALAS1"
0.517823785045902,0.136310536083974,1,0.875,1,"DCAF4"
0.517823785045902,0.376772245764082,1,0.875,1,"EXPH5"
0.517823785045902,-0.0168509323271415,1,0.875,1,"NBPF26"
0.517823785045902,0.866799635189563,1,0.875,1,"RNMT"
0.517823785045902,0.282554179958851,1,0.875,1,"SSBP3"
0.518037520627371,0.27402941071534,0.857,0.875,1,"CRACR2B"
0.518037520627371,0.0391659384306462,0.857,0.875,1,"PCBP4"
0.518037520627371,-0.111998167965847,0.857,0.875,1,"SLC35D2"
0.518037520627371,-0.298578729569415,0.857,0.875,1,"TRAF3"
0.518037520627371,-0.493053483301404,0.857,0.875,1,"TYSND1"
0.518565457553301,-0.0396942019058362,0.786,0.625,1,"DNMT3B"
0.518565457553301,0.0708760066393541,0.786,0.625,1,"LYSET"
0.518565457553301,1.21001584149486,0.714,0.688,1,"FUT4"
0.51890777005718,-3.87278724828759,0.786,0.625,1,"ADARB1"
0.51890777005718,-0.316602153606387,0.643,0.75,1,"RELT"
0.521579210394803,-0.512058925407972,0.214,0.312,1,"CDRT4"
0.521579210394803,0.781211307291705,0.214,0.312,1,"FHIP1A"
0.521782851264426,-0.601211821968223,0.429,0.625,1,"HSF4"
0.521782851264426,-1.06176146596966,0.571,0.5,1,"CALB2"
0.521895419679221,0.35091289086784,0.786,0.75,1,"SMIM3"
0.521895419679221,0.031425616252974,0.786,0.75,1,"ZNF133"
0.522071196943668,-1.13466280416444,0.714,0.812,1,"MATCAP2"
0.522071196943668,-0.452708904468444,0.714,0.812,1,"ZW10"
0.522071196943668,-0.348990914215828,0.786,0.75,1,"CSNK2A2"
0.522071196943668,-0.495786697636996,0.786,0.75,1,"PPP3CB"
0.522260919763716,-1.31990309478939,0.786,0.562,1,"DLG4"
0.522260919763716,0.673131519645429,0.786,0.562,1,"SLC46A1"
0.522260919763716,0.112561774310309,0.786,0.562,1,"YRDC"
0.522263078986823,0.645572343924501,0.429,0.375,1,"C17orf100"
0.522605363984674,-0.131903677246062,0.286,0.125,1,"MYZAP"
0.522605363984674,1.50806519090782,0.286,0.188,1,"CARNS1"
0.522605363984674,0.966745181078193,0.286,0.188,1,"SNAI1"
0.523138430784607,0.816811520090399,0.429,0.312,1,"CORO1A"
0.523138430784607,0.591670121228179,0.429,0.312,1,"PTP4A3"
0.523804613001377,-0.582180095038824,0.929,0.75,1,"MTNAP1"
0.523804613001377,0.983129379145453,0.786,0.875,1,"CDON"
0.523804613001377,0.531771463220546,0.857,0.812,1,"MICALL1"
0.523804613001377,0.37558939562854,0.857,0.812,1,"MLYCD"
0.523804613001377,-0.204343491147902,0.857,0.812,1,"WDR89"
0.523866735362969,-0.0162154305533422,0.5,0.812,1,"LAMB3"
0.523866735362969,-0.363913227273588,0.643,0.688,1,"TEPSIN"
0.523873653128716,-0.393957530960531,0.786,0.875,1,"NUP35"
0.523873653128716,-0.545621118210512,0.786,0.875,1,"RBFA"
0.523873653128716,-0.351239939041762,0.786,0.875,1,"SCAMP5"
0.523873653128716,-0.113848552376371,0.857,0.812,1,"PEMT"
0.524683925667025,0.84317844597927,0.857,0.938,1,"CTNNBIP1"
0.524683925667025,0.412369403775389,0.857,0.938,1,"ZNF507"
0.524683925667025,-0.561891316229818,0.929,0.875,1,"GARRE1"
0.524683925667025,0.0871174289223813,0.929,0.875,1,"TTI1"
0.524698998969727,-0.364554795472563,0.857,0.938,1,"FBXO36"
0.524698998969727,-0.42306429511537,0.857,0.938,1,"KRI1"
0.524698998969727,-1.07313354896633,0.857,0.938,1,"NLK"
0.524698998969727,-0.43572843461,0.857,0.938,1,"PARG"
0.524698998969727,0.0833731415178702,0.857,0.938,1,"USP30"
0.524698998969727,-0.438608987934963,0.857,0.938,1,"ZNF32"
0.524698998969727,-0.0144015797098804,0.929,0.875,1,"PHF1"
0.524835140049514,0.92655239423783,0.429,0.562,1,"CDK14"
0.524835140049514,-0.684467488906386,0.429,0.562,1,"ZNF628"
0.524915113822518,-0.422601624298618,0.929,1,1,"ACO2"
0.524915113822518,-0.30193553707303,0.929,1,1,"CD44"
0.524915113822518,0.245291817405023,0.929,1,1,"CLUH"
0.524915113822518,0.0492197477879972,0.929,1,1,"CTDSP2"
0.524915113822518,-0.29618865927432,0.929,1,1,"ERCC2"
0.524915113822518,-0.799176256009614,0.929,1,1,"MAP2K4"
0.524915113822518,-0.331418752608744,0.929,1,1,"MCM5"
0.524915113822518,-0.302253421447008,0.929,1,1,"MRM3"
0.524915113822518,0.186512691147442,0.929,1,1,"MRPL17"
0.524915113822518,0.705058988314811,0.929,1,1,"NSUN3"
0.524915113822518,0.223367993119569,0.929,1,1,"PBDC1"
0.524915113822518,-0.624390100750927,0.929,1,1,"POLR1A"
0.524915113822518,0.585558233923924,0.929,1,1,"RANBP9"
0.524915113822518,0.371228140736434,0.929,1,1,"SNRNP48"
0.524915113822518,0.354008457333364,0.929,1,1,"SNX12"
0.524915113822518,-0.141257880263862,0.929,1,1,"TNRC18"
0.524915113822518,0.244026781022929,1,0.938,1,"ACAT2"
0.524915113822518,0.257586672453621,1,0.938,1,"ASH2L"
0.524915113822518,-1.02895407837418,1,0.938,1,"ATF2"
0.524915113822518,0.273890670606081,1,0.938,1,"CSNK1G1"
0.524915113822518,-0.269149655860205,1,0.938,1,"DBT"
0.524915113822518,-0.601837447623476,1,0.938,1,"DNAJC11"
0.524915113822518,0.414289697383569,1,0.938,1,"ELP4"
0.524915113822518,-0.400006318559909,1,0.938,1,"FZR1"
0.524915113822518,-0.308944380041891,1,0.938,1,"HUWE1"
0.524915113822518,-0.11049034736987,1,0.938,1,"KGD4"
0.524915113822518,-0.0807023649158696,1,0.938,1,"LMAN1"
0.524915113822518,0.391703527452675,1,0.938,1,"MRPS21"
0.524915113822518,0.265497009525206,1,0.938,1,"NAA30"
0.524915113822518,-0.204693951322287,1,0.938,1,"POGK"
0.524915113822518,-0.550582245409081,1,0.938,1,"RANBP17"
0.524915113822518,-0.232723911373449,1,0.938,1,"RPUSD4"
0.524915113822518,0.206272900018693,1,0.938,1,"RTCB"
0.524915113822518,-0.104938742760983,1,0.938,1,"SF3B4"
0.524915113822518,0.101937693335947,1,0.938,1,"SLC16A3"
0.524915113822518,-0.206973610982035,1,0.938,1,"SLC51A"
0.524915113822518,0.359373666467437,1,0.938,1,"TBL1X"
0.524915113822518,0.5525111702334,1,0.938,1,"TOPBP1"
0.524915113822518,0.235658963969582,1,1,1,"ACTR10"
0.524915113822518,-1.27694327721613,1,1,1,"ALG10B"
0.524915113822518,0.513849504643638,1,1,1,"ALG14"
0.524915113822518,-0.483745186982109,1,1,1,"ANKRD54"
0.524915113822518,-0.493999100662727,1,1,1,"AP5S1"
0.524915113822518,0.206671094062488,1,1,1,"APRT"
0.524915113822518,-0.276867791348019,1,1,1,"ATP5MK"
0.524915113822518,0.14650261147337,1,1,1,"ATP5PD"
0.524915113822518,0.582755447612782,1,1,1,"ATP6V0A1"
0.524915113822518,-0.81912192785704,1,1,1,"ATXN7"
0.524915113822518,-0.199780140078825,1,1,1,"B4GALT5"
0.524915113822518,0.358731177059865,1,1,1,"BAZ2B"
0.524915113822518,-0.145079550503652,1,1,1,"CAPRIN1"
0.524915113822518,-1.14429647259952,1,1,1,"CCDC85C"
0.524915113822518,-0.392810435655859,1,1,1,"CHMP4A"
0.524915113822518,-0.539493364624303,1,1,1,"CNP"
0.524915113822518,-0.0658374212988129,1,1,1,"CUTA"
0.524915113822518,-0.347803084957856,1,1,1,"CYFIP1"
0.524915113822518,0.170917496699581,1,1,1,"DIP2A"
0.524915113822518,-0.470510746804421,1,1,1,"DMAC2L"
0.524915113822518,-0.186513734419995,1,1,1,"DYNLRB1"
0.524915113822518,0.147178493897542,1,1,1,"ERP44"
0.524915113822518,-0.419462498783783,1,1,1,"F2RL1"
0.524915113822518,0.147496088206566,1,1,1,"FAAP100"
0.524915113822518,-0.516574258821119,1,1,1,"FAM91A1"
0.524915113822518,-0.168833586378063,1,1,1,"FBXW2"
0.524915113822518,0.181213100894541,1,1,1,"FEZ2"
0.524915113822518,-0.192473697722518,1,1,1,"GADD45B"
0.524915113822518,0.29255948651867,1,1,1,"GCNT2"
0.524915113822518,-0.112517877543726,1,1,1,"GOLGA2"
0.524915113822518,0.0333215243286267,1,1,1,"GPN1"
0.524915113822518,-0.611655711624281,1,1,1,"HPS5"
0.524915113822518,-0.312675030535116,1,1,1,"HSPA8"
0.524915113822518,-0.243660969585419,1,1,1,"KARS1"
0.524915113822518,-0.23741589765956,1,1,1,"KIAA1143"
0.524915113822518,-0.237122763208693,1,1,1,"KMT2E"
0.524915113822518,0.20354958950356,1,1,1,"LEPROT"
0.524915113822518,-0.376063530482584,1,1,1,"LRRC8A"
0.524915113822518,0.00281232487154259,1,1,1,"METTL8"
0.524915113822518,-0.184450291574326,1,1,1,"MIEN1"
0.524915113822518,0.204270551426599,1,1,1,"MIER1"
0.524915113822518,-0.0958495772236372,1,1,1,"MOB1A"
0.524915113822518,0.291041781965982,1,1,1,"MPHOSPH10"
0.524915113822518,-0.0125974399950612,1,1,1,"MRPL2"
0.524915113822518,0.0137054470281619,1,1,1,"MRPL27"
0.524915113822518,0.287774573695798,1,1,1,"MYEF2"
0.524915113822518,-0.252153052594522,1,1,1,"NAA10"
0.524915113822518,0.374871035249267,1,1,1,"NAA15"
0.524915113822518,-0.12949826274569,1,1,1,"NDUFA9"
0.524915113822518,0.433312394830275,1,1,1,"NDUFS7"
0.524915113822518,0.135482592979865,1,1,1,"NUCB1"
0.524915113822518,0.1910200328371,1,1,1,"PDS5B"
0.524915113822518,-0.242950613939538,1,1,1,"PI4KA"
0.524915113822518,0.358631734820325,1,1,1,"PIGG"
0.524915113822518,0.673423858225116,1,1,1,"PPDPF"
0.524915113822518,-0.0230163497857276,1,1,1,"PPIP5K2"
0.524915113822518,0.146998106867131,1,1,1,"PTPN11"
0.524915113822518,0.700578059358315,1,1,1,"PTPN2"
0.524915113822518,-0.350623980622774,1,1,1,"PTPRA"
0.524915113822518,-0.252228302845796,1,1,1,"PYROXD1"
0.524915113822518,0.273710009903746,1,1,1,"RICTOR"
0.524915113822518,0.25633779418113,1,1,1,"RNF149"
0.524915113822518,-0.457205275754891,1,1,1,"RPL29"
0.524915113822518,-0.0569807785052987,1,1,1,"RPL7L1"
0.524915113822518,-0.200649459784523,1,1,1,"SBF2"
0.524915113822518,-0.596273025253022,1,1,1,"SCRN1"
0.524915113822518,0.198378737335068,1,1,1,"SEC24C"
0.524915113822518,0.118798113001491,1,1,1,"SECISBP2"
0.524915113822518,-0.275614699585743,1,1,1,"SEPTIN7"
0.524915113822518,-0.296037220168569,1,1,1,"SHISA5"
0.524915113822518,-0.537621231170732,1,1,1,"SLC38A7"
0.524915113822518,0.100939273163568,1,1,1,"SNX3"
0.524915113822518,0.558006034793174,1,1,1,"STAG2"
0.524915113822518,-0.1190896877987,1,1,1,"STMP1"
0.524915113822518,0.260580201763577,1,1,1,"STYX"
0.524915113822518,0.356348817583209,1,1,1,"TAF8"
0.524915113822518,0.282216611615288,1,1,1,"TFDP2"
0.524915113822518,0.262157728704645,1,1,1,"TMED8"
0.524915113822518,-0.67764846720483,1,1,1,"TMEM138"
0.524915113822518,-0.0705037100268786,1,1,1,"TOMM6"
0.524915113822518,0.0601639189067935,1,1,1,"UCHL3"
0.524915113822518,-0.249834345792106,1,1,1,"WBP4"
0.524915113822518,0.175713383413091,1,1,1,"YIF1A"
0.524915113822518,0.0201887482553618,1,1,1,"ZFR"
0.524915113822518,0.546295004782257,1,1,1,"ZNF146"
0.524915113822518,-0.16651751782051,1,1,1,"ZNF397"
0.525684746206188,1.71130691636916,0.5,0.438,1,"FAM153CP"
0.525684746206188,-0.0269004081732853,0.5,0.438,1,"IKBKE"
0.525684746206188,0.991870742111681,0.5,0.438,1,"SAPCD1"
0.525684746206188,0.817313485933108,0.5,0.438,1,"ZNF324B"
0.526430118274196,0.437260790033912,0.214,0.375,1,"C7orf25"
0.526430118274196,-0.299023678123437,0.214,0.375,1,"FOXD2"
0.527710633847164,0.391793020537931,0.786,0.688,1,"C1R"
0.527710633847164,0.127222287273519,0.786,0.688,1,"MYLIP"
0.527710633847164,0.298542181714159,0.786,0.688,1,"PPAN"
0.528971070020545,-1.07598164437506,0.286,0.375,1,"HDX"
0.528971070020545,-1.29113524163771,0.286,0.375,1,"MMP19"
0.530068299183741,1.50871965853298,0.357,0.25,1,"SLC16A6"
0.53013661040137,-1.87453368092359,0.786,0.812,1,"ATXN7L3"
0.53013661040137,-0.678952485024237,0.786,0.812,1,"CPSF4"
0.530805543220822,-0.401750834964586,0.786,0.938,1,"RAD17"
0.530805543220822,-0.419609022011844,0.929,0.812,1,"LZIC"
0.531191796602559,0.299767642744597,0.786,0.938,1,"SEPSECS"
0.531191796602559,0.0634143685893522,0.929,0.812,1,"ANKRD26"
0.531191796602559,0.0471390199468349,0.929,0.812,1,"ETHE1"
0.531191796602559,0.521726687000609,0.929,0.812,1,"FBXL17"
0.531191796602559,0.0693358241083084,0.929,0.812,1,"PRKCZ"
0.531191796602559,0.149479233460753,0.929,0.812,1,"PTGES2"
0.531191796602559,0.272021423801916,0.929,0.812,1,"SNX29"
0.531191796602559,-0.261144635761482,0.929,0.812,1,"TRIM7"
0.531512021766894,-0.175569528140402,0.286,0.438,1,"ZDHHC1"
0.532006442599134,0.253448701638142,0.929,0.938,1,"ARMC1"
0.532006442599134,0.362873076805716,0.929,0.938,1,"DYNLL2"
0.532006442599134,0.67064019849772,0.929,0.938,1,"SS18L1"
0.532084174630951,0.0515592519865895,0.429,0.75,1,"SMARCAL1"
0.532461516059996,0.294530202416315,0.929,0.938,1,"BLTP1"
0.532461516059996,-0.641205052454436,0.929,0.938,1,"CDKN1B"
0.532461516059996,-0.0117414343920723,0.929,0.938,1,"ERAP1"
0.532461516059996,0.0544930930373777,0.929,0.938,1,"MAN2B1"
0.532461516059996,-0.20652617731938,0.929,0.938,1,"PCYT2"
0.532461516059996,-0.5407416796896,0.929,0.938,1,"TEX30"
0.532461516059996,-0.539330055964085,0.929,0.938,1,"TMEM120A"
0.532461516059996,-0.224175641224415,0.929,0.938,1,"ZBTB4"
0.533642652358032,-0.265956273034381,0.5,0.312,1,"FBXL19"
0.533706837671636,0.590639831919687,0.571,0.562,1,"DDX60"
0.534273241776085,1.69448931865206,0.5,0.562,1,"OSGIN1"
0.536391357125014,-0.596028829431606,0.571,0.375,1,"PIH1D2"
0.536897990633166,-0.218328844524405,0.571,0.75,1,"TIMP1"
0.537621247855604,0.506022148325919,0.714,0.625,1,"ENDOG"
0.537621247855604,0.318523831978111,0.714,0.625,1,"RALGPS1"
0.537621247855604,0.661126986826734,0.714,0.625,1,"RTN2"
0.538684507075667,-0.901203963852655,0.5,0.562,1,"TCN2"
0.540067977707053,0.50177524248633,0.5,0.375,1,"C1orf226"
0.540419642260054,-0.38761990786102,0.714,0.75,1,"ZNF490"
0.5409788672915,0.0635634030469112,0.786,0.5,1,"ZNF92"
0.5409788672915,-0.38985661925824,0.714,0.562,1,"ATP6V1C2"
0.5409788672915,-0.68513719931872,0.714,0.562,1,"CRAMP1"
0.5409788672915,0.42475258133199,0.714,0.562,1,"YPEL1"
0.5409788672915,0.233701232143263,0.643,0.625,1,"MAMLD1"
0.541040590815703,1.21831761515483,0.357,0.312,1,"INMT-MINDY4"
0.541443059000255,-0.715918237145853,0.714,0.75,1,"AGK"
0.541443059000255,-0.490368138155589,0.714,0.75,1,"ZNF823"
0.541622274518056,-0.217108550269871,0.571,0.688,1,"PLK4"
0.541622274518056,0.0644980732133025,0.643,0.625,1,"RNF169"
0.542277633113268,0.0919600844113382,0.357,0.5,1,"DZIP1L"
0.543257617837108,-0.765569346037905,0.714,0.875,1,"PTPRE"
0.543257617837108,-0.166662033181293,0.857,0.75,1,"NCKIPSD"
0.543257617837108,-0.816277158210498,0.857,0.75,1,"ZNF415"
0.543643169815162,-0.618019955964774,1,0.625,1,"PEX39"
0.543643169815162,0.50586934525172,0.714,0.875,1,"ZNF670-ZNF695"
0.543643169815162,-0.476385162804986,0.857,0.75,1,"MAGEF1"
0.543643169815162,-0.513966975577175,0.857,0.75,1,"TNS2"
0.544338219607087,-0.0721591062505,0.857,1,1,"LPCAT3"
0.544338219607087,-0.30025028648896,0.857,1,1,"LTV1"
0.544338219607087,-0.542455490569796,0.857,1,1,"THSD4"
0.544338219607087,-0.565739287522731,1,0.875,1,"MOSPD1"
0.544338219607087,-0.691231529261946,1,0.875,1,"SEC23B"
0.544649711607905,0.134600030515686,1,0.75,1,"DGKA"
0.544649711607905,0.130566741855005,1,0.75,1,"SH2D4A"
0.544649711607905,0.200355318641618,0.857,0.875,1,"LRWD1"
0.544649711607905,0.952427028164928,0.857,0.875,1,"TBC1D12"
0.544649711607905,0.270358426350877,0.857,0.875,1,"TMEM141"
0.544776445626516,0.386175140021206,0.857,1,1,"ARMC6"
0.544776445626516,0.339089967152688,1,0.875,1,"CEPT1"
0.544776445626516,0.652404150573302,1,0.875,1,"KDELR3"
0.544776445626516,0.289151574840189,1,0.875,1,"LGMN"
0.544776445626516,0.121244967159896,1,0.875,1,"MEF2D"
0.544776445626516,0.104202190964062,1,0.875,1,"PMVK"
0.544776445626516,0.506812690056491,1,0.875,1,"TMEM87B"
0.544776445626516,-0.350993785628076,1,0.875,1,"ULK2"
0.545109406081273,-0.190510537866543,0.857,0.875,1,"IMPA1"
0.545109406081273,-0.618741414207353,0.857,0.875,1,"ULK1"
0.545971417456047,0.355733125135507,0.786,0.625,1,"AMBRA1"
0.545971417456047,0.111622911114734,0.786,0.625,1,"ASB13"
0.545971417456047,0.850861767003759,0.786,0.625,1,"CEACAM19"
0.545971417456047,0.931844126774278,0.643,0.75,1,"PITPNM2"
0.545971417456047,0.0756820105381628,0.714,0.688,1,"BOLA1"
0.546047911716656,0.296034185884425,0.643,0.562,1,"KCTD2"
0.546047911716656,0.231694810674424,0.643,0.562,1,"OSCP1"
0.546351839560096,-0.82490415184358,0.643,0.75,1,"ESAM"
0.546351839560096,-0.53037398577737,0.643,0.75,1,"PEX10"
0.549181645847183,0.0109240969380879,0.857,0.688,1,"MZF1"
0.549181645847183,-1.33472300657204,0.857,0.688,1,"ST7"
0.549181645847183,0.18858078155625,0.857,0.688,1,"ZNF624"
0.549181645847183,0.975463046708588,0.714,0.812,1,"KDM7A"
0.549181645847183,-0.248743689498334,0.786,0.75,1,"EVL"
0.549181645847183,0.719402058124117,0.786,0.75,1,"NUAK2"
0.549377791324496,-0.31958124791067,0.714,0.812,1,"CABLES2"
0.549377791324496,-0.27860036923367,0.714,0.812,1,"EMP1"
0.549377791324496,-1.35131012808654,0.786,0.75,1,"RHOF"
0.549702926314621,-0.330524497359562,0.429,0.25,1,"ZNF787"
0.550207290575558,-0.0967139082313393,0.429,0.625,1,"ZNF165"
0.551028111675157,-0.242460283634289,1,0.688,1,"SETD9"
0.551028111675157,0.948539013904774,1,0.688,1,"TMCC1"
0.551028111675157,0.0966427760272,0.929,0.75,1,"CCDC157"
0.551028111675157,0.239115220729317,0.929,0.75,1,"PRIM1"
0.551028111675157,0.852546010858345,0.786,0.875,1,"ZNF263"
0.551028111675157,-0.0216952302312201,0.786,0.875,1,"ZNF595"
0.551028111675157,0.241699534035742,0.857,0.812,1,"LOC102724159"
0.551028111675157,0.52805885871546,0.857,0.812,1,"OBI1"
0.551028111675157,-0.547711567193267,0.857,0.812,1,"PDSS2"
0.551028111675157,1.11109149730555,0.857,0.812,1,"PIP5K1C"
0.551028111675157,0.0085676979704532,0.857,0.812,1,"PRR7"
0.551028111675157,0.247869337906293,0.857,0.812,1,"WDHD1"
0.551028111675157,0.373291468203644,0.857,0.812,1,"ZNHIT2"
0.551106063755188,-0.228976474812935,0.786,0.875,1,"TUSC1"
0.551106063755188,-0.886956888281244,0.857,0.812,1,"CRADD"
0.551677969065003,0.081682447367958,0.643,0.688,1,"APOBEC3A"
0.551677969065003,-0.444633980414439,0.643,0.688,1,"UNC119B"
0.551724137931034,-3.05016188972065,0,0.125,1,"EGFL8"
0.551724137931034,-1.15165952208348,0,0.125,1,"HCRTR1"
0.551724137931034,-4.99870045109197,0,0.125,1,"KRT16"
0.551724137931034,-1.57603580840363,0,0.125,1,"PMCH"
0.551724137931034,-3.38464233653742,0,0.125,1,"TREX2"
0.551724137931034,-1.21932157910228,0.071,0.125,1,"BMP6"
0.551724137931034,-1.27126823245077,0.071,0.125,1,"CRB2"
0.551724137931034,-3.25266175657005,0.071,0.125,1,"FSCN3"
0.551877731584844,0.0878949045230535,0.857,0.938,1,"PRRT3"
0.551877731584844,0.680552094399137,0.857,0.938,1,"TUBD1"
0.551877731584844,0.722140126849051,0.857,0.938,1,"UBIAD1"
0.551877731584844,-0.549701283701352,0.929,0.875,1,"INO80D"
0.551877731584844,-0.125586485390457,0.929,0.875,1,"PIK3R1"
0.551877731584844,0.0641995476446242,0.929,0.875,1,"PLCG1"
0.551877731584844,0.663260727284348,0.929,0.875,1,"PPP1R37"
0.551894977863665,-0.388789995148763,0.786,1,1,"HMG20A"
0.551894977863665,-0.0863140418650215,0.786,1,1,"MARCHF2"
0.551894977863665,-0.391592617603534,0.786,1,1,"RUFY1"
0.551894977863665,-0.526945184111372,1,0.812,1,"RBM48"
0.551894977863665,-0.0701400096520044,0.857,0.938,1,"CCDC88B"
0.551894977863665,-0.488848751570326,0.929,0.875,1,"AZI2"
0.551894977863665,-0.829356397047551,0.929,0.875,1,"DGAT2"
0.551894977863665,-0.328983703353611,0.929,0.875,1,"PET117"
0.551894977863665,-0.326824916052155,0.929,0.875,1,"SMYD5"
0.552099361396013,0.37619771064638,0.929,1,1,"ABCE1"
0.552099361396013,-0.188064040151739,0.929,1,1,"ANKMY1"
0.552099361396013,0.534833410620094,0.929,1,1,"COG8"
0.552099361396013,0.118140383536673,0.929,1,1,"CST3"
0.552099361396013,-0.159839634246917,0.929,1,1,"GIT1"
0.552099361396013,-0.442539345801969,0.929,1,1,"ILKAP"
0.552099361396013,-0.225393984490877,0.929,1,1,"MPG"
0.552099361396013,-0.26108998578631,0.929,1,1,"POLR2C"
0.552099361396013,-0.320880198372031,0.929,1,1,"PPM1F"
0.552099361396013,-0.339845965266197,0.929,1,1,"TMEM120B"
0.552099361396013,0.257660487097786,1,0.938,1,"ABCD3"
0.552099361396013,-0.227937060928289,1,0.938,1,"ANAPC1"
0.552099361396013,0.617888453585403,1,0.938,1,"C2CD2L"
0.552099361396013,0.179222184631361,1,0.938,1,"CNOT8"
0.552099361396013,-0.120437656688633,1,0.938,1,"DOCK8"
0.552099361396013,-0.340714442327797,1,0.938,1,"FAR1"
0.552099361396013,0.0959871522590521,1,0.938,1,"HSPA4L"
0.552099361396013,0.293871588943089,1,0.938,1,"M6PR"
0.552099361396013,0.0959659360039149,1,0.938,1,"PELO"
0.552099361396013,-0.865943965012366,1,0.938,1,"RAPH1"
0.552099361396013,-0.587018567218367,1,0.938,1,"RBMXL1"
0.552099361396013,-0.708827314375557,1,0.938,1,"RIPK1"
0.552099361396013,0.24369101691001,1,0.938,1,"RRM1"
0.552099361396013,-0.783436955736504,1,0.938,1,"SAC3D1"
0.552099361396013,1.06332560314079,1,0.938,1,"SH2D3A"
0.552099361396013,0.490636071342538,1,0.938,1,"SH3GLB2"
0.552099361396013,0.173138632661292,1,0.938,1,"SNX24"
0.552099361396013,0.408848800643269,1,0.938,1,"TPBG"
0.552099361396013,-0.293403746417144,1,0.938,1,"TSPAN5"
0.552099361396013,0.303710522908347,1,0.938,1,"YAF2"
0.552099361396013,0.626665470239238,1,0.938,1,"ZNF217"
0.552099361396013,0.28104585026364,1,1,1,"ABL2"
0.552099361396013,-0.270012176445983,1,1,1,"ALG1"
0.552099361396013,0.158741366152128,1,1,1,"ATF1"
0.552099361396013,0.147132858016484,1,1,1,"ATP5F1C"
0.552099361396013,0.143428311534029,1,1,1,"ATP5F1D"
0.552099361396013,0.403370502670817,1,1,1,"ATP6V1H"
0.552099361396013,-0.258177326893636,1,1,1,"BUD23"
0.552099361396013,-0.305811968049165,1,1,1,"BUD31"
0.552099361396013,-0.361123239194077,1,1,1,"CCDC50"
0.552099361396013,-0.488776626977685,1,1,1,"CDC26"
0.552099361396013,-0.204222468925429,1,1,1,"CHEK1"
0.552099361396013,-0.347831719134671,1,1,1,"CLPP"
0.552099361396013,-0.176419167453272,1,1,1,"COX16"
0.552099361396013,0.473985429538297,1,1,1,"COX6C"
0.552099361396013,-0.0472422917677005,1,1,1,"DDX5"
0.552099361396013,-0.135092316866143,1,1,1,"DDX59"
0.552099361396013,0.034497052741842,1,1,1,"DHDDS"
0.552099361396013,-0.468891220537208,1,1,1,"DOT1L"
0.552099361396013,0.195490673443015,1,1,1,"DUSP1"
0.552099361396013,-0.28228011752853,1,1,1,"EGLN2"
0.552099361396013,0.22630450243486,1,1,1,"FBXO7"
0.552099361396013,0.409047371017414,1,1,1,"GAA"
0.552099361396013,-0.137591989444817,1,1,1,"GABARAPL2"
0.552099361396013,-0.512053706119618,1,1,1,"GBA2"
0.552099361396013,-0.89342068024428,1,1,1,"GINS4"
0.552099361396013,0.424063550603035,1,1,1,"GPATCH2L"
0.552099361396013,0.291462024618252,1,1,1,"HOOK3"
0.552099361396013,0.301306443461264,1,1,1,"HSBP1L1"
0.552099361396013,0.111230244291404,1,1,1,"HSF1"
0.552099361396013,0.253458969510293,1,1,1,"HSPA4"
0.552099361396013,-0.314140431588105,1,1,1,"IFT22"
0.552099361396013,-0.0795459222661385,1,1,1,"IPO5"
0.552099361396013,-0.121450725160105,1,1,1,"JKAMP"
0.552099361396013,0.288678246166533,1,1,1,"KIAA0513"
0.552099361396013,0.691008702246233,1,1,1,"KLHL36"
0.552099361396013,-0.538862101526426,1,1,1,"KRIT1"
0.552099361396013,-0.182449428048859,1,1,1,"LAMTOR5"
0.552099361396013,-0.253329808791268,1,1,1,"LIN7C"
0.552099361396013,0.31429513038622,1,1,1,"LRRC58"
0.552099361396013,-0.324295720290276,1,1,1,"LSM4"
0.552099361396013,-0.633421572758365,1,1,1,"MACROH2A1"
0.552099361396013,-0.000819661156058693,1,1,1,"MAN1B1"
0.552099361396013,0.0498431358378557,1,1,1,"MAP3K13"
0.552099361396013,-0.277025805860585,1,1,1,"MBNL1"
0.552099361396013,-0.197131148763441,1,1,1,"MED19"
0.552099361396013,-0.262289779614655,1,1,1,"MED21"
0.552099361396013,-1.00713411111133,1,1,1,"MMS22L"
0.552099361396013,0.291314642991046,1,1,1,"MRE11"
0.552099361396013,-0.290162603639869,1,1,1,"MYLK"
0.552099361396013,0.352202935987592,1,1,1,"NCKAP1"
0.552099361396013,0.167612581338227,1,1,1,"NKIRAS2"
0.552099361396013,0.332968970332559,1,1,1,"NSMCE2"
0.552099361396013,0.129213032977448,1,1,1,"ODF2"
0.552099361396013,0.287056712259795,1,1,1,"OGFOD1"
0.552099361396013,0.267612504027307,1,1,1,"ORC2"
0.552099361396013,0.677923221669863,1,1,1,"PACSIN2"
0.552099361396013,-0.225955785777544,1,1,1,"PARVA"
0.552099361396013,0.225627968933939,1,1,1,"PAWR"
0.552099361396013,-0.451374864893165,1,1,1,"PCF11"
0.552099361396013,-0.245015708317081,1,1,1,"PHB1"
0.552099361396013,0.0459408501694423,1,1,1,"PIM3"
0.552099361396013,0.23618176182381,1,1,1,"PMM2"
0.552099361396013,0.145374157227887,1,1,1,"PPP1R12A"
0.552099361396013,0.0867746805862675,1,1,1,"PRELID3B"
0.552099361396013,-0.060336590537073,1,1,1,"PRSS23"
0.552099361396013,0.18186282299154,1,1,1,"PRXL2A"
0.552099361396013,0.162155901519581,1,1,1,"PTPN14"
0.552099361396013,-0.0318543394679383,1,1,1,"PTPRF"
0.552099361396013,0.219324023602764,1,1,1,"RAB14"
0.552099361396013,0.0446289882996522,1,1,1,"RAB4A"
0.552099361396013,-0.227523928381584,1,1,1,"RBM10"
0.552099361396013,0.0857000637717604,1,1,1,"RNASEH2B"
0.552099361396013,-0.158485076958696,1,1,1,"ROMO1"
0.552099361396013,-0.247844700212594,1,1,1,"SELENOF"
0.552099361396013,0.645523047468979,1,1,1,"SENP7"
0.552099361396013,-0.293418974288779,1,1,1,"SFPQ"
0.552099361396013,-0.041253031018595,1,1,1,"SLC4A1AP"
0.552099361396013,0.513124613517477,1,1,1,"SMC1A"
0.552099361396013,0.0417588729940883,1,1,1,"SMG1"
0.552099361396013,0.212233923395783,1,1,1,"SNRNP27"
0.552099361396013,-0.104991733228844,1,1,1,"STK38"
0.552099361396013,-0.245299337359971,1,1,1,"STT3A"
0.552099361396013,0.106155205570443,1,1,1,"TANC2"
0.552099361396013,0.125418665881576,1,1,1,"TJP2"
0.552099361396013,0.417487962839176,1,1,1,"TLCD2"
0.552099361396013,-0.302755611450577,1,1,1,"TMED1"
0.552099361396013,-0.214472009716384,1,1,1,"TMEM223"
0.552099361396013,-0.210411457603096,1,1,1,"TMEM259"
0.552099361396013,0.150240201858674,1,1,1,"TTC17"
0.552099361396013,-0.216008771583394,1,1,1,"TTC39B"
0.552099361396013,-0.841444485785082,1,1,1,"UBA6"
0.552099361396013,-0.256868759749357,1,1,1,"UBE2R2"
0.552099361396013,-0.189469562505759,1,1,1,"UCKL1"
0.552099361396013,-0.0220742230607103,1,1,1,"USP22"
0.552099361396013,-0.137953955627506,1,1,1,"ZMAT2"
0.552099361396013,-0.126870394380557,1,1,1,"ZNF544"
0.552099361396013,-0.0325221740013681,1,1,1,"ZNF592"
0.552099361396013,-0.0481970236473481,1,1,1,"ZRANB2"
0.552099361396013,-0.226778782648521,1,1,1,"ZSCAN18"
0.55255747427284,0.213268179954499,0.571,0.438,1,"TIGD6"
0.55255747427284,0.935975267743913,0.5,0.5,1,"C6orf120"
0.552900391909309,0.483983463432887,0.429,0.375,1,"JPH1"
0.554119018921912,-0.654316223376235,0.429,0.562,1,"DUS4L"
0.554119018921912,-1.20820534494235,0.5,0.5,1,"CDC25A"
0.555188068160622,-0.469600203100439,0.929,0.562,1,"PITPNM3"
0.556058166307283,0.133127528564267,0.5,0.438,1,"PEX11G"
0.556058166307283,0.612902943094795,0.5,0.438,1,"ZSCAN31"
0.556957572125531,0.118832391128973,0.929,0.688,1,"ZNF764"
0.556957572125531,0.449471662375724,0.786,0.812,1,"B9D1"
0.556957572125531,0.291727471910284,0.786,0.812,1,"DENND6B"
0.557603111069164,0.0856262242741375,0.643,0.938,1,"ZNF212"
0.557603111069164,-0.481541534171601,0.786,0.812,1,"ARMC5"
0.557603111069164,-1.00033995711848,0.786,0.812,1,"CYB5D2"
0.557603111069164,-1.36888383043573,0.786,0.812,1,"DENND2B"
0.557672274973624,0.452527809712959,0.429,0.312,1,"CTU1"
0.558143246917993,-0.84578646265301,0.929,0.812,1,"DBF4"
0.558143246917993,-0.466604754333972,0.929,0.812,1,"PHKG1"
0.558517205105738,-0.586459833024381,0.929,0.812,1,"F3"
0.558517205105738,0.216456435917898,0.929,0.812,1,"LMBR1"
0.558517205105738,-1.00005856788754,0.929,0.812,1,"MRAS"
0.559422277165511,0.339045155371079,0.929,0.938,1,"AEN"
0.559422277165511,-0.0431090211767002,0.929,0.938,1,"IER5"
0.559422277165511,0.558385114458092,0.929,0.938,1,"PON2"
0.559422277165511,0.502917319668113,0.929,0.938,1,"TSEN2"
0.559422277165511,0.359086802947574,0.929,0.938,1,"VPS45"
0.55986050318494,-0.180340967905119,0.929,0.938,1,"GUF1"
0.55986050318494,-0.166496833374385,0.929,0.938,1,"SLK"
0.55986050318494,-0.482253512236833,0.929,0.938,1,"TRAPPC8"
0.560675781820132,-0.509494214541397,0.571,0.625,1,"NMU"
0.560675781820132,-0.454749991762617,0.571,0.625,1,"ZMYND10"
0.5615992003998,1.81118073241387,0.286,0.25,1,"PPP1R42"
0.561941251596424,-1.73423068176184,0.071,0.188,1,"C6orf47"
0.561941251596424,-0.460069432501434,0.071,0.188,1,"GPR37"
0.561941251596424,-1.99700993276117,0.143,0.188,1,"CP"
0.562003442723083,-2.19421560870261,0.357,0.375,1,"MEIS1"
0.562091585786055,-0.612794954007067,0.5,0.312,1,"TLN2"
0.562302378222654,0.710432817696812,0.643,0.5,1,"RBPMS2"
0.562302378222654,-0.387482285373276,0.643,0.5,1,"TICAM2"
0.562302378222654,1.65039452549492,0.571,0.562,1,"CACNB2"
0.562992683224952,1.60076749949667,0.5,0.562,1,"DLEC1"
0.563346685790232,-1.39217277232873,0.571,0.562,1,"MMD"
0.564874879381775,0.370126949386124,0.571,0.75,1,"ZNF510"
0.564874879381775,-0.351910840397354,0.714,0.625,1,"UTS2B"
0.565659378772945,0.305898157676985,0.714,0.625,1,"ANG"
0.567662835249042,-1.61058347485851,0.143,0.25,1,"PMFBP1"
0.568233887872025,-1.26774070027426,0.5,0.562,1,"RMI2"
0.568302556668003,-0.285482650575744,0.857,0.625,1,"LIMD2"
0.568302556668003,0.143869884896997,0.857,0.625,1,"RDH10"
0.568302556668003,0.492773224131182,0.714,0.75,1,"HMGN5"
0.56928031340367,0.953780906335552,0.643,0.625,1,"ATP2C2"
0.56928031340367,0.633593931173083,0.643,0.625,1,"CLSTN3"
0.56928031340367,0.46551949027892,0.643,0.625,1,"DENND11"
0.56928031340367,-0.204233099791603,0.643,0.625,1,"ZNF473"
0.56938750439022,-0.814393802688721,0.714,0.75,1,"ADO"
0.56938750439022,-0.561017881487354,0.714,0.75,1,"DCP1B"
0.569963810664327,-0.504377945011885,0.571,0.688,1,"DSCC1"
0.570492531512022,1.12601248197539,0.357,0.312,1,"FAAH"
0.570492531512022,2.81724374700506,0.357,0.312,1,"SPATA6"
0.570741763621113,-0.0434734784375053,0.5,0.375,1,"PCOTH"
0.570741763621113,0.827496103165136,0.5,0.375,1,"TMEM63C"
0.570741763621113,-1.00345778210165,0.5,0.375,1,"ZCCHC2"
0.570986058398389,-1.39467361621462,0.714,0.875,1,"KMT2B"
0.570986058398389,-0.717877452479567,0.857,0.75,1,"CHKB"
0.57135975527888,-0.0091294306266545,0.857,0.75,1,"TMEM98"
0.571972548297575,-0.179203290226142,0.857,1,1,"HNRNPLL"
0.571972548297575,0.0157852860089198,1,0.875,1,"RNF8"
0.572390791188513,0.739706465221358,0.857,0.875,1,"CLDN4"
0.572390791188513,0.485497632763935,0.857,0.875,1,"FAM110A"
0.572390791188513,0.423853165079541,0.857,0.875,1,"HSF2"
0.572390791188513,0.83384175022391,0.857,0.875,1,"MPP3"
0.572390791188513,0.140676908234711,0.857,0.875,1,"RASA3"
0.572390791188513,0.744704089325328,0.857,0.875,1,"TPP1"
0.572391616369318,0.340595614154173,1,0.875,1,"MYCBP"
0.572391616369318,0.230015975556613,1,0.875,1,"PPP2CB"
0.572391616369318,0.0304999720321621,1,0.875,1,"PRPF18"
0.572391616369318,0.0420734603494299,1,0.875,1,"TMC6"
0.572635319767017,-0.26113463793502,0.357,0.5,1,"INTS9"
0.572846180968683,-0.291266335515272,0.857,0.875,1,"CUEDC2"
0.572846180968683,-0.216371551383885,0.857,0.875,1,"KCTD6"
0.572846180968683,-1.13470784630971,0.857,0.875,1,"MTMR6"
0.57369732746286,-0.391069739717284,0.429,0.5,1,"NFKBIE"
0.574061988613537,0.131558215652641,0.786,0.625,1,"CDC37L1"
0.574061988613537,0.815455534350773,0.786,0.625,1,"KIF16B"
0.574061988613537,-0.0916261215051173,0.786,0.625,1,"PARD6A"
0.574061988613537,0.944020898659491,0.714,0.688,1,"ATL1"
0.574440732849949,-0.752432698621671,0.357,0.438,1,"AMIGO3"
0.574440732849949,-1.02733560980881,0.357,0.438,1,"PCSK4"
0.574485306366425,0.121770002512618,0.714,0.688,1,"ANKRA2"
0.574485306366425,-0.558513604257164,0.714,0.688,1,"H4C16"
0.574798517493919,2.49582001863777,0.643,0.562,1,"VAV3"
0.577139142846877,-1.13240623895594,0.929,0.625,1,"KLHL5"
0.577139142846877,0.0856503897748242,0.857,0.688,1,"AIF1L"
0.577139142846877,0.162912462542496,0.857,0.688,1,"TRMT2A"
0.577139142846877,0.73295711346467,0.714,0.812,1,"RERG"
0.577139142846877,-0.293877324182348,0.786,0.75,1,"MTUS1"
0.577139142846877,0.301494693339186,0.786,0.75,1,"RELL1"
0.577139142846877,-0.776689498511216,0.786,0.75,1,"ZNF33B"
0.577357650724002,-0.48597006728137,0.714,0.812,1,"CENPM"
0.577357650724002,-0.484501992184769,0.786,0.75,1,"RWDD3"
0.578267343796282,4.10074021733836,0.643,0.688,1,"EHHADH"
0.578577377977678,0.491619094072502,0.357,0.25,1,"GAPDHS"
0.578577377977678,0.414235253197505,0.357,0.25,1,"SLC9A3"
0.578577377977678,0.593315083444513,0.357,0.25,1,"TMEM51"
0.578906803907987,-0.194856294170986,0.929,0.75,1,"COQ10A"
0.578906803907987,-0.206981958689036,0.929,0.75,1,"MRTFA"
0.578906803907987,-0.0497895542491693,0.929,0.75,1,"PI4K2B"
0.578906803907987,-0.654752112986459,0.857,0.812,1,"CLHC1"
0.578906803907987,-0.870794992219788,0.857,0.812,1,"INPP5A"
0.578906803907987,0.239917133773974,0.857,0.812,1,"SERTAD3"
0.578992416416491,-0.364184838283837,0.929,0.75,1,"GLRX"
0.578992416416491,-0.732877452442139,0.786,0.875,1,"MSRA"
0.578992416416491,-0.0983068731713068,0.786,0.875,1,"ZNF512"
0.579722660169743,0.600755410235779,0.786,1,1,"GRHL1"
0.579722660169743,0.208398145682676,1,0.812,1,"AP5M1"
0.579722660169743,0.00456210097537557,0.857,0.938,1,"MDP1"
0.579722660169743,0.909968595647508,0.857,0.938,1,"MIGA2"
0.579722660169743,0.466008599114511,0.857,0.938,1,"ZSCAN25"
0.579722660169743,0.0775903699535947,0.929,0.875,1,"ABHD17B"
0.579722660169743,0.0719411443665172,0.929,0.875,1,"ABHD8"
0.579722660169743,-0.089273483141612,0.929,0.875,1,"HDAC5"
0.579722660169743,0.241495444517887,0.929,0.875,1,"KBTBD4"
0.579722660169743,-0.16539843038072,0.929,0.875,1,"RBBP9"
0.579722660169743,0.496480741149668,0.929,0.875,1,"ZNF254"
0.579741790611402,-0.472556124024571,0.857,0.938,1,"VPS8"
0.579741790611402,-0.718120721824314,0.929,0.875,1,"BRCA2"
0.579790104947526,-1.84704731621103,0.214,0.312,1,"SLC16A13"
0.579938018606796,-0.353127745066119,0.929,1,1,"DDB2"
0.579938018606796,0.140793231277055,0.929,1,1,"DHX29"
0.579938018606796,0.179570130038985,0.929,1,1,"DPY19L4"
0.579938018606796,0.0638323353676871,0.929,1,1,"EZH1"
0.579938018606796,0.131274605001087,0.929,1,1,"FITM2"
0.579938018606796,-0.183219316965041,0.929,1,1,"HCFC1R1"
0.579938018606796,0.312760331989844,0.929,1,1,"MTG2"
0.579938018606796,0.389843519052002,0.929,1,1,"PPIL4"
0.579938018606796,-0.0889162925996336,0.929,1,1,"RHOT2"
0.579938018606796,-0.211473690799174,0.929,1,1,"TMEM126A"
0.579938018606796,1.2887145623236,0.929,1,1,"TNFRSF1B"
0.579938018606796,0.00374876680784553,0.929,1,1,"VPS33A"
0.579938018606796,0.139387247689295,1,0.938,1,"ACAA1"
0.579938018606796,0.589274879739011,1,0.938,1,"ADIPOR2"
0.579938018606796,-0.335630442136804,1,0.938,1,"AP3S1"
0.579938018606796,0.0105482312095431,1,0.938,1,"ARFGAP2"
0.579938018606796,0.881149871798674,1,0.938,1,"CARS1"
0.579938018606796,-0.101695983505352,1,0.938,1,"CDIN1"
0.579938018606796,0.261467865439033,1,0.938,1,"CEP15"
0.579938018606796,-0.396398781993503,1,0.938,1,"CEP63"
0.579938018606796,0.112723704612725,1,0.938,1,"DENND10"
0.579938018606796,1.02069352928241,1,0.938,1,"DIS3L"
0.579938018606796,0.154314287542296,1,0.938,1,"IFIT5"
0.579938018606796,0.29343518648097,1,0.938,1,"KLHL28"
0.579938018606796,-0.0300782657180667,1,0.938,1,"KRABD5"
0.579938018606796,0.256956300265169,1,0.938,1,"MAP3K2"
0.579938018606796,0.257197122284665,1,0.938,1,"MEGF9"
0.579938018606796,0.380611883305779,1,0.938,1,"POLH"
0.579938018606796,0.186408187672136,1,0.938,1,"PPCS"
0.579938018606796,-0.186508662360108,1,0.938,1,"RNF141"
0.579938018606796,-0.228155887859766,1,0.938,1,"RWDD2B"
0.579938018606796,-0.68123356610073,1,0.938,1,"SETX"
0.579938018606796,0.782923540847928,1,0.938,1,"SHTN1"
0.579938018606796,-0.608433255361183,1,0.938,1,"SYS1"
0.579938018606796,1.34952498525881,1,0.938,1,"ULK3"
0.579938018606796,-0.644249069894804,1,0.938,1,"ZNF525"
0.579938018606796,-0.900780967351599,1,0.938,1,"ZNF669"
0.579938018606796,-0.0564983441329119,1,0.938,1,"ZNRF1"
0.579938018606796,0.288863814256517,1,1,1,"ABHD2"
0.579938018606796,0.0911982030160194,1,1,1,"ACOX1"
0.579938018606796,0.181574206901146,1,1,1,"AHCY"
0.579938018606796,0.258321748591168,1,1,1,"ANKRD12"
0.579938018606796,0.156409153485069,1,1,1,"ATIC"
0.579938018606796,0.582154558478408,1,1,1,"BCAS4"
0.579938018606796,0.490641703920569,1,1,1,"BIRC6"
0.579938018606796,0.121729514568444,1,1,1,"C8orf33"
0.579938018606796,-0.498387844157395,1,1,1,"CCDC59"
0.579938018606796,0.087215261014757,1,1,1,"CCT6A"
0.579938018606796,0.301513827915946,1,1,1,"CEP95"
0.579938018606796,0.361144989855891,1,1,1,"CIAO3"
0.579938018606796,0.372243350644258,1,1,1,"COQ8B"
0.579938018606796,0.162607055757384,1,1,1,"CRY1"
0.579938018606796,0.108937707498435,1,1,1,"CSTF1"
0.579938018606796,-0.00863430202427029,1,1,1,"DDX18"
0.579938018606796,-0.362745761246453,1,1,1,"DHPS"
0.579938018606796,-0.128907256411292,1,1,1,"DYNC2I2"
0.579938018606796,0.343355368062095,1,1,1,"EIF4E"
0.579938018606796,0.196441097863767,1,1,1,"ERBIN"
0.579938018606796,-0.0062123698195311,1,1,1,"FAF1"
0.579938018606796,0.169647970162248,1,1,1,"FKBP3"
0.579938018606796,-0.309358563853096,1,1,1,"FKBP8"
0.579938018606796,0.399747700456446,1,1,1,"FOXK1"
0.579938018606796,0.226786151170963,1,1,1,"FTO"
0.579938018606796,-0.232469371834275,1,1,1,"G6PC3"
0.579938018606796,-0.337372992311984,1,1,1,"GPALPP1"
0.579938018606796,-0.158144647752298,1,1,1,"HDAC2"
0.579938018606796,0.0654480311536831,1,1,1,"HSPA14"
0.579938018606796,0.181889690621005,1,1,1,"IDH3G"
0.579938018606796,0.429196632641815,1,1,1,"IKBKB"
0.579938018606796,0.104723721057579,1,1,1,"IPO9"
0.579938018606796,0.190134035665937,1,1,1,"KLHDC3"
0.579938018606796,1.00986096822976,1,1,1,"KNTC1"
0.579938018606796,0.348165943480883,1,1,1,"LMAN2"
0.579938018606796,-0.308106156637438,1,1,1,"MCM8"
0.579938018606796,0.321050672083881,1,1,1,"MEF2A"
0.579938018606796,-0.413297599750803,1,1,1,"MRGBP"
0.579938018606796,0.183477556415625,1,1,1,"MTA3"
0.579938018606796,-0.151997107530671,1,1,1,"NDFIP1"
0.579938018606796,-0.425581307355992,1,1,1,"NFATC3"
0.579938018606796,-0.291813122878842,1,1,1,"NFU1"
0.579938018606796,-0.464138819350073,1,1,1,"NOL9"
0.579938018606796,0.191884780481571,1,1,1,"NPEPPS"
0.579938018606796,0.223939406791867,1,1,1,"NRP1"
0.579938018606796,-0.177637065558886,1,1,1,"NT5C3A"
0.579938018606796,-0.313884577089339,1,1,1,"NUDT4"
0.579938018606796,0.067316462963289,1,1,1,"P2RX5-TAX1BP3"
0.579938018606796,0.135295106442644,1,1,1,"PA2G4"
0.579938018606796,-0.134991134664585,1,1,1,"PIEZO1"
0.579938018606796,-0.0893871791971641,1,1,1,"PIH1D1"
0.579938018606796,0.0457170212691231,1,1,1,"PLAAT3"
0.579938018606796,0.258871696198735,1,1,1,"POP5"
0.579938018606796,0.191622886469039,1,1,1,"PPP3CA"
0.579938018606796,0.47622480140507,1,1,1,"PPP4R3A"
0.579938018606796,-0.47015588440047,1,1,1,"PRCC"
0.579938018606796,0.246213792269299,1,1,1,"PSMC2"
0.579938018606796,0.169301170693851,1,1,1,"PSME2"
0.579938018606796,-0.095197756669112,1,1,1,"PTGES3"
0.579938018606796,0.251466108928364,1,1,1,"PTK2"
0.579938018606796,0.198966816446472,1,1,1,"PWP1"
0.579938018606796,0.0970872796054372,1,1,1,"RAB22A"
0.579938018606796,0.434751541785824,1,1,1,"RDH13"
0.579938018606796,-0.119692765121948,1,1,1,"RNF14"
0.579938018606796,0.159764885258973,1,1,1,"RO60"
0.579938018606796,-0.159965409896399,1,1,1,"ROCK2"
0.579938018606796,-0.103273612775325,1,1,1,"RPN2"
0.579938018606796,0.25819895452453,1,1,1,"RSF1"
0.579938018606796,0.236685281143664,1,1,1,"SAP30BP"
0.579938018606796,-0.156929771443742,1,1,1,"SARNP"
0.579938018606796,-0.0264053041482706,1,1,1,"SCAMP2"
0.579938018606796,0.329416829993724,1,1,1,"SCLY"
0.579938018606796,0.0982859002730176,1,1,1,"SELENOH"
0.579938018606796,0.286827845474174,1,1,1,"SERTAD2"
0.579938018606796,-0.257742290735234,1,1,1,"SFI1"
0.579938018606796,0.250793070906793,1,1,1,"SLC25A5"
0.579938018606796,-0.086978640128978,1,1,1,"SLC44A1"
0.579938018606796,0.192234215142864,1,1,1,"SNRNP200"
0.579938018606796,0.0129391749554859,1,1,1,"SPIN1"
0.579938018606796,0.174063903026194,1,1,1,"SS18L2"
0.579938018606796,0.680424947895818,1,1,1,"SSH1"
0.579938018606796,0.229689853237151,1,1,1,"STK16"
0.579938018606796,0.0134626772928801,1,1,1,"SUMO2"
0.579938018606796,-0.299253624563615,1,1,1,"TADA3"
0.579938018606796,0.711148156315103,1,1,1,"TBC1D15"
0.579938018606796,-0.102674750606214,1,1,1,"THOP1"
0.579938018606796,0.181717591062607,1,1,1,"TM9SF2"
0.579938018606796,0.00399655554037537,1,1,1,"UBE2B"
0.579938018606796,-0.46843370047609,1,1,1,"UBE2W"
0.579938018606796,-0.193042917281873,1,1,1,"UBE4A"
0.579938018606796,0.363626190492552,1,1,1,"USP8"
0.579938018606796,-0.116704750331461,1,1,1,"VPS29"
0.579938018606796,-0.0785789934396446,1,1,1,"WASF2"
0.579938018606796,0.182904574418775,1,1,1,"WDR11"
0.579938018606796,0.179515505711088,1,1,1,"WDR43"
0.579938018606796,0.450140579683749,1,1,1,"ZFYVE16"
0.579938018606796,-0.164034629715648,1,1,1,"ZNF326"
0.579938018606796,-0.703439184647206,1,1,1,"ZNF665"
0.579938018606796,0.518684211426582,1,1,1,"ZNF761"
0.580201292542583,-0.400801057335392,0.643,0.688,1,"MST1R"
0.580201292542583,-0.706590906850747,0.643,0.688,1,"TMEM60"
0.582128488559299,0.14293639935917,0.571,0.5,1,"FRS3"
0.582128488559299,1.54387348717821,0.571,0.5,1,"GRAMD4"
0.582128488559299,0.440425323751597,0.571,0.5,1,"RANBP10"
0.582311389884694,0.743165334821989,0.5,0.5,1,"ABCG1"
0.582311389884694,1.01743799196076,0.5,0.5,1,"PHOSPHO2"
0.582865567560217,-0.548316295723122,0.643,0.812,1,"CDKL3"
0.582865567560217,-0.0385811258765392,0.643,0.812,1,"CLPB"
0.583342412041314,0.205281586225901,0.786,0.688,1,"PALM"
0.585561955864174,0.79320017707419,0.429,0.375,1,"SH3D21"
0.585728326067444,-0.0324683428144825,0.786,0.812,1,"WDR44"
0.586134947662048,-0.343534734455077,0.929,0.812,1,"BCL9L"
0.586134947662048,-0.602926609145206,0.929,0.812,1,"ESPL1"
0.58649318615546,-0.283507969111901,0.786,0.938,1,"LCTL"
0.58649318615546,0.424002809422976,0.929,0.812,1,"BTAF1"
0.58649318615546,-0.0789535332856723,0.929,0.812,1,"DNA2"
0.586907523190588,0.860988738070188,0.5,0.438,1,"B3GALT9"
0.586907523190588,0.194252349402279,0.5,0.438,1,"MROH6"
0.587484420844274,0.152594328582113,0.929,0.938,1,"CCDC51"
0.587484420844274,-0.00704324442179516,0.929,0.938,1,"MTR"
0.587484420844274,0.360197996439016,0.929,0.938,1,"SMNDC1"
0.587484420844274,0.231250326525827,0.929,0.938,1,"SNAP47"
0.587484420844274,0.236145827877107,0.929,0.938,1,"TCEA3"
0.587903488916017,0.179613393753188,0.929,0.938,1,"ATP2B1"
0.587903488916017,-0.0615373441632685,0.929,0.938,1,"SCAP"
0.587903488916017,-0.507279437303876,0.929,0.938,1,"TVP23B"
0.588279193736465,1.16914096732294,0.286,0.25,1,"SAMD11"
0.58987237031639,-0.622988894547851,0.571,0.625,1,"ZKSCAN4"
0.591224387806097,-0.446872248160484,0.286,0.438,1,"CCDC17"
0.591264367816092,2.49787772971368,0.214,0.188,1,"FMO4"
0.592206119162641,-0.213829435736026,0.429,0.312,1,"SPECC1L-ADORA2A"
0.59238669622877,-0.154924334526927,0.643,0.438,1,"PRRC2A"
0.593002446145349,-0.707298842154358,0.5,0.312,1,"SLC22A17"
0.59561205293466,2.35412829249059,0.429,0.5,1,"COL7A1"
0.59682486242259,0.367902773069007,0.714,0.75,1,"GPR176"
0.59682486242259,0.71801408555342,0.714,0.75,1,"SLC37A1"
0.597959142203924,-0.898808882377251,0.857,0.625,1,"SAP30"
0.598250431028036,-0.00386127642245437,0.714,0.562,1,"PIERCE1"
0.598250431028036,0.653081428627227,0.643,0.625,1,"PFKFB4"
0.598250431028036,0.413113772862905,0.643,0.625,1,"RNF19B"
0.599024698177227,-0.52203694518724,0.643,0.625,1,"ARPC4-TTLL3"
0.599024698177227,-0.180816822997139,0.643,0.625,1,"MTMR11"
0.59970104387091,0.430938258947645,0.857,0.75,1,"PPP1R21"
0.59970104387091,-0.0682532087658516,0.857,0.75,1,"TICRR"
0.59970104387091,-0.108461996765345,0.857,0.75,1,"USP21"
0.59970104387091,1.10325886965685,0.857,0.75,1,"ZBTB21"
0.600236971297633,-0.174444591195689,0.857,1,1,"COPS7A"
0.600236971297633,-0.233297332708076,0.857,1,1,"FANCA"
0.600236971297633,-0.183511997242498,0.857,1,1,"PITPNA"
0.600236971297633,-0.820413207156743,0.857,1,1,"SLC10A3"
0.600236971297633,-0.461479603706153,1,0.875,1,"PIAS1"
0.600236971297633,-0.659587538522534,1,0.875,1,"RFC5"
0.600634694692558,-0.073973156031395,1,0.875,1,"BORCS5"
0.600634694692558,-0.159227172938526,1,0.875,1,"DHX37"
0.600634694692558,1.20738594452716,1,0.875,1,"DNAJC14"
0.600634694692558,0.258815364439034,1,0.875,1,"DRAM2"
0.600634694692558,0.60045791795575,1,0.875,1,"GLUL"
0.600634694692558,-0.0659012853932195,1,0.875,1,"MAP2K1"
0.600634694692558,0.181176410174286,1,0.875,1,"MTARC1"
0.600634694692558,0.898253982585073,1,0.875,1,"PAPLN"
0.600634694692558,0.191495644712913,1,0.875,1,"SCAF4"
0.600634694692558,0.332323430242638,1,0.875,1,"SDCCAG8"
0.600634694692558,0.0425048394247507,1,0.875,1,"TOB2"
0.600634694692558,0.643513360774504,1,0.875,1,"TSPAN6"
0.600761291181035,-0.728994467925555,1,0.75,1,"QPCTL"
0.600761291181035,0.21336193522814,0.857,0.875,1,"ETFBKMT"
0.600761291181035,0.45544741414904,0.857,0.875,1,"NSDHL"
0.600761291181035,0.246865052017132,0.857,0.875,1,"ZC3H3"
0.601208085327821,0.253383275489922,0.714,1,1,"MYBBP1A"
0.601208085327821,-0.555259963222982,1,0.75,1,"SPOUT1"
0.601208085327821,-0.405196736639083,0.857,0.875,1,"BTN2A1"
0.601208085327821,-0.612030837286776,0.857,0.875,1,"SNX11"
0.601277139208174,0.72719621402374,0.286,0.188,1,"CA11"
0.601277139208174,-1.96835765076818,0.286,0.188,1,"ENO4"
0.601277139208174,2.02096623262988,0.286,0.188,1,"NPHP3-ACAD11"
0.601277139208174,0.767332805814637,0.286,0.188,1,"PTPRCAP"
0.601277139208174,0.678990968866852,0.286,0.188,1,"SLC44A3"
0.601277139208174,0.489945800372589,0.286,0.188,1,"SMPDL3B"
0.601277139208174,0.372871728476183,0.286,0.188,1,"USP50"
0.601676939308123,-0.489270539586841,0.5,0.375,1,"CGREF1"
0.601676939308123,-0.930173073994951,0.5,0.375,1,"ZNF205"
0.601676939308123,0.645121792541915,0.429,0.438,1,"PPFIA3"
0.602795320605951,0.0994633536018079,0.857,0.562,1,"ZNF408"
0.602795320605951,0.858275235300536,0.643,0.75,1,"PYCARD"
0.602795320605951,0.411701236274325,0.643,0.75,1,"XRCC1"
0.602795320605951,-0.0774209745675587,0.714,0.688,1,"ZNF446"
0.60325271832608,-0.468074903947462,0.643,0.75,1,"RNLS"
0.60325271832608,-0.462076537191173,0.643,0.75,1,"SLC36A1"
0.60325271832608,-1.08218865890574,0.643,0.75,1,"ZNF316"
0.604099340078842,-0.13483817166766,0.643,0.562,1,"TMEM143"
0.605726335318753,-0.902887148640154,0.857,0.688,1,"RAP1GAP2"
0.605726335318753,0.424727250066641,0.714,0.812,1,"CDAN1"
0.605726335318753,0.202072179713817,0.786,0.75,1,"MAIP1"
0.60596285964345,-1.28824155573015,0.857,0.688,1,"HR"
0.60596285964345,-0.806432883092486,0.714,0.812,1,"ZBTB40"
0.60596285964345,-0.509697784742536,0.786,0.75,1,"FBXO41"
0.607269354658756,0.32079485492712,0.786,0.562,1,"JMJD8"
0.607269354658756,2.67496334810984,0.643,0.688,1,"CIMIP5"
0.607269354658756,0.540897065387905,0.643,0.688,1,"DNAJC25"
0.607413967594806,0.112974262713868,0.929,0.75,1,"METTL25B"
0.607413967594806,-0.170414797138856,0.929,0.75,1,"RAB30"
0.607413967594806,-0.00984239182285185,0.857,0.812,1,"PDE4A"
0.607508698351203,0.834070813079283,0.786,0.875,1,"C1orf167"
0.607508698351203,-0.429320684147122,0.857,0.812,1,"CLP1"
0.608192126846793,0.464303120134395,1,0.812,1,"DHCR7"
0.608192126846793,-0.0301943915933967,0.857,0.938,1,"APBB1"
0.608192126846793,0.382455580439572,0.929,0.875,1,"ATPAF1"
0.608192126846793,-0.20525553642246,0.929,0.875,1,"NDUFAF1"
0.608192126846793,0.710423878422619,0.929,0.875,1,"PPAT"
0.608192126846793,1.22958499775129,0.929,0.875,1,"SKAP2"
0.608192126846793,-0.625247061390198,0.929,0.875,1,"SYT12"
0.608213237722384,1.29053528986127,0.786,1,1,"AGO4"
0.608213237722384,0.0976356604227684,1,0.812,1,"FANCL"
0.608213237722384,-0.146519222884502,0.857,0.938,1,"PER1"
0.608213237722384,-0.434793634140182,0.929,0.875,1,"CREB3L2"
0.608395836481484,-0.222414996466791,0.929,1,1,"ASNSD1"
0.608395836481484,0.150874026898814,0.929,1,1,"C19orf12"
0.608395836481484,0.748178752677217,0.929,1,1,"CCNK"
0.608395836481484,-0.202442377262914,0.929,1,1,"EIF2B1"
0.608395836481484,-0.345743082804431,0.929,1,1,"MANF"
0.608395836481484,0.532676119481724,0.929,1,1,"METTL22"
0.608395836481484,-0.410837957612259,0.929,1,1,"MRPS31"
0.608395836481484,-0.151517159105381,0.929,1,1,"NUDCD1"
0.608395836481484,-0.220909084005643,0.929,1,1,"PIGF"
0.608395836481484,-0.164957923642244,0.929,1,1,"PTRH1"
0.608395836481484,0.193014923822524,0.929,1,1,"RPUSD3"
0.608395836481484,0.0640307840963281,0.929,1,1,"TMX4"
0.608395836481484,0.213469080609331,0.929,1,1,"USP40"
0.608395836481484,-0.0834729342190732,1,0.938,1,"ACIN1"
0.608395836481484,-0.614566156139891,1,0.938,1,"ANKRD36"
0.608395836481484,0.184874268253481,1,0.938,1,"DDX56"
0.608395836481484,0.394606411517828,1,0.938,1,"DGKZ"
0.608395836481484,-0.087296168646132,1,0.938,1,"DHX33"
0.608395836481484,0.583696719791703,1,0.938,1,"FSAF1"
0.608395836481484,0.354121697678329,1,0.938,1,"FUBP3"
0.608395836481484,0.869819136384884,1,0.938,1,"GNAQ"
0.608395836481484,-0.453185662179248,1,0.938,1,"GOPC"
0.608395836481484,-0.244870740850555,1,0.938,1,"HCCS"
0.608395836481484,0.323352967845378,1,0.938,1,"HINT3"
0.608395836481484,-0.232143584717056,1,0.938,1,"MOK"
0.608395836481484,0.512446325756795,1,0.938,1,"NAGK"
0.608395836481484,-0.42189715779737,1,0.938,1,"NOM1"
0.608395836481484,0.475472594850352,1,0.938,1,"NUDT9"
0.608395836481484,-0.501320810665032,1,0.938,1,"PRKRIP1"
0.608395836481484,-0.25880779200441,1,0.938,1,"RPAP3"
0.608395836481484,0.00795627985379355,1,0.938,1,"RPP38"
0.608395836481484,-0.364431639483285,1,0.938,1,"SCO1"
0.608395836481484,-0.405948923194488,1,0.938,1,"SRPRA"
0.608395836481484,0.13618041026699,1,0.938,1,"STAT2"
0.608395836481484,-0.606243007141701,1,0.938,1,"STK38L"
0.608395836481484,-0.359162595683853,1,0.938,1,"TRAF2"
0.608395836481484,0.345416635843925,1,1,1,"ADPGK"
0.608395836481484,-0.00502440746483845,1,1,1,"AGPAT2"
0.608395836481484,0.187159238974353,1,1,1,"AHCYL1"
0.608395836481484,0.0412643173191034,1,1,1,"ALG5"
0.608395836481484,-0.107986800805635,1,1,1,"ANAPC7"
0.608395836481484,-1.10190163340596,1,1,1,"ATAD3B"
0.608395836481484,-0.612459542104158,1,1,1,"ATM"
0.608395836481484,-0.108725064967116,1,1,1,"ATP5F1E"
0.608395836481484,0.0870437346397122,1,1,1,"BCCIP"
0.608395836481484,0.408931155412317,1,1,1,"BNIP3L"
0.608395836481484,0.13551678600041,1,1,1,"BOLA2-SMG1P6"
0.608395836481484,-0.263393790739562,1,1,1,"C5orf15"
0.608395836481484,-0.405375251855686,1,1,1,"C6orf89"
0.608395836481484,0.25131079554931,1,1,1,"CAPZA1"
0.608395836481484,-0.0148800288922821,1,1,1,"CDK2AP2"
0.608395836481484,-0.10703069856023,1,1,1,"CHD6"
0.608395836481484,-0.105931396505341,1,1,1,"CHTOP"
0.608395836481484,-0.445674418140693,1,1,1,"CIRSR"
0.608395836481484,0.0226075745207668,1,1,1,"CISD3"
0.608395836481484,0.337535211209232,1,1,1,"CSDE1"
0.608395836481484,0.143875090959446,1,1,1,"DERL1"
0.608395836481484,-0.0389644447185082,1,1,1,"DUSP3"
0.608395836481484,-0.0915100900699146,1,1,1,"DYNC2I1"
0.608395836481484,-0.134227810245125,1,1,1,"EID1"
0.608395836481484,-0.0753735600389209,1,1,1,"ELOC"
0.608395836481484,0.242974561412045,1,1,1,"EMP2"
0.608395836481484,0.302101654461474,1,1,1,"EMSY"
0.608395836481484,0.00832598758932512,1,1,1,"ERI3"
0.608395836481484,0.569669815070182,1,1,1,"FADS2"
0.608395836481484,0.195202445316052,1,1,1,"FAM20B"
0.608395836481484,1.35337951277692,1,1,1,"FRA10AC1"
0.608395836481484,-0.279537094573249,1,1,1,"GNL2"
0.608395836481484,-0.568337086844617,1,1,1,"GOT1"
0.608395836481484,-0.318005025115071,1,1,1,"HACL2"
0.608395836481484,-0.523038317358718,1,1,1,"KBTBD2"
0.608395836481484,-0.39022144993544,1,1,1,"KLHDC4"
0.608395836481484,-0.428181386579529,1,1,1,"KPNB1"
0.608395836481484,0.307647878649302,1,1,1,"LRRC47"
0.608395836481484,-0.328939985504854,1,1,1,"MAP2K3"
0.608395836481484,0.313165269663265,1,1,1,"MAPK6"
0.608395836481484,-0.256046631845715,1,1,1,"MEMO1"
0.608395836481484,0.237675971933641,1,1,1,"MIF4GD"
0.608395836481484,0.187325673116664,1,1,1,"MPC2"
0.608395836481484,0.440905583285907,1,1,1,"MRPL55"
0.608395836481484,-0.138107557338407,1,1,1,"MRPS24"
0.608395836481484,0.202079702845445,1,1,1,"MTA1"
0.608395836481484,0.0419173110131315,1,1,1,"MYDGF"
0.608395836481484,-0.170715798837026,1,1,1,"MZT2B"
0.608395836481484,-0.271897662817202,1,1,1,"NBPF14"
0.608395836481484,-0.174306375852082,1,1,1,"NDUFS4"
0.608395836481484,-0.279285021635627,1,1,1,"NOSIP"
0.608395836481484,0.156958346476108,1,1,1,"NSRP1"
0.608395836481484,-0.608420026195942,1,1,1,"ORC4"
0.608395836481484,0.178129924502993,1,1,1,"PAIP1"
0.608395836481484,-0.171544002790204,1,1,1,"PAIP2"
0.608395836481484,-0.0629805440459341,1,1,1,"PCBP1"
0.608395836481484,-0.207006579112255,1,1,1,"PPIB"
0.608395836481484,0.512951378215341,1,1,1,"PPP4R2"
0.608395836481484,0.121171847740096,1,1,1,"PSMC5"
0.608395836481484,-0.477898414413722,1,1,1,"RAB5A"
0.608395836481484,0.742694140624422,1,1,1,"RAPGEF6"
0.608395836481484,-0.145269329762169,1,1,1,"RBM23"
0.608395836481484,-0.118682097798793,1,1,1,"RBM25"
0.608395836481484,0.220272113580099,1,1,1,"RBM27"
0.608395836481484,-0.246150848174866,1,1,1,"RBM33"
0.608395836481484,-0.300483767864654,1,1,1,"RCN2"
0.608395836481484,0.299533856608412,1,1,1,"RCOR3"
0.608395836481484,-0.00451796004632721,1,1,1,"REL"
0.608395836481484,-0.19229818712993,1,1,1,"RER1"
0.608395836481484,-0.207115997825879,1,1,1,"RPL27A"
0.608395836481484,-0.411502997047609,1,1,1,"RPRD1B"
0.608395836481484,-0.0446790231937122,1,1,1,"RPS12"
0.608395836481484,0.419244570944562,1,1,1,"SEC11C"
0.608395836481484,-0.221868150628178,1,1,1,"SLBP"
0.608395836481484,0.252922007314869,1,1,1,"SLC1A5"
0.608395836481484,0.241148075848188,1,1,1,"SMIM15"
0.608395836481484,0.341020069519052,1,1,1,"SPPL2B"
0.608395836481484,0.385398224063668,1,1,1,"SRP54"
0.608395836481484,0.209780730139139,1,1,1,"SSB"
0.608395836481484,0.477459856129283,1,1,1,"TACC2"
0.608395836481484,-0.30401990372131,1,1,1,"TAF10"
0.608395836481484,0.141943849646782,1,1,1,"TBC1D1"
0.608395836481484,-0.0519737121534014,1,1,1,"TMED3"
0.608395836481484,0.371256542093673,1,1,1,"TMEM185A"
0.608395836481484,-0.117697577474029,1,1,1,"TSPO"
0.608395836481484,-0.113906034315844,1,1,1,"USP39"
0.608395836481484,-0.364181424620119,1,1,1,"UTP18"
0.608395836481484,-0.00879102233623641,1,1,1,"ZBTB8OS"
0.608395836481484,0.194341316875811,1,1,1,"ZC3H15"
0.608810448576881,0.629163560181576,0.357,0.438,1,"MT1F"
0.609330298730924,-0.708601480826689,0.643,0.688,1,"PTPN21"
0.611639099610841,-0.34901073439339,0.643,0.812,1,"PAQR6"
0.611639099610841,-0.334364363869934,0.643,0.812,1,"ZNF69"
0.612100279409659,-0.22588896572601,0.786,0.688,1,"HSH2D"
0.612100279409659,0.423532954151104,0.786,0.688,1,"KLF12"
0.612100279409659,0.309418858485481,0.786,0.688,1,"PLRG1"
0.612519608788657,0.233608006007886,0.357,0.562,1,"H2AC20"
0.61252747551233,1.03205790987562,0.571,0.5,1,"RASSF2"
0.614463184644348,-0.0702558002882165,0.643,0.938,1,"TESK1"
0.61471245801248,-1.27547862950403,0.429,0.562,1,"KLHL25"
0.61473912510549,-0.242050505731266,0.786,0.938,1,"UBP1"
0.61473912510549,-0.404033030157982,0.929,0.812,1,"NOC4L"
0.615078893301887,-0.0616987123359207,0.929,0.812,1,"LTN1"
0.616033765023233,0.769619735398914,0.571,0.625,1,"NRIP1"
0.616156978270411,0.476059022716182,0.929,0.938,1,"CACNB3"
0.616156978270411,0.614412056003716,0.929,0.938,1,"MTERF3"
0.616156978270411,0.0227575534202309,0.929,0.938,1,"PIN4"
0.616156978270411,0.111191557193186,0.929,0.938,1,"RRAGC"
0.616156978270411,0.240882755743592,0.929,0.938,1,"ZNF266"
0.616554701665335,-0.617029352622779,0.929,0.938,1,"E2F4"
0.616554701665335,0.15489556330745,0.929,0.938,1,"GALNT1"
0.616554701665335,-0.633810181098397,0.929,0.938,1,"UBE4B"
0.61858288605955,0.733581821197178,0.5,0.438,1,"DEPP1"
0.61858288605955,-1.13828113033372,0.5,0.438,1,"MESP2"
0.61858288605955,0.988365257750073,0.5,0.438,1,"ZNF75D"
0.619774240846553,-0.375909721509997,0.571,0.625,1,"SCARA3"
0.619774240846553,-0.449567217638753,0.571,0.625,1,"TRAIP"
0.619774240846553,-1.05931605950689,0.571,0.625,1,"ZNF420"
0.620689655172414,0.654230683827083,0.214,0.125,1,"LRRC46"
0.621582074459847,-0.244983906206004,0.643,0.5,1,"ANKHD1-EIF4EBP3"
0.621582074459847,0.375387544994926,0.643,0.5,1,"LURAP1L"
0.621582074459847,-0.234610651272977,0.643,0.5,1,"TYW2"
0.622813216714656,1.25813025752002,0.429,0.688,1,"C2orf81"
0.623044033538786,0.602722839515982,0.357,0.25,1,"IQGAP2"
0.623044033538786,0.37684886636123,0.357,0.25,1,"PEX12"
0.623599889081947,0.168583955480103,0.714,0.625,1,"TMEM53"
0.625931478705092,-2.30049663093295,0.429,0.312,1,"STARD5"
0.625987192162433,0.0575841001563031,0.857,0.625,1,"TMEM35B"
0.625987192162433,-0.164345721576724,0.857,0.625,1,"UBXN11"
0.625987192162433,0.528926028884397,0.714,0.75,1,"FBXO4"
0.625987192162433,1.44462080955754,0.714,0.75,1,"GPM6B"
0.625987192162433,0.956308049846116,0.714,0.75,1,"SKI"
0.625987192162433,0.384310126736136,0.714,0.75,1,"SUPT3H"
0.627155689441141,-0.174715770959,0.571,0.875,1,"RPUSD2"
0.627155689441141,-0.553243910591248,0.714,0.75,1,"ARMC10"
0.627155689441141,-0.243922990683313,0.714,0.75,1,"SLC6A6"
0.627842322388857,-0.131079715994456,0.714,0.562,1,"GCH1"
0.627842322388857,-1.02027814565281,0.714,0.562,1,"MYO15B"
0.628653296330852,0.83567136826647,0.714,0.875,1,"H2BC15"
0.628653296330852,0.0874244645071305,0.857,0.75,1,"LRRC1"
0.628653296330852,0.224411189286586,0.857,0.75,1,"POT1"
0.628653296330852,0.257761386504497,0.857,0.75,1,"SAYSD1"
0.62866787452507,-0.160475954067199,0.571,0.688,1,"ZNF211"
0.62866787452507,-1.02237684042497,0.643,0.625,1,"C11orf68"
0.629102483501971,-0.199057442131181,0.857,1,1,"SART1"
0.629102483501971,-0.235065406753275,0.857,1,1,"UBR7"
0.629102483501971,-0.248805762229366,1,0.875,1,"LSM14A"
0.629102483501971,-0.462358449906483,1,0.875,1,"MINK1"
0.629102483501971,-0.300818443679925,1,0.875,1,"NBPF1"
0.629102483501971,-0.329837616532421,1,0.875,1,"RNGTT"
0.629102483501971,-0.439717356333479,1,0.875,1,"ZNF318"
0.629476978057239,-0.288709303155034,1,0.875,1,"HEATR3"
0.629476978057239,0.137395783783,1,0.875,1,"PIAS3"
0.629476978057239,-0.128925993569672,1,0.875,1,"POLR1G"
0.629476978057239,0.166278588481127,1,0.875,1,"RBM7"
0.629476978057239,0.214965153083326,1,0.875,1,"RPF2"
0.629476978057239,-0.0514393381446014,1,0.875,1,"SERINC5"
0.629476978057239,0.125766220727135,1,0.875,1,"TUBG2"
0.629476978057239,-0.0770224510351176,1,0.875,1,"USP31"
0.629476978057239,-0.171353694661299,1,0.875,1,"USP46"
0.629734434468353,0.16406320169196,1,0.75,1,"FASTKD2"
0.629734434468353,0.11000836091631,0.857,0.875,1,"BABAM2"
0.629734434468353,0.89655366806962,0.857,0.875,1,"BRAF"
0.629734434468353,-0.0994956929844122,0.857,0.875,1,"CELSR3"
0.629734434468353,0.684111076107921,0.857,0.875,1,"DUOX1"
0.629734434468353,0.13297917456012,0.857,0.875,1,"GTF3C4"
0.629734434468353,1.01286140705901,0.857,0.875,1,"LMTK2"
0.629734434468353,0.757024442079281,0.857,0.875,1,"MCC"
0.629734434468353,0.228822663441294,0.857,0.875,1,"STAT1"
0.630169483541683,-0.124011681287106,0.857,0.875,1,"AGAP3"
0.630169483541683,-0.518143553375657,0.857,0.875,1,"NACC1"
0.630169483541683,-0.951903898703217,0.857,0.875,1,"PLCD4"
0.630169483541683,-0.553993207487466,0.857,0.875,1,"RCAN3"
0.630169483541683,-0.557605690605608,0.857,0.875,1,"STAMBPL1"
0.630169483541683,-0.493118159675844,0.857,0.875,1,"WDR47"
0.630169483541683,-0.550337891080488,0.857,0.875,1,"WRN"
0.632151210256585,0.203419820373031,0.786,0.625,1,"BTRC"
0.632151210256585,-0.0188741824237018,0.786,0.625,1,"HECTD2"
0.632151210256585,1.06230500747765,0.786,0.625,1,"KAZALD1"
0.632649743239835,1.16577503266075,0.571,0.812,1,"ARHGAP33"
0.632649743239835,-0.152330842621299,0.571,0.812,1,"IFT46"
0.632745849297573,1.88660636469825,0.286,0.25,1,"VSIG10L"
0.633578649271855,1.36076351253931,0.429,0.438,1,"LCN2"
0.634917697669913,-0.274712525229905,0.929,0.625,1,"CCDC28A"
0.634917697669913,0.214676988884095,0.857,0.688,1,"MAP3K1"
0.634917697669913,0.152438598329326,0.786,0.75,1,"PLPP3"
0.634917697669913,0.433332630111322,0.786,0.75,1,"TMEM242"
0.634917697669913,0.339562664091952,0.786,0.75,1,"ZNF189"
0.634917697669913,0.117580324113276,0.786,0.75,1,"ZNF317"
0.634917697669913,0.563247558508976,0.786,0.75,1,"ZSCAN22"
0.635174934032812,0.0158911536660504,0.643,0.875,1,"BBOF1"
0.635174934032812,-0.476350845720295,0.714,0.812,1,"GPX3"
0.635174934032812,-0.414888958925746,0.786,0.75,1,"DOLK"
0.635174934032812,-2.29111031839255,0.786,0.75,1,"POU6F1"
0.635490441913546,-1.28970352938444,0.429,0.438,1,"CKLF-CMTM1"
0.636509622725617,0.0614685076973966,0.929,0.75,1,"MTRF1"
0.636509622725617,0.250836627884413,0.786,0.875,1,"CDK5"
0.636509622725617,0.509622508484894,0.786,0.875,1,"PABIR3"
0.636509622725617,0.170265657706328,0.857,0.812,1,"ALDH18A1"
0.636509622725617,0.861838059460532,0.857,0.812,1,"CCSAP"
0.636509622725617,0.227664089754353,0.857,0.812,1,"CTPS1"
0.636612068922539,-0.682995030670622,0.929,0.75,1,"DVL2"
0.636612068922539,-0.330841479141063,0.929,0.75,1,"KATNB1"
0.636612068922539,-0.0558468268090491,0.929,0.75,1,"MOGS"
0.636612068922539,-0.292490641864731,0.786,0.875,1,"ASNS"
0.636903770337054,1.24933557985315,0.357,0.312,1,"TAF4B"
0.636903770337054,0.890512934382383,0.357,0.312,1,"TMEM121"
0.636943832865129,-0.200778199535304,0.786,0.562,1,"TPRN"
0.637122787075675,0.22931778499374,0.429,0.5,1,"SENP3"
0.637247196835019,-0.0555426920962074,1,0.812,1,"ALKBH1"
0.637247196835019,0.18250579852428,1,0.812,1,"CCDC159"
0.637247196835019,-0.240848764370093,1,0.812,1,"USO1"
0.637247196835019,0.17847874765037,0.929,0.875,1,"ARSA"
0.637247196835019,-0.00803340896952864,0.929,0.875,1,"DZIP3"
0.637247196835019,-0.00482378073929368,0.929,0.875,1,"MGME1"
0.637247196835019,0.539362319158545,0.929,0.875,1,"PHF10"
0.637270095602354,-0.303441918029629,0.857,0.938,1,"MED7"
0.637270095602354,-0.106488192106678,0.857,0.938,1,"MICAL2"
0.637270095602354,-0.460966619907269,0.929,0.875,1,"HCFC2"
0.637270095602354,-0.334174438896664,0.929,0.875,1,"KAT5"
0.637270095602354,-0.338291721680611,0.929,0.875,1,"NUP205"
0.637270095602354,-0.258169186068665,0.929,0.875,1,"ZGRF1"
0.63744244836646,0.288207212491545,0.929,1,1,"ARAF"
0.63744244836646,0.582320041349883,0.929,1,1,"CENPB"
0.63744244836646,-0.0852242155628606,0.929,1,1,"DRC8"
0.63744244836646,0.085888621155926,0.929,1,1,"MESD"
0.63744244836646,-0.281763562010753,0.929,1,1,"NBDY"
0.63744244836646,0.133568536089368,0.929,1,1,"SLC25A19"
0.63744244836646,-0.339582731178984,0.929,1,1,"UQCC1"
0.63744244836646,0.595677131416122,0.929,1,1,"YTHDF3"
0.63744244836646,0.504757615821725,1,0.938,1,"ARFGEF3"
0.63744244836646,0.0732136752436716,1,0.938,1,"C19orf25"
0.63744244836646,-0.721130882674994,1,0.938,1,"CARD19"
0.63744244836646,0.514791743687745,1,0.938,1,"DCXR"
0.63744244836646,-0.264725107183303,1,0.938,1,"DUSP12"
0.63744244836646,-0.136782854903587,1,0.938,1,"EEA1"
0.63744244836646,0.131933674199201,1,0.938,1,"GTPBP10"
0.63744244836646,-0.0216488944825919,1,0.938,1,"HDDC3"
0.63744244836646,0.280760735376215,1,0.938,1,"HSPE1-MOB4"
0.63744244836646,-0.217510643741939,1,0.938,1,"ING3"
0.63744244836646,-0.195228390829206,1,0.938,1,"MRPL37"
0.63744244836646,-0.191054846769887,1,0.938,1,"PKN1"
0.63744244836646,-0.0617520692216491,1,0.938,1,"RFC2"
0.63744244836646,0.0987703405902343,1,0.938,1,"RTL8C"
0.63744244836646,-0.360323498371518,1,0.938,1,"SFXN3"
0.63744244836646,0.334285394598306,1,0.938,1,"SUCLA2"
0.63744244836646,-0.127115528693715,1,0.938,1,"TESMIN"
0.63744244836646,-0.220364827106055,1,0.938,1,"UBN1"
0.63744244836646,-1.27961794060797,1,0.938,1,"UNKL"
0.63744244836646,0.3069860732225,1,0.938,1,"USP6NL"
0.63744244836646,0.420647459472858,1,0.938,1,"ZNF483"
0.63744244836646,0.24643963248194,1,0.938,1,"ZZZ3"
0.63744244836646,-0.0112587427482689,1,1,1,"ADIPOR1"
0.63744244836646,-0.432439773689945,1,1,1,"ANAPC16"
0.63744244836646,-0.155255063208847,1,1,1,"ANKHD1"
0.63744244836646,0.0747154119126217,1,1,1,"ANKRD13A"
0.63744244836646,-0.391060693790785,1,1,1,"ANXA6"
0.63744244836646,-0.270308162608618,1,1,1,"AP2M1"
0.63744244836646,0.124637344421229,1,1,1,"APMAP"
0.63744244836646,0.275014675089765,1,1,1,"ARNT"
0.63744244836646,0.145997713712844,1,1,1,"ATP6V0E2"
0.63744244836646,0.1806746934687,1,1,1,"ATXN1"
0.63744244836646,0.207048809779863,1,1,1,"ATXN2L"
0.63744244836646,0.281043023162029,1,1,1,"BCLAF1"
0.63744244836646,-0.120205843622498,1,1,1,"C11orf98"
0.63744244836646,-0.216284785670809,1,1,1,"C1D"
0.63744244836646,0.114336834156665,1,1,1,"CD9"
0.63744244836646,0.115619806861168,1,1,1,"CDC16"
0.63744244836646,-0.111904708636173,1,1,1,"CENPX"
0.63744244836646,0.206919820029612,1,1,1,"CFLAR"
0.63744244836646,-0.371737892175745,1,1,1,"CHCHD1"
0.63744244836646,-0.100852550227749,1,1,1,"CMAS"
0.63744244836646,-0.190108224657248,1,1,1,"COA8"
0.63744244836646,-0.303674859269583,1,1,1,"CTNNB1"
0.63744244836646,0.374167116373853,1,1,1,"CTSD"
0.63744244836646,-0.4633095706157,1,1,1,"CYB5B"
0.63744244836646,0.0694274174790337,1,1,1,"DDX23"
0.63744244836646,0.518779610102006,1,1,1,"DESI1"
0.63744244836646,-0.100409333370679,1,1,1,"DHX36"
0.63744244836646,0.159915520829471,1,1,1,"DNASE1"
0.63744244836646,0.196795473009185,1,1,1,"DYNC1I2"
0.63744244836646,-0.319563159911798,1,1,1,"DYNLL1"
0.63744244836646,0.13702924734566,1,1,1,"EAPP"
0.63744244836646,-0.13835479831969,1,1,1,"EEF1E1"
0.63744244836646,-0.117659687435799,1,1,1,"EIF2B5"
0.63744244836646,-0.0578269252363661,1,1,1,"EIF3C"
0.63744244836646,-0.300658669073723,1,1,1,"ELAVL1"
0.63744244836646,0.547053840885363,1,1,1,"EPN1"
0.63744244836646,0.266513869814434,1,1,1,"ERLIN2"
0.63744244836646,-0.0577202285362088,1,1,1,"ETV3"
0.63744244836646,0.457576412558923,1,1,1,"FARP1"
0.63744244836646,0.0468606474468594,1,1,1,"FERRY3"
0.63744244836646,-0.197496573878005,1,1,1,"GET1"
0.63744244836646,0.412622226970733,1,1,1,"GGCT"
0.63744244836646,0.237779636548299,1,1,1,"GNS"
0.63744244836646,0.0836656755699705,1,1,1,"GOLM2"
0.63744244836646,0.0770892011088833,1,1,1,"HNRNPK"
0.63744244836646,0.105714870275337,1,1,1,"HSD17B10"
0.63744244836646,1.0703598009967,1,1,1,"IRAK4"
0.63744244836646,0.149759915289583,1,1,1,"MAP3K11"
0.63744244836646,-0.240298477394632,1,1,1,"MAP4K4"
0.63744244836646,0.122411403588511,1,1,1,"MAVS"
0.63744244836646,-0.0170084082982775,1,1,1,"MED4"
0.63744244836646,0.013467183375476,1,1,1,"MED6"
0.63744244836646,0.125540348796709,1,1,1,"MLPH"
0.63744244836646,-0.0556482956889237,1,1,1,"MOB1B"
0.63744244836646,0.21666643433672,1,1,1,"MRPL13"
0.63744244836646,0.21317350457558,1,1,1,"MRPS12"
0.63744244836646,-0.299950545496891,1,1,1,"MRTO4"
0.63744244836646,-0.348577816683373,1,1,1,"MTCL2"
0.63744244836646,-0.218289237544411,1,1,1,"NACA"
0.63744244836646,-0.441228258819315,1,1,1,"NAE1"
0.63744244836646,0.507369521778228,1,1,1,"NDUFA3"
0.63744244836646,0.140610456496463,1,1,1,"NDUFAB1"
0.63744244836646,-0.136965176298794,1,1,1,"NDUFS5"
0.63744244836646,-0.205572223490285,1,1,1,"NDUFS6"
0.63744244836646,0.108899508127087,1,1,1,"NOTCH2"
0.63744244836646,-0.293278646365168,1,1,1,"NUP88"
0.63744244836646,-0.10698787347839,1,1,1,"OGFR"
0.63744244836646,-0.201474828345417,1,1,1,"PAF1"
0.63744244836646,0.305686223463117,1,1,1,"PDZD11"
0.63744244836646,1.10130456119459,1,1,1,"PDZD8"
0.63744244836646,-0.0237955174770879,1,1,1,"PHLPP2"
0.63744244836646,-0.0401633763257534,1,1,1,"PIK3C3"
0.63744244836646,0.0915624106305959,1,1,1,"POLR2A"
0.63744244836646,0.0108555157502419,1,1,1,"PPFIBP1"
0.63744244836646,0.354673934155825,1,1,1,"PPP1CB"
0.63744244836646,0.169696854942956,1,1,1,"PSMD4"
0.63744244836646,0.178199574893315,1,1,1,"PTPMT1"
0.63744244836646,0.351263079960139,1,1,1,"RAD51C"
0.63744244836646,0.13521157725966,1,1,1,"RMDN3"
0.63744244836646,-0.394852688660227,1,1,1,"RNF4"
0.63744244836646,0.213248358563705,1,1,1,"RNF41"
0.63744244836646,-0.301521487634124,1,1,1,"RPL26"
0.63744244836646,-0.154396217688801,1,1,1,"RPL31"
0.63744244836646,-0.298415285975587,1,1,1,"RPS25"
0.63744244836646,0.399434070911555,1,1,1,"SCYL3"
0.63744244836646,0.195170739145722,1,1,1,"SEC61A1"
0.63744244836646,0.0999948590278681,1,1,1,"SH3GL1"
0.63744244836646,0.183685077187431,1,1,1,"SLC27A5"
0.63744244836646,-0.370497313558712,1,1,1,"SLF2"
0.63744244836646,0.107247791858817,1,1,1,"SMARCC1"
0.63744244836646,0.0144735715693196,1,1,1,"SPTLC2"
0.63744244836646,-0.505913624842396,1,1,1,"SS18"
0.63744244836646,-0.151025256170758,1,1,1,"TAOK1"
0.63744244836646,-0.162517798210822,1,1,1,"TGOLN2"
0.63744244836646,0.507437339087641,1,1,1,"TINAGL1"
0.63744244836646,-0.091693932164346,1,1,1,"TMEM106B"
0.63744244836646,-1.56121371993903,1,1,1,"TMEM135"
0.63744244836646,-0.401216820081157,1,1,1,"TPGS2"
0.63744244836646,-0.0112602921117979,1,1,1,"TRAPPC13"
0.63744244836646,-0.152758075324764,1,1,1,"TRIR"
0.63744244836646,-0.0731447327292045,1,1,1,"TRMT10C"
0.63744244836646,0.115820961697842,1,1,1,"TXNDC15"
0.63744244836646,0.0346767816211937,1,1,1,"UBE2J2"
0.63744244836646,-0.221678446146793,1,1,1,"UBXN2A"
0.63744244836646,-0.0939222705871705,1,1,1,"UBXN7"
0.63744244836646,0.284068138082832,1,1,1,"WNK1"
0.63744244836646,-0.0895123626767385,1,1,1,"ZFAND1"
0.63744244836646,0.0868297600642904,1,1,1,"ZFP36L2"
0.63744244836646,-0.304413708845185,1,1,1,"ZNF611"
0.63800099950025,-0.0521951816701907,0.214,0.312,1,"ACTRT3"
0.638636237436837,-0.485133639573968,0.429,0.25,1,"CDIP1"
0.641033580217115,-0.617506869930912,0.786,0.688,1,"UBE2C"
0.641466373796246,0.488727513326775,0.786,0.688,1,"ADCK5"
0.641466373796246,0.371258353006268,0.786,0.688,1,"IFI44"
0.641466373796246,0.227309759413373,0.786,0.688,1,"MEX3C"
0.641466373796246,0.601608900276497,0.786,0.688,1,"POFUT3"
0.642043422733078,0.489461588137971,0.143,0.25,1,"ASIC3"
0.642043422733078,-1.64770640317697,0.214,0.25,1,"DDTL"
0.643123776948816,-0.412735750841541,0.786,0.812,1,"COBLL1"
0.643123776948816,-0.118877531625007,0.786,0.812,1,"IL17RE"
0.643298165158907,0.18110737078168,0.571,0.5,1,"BBS9"
0.643298165158907,0.253511063192996,0.571,0.5,1,"ZNF275"
0.643313898606252,-1.7010066143455,0.357,0.438,1,"QRICH2"
0.643789106478752,-1.37262459309217,0.643,0.938,1,"ZNF780B"
0.643930858788012,-0.805377513180776,0.786,0.938,1,"ANGPT2"
0.643930858788012,-0.596633636090328,0.786,0.938,1,"PRAF2"
0.643930858788012,-0.185035310128044,0.786,0.938,1,"SHPK"
0.643930858788012,-0.0893121389259397,0.929,0.812,1,"SLC37A4"
0.643958969947432,-0.270137220787053,0.571,0.438,1,"SLC45A4"
0.644248539644867,0.502701516417856,0.786,0.938,1,"GPLD1"
0.644248539644867,0.363922895677017,0.786,0.938,1,"MAFG"
0.644248539644867,0.38872696256067,0.786,0.938,1,"THAP9"
0.644248539644867,0.206131427726897,0.929,0.812,1,"UTP14A"
0.645407918675681,0.0599784479192609,0.929,0.938,1,"BET1L"
0.645407918675681,0.130700847171767,0.929,0.938,1,"CLMN"
0.645407918675681,0.370068878367878,0.929,0.938,1,"JUNB"
0.645407918675681,0.367529842436239,0.929,0.938,1,"MRPS30"
0.645407918675681,0.293426189425464,0.929,0.938,1,"MRPS9"
0.645407918675681,0.361112838267307,0.929,0.938,1,"PGM3"
0.645407918675681,-0.568669044685043,0.929,0.938,1,"SPEF2"
0.645721116050162,-1.42300371691278,0.429,0.375,1,"NUDT18"
0.645782413230949,-0.231230110999844,0.929,0.938,1,"FAM98A"
0.645782413230949,-0.394217712454198,0.929,0.938,1,"KRABD1"
0.645782413230949,-0.303278728784224,0.929,0.938,1,"MAP3K7"
0.645782413230949,-0.162872550997235,0.929,0.938,1,"TMEM11"
0.645805683329646,-0.431544910809983,0.429,0.562,1,"JAG2"
0.645805683329646,-0.433903930313275,0.429,0.562,1,"P2RX5"
0.645805683329646,-1.10691707456574,0.5,0.5,1,"MISFA"
0.645805683329646,-0.901016805656666,0.5,0.5,1,"SMAP2"
0.646228671010212,-2.43723788598906,0.714,0.5,1,"TBXAS1"
0.652181662866538,-0.419092159922461,0.643,0.5,1,"APC2"
0.652181662866538,-0.555826113281446,0.643,0.5,1,"EXO1"
0.652181662866538,-0.44679758487626,0.643,0.5,1,"SLC25A15"
0.652181662866538,-0.190364588276947,0.643,0.5,1,"SPEG"
0.652181662866538,0.818914109049066,0.5,0.625,1,"PPP1R18"
0.653437959382881,0.0878064066662207,0.714,0.625,1,"AUH"
0.653564239552051,-0.309593957558446,0.5,0.625,1,"ZSCAN32"
0.655719831862535,-0.212954989308672,0.857,0.625,1,"ARIH2OS"
0.655719831862535,1.16478402348945,0.714,0.75,1,"FUT2"
0.656018657337998,-0.143703211573853,0.286,0.375,1,"CDPF1"
0.656905602926091,-1.09358793736637,0.857,0.625,1,"PARP3"
0.657471264367816,1.14034074715399,0.143,0.062,1,"C1QTNF3-AMACR"
0.657471264367816,1.72100207461417,0.143,0.062,1,"CBLN3"
0.657471264367816,1.60916059056249,0.143,0.062,1,"CILP2"
0.657471264367816,0.825325669729173,0.143,0.062,1,"PPT2-EGFL8"
0.657471264367816,1.21987593329693,0.143,0.062,1,"URGCP-MRPS24"
0.657854423321535,-0.253386851283595,0.714,0.875,1,"PSD3"
0.657854423321535,-0.644395760205813,0.857,0.75,1,"NPRL2"
0.658056592618723,-0.787457466907713,0.714,0.562,1,"FBXO16"
0.658056592618723,0.572268198964462,0.643,0.625,1,"NAA80"
0.658056592618723,0.868343738122434,0.643,0.625,1,"ZBTB2"
0.658159877749464,-0.117577567594879,0.857,0.75,1,"CCDC93"
0.658159877749464,0.225450769424906,0.857,0.75,1,"DGAT1"
0.658159877749464,-0.2552344649468,0.857,0.75,1,"DPH5"
0.658159877749464,0.514478666480926,0.857,0.75,1,"WWC2"
0.658270506989367,-0.294929221811258,0.571,0.375,1,"DENND2D"
0.658529297442782,-0.198796216274961,1,0.875,1,"DBNL"
0.658529297442782,-0.576787204509157,1,0.875,1,"FBXO5"
0.658529297442782,-0.496641379094696,1,0.875,1,"FMNL1"
0.658529297442782,-0.556102395061763,1,0.875,1,"MYO9B"
0.658529297442782,-0.100307168464751,1,0.875,1,"ZNF500"
0.658878431441314,0.39974955309965,0.857,1,1,"CAMSAP2"
0.658878431441314,0.34539285373315,0.857,1,1,"HSD17B7"
0.658878431441314,1.26220752570755,0.857,1,1,"ZFP90"
0.658878431441314,0.117065901282267,1,0.875,1,"AK6"
0.658878431441314,0.448767345015088,1,0.875,1,"ZNF329"
0.658944624694876,0.0711053869010567,0.5,0.75,1,"TMED7-TICAM2"
0.658944624694876,-1.04769959571889,0.643,0.625,1,"TRMT13"
0.659265867582205,-0.813995850611405,1,0.75,1,"GULP1"
0.659265867582205,0.0271846923527388,1,0.75,1,"TTC27"
0.659265867582205,0.172688377111878,0.857,0.875,1,"DNAJB4"
0.659265867582205,-0.102998498353072,0.857,0.875,1,"MTLN"
0.65968582959982,-0.445730459321447,1,0.75,1,"THYN1"
0.65968582959982,-0.464398632312514,0.857,0.875,1,"ANKRD49"
0.65968582959982,-0.593535431455567,0.857,0.875,1,"R3HCC1L"
0.659887833860847,-0.368155213915555,0.429,0.312,1,"CAMSAP3"
0.659887833860847,0.16214539264988,0.429,0.312,1,"PCDHGB2"
0.65992337164751,1.48176199001794,0.214,0.188,1,"CIMIP2A"
0.66046335621319,-3.32916699343351,0.5,0.562,1,"RBKS"
0.66046335621319,-0.446358792936934,0.5,0.562,1,"TIGD2"
0.662071606095817,1.31709391667006,0.571,0.812,1,"CAMKMT"
0.662071606095817,0.278724921427212,0.786,0.625,1,"ABCB10"
0.662071606095817,0.284067866184995,0.786,0.625,1,"PRMT3"
0.662071606095817,0.444484031414689,0.643,0.75,1,"MTURN"
0.662071606095817,1.11818478101799,0.643,0.75,1,"SERPINF1"
0.662071606095817,0.0294631804166983,0.714,0.688,1,"ABHD16A"
0.662071606095817,1.04513589935879,0.714,0.688,1,"TRIM45"
0.662071606095817,-0.804103419643374,0.714,0.688,1,"ZNF341"
0.6626029812751,-0.381873227807294,0.643,0.75,1,"NCAPH"
0.6626029812751,-0.303627492148618,0.643,0.75,1,"NDC1"
0.6626029812751,-1.29256600913364,0.643,0.75,1,"RNF123"
0.664214559386973,0.586881543946114,0.286,0.188,1,"INO80B"
0.664544824251101,0.325192555045451,0.643,0.562,1,"FBP1"
0.664544824251101,-0.405940265977006,0.643,0.562,1,"JAK2"
0.664544824251101,-0.317256123604209,0.643,0.562,1,"LIG4"
0.664665850769146,0.361734997310434,0.929,0.625,1,"GLCCI1"
0.664665850769146,-0.25632277841872,0.929,0.625,1,"PABIR1"
0.664941612441114,-0.302727239414275,0.857,0.688,1,"FUNDC1"
0.664941612441114,-0.372319993538976,0.857,0.688,1,"PTDSS2"
0.664941612441114,-0.678941946798875,0.714,0.812,1,"CAPN15"
0.664941612441114,-0.106485079176788,0.714,0.812,1,"KLHL11"
0.664941612441114,0.184446035050589,0.714,0.812,1,"MICAL1"
0.664941612441114,-0.2400264127187,0.786,0.75,1,"CROT"
0.665778222000111,-1.20843011891071,0.5,0.375,1,"EML5"
0.666164104050486,-0.242354827168893,0.929,0.75,1,"CEP170B"
0.666164104050486,0.577110116305432,0.786,0.875,1,"ACSBG1"
0.666164104050486,0.34155469315297,0.857,0.812,1,"STRN"
0.666164104050486,0.185371967497962,0.857,0.812,1,"ZBED4"
0.666273454260142,-0.790884502878858,0.929,0.75,1,"STN1"
0.666273454260142,-0.449271428668253,0.786,0.875,1,"CARD10"
0.666273454260142,-0.333668926318349,0.857,0.812,1,"ZUP1"
0.666855756848098,-0.00209074038720924,1,0.812,1,"DONSON"
0.666855756848098,0.345335600956995,1,0.812,1,"EEIG1"
0.666855756848098,-0.311022298796769,1,0.812,1,"TVP23C"
0.666855756848098,0.910176504664109,0.857,0.938,1,"KLHL35"
0.666855756848098,-0.857000972631975,0.857,0.938,1,"TCF7"
0.666855756848098,0.0925807489566144,0.929,0.875,1,"CDK13"
0.666855756848098,0.204310299130254,0.929,0.875,1,"FRMD4A"
0.666855756848098,-0.477789158983027,0.929,0.875,1,"MLKL"
0.666855756848098,-0.122400651826374,0.929,0.875,1,"PPRC1"
0.666855756848098,-0.179425990755385,0.929,0.875,1,"TOLLIP"
0.666855756848098,-0.718990227458816,0.929,0.875,1,"USP49"
0.666880471013204,0.0675403371488956,0.786,1,1,"DRG2"
0.666880471013204,-0.109404077591269,1,0.812,1,"BAK1"
0.666880471013204,-0.236874494926246,0.857,0.938,1,"MSRB1"
0.666880471013204,0.294191814142192,0.857,0.938,1,"SMYD2"
0.666880471013204,-0.374912716519638,0.929,0.875,1,"AAGAB"
0.666880471013204,-0.495615126802218,0.929,0.875,1,"STAM"
0.666880471013204,-0.536185118541761,0.929,0.875,1,"ZMYND19"
0.667037296625165,0.169464976078324,0.929,1,1,"CUL2"
0.667037296625165,-0.0415913407942172,0.929,1,1,"DKC1"
0.667037296625165,-0.114146373186506,0.929,1,1,"GRAMD1A"
0.667037296625165,0.492899015653236,0.929,1,1,"MED27"
0.667037296625165,-0.39693584451287,0.929,1,1,"MORN2"
0.667037296625165,-0.153557657620306,0.929,1,1,"PHF5A"
0.667037296625165,0.00899640802804225,0.929,1,1,"PIGBOS1"
0.667037296625165,0.117114614034899,0.929,1,1,"TAB2"
0.667037296625165,0.355860259684912,0.929,1,1,"UNC50"
0.667037296625165,-0.374034821391954,0.929,1,1,"USF2"
0.667037296625165,0.977206566750322,0.929,1,1,"USP54"
0.667037296625165,-0.135530849381719,0.929,1,1,"XTBD1"
0.667037296625165,0.144927976251039,0.929,1,1,"YDJC"
0.667037296625165,1.09344844089445,1,0.938,1,"ACACB"
0.667037296625165,-0.322532338831406,1,0.938,1,"ARHGEF39"
0.667037296625165,-0.521385552199671,1,0.938,1,"CCDC14"
0.667037296625165,-0.143548821772677,1,0.938,1,"CDK2"
0.667037296625165,-0.142496642856129,1,0.938,1,"CMTM6"
0.667037296625165,-0.178418290101185,1,0.938,1,"CWF19L1"
0.667037296625165,0.256320707777491,1,0.938,1,"ERN1"
0.667037296625165,0.161485231495969,1,0.938,1,"FBXO25"
0.667037296625165,-0.125669720851318,1,0.938,1,"FLYWCH2"
0.667037296625165,0.364249087335106,1,0.938,1,"GALC"
0.667037296625165,0.151366585286214,1,0.938,1,"HADHB"
0.667037296625165,-0.101902393198168,1,0.938,1,"HYOU1"
0.667037296625165,-0.0782597956892266,1,0.938,1,"MTFMT"
0.667037296625165,0.155969014728365,1,0.938,1,"NPIPA1"
0.667037296625165,-0.257770203745378,1,0.938,1,"NR2C2"
0.667037296625165,-0.0172776313775529,1,0.938,1,"NTHL1"
0.667037296625165,-0.156367488377672,1,0.938,1,"PAGR1"
0.667037296625165,0.311483747931645,1,0.938,1,"PRP4K"
0.667037296625165,-0.457610478799012,1,0.938,1,"PTRHD1"
0.667037296625165,-1.89039756287876,1,0.938,1,"RNF215"
0.667037296625165,0.0274936308832228,1,0.938,1,"SELENOT"
0.667037296625165,-0.0770356559595697,1,0.938,1,"SFT2D1"
0.667037296625165,0.0926718584862858,1,0.938,1,"STT3B"
0.667037296625165,-1.4358917281847,1,0.938,1,"TEP1"
0.667037296625165,0.12525018850498,1,0.938,1,"TOMM70"
0.667037296625165,0.545117846241795,1,0.938,1,"ZNF548"
0.667037296625165,-0.445930647098946,1,1,1,"ACAT1"
0.667037296625165,-0.99192959281598,1,1,1,"AP4S1"
0.667037296625165,0.353795149543473,1,1,1,"ARHGEF9"
0.667037296625165,-0.131832878039101,1,1,1,"ARID1A"
0.667037296625165,-0.142842666455423,1,1,1,"ARIH2"
0.667037296625165,0.176506346453515,1,1,1,"ASB3"
0.667037296625165,-0.19082229955785,1,1,1,"BRI3BP"
0.667037296625165,-0.138942396123898,1,1,1,"BRK1"
0.667037296625165,-0.126187036744468,1,1,1,"CDC37"
0.667037296625165,0.116166134234274,1,1,1,"CEP89"
0.667037296625165,-0.248398260756095,1,1,1,"CFDP1"
0.667037296625165,0.0971318119891169,1,1,1,"COPZ1"
0.667037296625165,-0.17274933702075,1,1,1,"CRIPT"
0.667037296625165,-0.297776982898266,1,1,1,"CSE1L"
0.667037296625165,-0.0664708313226274,1,1,1,"CTSA"
0.667037296625165,0.249793109212634,1,1,1,"DDX3X"
0.667037296625165,0.0168485514522168,1,1,1,"DNAJC3"
0.667037296625165,-0.0680833379386279,1,1,1,"EEF1G"
0.667037296625165,-0.344832825430602,1,1,1,"EIF2AK4"
0.667037296625165,-0.279884284492532,1,1,1,"EMD"
0.667037296625165,0.0755240906815056,1,1,1,"ERGIC2"
0.667037296625165,0.191300719726645,1,1,1,"ERGIC3"
0.667037296625165,0.00903684079897182,1,1,1,"ETFDH"
0.667037296625165,0.160325064904192,1,1,1,"FAM168B"
0.667037296625165,-0.068484117877075,1,1,1,"FBXL20"
0.667037296625165,-0.112152327933178,1,1,1,"FBXL5"
0.667037296625165,-0.16623168165713,1,1,1,"FDX1"
0.667037296625165,0.0311606594279112,1,1,1,"FIS1"
0.667037296625165,-0.127957315899303,1,1,1,"FKBP1A"
0.667037296625165,0.298143566899067,1,1,1,"FRMD8"
0.667037296625165,0.52696786598684,1,1,1,"GATD1"
0.667037296625165,0.189915096349865,1,1,1,"GFPT1"
0.667037296625165,0.51256716202849,1,1,1,"GMPPA"
0.667037296625165,-0.00660643862538901,1,1,1,"GON4L"
0.667037296625165,0.188686906009629,1,1,1,"GPRC5A"
0.667037296625165,0.573231569773644,1,1,1,"GTF2F1"
0.667037296625165,0.153558737148912,1,1,1,"GTPBP2"
0.667037296625165,-0.16997196580494,1,1,1,"HAGH"
0.667037296625165,0.0291441270499453,1,1,1,"IAH1"
0.667037296625165,0.251946487476741,1,1,1,"ICE2"
0.667037296625165,-0.683479594418513,1,1,1,"IQCC"
0.667037296625165,-0.431932285797034,1,1,1,"IRF1"
0.667037296625165,-3.57134731327588,1,1,1,"KCNC4"
0.667037296625165,0.0797813833883199,1,1,1,"KCTD20"
0.667037296625165,-0.210875706401085,1,1,1,"KIAA1191"
0.667037296625165,-0.200040107015967,1,1,1,"LARP4"
0.667037296625165,-0.141558180589591,1,1,1,"LRRC37B"
0.667037296625165,0.0778657456221561,1,1,1,"LSM12"
0.667037296625165,-0.275718994606724,1,1,1,"LSM5"
0.667037296625165,-0.125534952616942,1,1,1,"MAFF"
0.667037296625165,-0.0651541007820375,1,1,1,"MARK3"
0.667037296625165,-0.264954868425955,1,1,1,"MCFD2"
0.667037296625165,-0.233950935078004,1,1,1,"MCUB"
0.667037296625165,0.595735414665876,1,1,1,"MORC2"
0.667037296625165,-0.573143199926173,1,1,1,"MTRFR"
0.667037296625165,0.266650079936883,1,1,1,"NCBP2AS2"
0.667037296625165,-0.173835989572164,1,1,1,"NDUFAF5"
0.667037296625165,0.0867610883024463,1,1,1,"NFIC"
0.667037296625165,-0.195292318489651,1,1,1,"NIFK"
0.667037296625165,0.0423423593057564,1,1,1,"NIPSNAP3A"
0.667037296625165,-0.343569393992876,1,1,1,"NMNAT1"
0.667037296625165,0.257322996154421,1,1,1,"P4HTM"
0.667037296625165,0.292923926718179,1,1,1,"PAN3"
0.667037296625165,0.90117236471622,1,1,1,"PLEKHA3"
0.667037296625165,-0.111606774854358,1,1,1,"PMPCA"
0.667037296625165,-0.111553889323001,1,1,1,"POLR2D"
0.667037296625165,0.447938001137314,1,1,1,"PRKX"
0.667037296625165,0.103733218801442,1,1,1,"PYCR3"
0.667037296625165,-0.133972200451177,1,1,1,"RAB21"
0.667037296625165,-0.190554334345411,1,1,1,"RPP14"
0.667037296625165,-0.33959480980969,1,1,1,"RPS6KB2"
0.667037296625165,0.0275473214024293,1,1,1,"SAFB"
0.667037296625165,-0.315810416786404,1,1,1,"SENP2"
0.667037296625165,-0.290110708627512,1,1,1,"SF3A2"
0.667037296625165,0.137797496732908,1,1,1,"SIN3B"
0.667037296625165,0.297941553430942,1,1,1,"SLC37A2"
0.667037296625165,0.21631606606082,1,1,1,"SLC52A2"
0.667037296625165,-0.327026457276063,1,1,1,"SMAGP"
0.667037296625165,0.0933449890013014,1,1,1,"SMIM26"
0.667037296625165,-0.0325061812702119,1,1,1,"SNRPB2"
0.667037296625165,-0.125586094854259,1,1,1,"SOAT1"
0.667037296625165,0.0695299874154998,1,1,1,"SOD1"
0.667037296625165,0.208366344502576,1,1,1,"SPG11"
0.667037296625165,0.0593717266666118,1,1,1,"STOML2"
0.667037296625165,-0.0494231172161741,1,1,1,"STPG1"
0.667037296625165,-0.32003247008728,1,1,1,"SUPT6H"
0.667037296625165,-0.49293308940661,1,1,1,"TCHP"
0.667037296625165,-0.109503193758115,1,1,1,"TIPRL"
0.667037296625165,0.298990961663411,1,1,1,"TMEM167A"
0.667037296625165,0.181402061440576,1,1,1,"TMEM219"
0.667037296625165,0.132415420598821,1,1,1,"TMEM39A"
0.667037296625165,0.125903374363723,1,1,1,"TMEM59"
0.667037296625165,-0.278694107884852,1,1,1,"TNFRSF1A"
0.667037296625165,-0.260715763158604,1,1,1,"TPD52"
0.667037296625165,-0.0290981563579238,1,1,1,"TRIOBP"
0.667037296625165,0.21549499611786,1,1,1,"UBA1"
0.667037296625165,-0.0144992048594812,1,1,1,"USE1"
0.667037296625165,0.537793803514091,1,1,1,"USP33"
0.667037296625165,-0.42073118555524,1,1,1,"WDR5"
0.667037296625165,0.0419451025369666,1,1,1,"ZDHHC4"
0.667037296625165,0.161621147255049,1,1,1,"ZNF124"
0.667037296625165,-0.474829984944703,1,1,1,"ZNF292"
0.667037296625165,-0.142714350750594,1,1,1,"ZNF347"
0.667037296625165,0.743145675898476,1,1,1,"ZNF621"
0.667037296625165,0.181701051772775,1,1,1,"ZNG1B"
0.667037296625165,-0.271239632763539,1,1,1,"ZYG11B"
0.667172901337429,-0.224065945224323,0.786,0.562,1,"SMCO4"
0.667172901337429,0.968896091633988,0.643,0.688,1,"PPP2R5B"
0.667510689099895,1.70391231048847,0.357,0.25,1,"REM2"
0.667510689099895,0.971502333601327,0.357,0.25,1,"SERPINB5"
0.669379201008371,-0.2788525884524,0.643,0.688,1,"COQ3"
0.67136603009125,0.68296764828544,0.786,0.688,1,"PRR19"
0.672991842572007,0.185314713537593,0.929,0.688,1,"LRRC40"
0.672991842572007,-1.27307893826731,0.786,0.812,1,"CRPPA"
0.672991842572007,0.186081181090199,0.786,0.812,1,"NAT9"
0.672991842572007,0.577312216924049,0.786,0.812,1,"POLG2"
0.67364986925182,-0.861165736280431,0.786,0.812,1,"BANP"
0.67364986925182,-0.232059217460446,0.786,0.812,1,"BOK"
0.67364986925182,-0.243775237738364,0.786,0.812,1,"MAP3K4"
0.67364986925182,-0.106810444029505,0.786,0.812,1,"NACC2"
0.67364986925182,-0.607499000055172,0.786,0.812,1,"PSEN2"
0.67364986925182,-0.381140741326911,0.786,0.812,1,"TREX1"
0.673663732289342,-0.763070635795257,0.929,0.812,1,"GNAI2"
0.673956341402742,0.274478108951072,0.786,0.938,1,"C1orf122"
0.673956341402742,1.07690200952572,0.929,0.812,1,"ERV3-1"
0.673956341402742,0.160747228573531,0.929,0.812,1,"MINDY3"
0.673956341402742,0.14693507673426,0.929,0.812,1,"NMI"
0.673956341402742,-0.0523371550534284,0.929,0.812,1,"UCK1"
0.673956341402742,0.221439267306025,0.929,0.812,1,"ZFYVE27"
0.673956341402742,-0.151285477011368,0.929,0.812,1,"ZNF517"
0.675196161809016,0.815361890679617,0.929,0.938,1,"GTF2E2"
0.675196161809016,0.0892698630218831,0.929,0.938,1,"MED18"
0.675196161809016,-0.161944074301392,0.929,0.938,1,"SLC20A2"
0.675196161809016,-0.0923122580642497,0.929,0.938,1,"SPIN3"
0.675196161809016,0.193489151222223,0.929,0.938,1,"TMEM128"
0.675545295807549,-0.685790695468147,0.929,0.938,1,"MMACHC"
0.675545295807549,-0.230106787364059,0.929,0.938,1,"RPE"
0.675545295807549,-0.0358351887101658,0.929,0.938,1,"SRSF8"
0.675699233286694,-0.626002426483728,0.571,0.438,1,"ZNF135"
0.677131884694048,-0.536216292987629,0.714,0.5,1,"GPRIN1"
0.677131884694048,1.48757079860962,0.571,0.625,1,"ARHGEF10L"
0.677131884694048,1.48799427580186,0.571,0.625,1,"ZNF398"
0.677212504858681,-0.316222907669438,0.286,0.25,1,"MLLT11"
0.677212504858681,1.33497965587454,0.286,0.25,1,"SOCS1"
0.677823248678378,-0.170161972765588,0.429,0.562,1,"ZBED3"
0.678486020147821,-0.765573138984314,0.357,0.438,1,"CDNF"
0.678486020147821,-0.29695629877588,0.357,0.438,1,"TRAPPC14"
0.681226816932091,-0.4012030550935,0.571,0.625,1,"PDIK1L"
0.682698650674663,0.536769261581259,0.286,0.438,1,"INAFM1"
0.682698650674663,-0.489241277625006,0.357,0.375,1,"RPL17-C18orf32"
0.683359455463187,-0.495179484745403,0.571,0.562,1,"CFAP44"
0.684781365767065,0.0190746635517445,0.5,0.625,1,"ZNF613"
0.685119634885,0.654723977080855,0.5,0.562,1,"SCFD2"
0.68601268681105,0.901267834561797,0.714,0.75,1,"PCDHB2"
0.68820282669123,-0.0268540269858608,0.857,0.75,1,"NFYA"
0.68820282669123,1.86638386114221,0.857,0.75,1,"ZC3H10"
0.688801110280773,-0.416742384410548,0.714,0.562,1,"CUTC"
0.688801110280773,-0.0388473831521892,0.714,0.562,1,"SPIN2B"
0.688801110280773,0.684718583169847,0.643,0.625,1,"MFAP2"
0.688801110280773,0.67491264271151,0.643,0.625,1,"MXI1"
0.688805181172743,-0.534175860072311,1,0.875,1,"MBOAT2"
0.688805181172743,0.0408949845084292,1,0.875,1,"SPIDR"
0.689324935055692,-0.838575369339739,1,0.75,1,"PRKAR1B"
0.689324935055692,0.0845716265165581,1,0.75,1,"STRBP"
0.689324935055692,0.349754846263341,0.857,0.875,1,"SLC25A13"
0.68972605544493,-0.364950303152618,0.857,0.875,1,"GALNT7"
0.68972605544493,-0.149372941411213,0.857,0.875,1,"PRADC1"
0.68972605544493,-0.252341934903319,0.857,0.875,1,"SDHAF1"
0.68972605544493,-1.05563657365792,0.857,0.875,1,"TECPR2"
0.689745117121522,-0.384025468124795,0.643,0.625,1,"NME1-NME2"
0.689745117121522,-1.03947777979031,0.643,0.625,1,"PPM1N"
0.689745117121522,-0.381751531279067,0.643,0.625,1,"SLC25A20"
0.692410121048866,-0.724858751720552,0.5,0.562,1,"TTC12"
0.692537405188015,0.823394659851116,0.714,0.688,1,"AMY2B"
0.692537405188015,0.0397923499556462,0.714,0.688,1,"CELSR2"
0.692537405188015,0.115750492127179,0.714,0.688,1,"OXCT1"
0.692537405188015,-0.636334663118044,0.714,0.688,1,"PSD"
0.693104634473269,-0.364024380065285,0.643,0.75,1,"B3GLCT"
0.693104634473269,0.0503399016044099,0.643,0.75,1,"SMOX"
0.693104634473269,-0.184108988278395,0.643,0.75,1,"TRIM36"
0.693840200642712,-0.708112563335633,0.643,0.562,1,"DMTN"
0.694943976240294,-0.134284916733243,0.929,0.625,1,"DCAF1"
0.694943976240294,0.132598323785317,0.857,0.688,1,"FDXR"
0.694943976240294,0.229430259539238,0.786,0.75,1,"CSRNP2"
0.694943976240294,0.0734582656852387,0.786,0.75,1,"INTS13"
0.694943976240294,0.303071134995694,0.786,0.75,1,"KLF13"
0.694943976240294,0.0310511625225129,0.786,0.75,1,"NFXL1"
0.695237080462177,0.505353074575753,0.714,0.812,1,"DNAI4"
0.695602951878034,0.399045526475717,0.643,0.562,1,"MBLAC2"
0.695602951878034,1.20177628989921,0.643,0.562,1,"PLA2G4B"
0.696211894052974,-0.787247891921064,0.214,0.312,1,"SLC15A3"
0.696330101203268,0.0296173572538629,0.929,0.75,1,"OFD1"
0.696330101203268,-0.040649040212211,0.929,0.75,1,"PPP1R8"
0.696330101203268,0.166701418761328,0.929,0.75,1,"UNG"
0.696446878040168,1.02593264550665,0.714,0.938,1,"KIAA1549"
0.696446878040168,-0.192780782233125,0.786,0.875,1,"OTUD3"
0.696446878040168,-0.527531140805984,0.786,0.875,1,"TUBA4A"
0.696446878040168,-0.420264400817765,0.786,0.875,1,"ZNF789"
0.696446878040168,0.186167769501667,0.857,0.812,1,"RHOBTB2"
0.696673885279582,-0.137159180558656,0.286,0.375,1,"SLC29A3"
0.696673885279582,-1.62904542666677,0.286,0.375,1,"TYW1B"
0.696973783490092,0.0432259506417321,1,0.812,1,"LEO1"
0.696973783490092,-0.0150794843680635,1,0.812,1,"SRFBP1"
0.696973783490092,0.103056908718125,0.857,0.938,1,"BKGD"
0.696973783490092,1.12073357029432,0.857,0.938,1,"HOPX"
0.696973783490092,0.144716450827225,0.857,0.938,1,"IRS2"
0.696973783490092,-0.119059225694658,0.929,0.875,1,"CALCOCO1"
0.696973783490092,-0.0251786326618424,0.929,0.875,1,"CDKN2AIP"
0.696973783490092,0.8448959174485,0.929,0.875,1,"PHF8"
0.696973783490092,0.381641481269342,0.929,0.875,1,"POLR1B"
0.696973783490092,-0.429995239651865,0.929,0.875,1,"SFR1"
0.696973783490092,-0.18928506363661,0.929,0.875,1,"ZNF385A"
0.696973783490092,1.0751562074605,0.929,0.875,1,"ZNF530"
0.69700007925174,-0.328585066537845,1,0.812,1,"DDX55"
0.69700007925174,-0.659086972926094,0.929,0.875,1,"DIP2B"
0.69700007925174,-0.186058508234399,0.929,0.875,1,"EOLA2"
0.69700007925174,0.0513034181824432,0.929,0.875,1,"IFT74"
0.69700007925174,-0.210844557544053,0.929,0.875,1,"TTC7A"
0.697145146037232,-0.135948902427817,0.929,1,1,"GET3"
0.697145146037232,-0.24860864091626,0.929,1,1,"LARP1B"
0.697145146037232,-0.112103879136694,0.929,1,1,"LRRC14"
0.697145146037232,0.201490556900141,0.929,1,1,"NUDT21"
0.697145146037232,-0.168139258960505,0.929,1,1,"PDE4D"
0.697145146037232,0.665251499937203,0.929,1,1,"RNF125"
0.697145146037232,0.0332772420615921,0.929,1,1,"TBC1D22A"
0.697145146037232,-0.0300923413868093,0.929,1,1,"WASHC4"
0.697145146037232,0.38573945895221,1,0.938,1,"CAPN7"
0.697145146037232,0.047413390644186,1,0.938,1,"CWC27"
0.697145146037232,-0.0101230732168096,1,0.938,1,"DNAJC2"
0.697145146037232,0.269561413795102,1,0.938,1,"EED"
0.697145146037232,0.0457727043477765,1,0.938,1,"EP400"
0.697145146037232,0.185877367562813,1,0.938,1,"HSD17B1"
0.697145146037232,-0.678369282987999,1,0.938,1,"IL17RA"
0.697145146037232,0.143818124786041,1,0.938,1,"ITPK1"
0.697145146037232,0.238535288979697,1,0.938,1,"JOSD2"
0.697145146037232,0.0443486361243659,1,0.938,1,"LEPROTL1"
0.697145146037232,-0.747179717041976,1,0.938,1,"NIN"
0.697145146037232,0.173185253690685,1,0.938,1,"NOL10"
0.697145146037232,-0.690206119543937,1,0.938,1,"POU2F1"
0.697145146037232,-0.177447919660648,1,0.938,1,"PUF60"
0.697145146037232,0.0473569402719018,1,0.938,1,"RAB24"
0.697145146037232,-0.24706858155441,1,0.938,1,"TINF2"
0.697145146037232,0.277906598001798,1,0.938,1,"TMEM160"
0.697145146037232,0.0630203973609227,1,0.938,1,"VSIG10"
0.697145146037232,-0.361412462636658,1,0.938,1,"ZC3H18"
0.697145146037232,0.391333007084709,1,0.938,1,"ZNF765"
0.697145146037232,0.0981960509580242,1,1,1,"AIG1"
0.697145146037232,-0.237360214151426,1,1,1,"AKAP13"
0.697145146037232,-0.117121922309574,1,1,1,"AKT1S1"
0.697145146037232,-0.324072685166674,1,1,1,"ALDH2"
0.697145146037232,0.124695747269048,1,1,1,"ANKRD36B"
0.697145146037232,0.0714133134417994,1,1,1,"APH1A"
0.697145146037232,0.14195929852568,1,1,1,"ARHGEF1"
0.697145146037232,-0.28106690339726,1,1,1,"ARPP19"
0.697145146037232,0.277499213798245,1,1,1,"ATL2"
0.697145146037232,-0.0935467863755655,1,1,1,"ATXN10"
0.697145146037232,0.124840153271334,1,1,1,"BLCAP"
0.697145146037232,0.0207529060505363,1,1,1,"BRF1"
0.697145146037232,0.266761707679481,1,1,1,"C6orf62"
0.697145146037232,0.119587825852272,1,1,1,"CA5B"
0.697145146037232,-0.232133318290733,1,1,1,"CBR3"
0.697145146037232,0.000620006726204991,1,1,1,"CCDC43"
0.697145146037232,-1.99702181945193,1,1,1,"CEP295"
0.697145146037232,-0.057624419560959,1,1,1,"CERS5"
0.697145146037232,0.938347850165609,1,1,1,"CERT1"
0.697145146037232,-0.343318934135301,1,1,1,"CFAP68"
0.697145146037232,0.131563111583045,1,1,1,"CHURC1"
0.697145146037232,-0.167636364787573,1,1,1,"CMSS1"
0.697145146037232,0.104914287911163,1,1,1,"CNPY2"
0.697145146037232,0.244156517603647,1,1,1,"CSNK2A1"
0.697145146037232,0.169754748252734,1,1,1,"CSTB"
0.697145146037232,-0.331384330523602,1,1,1,"CTDSP1"
0.697145146037232,0.729192047830155,1,1,1,"CTSC"
0.697145146037232,-0.00959006761477843,1,1,1,"CTTNBP2NL"
0.697145146037232,0.0559982842775906,1,1,1,"CYTH2"
0.697145146037232,0.102533365977573,1,1,1,"DAZAP1"
0.697145146037232,0.0999168111776569,1,1,1,"DHTKD1"
0.697145146037232,-0.204317705565822,1,1,1,"DROSHA"
0.697145146037232,-0.0427166511119967,1,1,1,"DSTN"
0.697145146037232,0.13670078642426,1,1,1,"EEF1D"
0.697145146037232,-0.570117837780872,1,1,1,"EFCAB14"
0.697145146037232,-0.08846224474396,1,1,1,"EIF5"
0.697145146037232,0.0320994344452332,1,1,1,"ELOF1"
0.697145146037232,0.125702462732308,1,1,1,"ENY2"
0.697145146037232,-0.369777700765622,1,1,1,"FKBP5"
0.697145146037232,-0.255784151799578,1,1,1,"FKBP9"
0.697145146037232,0.671924370793273,1,1,1,"FLVCR1"
0.697145146037232,-0.0694839124767217,1,1,1,"FNTA"
0.697145146037232,0.227486123200818,1,1,1,"FUBP1"
0.697145146037232,0.0726631739864105,1,1,1,"GOLGA5"
0.697145146037232,-0.248824975465586,1,1,1,"GOLT1B"
0.697145146037232,0.106655159208454,1,1,1,"GPBP1L1"
0.697145146037232,-0.120585563689048,1,1,1,"GPHRB"
0.697145146037232,0.0856059566040859,1,1,1,"GPS1"
0.697145146037232,0.010894118882895,1,1,1,"GTF2IRD1"
0.697145146037232,-0.0778364628597332,1,1,1,"HPCAL1"
0.697145146037232,0.0602142871749778,1,1,1,"IBTK"
0.697145146037232,-0.198450343310054,1,1,1,"KHDC4"
0.697145146037232,-0.490905608086936,1,1,1,"KRR1"
0.697145146037232,0.173887784881123,1,1,1,"LAMTOR2"
0.697145146037232,-0.313738696223388,1,1,1,"LLPH"
0.697145146037232,-0.968896505242126,1,1,1,"LRCH3"
0.697145146037232,-0.0768442934254727,1,1,1,"LRRC59"
0.697145146037232,0.030784750906717,1,1,1,"MAP4"
0.697145146037232,-1.08316887727852,1,1,1,"MAP4K2"
0.697145146037232,-0.0393201193958279,1,1,1,"MECOM"
0.697145146037232,-0.147497259897113,1,1,1,"METTL5"
0.697145146037232,-0.00399513579556476,1,1,1,"MRPL15"
0.697145146037232,0.371413719588046,1,1,1,"MRPS22"
0.697145146037232,-0.301780830867794,1,1,1,"MYH11"
0.697145146037232,0.111966559687127,1,1,1,"NABP1"
0.697145146037232,-0.653977123455467,1,1,1,"NCBP3"
0.697145146037232,0.197596280464615,1,1,1,"NELFCD"
0.697145146037232,0.138468572460347,1,1,1,"NICOL1"
0.697145146037232,0.444339825145711,1,1,1,"NQO1"
0.697145146037232,0.154539607582246,1,1,1,"OPA1"
0.697145146037232,0.077409264091465,1,1,1,"OSBPL10"
0.697145146037232,-0.0196618094399952,1,1,1,"POLD4"
0.697145146037232,0.115647482352903,1,1,1,"POLR2K"
0.697145146037232,0.141265668531529,1,1,1,"PSAP"
0.697145146037232,-0.114274340921241,1,1,1,"PYM1"
0.697145146037232,-0.462926326850793,1,1,1,"RAD1"
0.697145146037232,0.0720171438936665,1,1,1,"RALA"
0.697145146037232,-0.085926469430821,1,1,1,"RAMAC"
0.697145146037232,0.470486686149568,1,1,1,"RASAL2"
0.697145146037232,-0.191875855300498,1,1,1,"RCE1"
0.697145146037232,-0.125731124489567,1,1,1,"RNF181"
0.697145146037232,-0.240398553070529,1,1,1,"RPL12"
0.697145146037232,-0.165439602152311,1,1,1,"RPL23"
0.697145146037232,0.0484941387664692,1,1,1,"RPP30"
0.697145146037232,-0.138298570610502,1,1,1,"RPS3A"
0.697145146037232,-0.413021462973055,1,1,1,"RRP1B"
0.697145146037232,-0.46300553372534,1,1,1,"RRP7A"
0.697145146037232,-0.0369514128165438,1,1,1,"RSL24D1"
0.697145146037232,-0.035417952270576,1,1,1,"SCAI"
0.697145146037232,-0.178163371987059,1,1,1,"SCAMP3"
0.697145146037232,0.0194203092997309,1,1,1,"SEL1L"
0.697145146037232,-0.0788829556077371,1,1,1,"SERINC3"
0.697145146037232,0.118005908270801,1,1,1,"SLC30A7"
0.697145146037232,-0.151304681745073,1,1,1,"SLC30A9"
0.697145146037232,-0.163744305289907,1,1,1,"SLC35H1"
0.697145146037232,0.351101923273088,1,1,1,"SLC39A6"
0.697145146037232,0.0229205038688889,1,1,1,"SLIRP"
0.697145146037232,-0.0610262564205399,1,1,1,"SPAG7"
0.697145146037232,0.528423559142665,1,1,1,"SPAG9"
0.697145146037232,-0.14974274470019,1,1,1,"SPTLC1"
0.697145146037232,-0.1888028399829,1,1,1,"SRGAP3"
0.697145146037232,-0.659548080525916,1,1,1,"STRN3"
0.697145146037232,0.0758420937196762,1,1,1,"SUPT20H"
0.697145146037232,-0.181062145693823,1,1,1,"TCP1"
0.697145146037232,-0.440881662463291,1,1,1,"THAP5"
0.697145146037232,-0.0578966868555568,1,1,1,"TIMM10"
0.697145146037232,0.139190792165929,1,1,1,"TMCO1"
0.697145146037232,0.12923048679962,1,1,1,"TPM1"
0.697145146037232,-0.0249890190342823,1,1,1,"TRPC4AP"
0.697145146037232,-0.155155318754209,1,1,1,"TSNAX"
0.697145146037232,0.186988379979756,1,1,1,"UBE2N"
0.697145146037232,0.116279915162568,1,1,1,"USP1"
0.697145146037232,-0.130822685053269,1,1,1,"VTI1B"
0.697145146037232,0.0286624625226484,1,1,1,"ZBTB38"
0.697145146037232,0.0819688415127153,1,1,1,"ZCCHC10"
0.697145146037232,-0.319080175589025,1,1,1,"ZNF417"
0.697145146037232,-0.146905833305567,1,1,1,"ZNF638"
0.697145146037232,-0.187764814905819,1,1,1,"ZNFX1"
0.698646466240564,-1.01864737784679,0.5,0.375,1,"TRPV4"
0.698646466240564,0.714250099965514,0.429,0.438,1,"PRR3"
0.698646466240564,1.60074566861966,0.429,0.438,1,"ZNF547"
0.700685914352765,0.336285567992894,0.357,0.5,1,"ZNF182"
0.701452548579511,0.467345491271865,0.643,0.812,1,"CENPP"
0.701452548579511,-0.681938270650764,0.786,0.688,1,"DIAPH2"
0.701795755029263,2.28236405348358,0.643,0.812,1,"PRR12"
0.701795755029263,0.365435143486477,0.786,0.688,1,"DCPH1"
0.701795755029263,-0.0198562788385253,0.786,0.688,1,"KBTBD6"
0.702672262080175,0.4982800075911,0.429,0.5,1,"TGFBI"
0.702735195869557,0.712278440375113,0.429,0.625,1,"EBLN2"
0.70337798421051,0.398213971291593,0.786,0.812,1,"ZNF627"
0.703907392708875,0.298101056954938,0.786,0.938,1,"PUS7"
0.703907392708875,-0.48497277924818,0.929,0.812,1,"AARSD1"
0.703907392708875,-1.12571159483993,0.929,0.812,1,"EPM2AIP1"
0.703907392708875,-0.692422512562199,0.929,0.812,1,"KIAA0232"
0.703907392708875,-0.838102363932727,0.929,0.812,1,"PRR14L"
0.704022312888963,-0.512195306283461,0.786,0.812,1,"KDM4C"
0.704022312888963,-0.397226317144269,0.786,0.812,1,"PLA2G15"
0.704022312888963,0.0242010923799734,0.786,0.812,1,"SLC25A42"
0.704172413277366,0.618204400673127,0.786,0.938,1,"PRELID3A"
0.704980842911877,-0.168224618513325,0.071,0.188,1,"ARHGAP19-SLIT1"
0.704980842911877,1.58249822745912,0.071,0.188,1,"CYP1A1"
0.704980842911877,3.246813400671,0.071,0.188,1,"MBLAC1"
0.704980842911877,-0.71716099715498,0.143,0.188,1,"ADGRF3"
0.704980842911877,-1.06229616333914,0.143,0.188,1,"DND1"
0.704980842911877,-0.841199738452825,0.143,0.188,1,"KCNAB2"
0.704980842911877,-2.30569412997241,0.143,0.188,1,"LHFPL4"
0.704980842911877,-4.78257127828892,0.143,0.188,1,"SLC26A1"
0.705485110901721,0.443049466053615,0.929,0.938,1,"APBA3"
0.705485110901721,-0.159211041294192,0.929,0.938,1,"CHM"
0.705485110901721,0.287956883817085,0.929,0.938,1,"GNL3L"
0.705485110901721,0.550898267755471,0.929,0.938,1,"HBP1"
0.705807041439721,-0.0422290169830397,0.929,0.938,1,"CDYL"
0.705807041439721,-0.734601117654019,0.929,0.938,1,"QKI"
0.705807041439721,-0.129513660622965,0.929,0.938,1,"ZFAND2A"
0.705807041439721,0.166252432241003,0.929,0.938,1,"ZNF283"
0.708033434263261,-1.23132239591224,0.571,0.438,1,"LBX2"
0.708522230113013,-0.943716996219463,0.714,0.5,1,"ERF"
0.709594978912333,-1.2257008728855,0.5,0.438,1,"BRME1"
0.709594978912333,-0.966782344740772,0.5,0.438,1,"OTUB2"
0.71267268326621,-0.398255448629432,0.571,0.625,1,"COL18A1"
0.71267268326621,-0.0730577577615961,0.571,0.625,1,"LSS"
0.714029775617867,-0.00405657712263907,0.571,0.75,1,"MC1R"
0.714717109969267,1.73713105103033,0.571,0.75,1,"ZNF280C"
0.714717109969267,0.418410107324662,0.714,0.625,1,"CENPS"
0.715101685483368,-0.00447598736841481,0.643,0.5,1,"TRMT10A"
0.716424010217114,-1.06982684278034,0.143,0.25,1,"GCOM1"
0.716424010217114,-1.05140988615708,0.214,0.25,1,"NEURL2"
0.71679076182583,-0.251207372534744,0.857,0.625,1,"PLXNB3"
0.717970742870738,-0.19429419978057,0.714,0.75,1,"PPP3CC"
0.717970742870738,-0.277959380605924,0.714,0.75,1,"SPDYE3"
0.718722180017663,0.658124714845633,0.714,0.875,1,"OAS3"
0.718722180017663,0.292593699822465,0.714,0.875,1,"TLNRD1"
0.718907213060137,0.184413557485673,0.357,0.312,1,"ATXN7L2"
0.718907213060137,0.712980705090544,0.357,0.312,1,"MAML1"
0.718907213060137,0.233163737698695,0.357,0.312,1,"RBAK-RBAKDN"
0.718919604525223,-0.434930806720823,0.857,1,1,"GNL1"
0.718919604525223,-0.963647827933494,1,0.875,1,"DUSP28"
0.718919604525223,-0.62683547789645,1,0.875,1,"TIAM2"
0.718919604525223,-1.01191970876052,1,0.875,1,"XPO5"
0.719212722500119,0.676967531697653,0.857,1,1,"TMEM131"
0.719212722500119,-0.225032756282308,1,0.875,1,"ABHD17A"
0.719212722500119,-0.631076003336682,1,0.875,1,"ASRGL1"
0.719212722500119,-0.646109782062079,1,0.875,1,"RAB2B"
0.719212722500119,0.0347635500509607,1,0.875,1,"RFT1"
0.719212722500119,0.0299261864237907,1,0.875,1,"TTC31"
0.71986154841396,1.25528651266329,0.714,1,1,"ZNF778"
0.71986154841396,0.0620074746456365,1,0.75,1,"GORAB"
0.71986154841396,-0.111789948223216,1,0.75,1,"ZNF180"
0.71986154841396,0.671559916063432,0.857,0.875,1,"FBLN7"
0.72007375741094,0.0792602321264799,0.714,0.562,1,"RAB26"
0.72007375741094,0.541313558095269,0.571,0.688,1,"TMEM140"
0.720240567710641,-0.813658958673088,1,0.75,1,"SLC52A1"
0.720240567710641,0.128748380352876,0.857,0.875,1,"BCR"
0.720240567710641,-0.259619695245989,0.857,0.875,1,"BMI1"
0.720240567710641,-0.0186166063061517,0.857,0.875,1,"PODXL"
0.721079790342187,0.158381235241927,0.571,0.688,1,"DHX34"
0.723488410593465,0.279510417525688,0.714,0.688,1,"MTM1"
0.723488410593465,0.741830411519714,0.714,0.688,1,"ST6GALNAC4"
0.724084149875527,-0.0223506968915212,0.571,0.812,1,"RPS10-NUDT3"
0.724084149875527,0.184502572712498,0.571,0.812,1,"ZCCHC14"
0.724084149875527,-0.807050049799317,0.786,0.625,1,"MROH8"
0.724084149875527,-1.01074612693588,0.714,0.688,1,"XRCC4"
0.724663688107786,-0.731531180796206,0.5,0.562,1,"ZNF287"
0.724755049375897,-0.678791400553298,0.429,0.375,1,"ZNF559-ZNF177"
0.725028596812704,-0.092606175089547,0.429,0.312,1,"THAP8"
0.725028596812704,0.772526908281397,0.357,0.375,1,"SLC16A14"
0.725696346873003,0.301538723251556,0.857,0.688,1,"PGAP2"
0.725696346873003,-0.309972968746921,0.714,0.812,1,"ABCA2"
0.725696346873003,0.238663126540563,0.786,0.75,1,"ADAP2"
0.725696346873003,0.165564511563255,0.786,0.75,1,"GCDH"
0.725696346873003,0.241422178607925,0.786,0.75,1,"SUV39H1"
0.725696346873003,1.57586016972723,0.786,0.75,1,"TRIM5"
0.725696346873003,0.122987606159534,0.786,0.75,1,"WDR5B"
0.72600368546377,-0.334884860016984,0.714,0.812,1,"MXD4"
0.726973217897415,0.119891806010929,0.929,0.75,1,"EIPR1"
0.726973217897415,0.1934808045217,0.929,0.75,1,"NDUFAF4"
0.726973217897415,0.062087259848338,0.929,0.75,1,"WDTC1"
0.726973217897415,0.381311772415511,0.786,0.875,1,"FBXO6"
0.726973217897415,-0.0248066528776816,0.786,0.875,1,"PPP2R3A"
0.726973217897415,-0.745163222482152,0.857,0.812,1,"ACP6"
0.726973217897415,0.237942470759251,0.857,0.812,1,"DCAF17"
0.726973217897415,0.378761124711453,0.857,0.812,1,"LANCL2"
0.726973217897415,0.650118530068037,0.857,0.812,1,"PNPLA6"
0.72704836436271,0.0158310784727274,0.643,0.562,1,"MATCAP1"
0.727096774969928,-1.23180114289209,0.929,0.75,1,"TECPR1"
0.727096774969928,0.148720040228056,0.786,0.875,1,"LIG1"
0.727096774969928,-0.358106372822391,0.857,0.812,1,"EDEM1"
0.727096774969928,-0.446990933181692,0.857,0.812,1,"RRM2"
0.727096774969928,-0.457086056729048,0.857,0.812,1,"STYXL1"
0.727565120088734,-0.312285685238687,1,0.812,1,"KIF21A"
0.727565120088734,-0.371739900650275,1,0.812,1,"MLEC"
0.727565120088734,0.171797203458468,1,0.812,1,"SLC61A1"
0.727565120088734,0.247386251568022,0.857,0.938,1,"PHF14"
0.727565120088734,-0.0839120418856796,0.929,0.875,1,"DNAAF10"
0.727565120088734,-0.0233412726342528,0.929,0.875,1,"GATC"
0.727565120088734,0.331402279889343,0.929,0.875,1,"GCLC"
0.727565120088734,1.15143214239487,0.929,0.875,1,"HSD11B1L"
0.727565120088734,-0.12718599613667,0.929,0.875,1,"KAZN"
0.727565120088734,0.507021657067375,0.929,0.875,1,"SCMH1"
0.727565120088734,0.208338966658519,0.929,0.875,1,"SLC35B4"
0.727592997446925,-0.587979471666014,1,0.812,1,"CRACR2A"
0.727592997446925,0.274279879628677,0.857,0.938,1,"PTPN23"
0.727592997446925,-0.658246083696625,0.929,0.875,1,"ASXL2"
0.727592997446925,-0.144452519460146,0.929,0.875,1,"B4GALT7"
0.727592997446925,-0.265232942454202,0.929,0.875,1,"BCAR3"
0.727592997446925,0.0633770342167348,0.929,0.875,1,"MCOLN3"
0.727592997446925,-0.255402265762109,0.929,0.875,1,"NECAP1"
0.727720721682502,0.000197604432324638,0.929,1,1,"BRMS1"
0.727720721682502,0.00596419435794893,0.929,1,1,"CFAP20"
0.727720721682502,0.197853002860263,0.929,1,1,"DENND1A"
0.727720721682502,0.212879174484212,0.929,1,1,"EAF1"
0.727720721682502,0.20688818104392,0.929,1,1,"FRYL"
0.727720721682502,-0.0719279138542976,0.929,1,1,"IMPDH1"
0.727720721682502,0.773236078128528,0.929,1,1,"INKA2"
0.727720721682502,-0.235266022210207,0.929,1,1,"LOC102724023"
0.727720721682502,-0.622027065882864,0.929,1,1,"MRPL1"
0.727720721682502,-0.0386236793508805,0.929,1,1,"PRRG4"
0.727720721682502,0.00209857354189946,0.929,1,1,"RAB31"
0.727720721682502,0.123471516841872,0.929,1,1,"RBSN"
0.727720721682502,-0.100965071020256,0.929,1,1,"RTL8A"
0.727720721682502,0.0380595922284757,0.929,1,1,"SND1"
0.727720721682502,-0.083516676932665,0.929,1,1,"SNRNP40"
0.727720721682502,0.139402465142719,0.929,1,1,"TMEM168"
0.727720721682502,0.73957442733431,0.929,1,1,"TTC38"
0.727720721682502,0.0444253310299638,0.929,1,1,"UNC13D"
0.727720721682502,0.156322835066173,1,0.938,1,"AGAP1"
0.727720721682502,-0.0158886766792827,1,0.938,1,"AKT1"
0.727720721682502,-0.547505914314173,1,0.938,1,"ARHGAP12"
0.727720721682502,-0.00476128137347231,1,0.938,1,"BARD1"
0.727720721682502,0.535105650449377,1,0.938,1,"CLCN3"
0.727720721682502,0.0763031078115937,1,0.938,1,"COG1"
0.727720721682502,0.173182535490707,1,0.938,1,"COX19"
0.727720721682502,-0.676013985747147,1,0.938,1,"CSNK1G3"
0.727720721682502,-0.831693417061539,1,0.938,1,"DUSP4"
0.727720721682502,0.093775067910824,1,0.938,1,"GNA12"
0.727720721682502,-0.442182400661519,1,0.938,1,"GNE"
0.727720721682502,0.0802388467684736,1,0.938,1,"ITPRID2"
0.727720721682502,-0.274293059680296,1,0.938,1,"LATS2"
0.727720721682502,-0.604957889647988,1,0.938,1,"MIGA1"
0.727720721682502,-0.0382568835664951,1,0.938,1,"MIMS2"
0.727720721682502,-0.0217073550259128,1,0.938,1,"MIOS"
0.727720721682502,0.325703315364115,1,0.938,1,"MKLN1"
0.727720721682502,-0.304695290429364,1,0.938,1,"OSBPL9"
0.727720721682502,-0.114457464403811,1,0.938,1,"PCID2"
0.727720721682502,-0.338641381635618,1,0.938,1,"POLRMT"
0.727720721682502,0.324769050948998,1,0.938,1,"RAD50"
0.727720721682502,0.0046764731780855,1,0.938,1,"RB1"
0.727720721682502,-0.105118001146556,1,0.938,1,"RNPC3"
0.727720721682502,-0.360496854814456,1,0.938,1,"RUNDC1"
0.727720721682502,0.174806742647076,1,0.938,1,"SELENOI"
0.727720721682502,0.262820880929484,1,0.938,1,"SLC35E2B"
0.727720721682502,-0.129345350147038,1,0.938,1,"TEX261"
0.727720721682502,0.494678831458287,1,0.938,1,"THG1L"
0.727720721682502,-0.0916037582988798,1,0.938,1,"TJAP1"
0.727720721682502,-0.0403546802839809,1,0.938,1,"TMEM184B"
0.727720721682502,-0.416548118086816,1,0.938,1,"TRIP12"
0.727720721682502,-0.128639057974052,1,0.938,1,"USF3"
0.727720721682502,0.346857624968423,1,0.938,1,"WDR3"
0.727720721682502,0.141181609550737,1,0.938,1,"ZMYND11"
0.727720721682502,-0.160936812400277,1,1,1,"ARFIP1"
0.727720721682502,-0.335016145398242,1,1,1,"ARHGAP29"
0.727720721682502,-0.192809375188905,1,1,1,"ARL8B"
0.727720721682502,0.0356609773201804,1,1,1,"ARPC1A"
0.727720721682502,-0.182875007472279,1,1,1,"AVL9"
0.727720721682502,-1.17913972096022,1,1,1,"BCAS3"
0.727720721682502,-0.646056157172369,1,1,1,"BMPR1A"
0.727720721682502,0.140724087805856,1,1,1,"BTG1"
0.727720721682502,-0.830453102547597,1,1,1,"C16orf87"
0.727720721682502,0.386669102879174,1,1,1,"C4orf36"
0.727720721682502,-0.383516676363114,1,1,1,"CD82"
0.727720721682502,-0.355799418653761,1,1,1,"CDIPT"
0.727720721682502,0.364020039964724,1,1,1,"CDK10"
0.727720721682502,0.00905506721442517,1,1,1,"CNOT1"
0.727720721682502,-0.179357589678595,1,1,1,"COPS8"
0.727720721682502,0.0424479122138717,1,1,1,"CTTN"
0.727720721682502,0.295703537166036,1,1,1,"CYBC1"
0.727720721682502,0.0690897016596423,1,1,1,"DDX19A"
0.727720721682502,-0.206638253852112,1,1,1,"DDX24"
0.727720721682502,0.09882012718694,1,1,1,"DHX9"
0.727720721682502,-0.173704777512281,1,1,1,"DNAJC19"
0.727720721682502,0.786309331593442,1,1,1,"DNAL1"
0.727720721682502,0.315628744205214,1,1,1,"DNTTIP2"
0.727720721682502,0.104007310184297,1,1,1,"DPY30"
0.727720721682502,-0.430485035821328,1,1,1,"EHMT1"
0.727720721682502,0.0872638967941266,1,1,1,"ELK4"
0.727720721682502,-0.132920805257267,1,1,1,"FADS1"
0.727720721682502,-0.0718171787324957,1,1,1,"FAM50A"
0.727720721682502,-0.278485766225127,1,1,1,"FBL"
0.727720721682502,0.339686674612326,1,1,1,"FKBP10"
0.727720721682502,-0.00306546961988019,1,1,1,"GABPB1"
0.727720721682502,0.139615501910182,1,1,1,"GANAB"
0.727720721682502,0.366556852086303,1,1,1,"GFOD2"
0.727720721682502,-0.071000491850727,1,1,1,"GLO1"
0.727720721682502,-0.210330841330548,1,1,1,"GNPTAB"
0.727720721682502,0.0507905971938207,1,1,1,"GPBP1"
0.727720721682502,0.0457625490216174,1,1,1,"GTF2H1"
0.727720721682502,-0.317346269263285,1,1,1,"GTF3C5"
0.727720721682502,0.365209538094492,1,1,1,"GYG1"
0.727720721682502,0.530869316478079,1,1,1,"HEMK1"
0.727720721682502,-0.156234963979276,1,1,1,"HNRNPH1"
0.727720721682502,0.169715160030243,1,1,1,"HSPE1"
0.727720721682502,0.307811286273806,1,1,1,"HYPK"
0.727720721682502,0.182112719669672,1,1,1,"KAT6A"
0.727720721682502,-0.134818368101064,1,1,1,"LARP1"
0.727720721682502,0.0676996355230197,1,1,1,"LEMD2"
0.727720721682502,0.0764617042102742,1,1,1,"LUC7L"
0.727720721682502,0.2807727552525,1,1,1,"MBD4"
0.727720721682502,-0.423391532909208,1,1,1,"MED24"
0.727720721682502,0.133833299598386,1,1,1,"METTL23"
0.727720721682502,-0.177780823157129,1,1,1,"MOB3A"
0.727720721682502,0.229007192430951,1,1,1,"MRPS17"
0.727720721682502,-0.0184403065436536,1,1,1,"MRPS35"
0.727720721682502,-0.0803296547547161,1,1,1,"MTIF2"
0.727720721682502,0.0554412123755137,1,1,1,"MTX2"
0.727720721682502,0.221262043144177,1,1,1,"NDUFB9"
0.727720721682502,-0.0616477774961899,1,1,1,"NOL7"
0.727720721682502,0.416837144948965,1,1,1,"NPLOC4"
0.727720721682502,0.000719430835870227,1,1,1,"NPM1"
0.727720721682502,-0.474399032871681,1,1,1,"NSD3"
0.727720721682502,-0.00543614521733815,1,1,1,"NUDC"
0.727720721682502,0.134483196517793,1,1,1,"NUP155"
0.727720721682502,0.0544184855536036,1,1,1,"OGFRL1"
0.727720721682502,0.169019930695527,1,1,1,"OPTN"
0.727720721682502,-0.0907207958672478,1,1,1,"PAK4"
0.727720721682502,0.118840685745272,1,1,1,"PCNP"
0.727720721682502,-0.270273612726011,1,1,1,"PEDS1"
0.727720721682502,0.436769554345128,1,1,1,"PHC3"
0.727720721682502,-0.450246732173825,1,1,1,"PIGC"
0.727720721682502,-0.471686934877408,1,1,1,"POLR1D"
0.727720721682502,-0.189854422270274,1,1,1,"POLR2I"
0.727720721682502,0.283747570215851,1,1,1,"PPP3R1"
0.727720721682502,0.0998410183442839,1,1,1,"PPP6C"
0.727720721682502,0.382568458624711,1,1,1,"PPP6R3"
0.727720721682502,-0.589942080414771,1,1,1,"PRKAB1"
0.727720721682502,-0.0387279650514376,1,1,1,"PTP4A2"
0.727720721682502,-1.26383640296317,1,1,1,"QTMAN"
0.727720721682502,0.0447059953039002,1,1,1,"RAE1"
0.727720721682502,0.294585643889736,1,1,1,"RDH11"
0.727720721682502,-0.185682837219793,1,1,1,"RILPL2"
0.727720721682502,-0.262079309546872,1,1,1,"RPL3"
0.727720721682502,0.0224402336720066,1,1,1,"RTN3"
0.727720721682502,0.82687818153899,1,1,1,"SAMD4B"
0.727720721682502,-0.118239018523668,1,1,1,"SCAF11"
0.727720721682502,0.944506044322419,1,1,1,"SELENON"
0.727720721682502,-0.0690083221120501,1,1,1,"SHC1"
0.727720721682502,0.0627055684582141,1,1,1,"SLC20A1"
0.727720721682502,0.0852800333388952,1,1,1,"SLC25A32"
0.727720721682502,0.149539725513566,1,1,1,"SLC3A2"
0.727720721682502,0.0298735537063965,1,1,1,"ST13"
0.727720721682502,0.0938485447630351,1,1,1,"STK4"
0.727720721682502,-0.0705003347243665,1,1,1,"SWAP70"
0.727720721682502,-0.543026453766345,1,1,1,"TAF1B"
0.727720721682502,0.195642540158762,1,1,1,"TCEANC2"
0.727720721682502,-0.0393480395044747,1,1,1,"TCF25"
0.727720721682502,0.222642680983705,1,1,1,"TERF1"
0.727720721682502,0.291499130030519,1,1,1,"THUMPD1"
0.727720721682502,-0.418298095416954,1,1,1,"TMED2"
0.727720721682502,-0.0933834810081722,1,1,1,"TMEM268"
0.727720721682502,0.148283559341795,1,1,1,"TMEM44"
0.727720721682502,0.537007809716908,1,1,1,"TSR1"
0.727720721682502,0.349563627562444,1,1,1,"TWF1"
0.727720721682502,0.0252262911415357,1,1,1,"TXNDC5"
0.727720721682502,-0.0280708865686208,1,1,1,"TXNDC9"
0.727720721682502,-0.135652516193797,1,1,1,"TYW3"
0.727720721682502,0.135553918672407,1,1,1,"UBE2D3"
0.727720721682502,-0.673563274288211,1,1,1,"UBXN6"
0.727720721682502,-0.00622389820667735,1,1,1,"VDAC2"
0.727720721682502,0.00464358681557808,1,1,1,"WSB1"
0.727720721682502,-0.181943687157764,1,1,1,"YWHAQ"
0.727720721682502,-0.48711096666843,1,1,1,"ZNF274"
0.727720721682502,-0.144412571928489,1,1,1,"ZNF410"
0.727720721682502,0.160044217191045,1,1,1,"ZNF430"
0.727720721682502,0.145459134091579,1,1,1,"ZNF844"
0.727720721682502,0.187780424292479,1,1,1,"ZPR1"
0.732213776152859,2.05582818090827,0.429,0.438,1,"ACCS"
0.732213776152859,1.99812377193601,0.429,0.438,1,"DOCK11"
0.732395673508275,-0.713810300251844,0.786,0.688,1,"TDRKH"
0.73267428205402,0.13284641922379,0.786,0.688,1,"FXR2"
0.73267428205402,-0.204715684549426,0.786,0.688,1,"RIOK1"
0.73267428205402,0.800790202993364,0.786,0.688,1,"ZNF518B"
0.734223421484993,-0.0366934447685008,0.786,0.812,1,"ASF1A"
0.734223421484993,-0.0397474341191915,0.786,0.812,1,"KDM6A"
0.734223421484993,0.293331066307939,0.786,0.812,1,"NAGA"
0.734223421484993,1.34872945260596,0.786,0.812,1,"SYCP3"
0.73445382571872,0.564480219761678,0.357,0.5,1,"CDC42BPG"
0.734610706342735,-0.17918036520497,0.929,0.812,1,"ATXN1L"
0.734610706342735,-0.646896433466928,0.929,0.812,1,"SEMA4F"
0.734610706342735,-0.660762059304169,0.929,0.812,1,"SMIM29"
0.734845291492541,0.135992984772813,0.929,0.812,1,"COPG2"
0.734845291492541,0.261596704638084,0.929,0.812,1,"LRP6"
0.734845291492541,-0.288217609524084,0.929,0.812,1,"MUC1"
0.734845291492541,-0.415052413186077,0.929,0.812,1,"ZHX3"
0.734846776817989,-0.285107202277231,0.786,0.812,1,"KIF13B"
0.736228720864885,0.244557764601935,0.929,0.938,1,"DBR1"
0.736228720864885,0.26989866104633,0.929,0.938,1,"MASTL"
0.736228720864885,0.2356987770253,0.929,0.938,1,"SLC17A5"
0.736228720864885,-0.284154503503567,0.929,0.938,1,"TDP1"
0.736228720864885,0.20798643927015,0.929,0.938,1,"USPL1"
0.736231884057971,-0.350199911494717,0.357,0.25,1,"CLTCL1"
0.736521838839782,-0.188434359677495,0.929,0.938,1,"ACOT8"
0.736521838839782,-0.623679207139429,0.929,0.938,1,"ARMC9"
0.736521838839782,-0.329646937092556,0.929,0.938,1,"CDC27"
0.736521838839782,1.16897030195467,0.929,0.938,1,"CPM"
0.736521838839782,-0.777650830243739,0.929,0.938,1,"ERI1"
0.736521838839782,-0.432568917170725,0.929,0.938,1,"GOLGA1"
0.736521838839782,0.49095878130026,0.929,0.938,1,"LTBP1"
0.736521838839782,-0.00774673947314852,0.929,0.938,1,"RECQL"
0.736521838839782,-0.42377173623903,0.929,0.938,1,"TMEM222"
0.736521838839782,-0.0655662833066768,0.929,0.938,1,"ZNF568"
0.737329113221167,0.169024752997181,0.286,0.375,1,"CDK5R1"
0.738994891958906,-0.644043209709583,0.571,0.5,1,"NEK11"
0.739465822644233,1.06506216824366,0.286,0.25,1,"KLHL29"
0.739639069354212,-3.9820896596629,0.357,0.312,1,"TSEN34"
0.740930105982441,-1.43912267802915,0.571,0.438,1,"RFX3"
0.743295019157088,0.114076351298432,0.214,0.125,1,"C2CD4D"
0.743295019157088,0.356601299212514,0.214,0.125,1,"LYPD1"
0.744640930308839,0.288296017745735,0.571,0.625,1,"GDAP1"
0.74472097284691,-0.832821447787295,0.214,0.312,1,"GLUD2"
0.745498293165079,-0.407684255919995,0.714,0.625,1,"WDR24"
0.74608202606643,0.0197589683305543,0.714,0.625,1,"FGFRL1"
0.747298218795659,1.43506771601771,0.571,0.562,1,"MGAT5"
0.748045227472264,0.474596962014079,0.714,0.75,1,"PLEK2"
0.748867630168404,-0.548501283199897,0.571,0.562,1,"ORC1"
0.749198830237444,-0.504655221846403,0.714,0.75,1,"STXBP5"
0.749365200440715,-0.141562338307445,0.357,0.438,1,"NUDT17"
0.74950556369562,0.614477119988673,0.714,0.875,1,"TNNT2"
0.74950556369562,-1.51001789974459,0.857,0.75,1,"SLC25A21"
0.749571880726303,-0.314154222221719,0.286,0.312,1,"GPR146"
0.749571880726303,-1.72388491940107,0.286,0.312,1,"PTGES3L-AARSD1"
0.749571880726303,-0.815959294752588,0.286,0.312,1,"TTC9B"
0.74969424128665,1.35092862646488,0.714,0.875,1,"FBXO31"
0.74969424128665,-0.417815308439623,0.714,0.875,1,"KCP"
0.74969424128665,0.603803652755285,0.857,0.75,1,"CD99L2"
0.74969424128665,0.338099894829045,0.857,0.75,1,"CEP120"
0.74969424128665,0.122803415986475,0.857,0.75,1,"FBXO17"
0.74969424128665,-0.0755579095220913,0.857,0.75,1,"METTL1"
0.74969424128665,0.33754564660885,0.857,0.75,1,"PIK3R4"
0.749800001959805,-0.000884865223424569,0.857,1,1,"HMGCL"
0.749800001959805,-0.484756765091214,0.857,1,1,"UBE2Q2"
0.749800001959805,1.17450391124207,0.857,1,1,"USP12"
0.749800001959805,0.176210797677866,1,0.875,1,"CLDND1"
0.749800001959805,-0.400650235649292,1,0.875,1,"PYGO2"
0.750033871952913,-1.5259257141474,0.357,0.375,1,"PPM1M"
0.750062574491908,0.0514379008734567,1,0.875,1,"CASP3"
0.750062574491908,0.0911071091654732,1,0.875,1,"GEMIN7"
0.750062574491908,0.152393941924417,1,0.875,1,"STING1"
0.750062574491908,0.222651217316218,1,0.875,1,"TBC1D7"
0.750840582460748,-2.26641508381466,0.857,0.875,1,"ARHGAP26"
0.750840582460748,0.129354302737324,0.857,0.875,1,"PLXND1"
0.750840582460748,-0.198372464328485,0.857,0.875,1,"SLC39A14"
0.75119470880315,-0.425958506879973,0.857,0.875,1,"CFAP410"
0.75119470880315,-0.0651888831632306,0.857,0.875,1,"MCAT"
0.75119470880315,-0.152498889080499,0.857,0.875,1,"MFSD12"
0.75119470880315,-0.36412232655504,0.857,0.875,1,"UBE2Q1"
0.751801010399513,0.288891256824186,0.643,0.625,1,"ANKAR"
0.751801010399513,0.110041791701809,0.643,0.625,1,"CRTC1"
0.752831097351221,2.19509232384109,0.5,0.75,1,"ZMAT1"
0.752831097351221,0.345075249679906,0.571,0.688,1,"TGFB2"
0.754895452170715,0.9517250538715,0.571,0.812,1,"ABHD15"
0.754895452170715,-0.488208345361126,0.786,0.625,1,"ANKRD6"
0.754895452170715,-0.187117789971072,0.714,0.688,1,"NIPAL2"
0.754895452170715,0.680630774365821,0.714,0.688,1,"SESN2"
0.755519825226706,0.410459334115499,0.571,0.812,1,"UTRN"
0.755519825226706,0.28616463752581,0.643,0.75,1,"WLS"
0.755519825226706,-1.72353677632179,0.714,0.688,1,"GPAM"
0.755519825226706,-0.701861351260348,0.714,0.688,1,"RIC1"
0.756891083182179,-0.357036231071266,0.857,0.688,1,"MARCHF8"
0.757214155220292,0.125885205872278,0.714,0.812,1,"QTGAL"
0.757483480481981,-0.399404433627764,0.429,0.312,1,"FAM43A"
0.757548408458309,1.12182394885102,0.5,0.688,1,"CD36"
0.757548408458309,0.377685025945509,0.5,0.688,1,"LRRTM2"
0.75804355820026,0.894869639866453,0.929,0.75,1,"WNT2B"
0.75804355820026,0.327240726877671,0.786,0.875,1,"FASTKD5"
0.75804355820026,0.167762206999622,0.786,0.875,1,"GPKOW"
0.75804355820026,0.703565726835931,0.786,0.875,1,"POLE2"
0.75804355820026,0.7125332109224,0.786,0.875,1,"SH3D19"
0.75804355820026,-1.00878145934309,0.857,0.812,1,"DTWD2"
0.75804355820026,-0.0255064174555049,0.857,0.812,1,"FBXL6"
0.75804355820026,0.582236141116596,0.857,0.812,1,"LRP5"
0.75804355820026,0.350678179171449,0.857,0.812,1,"PDE7A"
0.75804355820026,0.429700306171553,0.857,0.812,1,"URGCP"
0.758172272652803,-0.331031075299131,0.714,0.938,1,"AARS1"
0.758172272652803,-0.532500402713506,0.857,0.812,1,"CEP70"
0.758172272652803,-0.22388503643193,0.857,0.812,1,"CGRRF1"
0.758172272652803,-0.544062748062676,0.857,0.812,1,"CHST15"
0.758580750904218,0.0192957676704788,1,0.812,1,"GEMIN2"
0.758580750904218,-0.28517319702496,1,0.812,1,"NFKBID"
0.758580750904218,-0.118111715938995,1,0.812,1,"ZNF12"
0.758580750904218,0.252364825493986,0.857,0.938,1,"MFGE8"
0.758580750904218,0.20812452664325,0.929,0.875,1,"ARMCX6"
0.758580750904218,0.0404927179868331,0.929,0.875,1,"TRAPPC2L"
0.758609948551696,-1.33661811821346,0.857,0.938,1,"IFT56"
0.758609948551696,-0.128638060262106,0.857,0.938,1,"INTS10"
0.758609948551696,-0.05343210479024,0.857,0.938,1,"SOS2"
0.758609948551696,0.788830456402866,0.857,0.938,1,"THBS1"
0.758609948551696,-0.307910037470666,0.929,0.875,1,"ANTKMT"
0.758609948551696,-0.391723206176969,0.929,0.875,1,"EXOC2"
0.758609948551696,-0.238386438346703,0.929,0.875,1,"RTKN2"
0.758609948551696,-0.370883936876972,0.929,0.875,1,"WDR53"
0.758724469894396,-0.146630634136153,0.929,1,1,"CCDC125"
0.758724469894396,-0.848388203420575,0.929,1,1,"CENPL"
0.758724469894396,-0.159766252598952,0.929,1,1,"DUS1L"
0.758724469894396,-0.452603498827943,0.929,1,1,"ELF2"
0.758724469894396,0.0167233794880639,0.929,1,1,"EXOG"
0.758724469894396,-1.13181291892925,0.929,1,1,"FOXN3"
0.758724469894396,0.939304168642201,0.929,1,1,"GINS3"
0.758724469894396,-0.521803206359594,0.929,1,1,"ITSN1"
0.758724469894396,0.311689505306585,0.929,1,1,"JMJD6"
0.758724469894396,0.0957709428421651,0.929,1,1,"MAD2L1BP"
0.758724469894396,-0.0180953968100694,0.929,1,1,"PER2"
0.758724469894396,-0.199758941696754,0.929,1,1,"PQBP1"
0.758724469894396,0.172924843914301,0.929,1,1,"SUN2"
0.758724469894396,-0.321749468219209,0.929,1,1,"TMEM50B"
0.758724469894396,-0.0550862842452693,0.929,1,1,"TTLL3"
0.758724469894396,-0.289453400691314,1,0.938,1,"APBB2"
0.758724469894396,-0.300494690932448,1,0.938,1,"ARID4B"
0.758724469894396,0.881736859233446,1,0.938,1,"CHORDC1"
0.758724469894396,0.990214487555087,1,0.938,1,"DGKD"
0.758724469894396,-0.356463381064693,1,0.938,1,"DPH3"
0.758724469894396,0.0341548501496645,1,0.938,1,"EIF2AK1"
0.758724469894396,0.258548798638717,1,0.938,1,"GLMP"
0.758724469894396,-0.397843332540528,1,0.938,1,"GUCD1"
0.758724469894396,0.130821393334589,1,0.938,1,"HACE1"
0.758724469894396,-0.0190665137465502,1,0.938,1,"JUND"
0.758724469894396,-0.442936366233549,1,0.938,1,"MGA"
0.758724469894396,-0.0110033174042985,1,0.938,1,"MIER2"
0.758724469894396,-0.278240255572025,1,0.938,1,"PAK1IP1"
0.758724469894396,-0.533719255581672,1,0.938,1,"POMGNT1"
0.758724469894396,-0.159372141588555,1,0.938,1,"PPWD1"
0.758724469894396,0.2135517290559,1,0.938,1,"RGMB"
0.758724469894396,-0.097124235265031,1,0.938,1,"RNF2"
0.758724469894396,-0.19400638190838,1,0.938,1,"RWDD4"
0.758724469894396,0.133575940701168,1,0.938,1,"SAV1"
0.758724469894396,-0.150897443064913,1,0.938,1,"SMAD5"
0.758724469894396,-0.0357914658629559,1,0.938,1,"TIAL1"
0.758724469894396,0.0415845304849851,1,0.938,1,"TOM1"
0.758724469894396,0.0298710119642216,1,0.938,1,"WDR45"
0.758724469894396,-0.438848375574812,1,0.938,1,"ZNF674"
0.758724469894396,-0.0658584906347182,1,0.938,1,"ZNF721"
0.758724469894396,0.324715994711778,1,0.938,1,"ZNF780A"
0.758724469894396,-0.136647502417553,1,1,1,"ADD1"
0.758724469894396,-0.100025573272296,1,1,1,"AGO2"
0.758724469894396,0.121598898611773,1,1,1,"AKAP9"
0.758724469894396,0.0276220018534845,1,1,1,"AKR7A2"
0.758724469894396,-0.0114383566028193,1,1,1,"AP1G1"
0.758724469894396,-0.197209519240993,1,1,1,"AP4M1"
0.758724469894396,0.0562368169053649,1,1,1,"APEX1"
0.758724469894396,0.0416113715214568,1,1,1,"ARPC3"
0.758724469894396,-0.128335640127582,1,1,1,"ASPSCR1"
0.758724469894396,-0.0460670184333614,1,1,1,"BCAP31"
0.758724469894396,-0.115676865661049,1,1,1,"BSG"
0.758724469894396,-0.0352161827382664,1,1,1,"CAMK2G"
0.758724469894396,-0.0209069648105515,1,1,1,"CBX6"
0.758724469894396,0.0770342524062935,1,1,1,"CCND3"
0.758724469894396,0.369058037441161,1,1,1,"CD151"
0.758724469894396,-0.216925213598087,1,1,1,"CLTC"
0.758724469894396,0.388802451356029,1,1,1,"CNDP2"
0.758724469894396,-0.234773432992569,1,1,1,"CNIH4"
0.758724469894396,0.115149266500285,1,1,1,"COQ10B"
0.758724469894396,-0.0853810629146938,1,1,1,"DCAF16"
0.758724469894396,-0.119099796364641,1,1,1,"DDB1"
0.758724469894396,-0.11199629990819,1,1,1,"DNAJC7"
0.758724469894396,-0.122438589904874,1,1,1,"DUT"
0.758724469894396,0.321236908218522,1,1,1,"EIF2AK2"
0.758724469894396,0.572026992618876,1,1,1,"EIF4B"
0.758724469894396,-0.383820141197106,1,1,1,"ELP5"
0.758724469894396,-0.252452120712783,1,1,1,"ENOPH1"
0.758724469894396,0.0241203928995777,1,1,1,"EPRS1"
0.758724469894396,-0.260841601897894,1,1,1,"FAM221A"
0.758724469894396,0.612708154132771,1,1,1,"FAM241A"
0.758724469894396,0.208591122349348,1,1,1,"FBXO22"
0.758724469894396,-0.0858410143315886,1,1,1,"GPN2"
0.758724469894396,0.0452509932065883,1,1,1,"GSN"
0.758724469894396,0.129012788108889,1,1,1,"HACD2"
0.758724469894396,-0.183401967622063,1,1,1,"ISCU"
0.758724469894396,0.219056530334327,1,1,1,"KDM5C"
0.758724469894396,-0.272108782128625,1,1,1,"LAPTM4A"
0.758724469894396,-0.0796369985953502,1,1,1,"LASP1"
0.758724469894396,0.183404526830256,1,1,1,"LATS1"
0.758724469894396,0.338197381264994,1,1,1,"LIAS"
0.758724469894396,-0.359044451001157,1,1,1,"LSM8"
0.758724469894396,-0.0208333497007605,1,1,1,"MARS1"
0.758724469894396,0.0405743229593751,1,1,1,"MCM4"
0.758724469894396,-0.107895978125655,1,1,1,"NCOA6"
0.758724469894396,0.0068284235085585,1,1,1,"NDUFB11"
0.758724469894396,0.0589967823897037,1,1,1,"NMT1"
0.758724469894396,0.106594023465607,1,1,1,"NONO"
0.758724469894396,0.260198848051254,1,1,1,"NOP16"
0.758724469894396,-0.141810546763746,1,1,1,"NOP53"
0.758724469894396,0.0503833108279323,1,1,1,"NPC2"
0.758724469894396,0.0742339441750808,1,1,1,"ORMDL1"
0.758724469894396,0.0513469355812362,1,1,1,"PABPC1"
0.758724469894396,-0.0579189420299002,1,1,1,"PCMT1"
0.758724469894396,-0.265915385586005,1,1,1,"PDXK"
0.758724469894396,-0.147157188886042,1,1,1,"PPP4C"
0.758724469894396,-0.0313655767453742,1,1,1,"PSMA1"
0.758724469894396,-0.0675553734553525,1,1,1,"PSMB3"
0.758724469894396,-0.0183431190873682,1,1,1,"PSMC4"
0.758724469894396,-0.179316496451265,1,1,1,"PSMD13"
0.758724469894396,0.221155267204699,1,1,1,"PSME1"
0.758724469894396,-0.339324478425663,1,1,1,"RBBP7"
0.758724469894396,-0.105784431492576,1,1,1,"RBM17"
0.758724469894396,0.640366988000256,1,1,1,"RCAN1"
0.758724469894396,-0.0132687504102305,1,1,1,"RGP1"
0.758724469894396,-0.321399495322744,1,1,1,"RPL11"
0.758724469894396,-0.0261198399143066,1,1,1,"RPS27"
0.758724469894396,0.431506313581855,1,1,1,"RSL1D1"
0.758724469894396,-0.0426101969127686,1,1,1,"RTF1"
0.758724469894396,-0.12733087653764,1,1,1,"RTN4"
0.758724469894396,0.0155520374558247,1,1,1,"SBDS"
0.758724469894396,-0.175627615429149,1,1,1,"SCOC"
0.758724469894396,-0.0675853837993898,1,1,1,"SDHB"
0.758724469894396,0.339353598271421,1,1,1,"SDHC"
0.758724469894396,-0.127476667999273,1,1,1,"SEMA4C"
0.758724469894396,0.314358388849016,1,1,1,"SENP5"
0.758724469894396,-0.77827772982747,1,1,1,"SLC25A16"
0.758724469894396,0.106740396876562,1,1,1,"SLC39A3"
0.758724469894396,0.00374889987077598,1,1,1,"SMS"
0.758724469894396,0.596681533431937,1,1,1,"SNAPC1"
0.758724469894396,-0.0490911619547099,1,1,1,"SNX14"
0.758724469894396,-0.0912440415929028,1,1,1,"SPATA6L"
0.758724469894396,0.193498356182848,1,1,1,"STIP1"
0.758724469894396,0.180687647245541,1,1,1,"STRN4"
0.758724469894396,-0.352726034974217,1,1,1,"TAOK3"
0.758724469894396,-0.265594289994909,1,1,1,"TARDBP"
0.758724469894396,-0.11658528254933,1,1,1,"TMUB1"
0.758724469894396,0.187811122470429,1,1,1,"TNKS2"
0.758724469894396,0.170108776089346,1,1,1,"TRIO"
0.758724469894396,-0.311673345055671,1,1,1,"TSPAN3"
0.758724469894396,-0.0740869140815672,1,1,1,"TUFM"
0.758724469894396,-0.0598743955833463,1,1,1,"UBE3A"
0.758724469894396,0.104373348146227,1,1,1,"UQCC3"
0.758724469894396,-0.0407820680050337,1,1,1,"VAPB"
0.758724469894396,-0.143679235023264,1,1,1,"VPS35"
0.758724469894396,-0.0403482206409684,1,1,1,"WAC"
0.758724469894396,-0.098050703078064,1,1,1,"WDR41"
0.758724469894396,-0.0644247595232548,1,1,1,"XRN1"
0.758724469894396,0.221663850749252,1,1,1,"ZMPSTE24"
0.758724469894396,-0.445814290891888,1,1,1,"ZNF320"
0.758724469894396,-0.0260136987760387,1,1,1,"ZNF562"
0.760711340236315,-0.0272300032165229,0.429,0.375,1,"CTSK"
0.760711340236315,0.836109745236881,0.429,0.375,1,"USP43"
0.760711340236315,0.316559992221268,0.429,0.375,1,"ZNF438"
0.761052456228026,-0.254407408320094,0.786,0.562,1,"DVL1"
0.762911877394636,1.44276128310259,0.214,0.188,1,"LRRC73"
0.762911877394636,0.712599903000777,0.214,0.188,1,"TGIF2-RAB5IF"
0.762911877394636,0.424149828988374,0.214,0.188,1,"WNT3"
0.763219876130047,-0.31787804792437,0.643,0.688,1,"BDH2"
0.763219876130047,-0.390639158240873,0.643,0.688,1,"CNTD1"
0.763361710957387,-0.633265592916842,0.5,0.312,1,"PAOX"
0.763729246487867,0.785961781992775,0.143,0.125,1,"CLPSL2"
0.763729246487867,0.944361159895477,0.143,0.125,1,"HIC1"
0.763794188217209,-0.134315041055014,0.643,0.812,1,"CARM1"
0.763794188217209,-1.36085520443584,0.786,0.688,1,"ETFRF1"
0.764001253587173,1.06258732785314,0.643,0.812,1,"P2RY11"
0.764001253587173,-0.194432572645994,0.786,0.688,1,"VIPAS39"
0.765337331334333,-0.579027500073401,0.357,0.25,1,"PLTP"
0.76549884672387,0.25656802278405,0.786,0.812,1,"AGPAT5"
0.76573945569355,-0.0327926493453248,0.929,0.812,1,"DTD2"
0.76573945569355,-0.365890616392752,0.929,0.812,1,"MOSPD3"
0.76573945569355,-0.962296916319636,0.929,0.812,1,"MTERF4"
0.765940951093081,0.213632280565303,0.929,0.812,1,"CCDC117"
0.765940951093081,0.242327336419478,0.929,0.812,1,"E2F1"
0.765940951093081,-0.462160794379813,0.929,0.812,1,"PLPPR2"
0.765940951093081,-0.366424978538852,0.929,0.812,1,"TADA2B"
0.765940951093081,-0.25237648651807,0.929,0.812,1,"TTC14"
0.766095411186735,-0.129537341232758,0.786,0.812,1,"CERK"
0.766095411186735,-0.0900046642731365,0.786,0.812,1,"NOB1"
0.766095411186735,-0.244655493835949,0.786,0.812,1,"SPSB2"
0.767386365296884,0.600008070093994,0.929,0.938,1,"ST6GALNAC6"
0.767386365296884,-0.286381528958136,0.929,0.938,1,"SYTL1"
0.767386365296884,0.256475287586435,0.929,0.938,1,"TBCCD1"
0.767386365296884,0.0978525932991667,0.929,0.938,1,"ZNF655"
0.767648937828987,-0.0332266713250089,0.929,0.938,1,"COQ7"
0.767648937828987,-0.416955988052338,0.929,0.938,1,"DPAGT1"
0.767648937828987,-0.194682300083607,0.929,0.938,1,"GFER"
0.767648937828987,-0.208659633235616,0.929,0.938,1,"HYI"
0.767648937828987,-0.2008374369271,0.929,0.938,1,"NBPF3"
0.767648937828987,-0.346338194616462,0.929,0.938,1,"SCRN2"
0.767648937828987,-0.0993613479272,0.929,0.938,1,"SDF2L1"
0.767648937828987,-0.327850831221327,0.929,0.938,1,"TIPIN"
0.768489205689553,-0.70149283426926,0.429,0.438,1,"ELMO3"
0.769736081391709,-0.603716676401129,0.429,0.5,1,"SLC19A2"
0.771570994688415,-0.906685204011819,0.571,0.5,1,"C14orf93"
0.771570994688415,0.467035512966372,0.571,0.5,1,"GLYCTK"
0.771570994688415,0.0104956129143972,0.571,0.5,1,"SYS1-DBNDD2"
0.77291438903871,1.10656743811788,0.571,0.625,1,"BMP1"
0.774255514141794,-0.0227439917168422,0.571,0.438,1,"RAB43"
0.774255514141794,-0.281497912748211,0.571,0.438,1,"SLC40A1"
0.775212393803098,-0.117655514536521,0.286,0.375,1,"CHADL"
0.77735790515475,-0.0399374095511495,0.571,0.75,1,"HERC6"
0.77735790515475,-0.911804688451738,0.714,0.625,1,"CCDC74A"
0.779689412259815,0.38789430018524,0.714,0.75,1,"LIN37"
0.779978555613834,-0.0383894781841136,0.571,0.562,1,"TIGD7"
0.779978555613834,0.404250373493888,0.571,0.562,1,"VWA8"
0.780914310646534,-1.28664204894118,0.857,0.75,1,"KDM4A"
0.780914310646534,-0.476327949920377,0.857,0.75,1,"TRAPPC10"
0.781055017726775,-0.0843189544821565,0.857,0.75,1,"KHNYN"
0.781055017726775,-1.03380709417251,0.857,0.75,1,"MBTD1"
0.781055017726775,-0.208494993392578,0.857,0.75,1,"TRMT1L"
0.781055017726775,0.521957652317774,0.857,0.75,1,"ZNF134"
0.781075358433615,0.152996707567228,0.857,1,1,"HAUS4"
0.781075358433615,-0.154527453993625,0.857,1,1,"PGM2L1"
0.781075358433615,-1.39817545937807,0.857,1,1,"PLAUR"
0.781075358433615,-0.182445502025063,1,0.875,1,"TANK"
0.781075358433615,-0.490000721639978,1,0.875,1,"TERF2"
0.781305900197476,0.237652854450798,0.857,1,1,"FAM193B"
0.781305900197476,0.0769208446837206,0.857,1,1,"MGAT2"
0.781305900197476,0.227418246409032,0.857,1,1,"PRPF39"
0.781305900197476,-0.0411815561498599,0.857,1,1,"TUBGCP6"
0.781305900197476,-0.0471119286486608,1,0.875,1,"ANKFY1"
0.781305900197476,0.102503434518885,1,0.875,1,"CENPC"
0.781305900197476,0.151479237896281,1,0.875,1,"DPH7"
0.781305900197476,0.0248554461257999,1,0.875,1,"HDAC8"
0.781305900197476,0.0918024995853655,1,0.875,1,"NDST1"
0.781305900197476,0.243161430015816,1,0.875,1,"XPO7"
0.781305900197476,0.0375318189329752,1,0.875,1,"ZDHHC9"
0.781636467627899,-1.22342219424431,0.571,0.562,1,"FHOD1"
0.782208304172647,-0.325662255379463,1,0.75,1,"ALS2"
0.782208304172647,-0.0866925128089582,1,0.75,1,"GCSH"
0.782208304172647,0.328860999315253,0.857,0.875,1,"DNAAF1"
0.782208304172647,-0.100745013480573,0.857,0.875,1,"TIAM1"
0.782534099307416,-0.302406239682321,0.857,0.875,1,"KAT8"
0.782534099307416,-1.01235354706034,0.857,0.875,1,"MYH10"
0.783339613303084,-0.389475869823721,0.643,0.438,1,"IGFLR1"
0.783339613303084,0.63253293066786,0.5,0.562,1,"RTN4RL2"
0.783959117792325,-0.719693852667025,0.714,0.562,1,"RASD1"
0.784336720528624,-0.241101473689783,0.357,0.438,1,"ADAT3"
0.785047146189547,0.0676293151959161,0.571,0.688,1,"DISP1"
0.786691649015534,-0.103376406866885,0.786,0.625,1,"UBTD1"
0.786691649015534,-0.270780211701377,0.714,0.688,1,"AGFG2"
0.787339952314864,-0.155170555279093,0.643,0.75,1,"STIM2"
0.788469652342731,0.24139094203154,0.857,0.688,1,"CMTM4"
0.788469652342731,0.422013190823386,0.857,0.688,1,"PLSCR3"
0.788469652342731,-0.355023135186417,0.857,0.688,1,"ZSWIM6"
0.788469652342731,0.494342464023162,0.714,0.812,1,"TMEM131L"
0.788469652342731,-0.219592279311103,0.786,0.75,1,"ESS2"
0.788469652342731,0.261002325193391,0.786,0.75,1,"METRNL"
0.788805060833876,0.044656131853885,0.714,0.812,1,"GMDS"
0.788805060833876,-0.104246290016372,0.714,0.812,1,"SPON2"
0.788805060833876,-0.197664084836614,0.786,0.75,1,"ZNF618"
0.789501320890982,0.54560550439819,0.714,0.938,1,"ZNF718"
0.789501320890982,-0.412304931479286,0.929,0.75,1,"FBXL8"
0.789501320890982,0.416085810605777,0.929,0.75,1,"MFAP3"
0.789501320890982,-0.354087278475447,0.929,0.75,1,"PCGF1"
0.789501320890982,-1.38568284056453,0.929,0.75,1,"SWSAP1"
0.789501320890982,0.0535356851915507,0.857,0.812,1,"ALKBH4"
0.789501320890982,0.504206017231755,0.857,0.812,1,"EHBP1L1"
0.789501320890982,0.0106275777546502,0.857,0.812,1,"SYDE2"
0.789635907880253,-0.253356450264159,0.929,0.75,1,"N4BP1"
0.789635907880253,0.102184693345184,0.786,0.875,1,"C1orf56"
0.789635907880253,-0.526608289836126,0.786,0.875,1,"C21orf58"
0.789635907880253,-0.228600083992503,0.786,0.875,1,"SMIM30"
0.789980517137372,0.0740511304364126,1,0.812,1,"COG3"
0.789980517137372,0.0896050414068204,0.857,0.938,1,"RFC3"
0.789980517137372,0.427900181711111,0.857,0.938,1,"ZNF439"
0.789980517137372,0.115991877740173,0.929,0.875,1,"ELMOD2"
0.789980517137372,0.187147597610181,0.929,0.875,1,"G6PD"
0.789980517137372,-0.202909015198537,0.929,0.875,1,"MINDY1"
0.789980517137372,-0.10977165396171,0.929,0.875,1,"NEK1"
0.789980517137372,-0.647078473432749,0.929,0.875,1,"SPOPL"
0.789980517137372,-1.82248499252152,0.929,0.875,1,"STEAP4"
0.789980517137372,0.0227120165657744,0.929,0.875,1,"TMEM260"
0.789980517137372,-0.0337514759228581,0.929,0.875,1,"UBE2M"
0.790011035074138,-0.82147821406908,1,0.812,1,"ACTR8"
0.790011035074138,-0.412626063777309,1,0.812,1,"PHF11"
0.790011035074138,0.135485348105838,0.857,0.938,1,"NCKAP5L"
0.790011035074138,-0.159031395679764,0.857,0.938,1,"RUSC2"
0.790011035074138,-0.175332226702698,0.929,0.875,1,"ATAD1"
0.790011035074138,-0.439644760812726,0.929,0.875,1,"CCDC77"
0.790011035074138,-0.172370644715619,0.929,0.875,1,"GEMIN4"
0.790011035074138,-0.100965878374126,0.929,0.875,1,"TIMELESS"
0.790053559391615,0.193584499282455,0.5,0.688,1,"HLA-E"
0.790053559391615,-0.236109336213134,0.643,0.562,1,"RPP40"
0.790107017354756,-0.0655714468563646,0.929,1,1,"BOLA3"
0.790107017354756,0.11119173054951,0.929,1,1,"CREBZF"
0.790107017354756,0.0297899106512514,0.929,1,1,"DMAC1"
0.790107017354756,-0.189405137284981,0.929,1,1,"FOS"
0.790107017354756,0.519289967600556,0.929,1,1,"GIGYF1"
0.790107017354756,-0.17097766494346,0.929,1,1,"IPO8"
0.790107017354756,-0.530848813070742,0.929,1,1,"JADE2"
0.790107017354756,-0.340103200898444,0.929,1,1,"KPNA3"
0.790107017354756,-0.0498076110558499,0.929,1,1,"MED15"
0.790107017354756,-0.0967589356390786,0.929,1,1,"PLOD3"
0.790107017354756,-0.261144998998788,0.929,1,1,"RAB35"
0.790107017354756,-1.84494352526031,0.929,1,1,"SHQ1"
0.790107017354756,-0.141506650925705,0.929,1,1,"SNIP1"
0.790107017354756,0.0572309039161851,0.929,1,1,"SPAG1"
0.790107017354756,-0.099730676157681,0.929,1,1,"SRP72"
0.790107017354756,0.0217297544034758,1,0.938,1,"ACBD5"
0.790107017354756,0.287466906356443,1,0.938,1,"ATG9A"
0.790107017354756,-0.0523981080807161,1,0.938,1,"CHPT1"
0.790107017354756,0.176191473694385,1,0.938,1,"ELOA"
0.790107017354756,-0.257800807799231,1,0.938,1,"GAR1"
0.790107017354756,0.125324574736991,1,0.938,1,"GINS1"
0.790107017354756,-0.145280186569155,1,0.938,1,"HIP1"
0.790107017354756,-0.608770605254168,1,0.938,1,"IFNAR1"
0.790107017354756,0.185800177473613,1,0.938,1,"KIFC3"
0.790107017354756,0.104676359539412,1,0.938,1,"KPNA4"
0.790107017354756,-0.0852845381400273,1,0.938,1,"LSM2"
0.790107017354756,-0.461384532878069,1,0.938,1,"MED20"
0.790107017354756,0.276746701202693,1,0.938,1,"NAXD"
0.790107017354756,0.499855711305774,1,0.938,1,"P3H4"
0.790107017354756,-0.255029276793453,1,0.938,1,"PAAF1"
0.790107017354756,-0.229260973998521,1,0.938,1,"PITRM1"
0.790107017354756,-0.330402544352285,1,0.938,1,"PNMA1"
0.790107017354756,-0.0684742911206246,1,0.938,1,"PRKRA"
0.790107017354756,-0.158385003162681,1,0.938,1,"RFXANK"
0.790107017354756,-0.23259524687855,1,0.938,1,"RNF11"
0.790107017354756,-0.191183941714322,1,0.938,1,"SIPA1L3"
0.790107017354756,-0.0730601096150627,1,0.938,1,"SNX19"
0.790107017354756,-0.103816003245869,1,0.938,1,"TAFAZZIN"
0.790107017354756,0.148578466052751,1,0.938,1,"TBC1D4"
0.790107017354756,0.0197056647247384,1,0.938,1,"TMF1"
0.790107017354756,0.414367359119022,1,0.938,1,"VAMP4"
0.790107017354756,-0.252840663169287,1,0.938,1,"WDR82"
0.790107017354756,0.493358963920032,1,0.938,1,"ZNF432"
0.790107017354756,-0.665491662739996,1,1,1,"ACYP2"
0.790107017354756,-0.0180196272843718,1,1,1,"ALDH3A2"
0.790107017354756,-0.160433703073342,1,1,1,"ANAPC13"
0.790107017354756,0.226166398890467,1,1,1,"ANXA5"
0.790107017354756,-0.524488597693471,1,1,1,"ARMC8"
0.790107017354756,0.0781094744782944,1,1,1,"BRD7"
0.790107017354756,-0.315110035956961,1,1,1,"C15orf61"
0.790107017354756,-0.345582663886046,1,1,1,"C5orf22"
0.790107017354756,0.283706311322517,1,1,1,"CAMK1D"
0.790107017354756,0.10036262579419,1,1,1,"CCNI"
0.790107017354756,-0.191156274988575,1,1,1,"CEBPZ"
0.790107017354756,-0.0188912013935987,1,1,1,"CGGBP1"
0.790107017354756,-0.0516820445944646,1,1,1,"CHLSN"
0.790107017354756,-0.503382770041558,1,1,1,"CLPX"
0.790107017354756,-0.33190539973102,1,1,1,"CLTB"
0.790107017354756,-0.150606785220551,1,1,1,"CMPK1"
0.790107017354756,-0.197297541005376,1,1,1,"COA7"
0.790107017354756,-0.153623955619313,1,1,1,"CYB5RL"
0.790107017354756,0.0599005617786403,1,1,1,"DCTN4"
0.790107017354756,-0.200694374122318,1,1,1,"DDX27"
0.790107017354756,0.257542161138823,1,1,1,"DNAJC21"
0.790107017354756,0.144019396723304,1,1,1,"DNAJC5"
0.790107017354756,0.263916951013455,1,1,1,"DPP9"
0.790107017354756,0.0826601241194478,1,1,1,"EEF1A1"
0.790107017354756,0.526568368077593,1,1,1,"EFHC1"
0.790107017354756,-0.1841335049483,1,1,1,"EHD1"
0.790107017354756,-0.214522340410044,1,1,1,"EHD4"
0.790107017354756,-0.00501499451764431,1,1,1,"ERVK3-1"
0.790107017354756,0.196750872000272,1,1,1,"G3BP2"
0.790107017354756,-0.170910626642689,1,1,1,"GART"
0.790107017354756,-0.0427943395914117,1,1,1,"GPX4"
0.790107017354756,0.215878828996686,1,1,1,"GSDMD"
0.790107017354756,-0.0453663585633146,1,1,1,"GSPT1"
0.790107017354756,-0.122031612435968,1,1,1,"H2AJ"
0.790107017354756,0.113625558910193,1,1,1,"HELZ"
0.790107017354756,-0.228411585506736,1,1,1,"HNRNPA0"
0.790107017354756,-0.155436778993129,1,1,1,"INTS11"
0.790107017354756,0.381831829356641,1,1,1,"IRAK1"
0.790107017354756,-0.294603581810876,1,1,1,"ISY1"
0.790107017354756,-0.086896853480201,1,1,1,"KANSL3"
0.790107017354756,-0.220646496242026,1,1,1,"KCMF1"
0.790107017354756,0.20395301852391,1,1,1,"KDELR1"
0.790107017354756,-0.215003028665463,1,1,1,"KLF10"
0.790107017354756,-0.0804113731143659,1,1,1,"LCLAT1"
0.790107017354756,-0.0997577340154354,1,1,1,"MAPKAPK5"
0.790107017354756,-0.508095600301737,1,1,1,"METTL6"
0.790107017354756,0.214363507094543,1,1,1,"MMP24OS"
0.790107017354756,-0.0777360270345735,1,1,1,"MRFAP1"
0.790107017354756,0.367864907743622,1,1,1,"MTO1"
0.790107017354756,-0.316951405967548,1,1,1,"MTPN"
0.790107017354756,0.0520398656168446,1,1,1,"NASP"
0.790107017354756,-0.265129955632847,1,1,1,"OARD1"
0.790107017354756,0.00705277673505034,1,1,1,"PCNA"
0.790107017354756,-0.398546229834021,1,1,1,"PCSK7"
0.790107017354756,-0.158956029653505,1,1,1,"PDCL3"
0.790107017354756,-0.171496696420803,1,1,1,"POLD3"
0.790107017354756,-0.0780813736552304,1,1,1,"POLR2F"
0.790107017354756,0.00847210351332794,1,1,1,"POMP"
0.790107017354756,0.268808357324656,1,1,1,"PPM1B"
0.790107017354756,0.0971890100744286,1,1,1,"PRORP"
0.790107017354756,-0.103789573748426,1,1,1,"PUM2"
0.790107017354756,0.318324561194243,1,1,1,"RABGAP1"
0.790107017354756,-0.020637539196505,1,1,1,"RAD23B"
0.790107017354756,0.343183603246736,1,1,1,"RETREG3"
0.790107017354756,-0.0843665772045856,1,1,1,"RPL10"
0.790107017354756,0.0754421330257946,1,1,1,"RPN1"
0.790107017354756,-0.142652618505846,1,1,1,"SDF2"
0.790107017354756,0.0264570963256996,1,1,1,"SEC22B"
0.790107017354756,0.0934453262567869,1,1,1,"SEMA4B"
0.790107017354756,-0.16605941958019,1,1,1,"SF3B1"
0.790107017354756,0.0654873356496468,1,1,1,"SLC2A1"
0.790107017354756,-0.473241752914846,1,1,1,"SMIM12"
0.790107017354756,-0.138117709488353,1,1,1,"SNRPD3"
0.790107017354756,-0.00678258863006675,1,1,1,"SUPT4H1"
0.790107017354756,0.94364552057444,1,1,1,"TARS1"
0.790107017354756,0.100969492243599,1,1,1,"TASOR"
0.790107017354756,-0.01270194784456,1,1,1,"TFG"
0.790107017354756,-0.0306536995177966,1,1,1,"TIMM44"
0.790107017354756,-0.243714989463061,1,1,1,"TM9SF1"
0.790107017354756,-0.048882720480977,1,1,1,"TMEM14B"
0.790107017354756,0.186108397377816,1,1,1,"TMEM33"
0.790107017354756,0.333750091130122,1,1,1,"TP53INP1"
0.790107017354756,-0.461354155186818,1,1,1,"TPR"
0.790107017354756,0.212962399710478,1,1,1,"TSC1"
0.790107017354756,-0.0262029923356071,1,1,1,"TSG101"
0.790107017354756,-0.070701221655793,1,1,1,"TXLNA"
0.790107017354756,-0.072628624167745,1,1,1,"UEVLD"
0.790107017354756,0.233246580367879,1,1,1,"UHMK1"
0.790107017354756,-0.190510129119696,1,1,1,"USP10"
0.790107017354756,-0.607932655483256,1,1,1,"USP13"
0.790107017354756,0.100992890574037,1,1,1,"UTP11"
0.790107017354756,-0.0472154938311986,1,1,1,"VPS28"
0.790107017354756,-0.61136540368668,1,1,1,"WDR75"
0.790107017354756,0.103579053768603,1,1,1,"WWTR1"
0.790107017354756,0.0299276227484411,1,1,1,"ZC3H14"
0.790107017354756,0.143928457542632,1,1,1,"ZCCHC17"
0.790107017354756,-0.213658727331943,1,1,1,"ZNF714"
0.790107017354756,-0.136814757805499,1,1,1,"ZNF90"
0.790400355377867,-1.14254484371891,0.357,0.25,1,"MVB12B"
0.790401964480436,-0.0151562438554209,0.5,0.562,1,"PINX1"
0.790956568499376,-1.42765003494374,0.429,0.375,1,"ZNF202"
0.795284628067803,-0.304968135224905,0.643,0.688,1,"BBC3"
0.795284628067803,-0.129779453951943,0.643,0.688,1,"ZCCHC3"
0.795563374143681,-0.247672295907316,0.643,0.812,1,"NR4A3"
0.795563374143681,-0.501723691856568,0.786,0.688,1,"ZNF343"
0.795686807439074,0.376754633734318,0.643,0.812,1,"SART3"
0.795686807439074,-0.391557423524064,0.786,0.688,1,"CDR2"
0.795686807439074,-0.158715149166232,0.786,0.688,1,"GCAT"
0.795686807439074,1.47873237001084,0.786,0.688,1,"LRP1"
0.797140322167778,0.873942651849508,0.786,0.812,1,"LPCAT4"
0.797140322167778,-0.87151822806038,0.786,0.812,1,"PROSER1"
0.797237941056992,-0.343804199903301,0.786,0.938,1,"AP1AR"
0.797237941056992,-0.521423959363172,0.929,0.812,1,"DFFB"
0.797237941056992,0.170797534194404,0.929,0.812,1,"LY6G5B"
0.797404613826558,0.207310993747511,0.786,0.938,1,"MYSM1"
0.797703026711618,-0.528315100849829,0.786,0.812,1,"CCDC163"
0.797703026711618,-3.19763443191353,0.786,0.812,1,"PAFAH2"
0.797703026711618,-0.178284870684469,0.786,0.812,1,"RPS9"
0.798266363894077,-3.1591572121559,0.429,0.375,1,"BRICD5"
0.798266363894077,0.668976327795721,0.429,0.375,1,"SOCS7"
0.798908134512035,0.108660559459444,0.929,0.938,1,"ARHGEF26"
0.798908134512035,0.189082867087378,0.929,0.938,1,"INTS12"
0.798908134512035,0.455320487618033,0.929,0.938,1,"NR4A1"
0.798908134512035,0.594333187964562,0.929,0.938,1,"NSUN4"
0.798908134512035,-0.437383430867594,0.929,0.938,1,"PTPRN2"
0.798908134512035,-0.34830925825627,0.929,0.938,1,"RRP8"
0.798908134512035,0.319870179084057,0.929,0.938,1,"TARS3"
0.798908134512035,0.173713976134304,0.929,0.938,1,"USP20"
0.798908134512035,-0.0858064163412235,0.929,0.938,1,"ZFP36"
0.799138676275897,-0.0196122600953537,0.929,0.938,1,"ARPIN-AP3S2"
0.799138676275897,0.13169472664682,0.929,0.938,1,"FEN1"
0.799138676275897,-1.34034648545647,0.929,0.938,1,"FURIN"
0.799138676275897,-0.272492738545297,0.929,0.938,1,"MEIOC"
0.799138676275897,0.200363998839395,0.929,0.938,1,"TTYH3"
0.800217668943306,-0.215474359015385,0.5,0.375,1,"RGS14"
0.801842147381761,-0.515120097053326,0.571,0.5,1,"GLIPR2"
0.801842147381761,-1.34801857681576,0.571,0.5,1,"MARCHF3"
0.803759661277033,0.10727526780533,0.429,0.5,1,"STIMATE-MUSTN1"
0.804597701149425,-0.416779940756149,0.214,0.125,1,"GNAO1"
0.804597701149425,-0.638994935855738,0.214,0.125,1,"MFNG"
0.804691868032273,-0.221408185196282,0.571,0.5,1,"BORCS6"
0.804691868032273,-0.410808290843013,0.571,0.5,1,"CRELD1"
0.804691868032273,0.201889924666105,0.571,0.5,1,"MSX2"
0.804691868032273,0.162034828414462,0.571,0.5,1,"PPP1R3F"
0.804691868032273,-2.10084863698994,0.571,0.5,1,"WNK4"
0.80808832597805,-0.120476154713634,0.571,0.438,1,"CTRL"
0.80808832597805,0.775096667764239,0.5,0.5,1,"FRAT2"
0.808995502248876,0.0119716383648754,0.357,0.312,1,"FERMT3"
0.808995502248876,-0.154331377417922,0.357,0.312,1,"MSANTD7"
0.809640339788826,0.384691681293788,0.571,0.625,1,"URB2"
0.809648550337834,1.62082686436821,0.571,0.75,1,"PCDHGB6"
0.809931216022536,0.680148489689344,0.714,0.625,1,"MOSPD2"
0.809931216022536,-0.432624024275297,0.714,0.625,1,"TRIM68"
0.810554722638681,0.266772714267778,0.286,0.375,1,"TET1"
0.811713977892375,-0.302095027429493,0.714,0.75,1,"SMPD1"
0.811713977892375,1.39569977762643,0.714,0.75,1,"ZNF573"
0.812688736471118,0.453378369416113,0.714,0.875,1,"ZNF616"
0.812688736471118,-0.548726699559904,0.857,0.75,1,"AIRIM"
0.812703300912324,-0.149529691032916,0.857,1,1,"CD68"
0.812703300912324,-0.636261018937482,1,0.875,1,"KHDC1"
0.812703300912324,-0.530171934932185,1,0.875,1,"SLC35D1"
0.812769906756288,0.698014594352524,0.714,0.75,1,"SLC43A2"
0.812777677208868,0.478581169938947,0.857,0.75,1,"NEDD1"
0.812777677208868,0.207818859185672,0.857,0.75,1,"TMEM243"
0.812900725419883,1.06982590998391,0.857,1,1,"CERS4"
0.812900725419883,0.450590076743024,0.857,1,1,"RPF1"
0.812900725419883,0.145909993018215,0.857,1,1,"WDR59"
0.812900725419883,-1.00491522267737,1,0.875,1,"CAMSAP1"
0.812900725419883,0.187748974979578,1,0.875,1,"LPIN3"
0.812900725419883,0.121091117415947,1,0.875,1,"PTPRG"
0.812900725419883,-0.0303076089061975,1,0.875,1,"XRCC3"
0.812985361464435,-0.106086026967547,0.643,0.5,1,"STK32C"
0.812985361464435,-0.721150711058556,0.571,0.562,1,"ANO8"
0.812985361464435,1.16582781542402,0.571,0.562,1,"ARL15"
0.812985361464435,-0.0710471374869965,0.571,0.562,1,"ZNF441"
0.813199729684522,-1.27946317748895,0.5,0.438,1,"ARHGAP30"
0.813925586226494,0.723891365509842,0.857,0.875,1,"ACAP1"
0.813925586226494,0.311369134600707,0.857,0.875,1,"FBXO48"
0.813925586226494,0.291912448034872,0.857,0.875,1,"MAP3K14"
0.814220643376283,0.172639058090722,0.857,0.875,1,"METTL13"
0.814220643376283,-0.0761266522829604,0.857,0.875,1,"REV1"
0.814220643376283,0.683352812122128,0.857,0.875,1,"ZNF487"
0.814682607096864,-0.269787374059898,0.571,0.562,1,"SPRY2"
0.816454586604187,0.26974342433787,0.643,0.625,1,"B4GALNT4"
0.816454586604187,0.19175890565073,0.643,0.625,1,"JAG1"
0.816454586604187,0.035286856034122,0.643,0.625,1,"LRRC23"
0.816454586604187,0.957340865096115,0.643,0.625,1,"PANK1"
0.817571358799444,-0.470970505123423,0.643,0.625,1,"NLE1"
0.818452734417105,0.220373008234829,0.5,0.438,1,"EFCAB10"
0.818452734417105,-1.02019797442044,0.5,0.438,1,"RAP1GAP"
0.818853813547303,-1.14719558237586,0.857,0.562,1,"SAMD10"
0.818853813547303,0.193713051939852,0.786,0.625,1,"B4GAT1"
0.818853813547303,-0.0396000666937262,0.714,0.688,1,"EIF2AK3"
0.818853813547303,-0.186993224761655,0.714,0.688,1,"ENTR1"
0.819524974354928,-0.582102817174331,0.714,0.688,1,"IQGAP3"
0.819709443523852,0.159351454901282,0.357,0.438,1,"WDR81"
0.819709443523852,0.465569505146038,0.357,0.438,1,"ZBTB14"
0.820396901652373,0.234557740318162,0.857,0.688,1,"DEAF1"
0.820396901652373,-0.171443157241366,0.786,0.75,1,"FHIP2A"
0.820396901652373,0.1079583224669,0.786,0.75,1,"ZNF846"
0.82074460533751,-0.0436766906800374,0.714,0.812,1,"ELF4"
0.82074460533751,-0.305669124841166,0.786,0.75,1,"FAM120C"
0.82074460533751,-1.19360113219415,0.786,0.75,1,"PSKH1"
0.821292222825636,-0.429230867351079,1,0.688,1,"RPP25L"
0.821292222825636,0.729873432576612,0.929,0.75,1,"RAI1"
0.821292222825636,0.195856684889205,0.786,0.875,1,"C6orf136"
0.821292222825636,-0.180225964967072,0.857,0.812,1,"BRD1"
0.821292222825636,0.0425662402991516,0.857,0.812,1,"EDEM3"
0.821292222825636,0.233487784834817,0.857,0.812,1,"TUBA1A"
0.821431362062347,-0.161826272839731,0.786,0.875,1,"DOCK1"
0.821431362062347,-0.228846806917253,0.786,0.875,1,"ZNF22"
0.821431362062347,-0.453958630327092,0.857,0.812,1,"KIAA0753"
0.821431362062347,-0.637811088336605,0.857,0.812,1,"TRIB2"
0.821558109833972,-1.86084389268867,0.286,0.188,1,"GASK1A"
0.821558109833972,-0.716349889394582,0.286,0.188,1,"HOXB4"
0.821712157337224,0.0340618228245662,0.786,1,1,"RNF138"
0.821712157337224,0.237516962276636,1,0.812,1,"SLC25A43"
0.821712157337224,-0.158876596118719,1,0.812,1,"TFIP11"
0.821712157337224,0.253516446910119,0.857,0.938,1,"ASL"
0.821712157337224,0.267859007815803,0.857,0.938,1,"KLHL12"
0.821712157337224,0.250837107902536,0.857,0.938,1,"VCPIP1"
0.821712157337224,-0.469056249243686,0.929,0.875,1,"DMPK"
0.821712157337224,0.199526131487512,0.929,0.875,1,"NUDT14"
0.821712157337224,-0.240358948767,0.929,0.875,1,"SCNN1A"
0.821712157337224,-0.151701717750748,0.929,0.875,1,"ZNRF3"
0.821743706749996,-0.387351927321437,1,0.812,1,"ABHD4"
0.821743706749996,-0.586949677743237,1,0.812,1,"CRY2"
0.821743706749996,-0.326958218547512,1,0.812,1,"LYSMD3"
0.821743706749996,-0.740936693622554,1,0.812,1,"PHC2"
0.821743706749996,-0.482753984962009,1,0.812,1,"TAPT1"
0.821743706749996,-0.353121095965882,0.857,0.938,1,"MON1B"
0.821743706749996,0.0527609439918231,0.857,0.938,1,"YAP1"
0.821743706749996,-0.970665407266595,0.929,0.875,1,"CCDC69"
0.821743706749996,0.758767591057395,0.929,0.875,1,"EFR3B"
0.821743706749996,-0.298886335543305,0.929,0.875,1,"MED8"
0.821743706749996,0.0565877054175044,0.929,0.875,1,"PDRG1"
0.821743706749996,0.122496536009347,0.929,0.875,1,"TIMM21"
0.821825193354475,0.0896719986680781,0.929,1,1,"ARL6IP5"
0.821825193354475,0.0544744722052082,0.929,1,1,"EXOC1"
0.821825193354475,0.15040452510318,0.929,1,1,"KIFBP"
0.821825193354475,0.135093622130845,0.929,1,1,"LAP3"
0.821825193354475,0.393801373283244,0.929,1,1,"NPHP3"
0.821825193354475,-0.0375209516970312,0.929,1,1,"RBM6"
0.821825193354475,0.15681896612711,0.929,1,1,"RBPJ"
0.821825193354475,0.256803932094992,0.929,1,1,"RRP12"
0.821825193354475,0.280215441708171,0.929,1,1,"SUCO"
0.821825193354475,0.0878932071251297,0.929,1,1,"TBL3"
0.821825193354475,0.664427568105476,1,0.938,1,"BLTP3A"
0.821825193354475,0.259927063485765,1,0.938,1,"CCN1"
0.821825193354475,0.138877149680863,1,0.938,1,"DELE1"
0.821825193354475,-0.174459725194124,1,0.938,1,"DNAJC16"
0.821825193354475,-0.229929263290454,1,0.938,1,"GCFC2"
0.821825193354475,-0.325978721915821,1,0.938,1,"KCTD21"
0.821825193354475,0.346716916679095,1,0.938,1,"LIMCH1"
0.821825193354475,0.0246389001108849,1,0.938,1,"PPIL1"
0.821825193354475,0.173628917201802,1,0.938,1,"SORD"
0.821825193354475,-0.563552026337876,1,0.938,1,"STX4"
0.821825193354475,-0.32262378377197,1,0.938,1,"TCTN2"
0.821825193354475,-0.287992540202535,1,0.938,1,"TEX2"
0.821825193354475,0.0922000749576721,1,0.938,1,"TNIP2"
0.821825193354475,0.181521631228303,1,0.938,1,"TOB1"
0.821825193354475,0.310367293527758,1,0.938,1,"WDPCP"
0.821825193354475,0.557976176647124,1,0.938,1,"WDR31"
0.821825193354475,0.0610997477422957,1,0.938,1,"ZNF529"
0.821825193354475,-0.157033166739654,1,1,1,"ADAM10"
0.821825193354475,-0.719364677914655,1,1,1,"AQR"
0.821825193354475,-0.0463563321715368,1,1,1,"ARFGEF1"
0.821825193354475,-0.0876734117842783,1,1,1,"ASH1L"
0.821825193354475,0.0418764047187343,1,1,1,"CCDC12"
0.821825193354475,-0.353657548324237,1,1,1,"CCDC66"
0.821825193354475,0.0604698293145374,1,1,1,"CCPG1"
0.821825193354475,0.0405845190514187,1,1,1,"CDK16"
0.821825193354475,0.179191933271611,1,1,1,"CS"
0.821825193354475,0.124645581839879,1,1,1,"CSTF3"
0.821825193354475,-0.0638581341644198,1,1,1,"CYB561A3"
0.821825193354475,0.218346573553801,1,1,1,"DAP"
0.821825193354475,-0.0625708225114927,1,1,1,"DAP3"
0.821825193354475,-0.700718388232011,1,1,1,"DDI2"
0.821825193354475,-0.139709366328082,1,1,1,"DEDD"
0.821825193354475,0.064677463022214,1,1,1,"EIF3A"
0.821825193354475,-0.428575400903991,1,1,1,"EPN2"
0.821825193354475,-0.0163208957169383,1,1,1,"ESYT2"
0.821825193354475,-0.210625523226762,1,1,1,"FADS3"
0.821825193354475,-0.0950289497710433,1,1,1,"GABARAP"
0.821825193354475,-0.194179540018537,1,1,1,"GLRX3"
0.821825193354475,-0.130419803574705,1,1,1,"GNL3"
0.821825193354475,0.108079488012686,1,1,1,"GORASP2"
0.821825193354475,-0.325287482568248,1,1,1,"GTF2F2"
0.821825193354475,-0.110357793609781,1,1,1,"HAUS5"
0.821825193354475,-0.0810343949533028,1,1,1,"HDGF"
0.821825193354475,-0.13759646170762,1,1,1,"HIF1AN"
0.821825193354475,-0.0868432947954396,1,1,1,"IBA57"
0.821825193354475,-0.360037695971672,1,1,1,"ING5"
0.821825193354475,-0.17157727671408,1,1,1,"INO80E"
0.821825193354475,0.421241720866535,1,1,1,"INTS6"
0.821825193354475,0.017820021719551,1,1,1,"INTU"
0.821825193354475,-0.176398222446272,1,1,1,"KDM2A"
0.821825193354475,0.0247454462230148,1,1,1,"KMT2D"
0.821825193354475,0.101197215798206,1,1,1,"LAMP1"
0.821825193354475,0.0820954865515997,1,1,1,"LYPLA1"
0.821825193354475,-1.00728260877731,1,1,1,"LYRM7"
0.821825193354475,-0.0451738300784035,1,1,1,"MAEA"
0.821825193354475,0.0204097012966713,1,1,1,"MCRIP1"
0.821825193354475,0.168221341122482,1,1,1,"MED28"
0.821825193354475,0.559886915694949,1,1,1,"MORC4"
0.821825193354475,0.0554928341015488,1,1,1,"MRPL30"
0.821825193354475,0.101308719768018,1,1,1,"MTMR12"
0.821825193354475,0.0283514518167456,1,1,1,"MYADM"
0.821825193354475,0.104859031270073,1,1,1,"NDRG3"
0.821825193354475,0.0548659301083774,1,1,1,"NDUFA8"
0.821825193354475,0.201142881329386,1,1,1,"NME1"
0.821825193354475,0.439605935290637,1,1,1,"NUP133"
0.821825193354475,-0.273411659374614,1,1,1,"NUP43"
0.821825193354475,-0.0439823053824773,1,1,1,"NUP62"
0.821825193354475,0.802911467699409,1,1,1,"P2RX4"
0.821825193354475,-0.112921581472647,1,1,1,"P3H1"
0.821825193354475,0.0389131570682375,1,1,1,"PAFAH1B3"
0.821825193354475,0.0723139196936091,1,1,1,"PGBD4"
0.821825193354475,-0.00582204575590062,1,1,1,"PHACTR4"
0.821825193354475,0.062011667011479,1,1,1,"PIGT"
0.821825193354475,-0.0508741260139702,1,1,1,"PLEKHB2"
0.821825193354475,0.426432705498328,1,1,1,"PLIN2"
0.821825193354475,0.373640336899915,1,1,1,"PPP2R5E"
0.821825193354475,0.0554954516273547,1,1,1,"PRDX4"
0.821825193354475,0.0659525805204719,1,1,1,"PRKCSH"
0.821825193354475,0.031583860343356,1,1,1,"PRPF40A"
0.821825193354475,0.00283207579805911,1,1,1,"PSMA3"
0.821825193354475,0.144193460591763,1,1,1,"RAB2A"
0.821825193354475,0.0723842174022922,1,1,1,"RABEPK"
0.821825193354475,0.206758936565119,1,1,1,"RAP1GDS1"
0.821825193354475,0.101605476311702,1,1,1,"RBM12"
0.821825193354475,0.094686596348204,1,1,1,"RBMS2"
0.821825193354475,-0.745880192193553,1,1,1,"RC3H1"
0.821825193354475,-0.127225918144406,1,1,1,"RIC8A"
0.821825193354475,-0.181038107562525,1,1,1,"RNPEPL1"
0.821825193354475,-0.185326335836738,1,1,1,"RPL34"
0.821825193354475,-0.0235348081243281,1,1,1,"RPL39L"
0.821825193354475,0.00117539608245831,1,1,1,"RREB1"
0.821825193354475,0.198593757798036,1,1,1,"RWDD1"
0.821825193354475,-0.102100532079703,1,1,1,"SARS1"
0.821825193354475,-0.0386782672143475,1,1,1,"SDHA"
0.821825193354475,0.29712213671228,1,1,1,"SIN3A"
0.821825193354475,-0.571349340640277,1,1,1,"SLC35D4"
0.821825193354475,0.35365865551073,1,1,1,"SLC35E1"
0.821825193354475,0.0493390044660007,1,1,1,"SPPL3"
0.821825193354475,0.00975786029388903,1,1,1,"SRSF1"
0.821825193354475,-0.0331983908495266,1,1,1,"SRSF6"
0.821825193354475,0.16859823016188,1,1,1,"SSNA1"
0.821825193354475,0.173293435162134,1,1,1,"SUZ12"
0.821825193354475,-0.279316148751621,1,1,1,"TBCC"
0.821825193354475,-0.0933138810854999,1,1,1,"TIMCC"
0.821825193354475,-0.189927192186147,1,1,1,"TRAP1"
0.821825193354475,-0.216257016990005,1,1,1,"UBAP1"
0.821825193354475,-0.0936275453565365,1,1,1,"UBE2V1"
0.821825193354475,-0.130896738158733,1,1,1,"UBR4"
0.821825193354475,-0.157208279185213,1,1,1,"UFD1"
0.821825193354475,-0.178160848507739,1,1,1,"VIRMA"
0.821825193354475,0.137285668005727,1,1,1,"VKORC1"
0.821825193354475,0.164397222320025,1,1,1,"ZFHX3"
0.821825193354475,-0.801220661239044,1,1,1,"ZFYVE26"
0.821825193354475,-0.0538032278049636,1,1,1,"ZNF148"
0.821825193354475,-0.0445316955948307,1,1,1,"ZNF394"
0.821825193354475,0.359693163185677,1,1,1,"ZNF814"
0.8238257066857,2.91326089489914,0.5,0.562,1,"CD160"
0.823930243340662,0.311590708882134,0.643,0.562,1,"CCDC22"
0.823930243340662,-0.537588364668461,0.643,0.562,1,"LRFN3"
0.823930243340662,-0.127459041491814,0.643,0.562,1,"SLC19A1"
0.825737059230962,0.070504681575807,0.643,0.688,1,"AASDH"
0.825737059230962,0.82858066082847,0.643,0.688,1,"ERMAP"
0.825737059230962,0.47197298317026,0.643,0.688,1,"SKAP1"
0.827586206896552,-0.264683055943154,0.071,0.125,1,"ARL2-SNX15"
0.827586206896552,-0.126147885627541,0.071,0.125,1,"C19orf73"
0.827586206896552,-0.261297528098084,0.071,0.125,1,"GLIS2"
0.827586206896552,-0.540222873565835,0.071,0.125,1,"ITGB3"
0.827586206896552,-0.113659846184348,0.071,0.125,1,"MROH7-TTC4"
0.827586206896552,-2.04487407612679,0.071,0.125,1,"SFT2D3"
0.827586206896552,-1.81702373489891,0.071,0.125,1,"TSNAXIP1"
0.827694566889242,0.0135731686237337,0.643,0.812,1,"HEATR1"
0.827694566889242,-0.388048235985781,0.786,0.688,1,"NLGN2"
0.827704826637249,0.0298323943990372,0.643,0.688,1,"ZXDB"
0.82772424589219,-0.446541301801595,0.786,0.688,1,"BICD1"
0.829116779759416,1.07647894363188,0.643,0.938,1,"ZNF219"
0.829116779759416,-0.0509330791546274,0.929,0.688,1,"MPC1"
0.829116779759416,-0.498567917568054,0.929,0.688,1,"NBL1"
0.829116779759416,0.54345937637794,0.786,0.812,1,"MSL2"
0.82919808757472,0.644069864823444,0.786,0.938,1,"OSBPL6"
0.82919808757472,-0.0904491479226142,0.929,0.812,1,"ANKDD1A"
0.82919808757472,0.0896317058922453,0.929,0.812,1,"CHPF"
0.82919808757472,0.306837076846925,0.929,0.812,1,"NME3"
0.82919808757472,-0.274946647150256,0.929,0.812,1,"RIOX1"
0.82919808757472,-0.025642692778364,0.929,0.812,1,"RRP9"
0.82964042574516,0.179112857832861,0.786,0.812,1,"BICRAL"
0.82964042574516,-0.626416974550289,0.786,0.812,1,"DAB2"
0.82964042574516,-0.345782761835889,0.786,0.812,1,"GLMN"
0.82964042574516,0.639992185517849,0.786,0.812,1,"NRP2"
0.830749661289066,0.479563372083429,0.929,0.938,1,"EHD2"
0.830749661289066,-0.29571422144353,0.929,0.938,1,"FHIP1B"
0.830749661289066,-0.130221053743369,0.929,0.938,1,"PLEKHA2"
0.830749661289066,0.145292620163274,0.929,0.938,1,"RPRD2"
0.830749661289066,0.00152995207557716,0.929,0.938,1,"TBP"
0.830947085796627,-0.655793104036586,0.929,0.938,1,"EDC3"
0.830947085796627,-0.16578860973086,0.929,0.938,1,"LDLRAP1"
0.830947085796627,-0.355457496311661,0.929,0.938,1,"NDFIP2"
0.834246970082211,-0.481760537096643,0.429,0.375,1,"ATRIP"
0.835256056182435,-1.0843022632407,0.5,0.375,1,"KRABD3"
0.835256056182435,-0.7474301407176,0.5,0.375,1,"PLEKHA8"
0.835256056182435,0.337202034859759,0.429,0.438,1,"ARVCF"
0.835256056182435,-0.5933382960464,0.429,0.438,1,"ERO1B"
0.835720192879136,1.12009918263518,0.429,0.625,1,"MTERF2"
0.835720192879136,-0.547860487042733,0.571,0.5,1,"CTF1"
0.837802907971539,-0.251242669092721,0.429,0.5,1,"C8orf58"
0.837803320561941,-1.1852756986973,0.143,0.125,1,"ANGPTL8"
0.837803320561941,-0.489573943848994,0.143,0.125,1,"MICA"
0.838499113016591,1.91852404437769,0.357,0.5,1,"NKRF"
0.84058415236826,0.36223230906356,0.286,0.375,1,"IL18BP"
0.84058415236826,0.67823604634738,0.286,0.375,1,"SLC43A1"
0.842228215097818,0.340332330276291,0.571,0.75,1,"PGCKA1"
0.842331857806907,1.88688459715155,0.571,0.75,1,"PIK3IP1"
0.842530808898956,-0.479558230981445,0.571,0.625,1,"ADM"
0.842530808898956,0.102704981984075,0.571,0.625,1,"CENPS-CORT"
0.844029007168243,0.615442580886276,0.714,0.75,1,"TRIM23"
0.844631664216052,-0.534035578453852,1,0.875,1,"DHX35"
0.844631664216052,-0.222111317839827,1,0.875,1,"DMAC2"
0.844631664216052,-0.181724016583113,1,0.875,1,"HDHD5"
0.844631664216052,-0.126115423136955,1,0.875,1,"LIPA"
0.844631664216052,0.343566375957278,1,0.875,1,"PCMTD2"
0.844631664216052,-0.387663091997342,1,0.875,1,"PDCL"
0.844631664216052,-0.0970822932919999,1,0.875,1,"TDP2"
0.844759663511897,-0.350542878375567,0.714,0.875,1,"PKP2"
0.844759663511897,-0.337261176655722,0.857,0.75,1,"AGAP2"
0.844759663511897,-0.44270035602575,0.857,0.75,1,"CEP162"
0.844759663511897,-0.518009313101474,0.857,0.75,1,"PLXNA2"
0.84479342715983,0.362977581793941,0.857,0.75,1,"ACTMAP"
0.84479342715983,-1.00728003199444,0.857,0.75,1,"DDIAS"
0.84479342715983,-0.735587637058441,0.857,0.75,1,"GATAD2B"
0.84479342715983,0.191945587744511,0.857,0.75,1,"HTRA2"
0.84479467868405,0.193491758159055,0.857,1,1,"MAN2A2"
0.84479467868405,0.0135760970512333,1,0.875,1,"AGTRAP"
0.84479467868405,0.0168078439408665,1,0.875,1,"BAIAP2L1"
0.84479467868405,-0.148711605769623,1,0.875,1,"DDX11"
0.84479467868405,0.0702629643386201,1,0.875,1,"FAHD1"
0.84479467868405,-0.0256498835755767,1,0.875,1,"GPC1"
0.84479467868405,0.109191624217659,1,0.875,1,"NAT10"
0.84479467868405,0.513635801456828,1,0.875,1,"NDUFC2-KCTD14"
0.84479467868405,0.08680190531366,1,0.875,1,"ZNF629"
0.845016047187964,-0.365917736338257,0.714,0.75,1,"CIT"
0.845016047187964,-1.09588118179989,0.714,0.75,1,"ZNF625"
0.845934968532246,0.151809326020492,1,0.75,1,"LSM14B"
0.845934968532246,0.21136405787467,0.857,0.875,1,"ELK1"
0.845934968532246,0.0570182104830583,0.857,0.875,1,"KLF2"
0.846196880919706,0.0528995253014792,0.857,0.875,1,"TRPV1"
0.846377636775008,-0.8687175775338,0.571,0.562,1,"DGKQ"
0.847514020767394,-1.13579302204305,0.357,0.312,1,"ADGRB2"
0.847514020767394,-1.34374933197465,0.357,0.312,1,"SMAD7"
0.848020434227331,1.19516200734909,0.143,0.188,1,"AMN"
0.848141749558657,0.666564941705178,0.429,0.688,1,"ALG10"
0.848501652166693,-1.32810367089962,0.5,0.438,1,"ALKBH8"
0.848501652166693,-1.02113231742409,0.5,0.438,1,"KIFC1"
0.849299973336345,-0.491479288895554,0.714,0.562,1,"SH3BP5L"
0.849299973336345,-0.067863526419818,0.643,0.625,1,"PER3"
0.849299973336345,0.231916223323409,0.643,0.625,1,"SNX25"
0.850443673931868,-0.786548214934473,0.714,0.562,1,"FAXDC2"
0.850443673931868,-0.332273337342747,0.643,0.625,1,"GPAT3"
0.850443673931868,-0.877396912646276,0.643,0.625,1,"ZNF248"
0.850632461547004,-3.18917258428862,0.286,0.25,1,"TNFSF12-TNFSF13"
0.851300376643463,-0.0602256583829339,0.786,0.625,1,"ATG4D"
0.851300376643463,-1.16939609267175,0.786,0.625,1,"EPHB2"
0.851300376643463,-0.63643571645784,0.786,0.625,1,"MTFR2"
0.851300376643463,0.498542113189667,0.643,0.75,1,"POMGNT2"
0.851300376643463,-0.543335868102951,0.714,0.688,1,"MMRN2"
0.851988164844307,1.12124901096835,0.643,0.75,1,"S100A2"
0.851988164844307,-0.0585298419260409,0.643,0.75,1,"WDR27"
0.852609828556654,0.380749046158664,0.857,0.688,1,"MTF1"
0.852609828556654,-0.740389567968596,0.786,0.75,1,"AMT"
0.852609828556654,0.16897583217205,0.786,0.75,1,"FAM53B"
0.852609828556654,0.0864802760672525,0.786,0.75,1,"LYPLAL1"
0.852609828556654,0.112964205526732,0.786,0.75,1,"PCED1A"
0.852966760513792,-3.73029334967183,0.857,0.688,1,"KDM6B"
0.852966760513792,0.24804945888165,0.714,0.812,1,"N4BP2L1"
0.852966760513792,-0.0819281250262232,0.714,0.812,1,"NR2F6"
0.852966760513792,0.0976347949959817,0.786,0.75,1,"RTEL1-TNFRSF6B"
0.853375197506166,-1.12810955510593,1,0.688,1,"ATP13A2"
0.853375197506166,0.241191596706257,0.857,0.812,1,"ST6GALNAC2"
0.853517802502258,-0.303499550512138,0.786,0.875,1,"SACK1G"
0.853517802502258,-0.971030019227086,0.857,0.812,1,"KIZ"
0.853731868156049,0.136099455522152,1,0.812,1,"FAM222B"
0.853731868156049,-0.488726617431064,1,0.812,1,"PUS10"
0.853731868156049,0.110110316863496,1,0.812,1,"USP24"
0.853731868156049,0.0989201969378986,0.857,0.938,1,"E2F3"
0.853731868156049,0.0796342327612023,0.929,0.875,1,"BUD13"
0.853731868156049,-0.156172394491589,0.929,0.875,1,"SNUPN"
0.853731868156049,0.101867315934322,0.929,0.875,1,"THAP4"
0.853731868156049,-0.107478134213665,0.929,0.875,1,"USP11"
0.853731868156049,0.200266695025427,0.929,0.875,1,"ZNF346"
0.853764352773734,0.0836849106737905,0.786,1,1,"SRR"
0.853764352773734,-0.770963961643004,1,0.812,1,"ARID3B"
0.853764352773734,0.200069498533257,1,0.812,1,"FAHD2B"
0.853764352773734,-0.160577162920639,0.857,0.938,1,"KLC2"
0.853764352773734,-0.349762272071843,0.857,0.938,1,"WDR48"
0.853764352773734,0.159424812284866,0.929,0.875,1,"B3GALT6"
0.853764352773734,-0.520008388148804,0.929,0.875,1,"HIRIP3"
0.853764352773734,-0.205201107645338,0.929,0.875,1,"PDXDC1"
0.853764352773734,-0.0962898549022926,0.929,0.875,1,"RNFT2"
0.853764352773734,0.132009759532517,0.929,0.875,1,"TMEM182"
0.853826337605191,0.10263914938897,0.929,1,1,"AP1B1"
0.853826337605191,-1.6620565695342,0.929,1,1,"DBP"
0.853826337605191,0.144163500853932,0.929,1,1,"FAF2"
0.853826337605191,-0.0744546519250742,0.929,1,1,"IFI35"
0.853826337605191,0.079052322919642,0.929,1,1,"IL17RC"
0.853826337605191,-0.304273652764584,0.929,1,1,"METTL21A"
0.853826337605191,0.650751490249145,0.929,1,1,"NAPRT"
0.853826337605191,0.121430992513246,0.929,1,1,"PPARD"
0.853826337605191,-0.0144035564129421,0.929,1,1,"SCRN3"
0.853826337605191,-0.38966404816444,0.929,1,1,"SIKE1"
0.853826337605191,0.181041071903569,0.929,1,1,"VPS33B"
0.853826337605191,-0.00999232402667083,0.929,1,1,"ZC3H13"
0.853826337605191,0.341399431387068,0.929,1,1,"ZNF620"
0.853826337605191,-0.76756845682346,1,0.938,1,"ALDH16A1"
0.853826337605191,0.0400377139913415,1,0.938,1,"CERCAM"
0.853826337605191,0.114780386654113,1,0.938,1,"DGCR6L"
0.853826337605191,-0.144717299939827,1,0.938,1,"EHBP1"
0.853826337605191,0.512799188607698,1,0.938,1,"EXT1"
0.853826337605191,0.0471369221213402,1,0.938,1,"GIT2"
0.853826337605191,-0.137556723917957,1,0.938,1,"GMPR2"
0.853826337605191,-0.0340349665510038,1,0.938,1,"GNB5"
0.853826337605191,0.196634414769591,1,0.938,1,"INPP5K"
0.853826337605191,-0.0847547775793727,1,0.938,1,"MFSD11"
0.853826337605191,0.544400120340343,1,0.938,1,"MGAT4B"
0.853826337605191,0.233930759905928,1,0.938,1,"PIGX"
0.853826337605191,-0.175633302348511,1,0.938,1,"SIPA1L1"
0.853826337605191,0.697540821565646,1,0.938,1,"SLC5A6"
0.853826337605191,-0.175423396214478,1,0.938,1,"SNRNP25"
0.853826337605191,-0.062550147295469,1,0.938,1,"TOP2B"
0.853826337605191,0.141254345173107,1,0.938,1,"VPS11"
0.853826337605191,0.171815082684266,1,0.938,1,"XRCC2"
0.853826337605191,0.224086164755843,1,0.938,1,"ZSWIM1"
0.853826337605191,0.076711036487036,1,1,1,"ABCF3"
0.853826337605191,-0.0360799061392099,1,1,1,"ALKBH5"
0.853826337605191,-0.138668873318056,1,1,1,"ANKRD11"
0.853826337605191,0.294552441058981,1,1,1,"ANKRD17"
0.853826337605191,0.235551151224308,1,1,1,"ANKRD40"
0.853826337605191,-0.0827485895090945,1,1,1,"AP2S1"
0.853826337605191,0.813840838150051,1,1,1,"ARFGEF2"
0.853826337605191,-0.0356524065890431,1,1,1,"ATG13"
0.853826337605191,0.0437315312605886,1,1,1,"ATP6AP2"
0.853826337605191,-0.0599838104822252,1,1,1,"ATP6V1E1"
0.853826337605191,0.145968773825546,1,1,1,"BLTP3B"
0.853826337605191,-1.038085136057,1,1,1,"BOD1L1"
0.853826337605191,-0.312599313556138,1,1,1,"BORCS8"
0.853826337605191,-0.462606734489252,1,1,1,"CDC40"
0.853826337605191,-0.0661419000749053,1,1,1,"CEBPB"
0.853826337605191,0.282567834447301,1,1,1,"CEP250"
0.853826337605191,0.180978080717322,1,1,1,"CEP68"
0.853826337605191,0.133127464409643,1,1,1,"CHCHD2"
0.853826337605191,0.0389700800584194,1,1,1,"CNN2"
0.853826337605191,-0.279595626565861,1,1,1,"COA4"
0.853826337605191,-0.086937869768918,1,1,1,"COQ4"
0.853826337605191,-0.0401104084564619,1,1,1,"CRTAP"
0.853826337605191,-0.00108446474889323,1,1,1,"DOCK6"
0.853826337605191,0.0365124540546304,1,1,1,"DPP7"
0.853826337605191,-0.802962876893647,1,1,1,"EFCAB11"
0.853826337605191,-0.943140622582112,1,1,1,"EMC1"
0.853826337605191,-0.095285563197562,1,1,1,"EMC3"
0.853826337605191,-0.0043157967865266,1,1,1,"EPC1"
0.853826337605191,-0.26685733499148,1,1,1,"ETF1"
0.853826337605191,-0.495990491584646,1,1,1,"FARP2"
0.853826337605191,0.454747812885412,1,1,1,"FBXO45"
0.853826337605191,-0.136514112749146,1,1,1,"FEM1A"
0.853826337605191,-0.148210131215267,1,1,1,"FNDC3B"
0.853826337605191,-0.158220313015105,1,1,1,"FTSJ1"
0.853826337605191,-0.164115851302497,1,1,1,"GALNT10"
0.853826337605191,-0.0625949448086018,1,1,1,"GATAD2A"
0.853826337605191,0.0600543064181247,1,1,1,"GDI1"
0.853826337605191,0.248119334001665,1,1,1,"GFM2"
0.853826337605191,0.221655838181649,1,1,1,"GLOD4"
0.853826337605191,-0.0788322583371581,1,1,1,"GOT2"
0.853826337605191,0.00813409326960102,1,1,1,"GPN3"
0.853826337605191,0.149053253975531,1,1,1,"GUSB"
0.853826337605191,0.222734436558617,1,1,1,"HAT1"
0.853826337605191,0.0637137709709723,1,1,1,"HEBP2"
0.853826337605191,0.0847523578131835,1,1,1,"HECTD1"
0.853826337605191,0.0403969469692891,1,1,1,"HELLS"
0.853826337605191,-0.205717510691839,1,1,1,"HINFP"
0.853826337605191,-0.0917051677431227,1,1,1,"IARS1"
0.853826337605191,0.138408011399155,1,1,1,"IFT81"
0.853826337605191,-0.294321523011721,1,1,1,"IP6K2"
0.853826337605191,-0.0512342583306111,1,1,1,"JAGN1"
0.853826337605191,-0.0186374993223417,1,1,1,"KANTR"
0.853826337605191,-0.129649323846003,1,1,1,"KIF1C"
0.853826337605191,-0.385335265452554,1,1,1,"KLHL21"
0.853826337605191,0.0489724806188541,1,1,1,"KRTCAP2"
0.853826337605191,0.553210995775022,1,1,1,"LCOR"
0.853826337605191,0.00297250957016004,1,1,1,"LTAP1"
0.853826337605191,0.134950888773288,1,1,1,"MAGED2"
0.853826337605191,-0.1957724374562,1,1,1,"MANSC1"
0.853826337605191,-0.192890601708132,1,1,1,"MCTS1"
0.853826337605191,0.158055163149937,1,1,1,"MIB1"
0.853826337605191,0.0357280288848081,1,1,1,"MRPL34"
0.853826337605191,-0.186426283611548,1,1,1,"MRPL54"
0.853826337605191,0.0987770783139226,1,1,1,"MRPL9"
0.853826337605191,-0.0723947002624596,1,1,1,"MRPS34"
0.853826337605191,-0.0170728608405613,1,1,1,"MRPS7"
0.853826337605191,0.118547559538475,1,1,1,"MVK"
0.853826337605191,-0.158273181898659,1,1,1,"MYO5A"
0.853826337605191,-0.0805911520813343,1,1,1,"NDUFB2"
0.853826337605191,0.133613696024684,1,1,1,"NDUFV2"
0.853826337605191,0.000400487511701186,1,1,1,"NGDN"
0.853826337605191,-0.0375216612519544,1,1,1,"NSA2"
0.853826337605191,0.267917490692626,1,1,1,"PABPN1"
0.853826337605191,-0.029903450363685,1,1,1,"PDHA1"
0.853826337605191,0.328939689108624,1,1,1,"PFDN2"
0.853826337605191,-0.192196562988211,1,1,1,"PIGO"
0.853826337605191,0.263711692918781,1,1,1,"PNKD"
0.853826337605191,0.191755455011956,1,1,1,"PNP"
0.853826337605191,-0.147776361857035,1,1,1,"POLR3C"
0.853826337605191,0.0401619200951693,1,1,1,"PRELID1"
0.853826337605191,0.128926772965455,1,1,1,"PSMB4"
0.853826337605191,0.0565759819860201,1,1,1,"RACK1"
0.853826337605191,-0.573818070609024,1,1,1,"RAD54L2"
0.853826337605191,-0.204115374968397,1,1,1,"RBM26"
0.853826337605191,-0.128095613886273,1,1,1,"RFC1"
0.853826337605191,0.180408656595115,1,1,1,"RIN2"
0.853826337605191,-0.0321465393339766,1,1,1,"ROCK1"
0.853826337605191,-0.00292330637310911,1,1,1,"RPL19"
0.853826337605191,0.005738882234402,1,1,1,"RPL36A"
0.853826337605191,-0.159318616660656,1,1,1,"RPL38"
0.853826337605191,-0.108984110967485,1,1,1,"SCAND1"
0.853826337605191,-0.0421735355413295,1,1,1,"SDAD1"
0.853826337605191,0.099550322890062,1,1,1,"SERBP1"
0.853826337605191,0.307277426758636,1,1,1,"SERF2"
0.853826337605191,0.0983331010790263,1,1,1,"SETMAR"
0.853826337605191,0.0621860842158828,1,1,1,"SNRPE"
0.853826337605191,0.668085982178448,1,1,1,"SNTB2"
0.853826337605191,-0.214918017319893,1,1,1,"SPRED2"
0.853826337605191,-0.127436358060393,1,1,1,"SRSF2"
0.853826337605191,0.0297137570698229,1,1,1,"SUB1"
0.853826337605191,0.0556817922563972,1,1,1,"SUMF1"
0.853826337605191,0.0798994076714568,1,1,1,"SUMF2"
0.853826337605191,-0.0930061151338597,1,1,1,"SYNCRIP"
0.853826337605191,0.260152800194416,1,1,1,"TACC1"
0.853826337605191,-0.15847480673081,1,1,1,"TIMM17A"
0.853826337605191,-0.0553975660876613,1,1,1,"TLE5"
0.853826337605191,0.123988303636088,1,1,1,"TMEM87A"
0.853826337605191,1.26936098050174,1,1,1,"TPCN1"
0.853826337605191,-0.233018057209776,1,1,1,"TRIM28"
0.853826337605191,0.223803064471749,1,1,1,"TSFM"
0.853826337605191,-0.064818569236416,1,1,1,"UBE3C"
0.853826337605191,-0.0688836732079654,1,1,1,"UQCRH"
0.853826337605191,-0.00388992789359577,1,1,1,"WDR1"
0.853826337605191,-0.245878928580534,1,1,1,"XBP1"
0.853826337605191,-0.299361311675534,1,1,1,"YTHDC1"
0.853826337605191,-0.216913239413328,1,1,1,"ZC3H8"
0.853826337605191,0.0472430320782493,1,1,1,"ZYX"
0.855194624909767,-0.194206840989358,0.357,0.312,1,"PDGFRL"
0.855194624909767,0.613796121054841,0.357,0.312,1,"ZNF416"
0.855194624909767,0.487782318563915,0.357,0.312,1,"ZNF79"
0.855887611749681,1.15244184269823,0.214,0.25,1,"STX16-NPEPL1"
0.856291854072963,-0.0505362430180853,0.286,0.312,1,"CALHM2"
0.856298785591724,-0.809452851258667,0.643,0.562,1,"CHRNA5"
0.858536098307915,-0.801343985338564,0.643,0.688,1,"NUAK1"
0.860025412130537,-0.298584202887464,0.786,0.688,1,"ZNF460"
0.861171987105863,0.0847797205580267,0.786,0.938,1,"ERMARD"
0.861171987105863,0.0384343612754963,0.786,0.938,1,"IGBP1"
0.861171987105863,-0.514075005242118,0.929,0.812,1,"DLG3"
0.861171987105863,-0.575730237229894,0.929,0.812,1,"GPATCH1"
0.861171987105863,-0.720827394330537,0.929,0.812,1,"PBLD"
0.861171987105863,-0.796191555260251,0.929,0.812,1,"TBPL1"
0.861171987105863,0.500722781926923,0.929,0.812,1,"ZNF195"
0.861263252102879,0.661662786048646,0.786,0.938,1,"NICN1"
0.861263252102879,-0.0758059567275233,0.929,0.812,1,"ADGRA3"
0.861263252102879,0.09297139986188,0.929,0.812,1,"CEP57L1"
0.861263252102879,0.14689635836948,0.929,0.812,1,"DNAJB2"
0.861263252102879,-0.0284721163489712,0.929,0.812,1,"MTHFD1L"
0.861263252102879,-0.0481690192896305,0.929,0.812,1,"MYL5"
0.861263252102879,-0.139988603478248,0.929,0.812,1,"XPC"
0.861359179371443,-0.168077369990699,0.929,0.688,1,"RSBN1"
0.861359179371443,-0.361920628326039,0.929,0.688,1,"SMAD1"
0.861359179371443,0.27457754965612,0.786,0.812,1,"ANAPC4"
0.861359179371443,0.0346621830556773,0.786,0.812,1,"TNFSF13"
0.86183856816002,-0.161197186457738,0.786,0.812,1,"PDCD2L"
0.86183856816002,-0.0297545572425806,0.786,0.812,1,"PEX11A"
0.862801389123119,-0.293632373364762,0.429,0.5,1,"THNSL1"
0.862857996526332,0.431456903067126,0.929,0.938,1,"C19orf47"
0.862857996526332,0.493317367491475,0.929,0.938,1,"MVD"
0.862857996526332,-0.1371717998163,0.929,0.938,1,"POMT2"
0.863021010994331,1.56340361774954,0.929,0.938,1,"ARL10"
0.863021010994331,0.00555410143697654,0.929,0.938,1,"ATP8B2"
0.863021010994331,-0.290560706860715,0.929,0.938,1,"DNAJC18"
0.863021010994331,-0.388176375069893,0.929,0.938,1,"GRK6"
0.863021010994331,0.0747739267083487,0.929,0.938,1,"ISYNA1"
0.863021010994331,-0.839261992911736,0.929,0.938,1,"N4BP2"
0.86437670053862,-1.74425468813111,0.357,0.375,1,"GRIP1"
0.865900383141762,0.248785865736795,0.214,0.125,1,"HLA-DMA"
0.865900383141762,3.14202358454617,0.214,0.188,1,"ABCC11"
0.865900383141762,1.1142219036412,0.214,0.188,1,"C1QTNF9B"
0.865900383141762,0.799193758297081,0.214,0.188,1,"ZFHX2"
0.870382586484536,1.46872796422477,0.286,0.375,1,"APOC1"
0.871127243395846,-0.113469352593444,0.429,0.375,1,"CASTOR1"
0.871521652314538,-0.310476786077716,0.571,0.5,1,"CNNM4"
0.871521652314538,-0.0201804359109481,0.571,0.5,1,"RDH5"
0.871521652314538,-0.253314931121864,0.571,0.5,1,"TMEM234"
0.872219824040508,0.129700171553199,0.429,0.5,1,"SH3TC1"
0.872554008513459,-0.204374369741639,0.571,0.625,1,"DNAH17"
0.872865789327558,1.34541064740017,0.286,0.25,1,"ARID5A"
0.874741108977675,-2.11356315045648,0.5,0.375,1,"NUDT12"
0.874741108977675,0.879940153351457,0.429,0.438,1,"CHKB-CPT1B"
0.874741108977675,-0.422304600100627,0.429,0.438,1,"FAM229A"
0.875033112958485,0.0361215636375731,0.714,0.625,1,"TBC1D25"
0.875755765048332,-0.673110480447707,0.571,0.625,1,"HS6ST1"
0.875755765048332,0.188065151658056,0.571,0.625,1,"LFNG"
0.876617996471321,0.072931869819902,0.714,0.75,1,"BBS7"
0.876617996471321,-0.0733790209684422,0.714,0.75,1,"FAM76B"
0.876662556234783,-0.605648674369286,0.571,0.438,1,"DORIP1"
0.876662556234783,-0.372358098923212,0.571,0.438,1,"SULF2"
0.876814870858345,0.128140199558766,0.857,1,1,"RBBP8"
0.876814870858345,-0.140345421929412,0.857,1,1,"THAP12"
0.876814870858345,-0.413222774702712,1,0.875,1,"AP4E1"
0.876814870858345,0.00123590566506149,1,0.875,1,"GOLGA8A"
0.876814870858345,-0.194821265426852,1,0.875,1,"PIDD1"
0.876814870858345,-0.167072072147443,1,0.875,1,"ZWILCH"
0.876942595093922,-0.225121165209559,0.857,1,1,"DARS2"
0.876942595093922,-0.247184313482598,1,0.875,1,"BRD2"
0.876942595093922,-0.352248649072951,1,0.875,1,"C8orf76"
0.876942595093922,-0.285208703165342,1,0.875,1,"CLBA1"
0.876942595093922,-0.537186765321134,1,0.875,1,"GPR137"
0.876942595093922,0.0586198537268618,1,0.875,1,"MED9"
0.876942595093922,-0.184033310812026,1,0.875,1,"PHYKPL"
0.876942595093922,-0.340020815020527,1,0.875,1,"PTCD1"
0.876942595093922,0.781969431630688,1,0.875,1,"ZNF518A"
0.876942595093922,0.0405765304116787,1,0.875,1,"ZNF519"
0.87707313869725,-0.476069990163111,0.857,0.75,1,"FOSB"
0.87707313869725,0.0160853357965371,0.857,0.75,1,"STX12"
0.877097041434563,-0.309551509719051,0.714,0.875,1,"BRPF1"
0.877097041434563,-0.587114921485843,0.857,0.75,1,"KRABD4"
0.877097041434563,-0.0672529308182233,0.857,0.75,1,"PRTFDC1"
0.877528666007553,-0.536646541346856,0.857,0.625,1,"AGA"
0.877528666007553,-0.217999527070967,0.714,0.75,1,"ADAP1"
0.878195150790618,-0.0965975117137412,1,0.75,1,"ALG12"
0.878195150790618,1.10080302628004,0.857,0.875,1,"AKAP10"
0.878195150790618,0.0947906641606151,0.857,0.875,1,"FBXO42"
0.878195150790618,-0.538582271953947,0.857,0.875,1,"NEK8"
0.878195150790618,0.532368058705781,0.857,0.875,1,"REXO4"
0.878421497885389,-0.516092751618173,1,0.75,1,"RBM15B"
0.878421497885389,-0.496603175988096,0.857,0.875,1,"PYROXD2"
0.878421497885389,-0.277469764892234,0.857,0.875,1,"RCL1"
0.878421497885389,-0.146120342219707,0.857,0.875,1,"SLC25A51"
0.879270375132351,0.234930666460959,0.5,0.5,1,"XKR8"
0.880001980433932,-0.425599809554416,0.643,0.5,1,"ABTB2"
0.880001980433932,-0.998634614100412,0.643,0.5,1,"PMF1-BGLAP"
0.880001980433932,0.559704096484633,0.571,0.562,1,"HIC2"
0.881781826664927,-0.133588212148648,0.571,0.562,1,"HIVEP3"
0.881781826664927,-1.93417620667873,0.571,0.562,1,"LPXN"
0.881932367149759,-1.07650895720962,0.357,0.312,1,"INPP5J"
0.882362905234689,0.910841819284965,0.714,0.562,1,"BMP8B"
0.882362905234689,0.508251936714676,0.643,0.625,1,"MMP24"
0.882362905234689,-0.727946547105636,0.643,0.625,1,"POMK"
0.883540644538412,0.0532137469551688,0.643,0.625,1,"ZSCAN26"
0.883780332056194,1.06305765471012,0.214,0.25,1,"ZBTB22"
0.884007160506434,-0.159156474894339,0.786,0.625,1,"BDP1"
0.884007160506434,-0.322120567880342,0.786,0.625,1,"SYNGR1"
0.884491912970244,-0.951763907748632,0.5,0.438,1,"FZD7"
0.884710668401609,0.439983327248212,0.643,0.75,1,"ARNT2"
0.884710668401609,0.338236725559293,0.714,0.688,1,"AQP3"
0.88507200132304,-0.185726827955221,0.786,0.75,1,"ZNF816"
0.885435974823046,0.281113654715752,0.714,0.812,1,"PEX3"
0.885435974823046,0.225134757621706,0.714,0.812,1,"RAB4B"
0.88569125825804,-0.0563938109990731,0.929,0.75,1,"ABHD5"
0.88569125825804,0.287487619744269,0.929,0.75,1,"EPB41L4B"
0.88569125825804,0.106632230916126,0.786,0.875,1,"DCUN1D2"
0.88569125825804,0.210289867407268,0.786,0.875,1,"PCK2"
0.88569125825804,-0.0198026228181307,0.857,0.812,1,"SGSM3"
0.885837507802686,0.267765618866739,0.857,0.812,1,"ELOVL6"
0.885837507802686,-0.927922776654772,0.857,0.812,1,"GSAP"
0.885837507802686,-0.12067894584434,0.857,0.812,1,"PC"
0.885837507802686,-0.432209550116165,0.857,0.812,1,"SHISA4"
0.88598443124499,-0.303381819635543,1,0.812,1,"NAGPA"
0.88598443124499,0.122030515333209,1,0.812,1,"RBM19"
0.88598443124499,-0.303962680467275,1,0.812,1,"TET3"
0.88598443124499,0.0234095828398813,0.857,0.938,1,"ERCC6L2"
0.88598443124499,-0.0172046043205647,0.857,0.938,1,"NEIL1"
0.88598443124499,0.077853458179379,0.929,0.875,1,"APBB3"
0.88598443124499,-0.929612298690438,0.929,0.875,1,"BBS5"
0.88598443124499,0.420552251180051,0.929,0.875,1,"INTS2"
0.88598443124499,0.369977992996994,0.929,0.875,1,"LRRC45"
0.88598443124499,0.336137120983583,0.929,0.875,1,"MED31"
0.88598443124499,-0.24799848752002,0.929,0.875,1,"RFX7"
0.886017644772385,-0.0289199850735029,0.857,0.938,1,"MED11"
0.886017644772385,-0.326172140364649,0.929,0.875,1,"ERICH1"
0.886017644772385,-0.176037449288871,0.929,0.875,1,"HPS3"
0.886017644772385,-0.174600227669727,0.929,0.875,1,"NAA16"
0.886017644772385,0.0391463263811109,0.929,0.875,1,"UBN2"
0.886064487536074,-0.273032307901107,0.929,1,1,"CDC42BPB"
0.886064487536074,-0.0604775470295262,0.929,1,1,"COMMD7"
0.886064487536074,0.0188466154860367,0.929,1,1,"CYLD"
0.886064487536074,0.0194192454315338,0.929,1,1,"EXOSC8"
0.886064487536074,0.729984980397054,0.929,1,1,"FAM47E"
0.886064487536074,0.12506052593552,0.929,1,1,"GPATCH4"
0.886064487536074,0.0431855624087545,0.929,1,1,"GRK2"
0.886064487536074,-0.509578210756677,0.929,1,1,"KDM2B"
0.886064487536074,0.0658318495855763,0.929,1,1,"MBD3"
0.886064487536074,0.933522141936188,0.929,1,1,"PIGA"
0.886064487536074,0.24039203553603,0.929,1,1,"PRDM2"
0.886064487536074,0.0757346994010355,0.929,1,1,"PTPN9"
0.886064487536074,-0.16270396619455,0.929,1,1,"RBM14"
0.886064487536074,0.125564623859194,0.929,1,1,"RIOX2"
0.886064487536074,-0.207995922167393,0.929,1,1,"SLC25A25"
0.886064487536074,0.0815812493893393,0.929,1,1,"SPRYD7"
0.886064487536074,0.0600817828209781,0.929,1,1,"STIL"
0.886064487536074,0.133146419380337,1,0.938,1,"APPL2"
0.886064487536074,0.216385806900482,1,0.938,1,"ARHGAP21"
0.886064487536074,0.00268202157460307,1,0.938,1,"CASP2"
0.886064487536074,-0.540270222263666,1,0.938,1,"CHD9"
0.886064487536074,-0.0849570202486003,1,0.938,1,"COIL"
0.886064487536074,-0.325496895948799,1,0.938,1,"CRISPLD2"
0.886064487536074,-0.154047577191386,1,0.938,1,"FBXL12"
0.886064487536074,0.0197406284999051,1,0.938,1,"IREB2"
0.886064487536074,0.081076623628868,1,0.938,1,"ITGB3BP"
0.886064487536074,-0.128030982702636,1,0.938,1,"ITGB5"
0.886064487536074,-0.828671691873984,1,0.938,1,"KLHL18"
0.886064487536074,-2.54901572673242,1,0.938,1,"MAP3K12"
0.886064487536074,-0.175987942550473,1,0.938,1,"MBD1"
0.886064487536074,0.0659849505052508,1,0.938,1,"NECAP2"
0.886064487536074,0.058345763229263,1,0.938,1,"PCCA"
0.886064487536074,0.10236998954525,1,0.938,1,"PLAGL2"
0.886064487536074,0.652715075870617,1,0.938,1,"RAP2C"
0.886064487536074,-0.301895151441937,1,0.938,1,"RCOR1"
0.886064487536074,0.0833440942584573,1,0.938,1,"SERPINH1"
0.886064487536074,0.142355927001161,1,0.938,1,"SLX4"
0.886064487536074,-0.0767700732777605,1,0.938,1,"SNX17"
0.886064487536074,0.112711296030015,1,0.938,1,"SUOX"
0.886064487536074,-0.127532239328132,1,0.938,1,"TELO2"
0.886064487536074,0.0860105680952987,1,0.938,1,"XRN2"
0.886064487536074,-0.622958068240232,1,0.938,1,"ZC3H6"
0.886064487536074,0.00965988867912593,1,1,1,"ACTL6A"
0.886064487536074,0.232173609549289,1,1,1,"AP1M2"
0.886064487536074,0.0819893611898337,1,1,1,"ATP5ME"
0.886064487536074,-0.32656436397861,1,1,1,"ATP6V0D1"
0.886064487536074,-0.310101640557311,1,1,1,"BHLHE40"
0.886064487536074,0.995230556516751,1,1,1,"BNIP3"
0.886064487536074,-0.317489820629671,1,1,1,"C12orf43"
0.886064487536074,-0.118319502956008,1,1,1,"C14orf119"
0.886064487536074,-0.112004651189984,1,1,1,"C9orf85"
0.886064487536074,-0.00303014015589298,1,1,1,"CALM1"
0.886064487536074,0.208992184894661,1,1,1,"CCT3"
0.886064487536074,-0.0121817896926881,1,1,1,"CD47"
0.886064487536074,0.0140859797942543,1,1,1,"COMT"
0.886064487536074,-0.0831548444534089,1,1,1,"COX6A1"
0.886064487536074,0.0475518818395049,1,1,1,"COX6B1"
0.886064487536074,-0.0172845509125654,1,1,1,"CYC1"
0.886064487536074,-0.201491202506651,1,1,1,"DAGLB"
0.886064487536074,-0.0327842791431596,1,1,1,"DHX8"
0.886064487536074,-0.304931763935893,1,1,1,"DNAJA2"
0.886064487536074,-0.166244198494778,1,1,1,"DNAJB14"
0.886064487536074,-0.0189579691884827,1,1,1,"EIF1"
0.886064487536074,0.120989849848639,1,1,1,"EIF3H"
0.886064487536074,0.0556023567590049,1,1,1,"EIF4G2"
0.886064487536074,-0.251346041651225,1,1,1,"EMG1"
0.886064487536074,0.291621327073247,1,1,1,"EPS8L2"
0.886064487536074,-0.0616799724711807,1,1,1,"FAM13B"
0.886064487536074,-0.164852479716084,1,1,1,"FCF1"
0.886064487536074,-0.0472520623943957,1,1,1,"FLII"
0.886064487536074,-0.124732517899968,1,1,1,"FUT8"
0.886064487536074,0.040357153859989,1,1,1,"GALK2"
0.886064487536074,-0.152464494021197,1,1,1,"GALT"
0.886064487536074,-0.0457621798217565,1,1,1,"GNB1"
0.886064487536074,0.0792289705552287,1,1,1,"HDLBP"
0.886064487536074,1.27276063560365,1,1,1,"HELB"
0.886064487536074,-0.0165876664352593,1,1,1,"HSCB"
0.886064487536074,-0.410087579679084,1,1,1,"HYKK"
0.886064487536074,-0.00418867713293292,1,1,1,"IL10RB"
0.886064487536074,-0.712341572638387,1,1,1,"INO80"
0.886064487536074,0.0315618203153472,1,1,1,"INO80C"
0.886064487536074,0.0224200701864303,1,1,1,"IQGAP1"
0.886064487536074,0.120955342442342,1,1,1,"KPNA1"
0.886064487536074,-0.786662521052754,1,1,1,"KPNA2"
0.886064487536074,0.0808596123367114,1,1,1,"MAF1"
0.886064487536074,0.269523764461636,1,1,1,"MAU2"
0.886064487536074,0.116281550166912,1,1,1,"METTL26"
0.886064487536074,0.202677094978768,1,1,1,"MOCS3"
0.886064487536074,-0.0236403509877734,1,1,1,"MRFAP1L1"
0.886064487536074,0.576538130326758,1,1,1,"NAA25"
0.886064487536074,0.11035536344624,1,1,1,"NDUFAF2"
0.886064487536074,-0.0892835311496842,1,1,1,"NDUFB1"
0.886064487536074,-0.178991671193732,1,1,1,"NIBAN2"
0.886064487536074,0.220759033488903,1,1,1,"NOP56"
0.886064487536074,-0.433611811483003,1,1,1,"NRDE2"
0.886064487536074,0.233165319431076,1,1,1,"NUDT22"
0.886064487536074,0.0418036477176384,1,1,1,"OSER1"
0.886064487536074,0.366490143577189,1,1,1,"PEAK1"
0.886064487536074,0.381194102485677,1,1,1,"PICALM"
0.886064487536074,0.0859332679660012,1,1,1,"PJA2"
0.886064487536074,0.27325302497302,1,1,1,"PMPCB"
0.886064487536074,0.374886018853534,1,1,1,"PPFIA1"
0.886064487536074,-0.272341451463075,1,1,1,"PPP1R14B"
0.886064487536074,0.045593973873455,1,1,1,"PPP2R2A"
0.886064487536074,0.205906369731544,1,1,1,"PSMC6"
0.886064487536074,0.185701028973801,1,1,1,"PTBP1"
0.886064487536074,0.0755136936102039,1,1,1,"RAB5C"
0.886064487536074,-0.0773245148275077,1,1,1,"RAB7A"
0.886064487536074,0.333472499296664,1,1,1,"RABL6"
0.886064487536074,0.159552634106428,1,1,1,"RMND5B"
0.886064487536074,-0.117629597510167,1,1,1,"RMP64"
0.886064487536074,0.0498143769739574,1,1,1,"RNASEH1"
0.886064487536074,-0.248096726777452,1,1,1,"RNASEH2C"
0.886064487536074,-0.165708819531284,1,1,1,"RPS13"
0.886064487536074,0.00779472217483956,1,1,1,"RPS18"
0.886064487536074,-0.0258998327147371,1,1,1,"SAMM50"
0.886064487536074,0.0960537905822294,1,1,1,"SETDB1"
0.886064487536074,-0.0442461192285695,1,1,1,"SF3B3"
0.886064487536074,-0.132278054718159,1,1,1,"SF3B5"
0.886064487536074,-0.274055997680258,1,1,1,"SKIC3"
0.886064487536074,0.176104828801917,1,1,1,"SLC25A39"
0.886064487536074,-0.08085843827884,1,1,1,"SLC71A2"
0.886064487536074,0.0352709211769344,1,1,1,"SLU7"
0.886064487536074,-0.338309901175974,1,1,1,"SMARCC2"
0.886064487536074,-0.0320770753507169,1,1,1,"SMC6"
0.886064487536074,-0.363769789467,1,1,1,"SNX1"
0.886064487536074,0.094492968476231,1,1,1,"SNX27"
0.886064487536074,0.154020061104908,1,1,1,"SRC"
0.886064487536074,0.154265031594796,1,1,1,"SRSF11"
0.886064487536074,-0.0143536425192883,1,1,1,"STX7"
0.886064487536074,-0.0775145003093733,1,1,1,"SUN1"
0.886064487536074,0.448489112442038,1,1,1,"SVIL"
0.886064487536074,-0.354623465962387,1,1,1,"SYAP1"
0.886064487536074,0.106676676031063,1,1,1,"SYMPK"
0.886064487536074,-0.443388097330064,1,1,1,"SYNE3"
0.886064487536074,0.106262683436197,1,1,1,"TIMM17B"
0.886064487536074,0.118225080886562,1,1,1,"TMEM9B"
0.886064487536074,-0.0528310964955265,1,1,1,"TNRC6A"
0.886064487536074,-0.19580504554729,1,1,1,"TSN"
0.886064487536074,0.00645389413045727,1,1,1,"TSPAN14"
0.886064487536074,-0.432931655311005,1,1,1,"TTLL5"
0.886064487536074,0.0191776598137268,1,1,1,"TYW5"
0.886064487536074,0.300482764868224,1,1,1,"UQCC2"
0.886064487536074,-0.340918413388065,1,1,1,"USP42"
0.886064487536074,0.0311962102790257,1,1,1,"UTP23"
0.886064487536074,0.20566321685948,1,1,1,"VCL"
0.886064487536074,-0.149995782588162,1,1,1,"VPS26A"
0.886064487536074,0.0335261835258165,1,1,1,"VPS39"
0.886064487536074,0.180986537956186,1,1,1,"WDR12"
0.886064487536074,0.0277080653760349,1,1,1,"WIPI1"
0.886064487536074,0.0150494904657306,1,1,1,"YIPF6"
0.886064487536074,-0.291673928773545,1,1,1,"ZNF480"
0.886064487536074,0.325595086340356,1,1,1,"ZNF688"
0.886064487536074,-0.364086763868876,1,1,1,"ZNF875"
0.886064487536074,0.756293858222211,1,1,1,"ZNF888"
0.887188232509132,0.104709993675949,0.5,0.438,1,"BBS10"
0.887847070616738,2.43259685292471,0.357,0.438,1,"PTK2B"
0.889915867659565,0.749220046282386,0.5,0.688,1,"PDXP"
0.889990904100753,-1.3520109353812,0.643,0.562,1,"BTN2A2"
0.889990904100753,-0.257923016450548,0.643,0.562,1,"WDR35"
0.89113929447385,-0.784007727147633,0.5,0.562,1,"HES6"
0.892579853863918,-1.16893434502265,0.786,0.688,1,"ADGRL1"
0.892756112483833,2.17403615722591,0.643,0.812,1,"ADM2"
0.892756112483833,0.369515943734152,0.643,0.812,1,"YIPF1"
0.892756112483833,0.134365669057294,0.643,0.812,1,"ZNF581"
0.893263956257166,-0.304232406567784,0.643,0.688,1,"IQCB1"
0.893263956257166,0.11992687632374,0.643,0.688,1,"ZNF799"
0.893507728419932,-0.273453553389896,0.929,0.812,1,"CIP2A"
0.893507728419932,-0.527614711736326,0.929,0.812,1,"HTT"
0.893507728419932,-0.0951636987077782,0.929,0.812,1,"MUS81"
0.893559632292557,0.302148628178156,0.786,0.938,1,"EXO5"
0.893834596289747,0.0672223754845263,0.786,0.812,1,"GSTM4"
0.893834596289747,0.518471812121796,0.786,0.812,1,"HEATR6"
0.894265258151798,-1.13792622358824,0.786,0.812,1,"AHDC1"
0.894265258151798,0.313019094746276,0.786,0.812,1,"AMPD2"
0.894265258151798,-0.399449843804313,0.786,0.812,1,"XPO4"
0.895186379978225,-0.775302973373514,0.929,0.938,1,"DNAAF5"
0.895186379978225,-0.131281399187607,0.929,0.938,1,"LOC124905564"
0.895186379978225,0.378797455722347,0.929,0.938,1,"NBAS"
0.895186379978225,-0.75438270506706,0.929,0.938,1,"SOCS4"
0.895314104213803,0.610121770667536,0.929,0.938,1,"ARL14EP"
0.895314104213803,-0.131061241277388,0.929,0.938,1,"FAM120B"
0.895314104213803,-0.303737367751697,0.929,0.938,1,"PIP4K2C"
0.895314104213803,-0.440697747579464,0.929,0.938,1,"SLCO4A1"
0.896551724137931,0.118253947078909,0.143,0.062,1,"GADD45G"
0.896551724137931,-0.56692241746585,0.143,0.062,1,"HBB"
0.896551724137931,0.220025920642442,0.143,0.062,1,"HSPB8"
0.896551724137931,0.41731927708798,0.143,0.062,1,"LSMEM2"
0.896551724137931,-0.533079762811357,0.143,0.062,1,"MAGEE1"
0.896551724137931,0.339539980661554,0.143,0.062,1,"PBX2"
0.896551724137931,0.00548155197327863,0.143,0.062,1,"SPEF1"
0.896551724137931,-1.44631257097788,0.143,0.062,1,"TLE6"
0.896551724137931,-1.12499968198578,0.143,0.062,1,"WNT4"
0.896551724137931,-0.352899174752648,0.143,0.062,1,"ZNF8-ERVK3-1"
0.897178077627853,0.263251848962804,0.286,0.375,1,"ZNF513"
0.898402247104861,0.776281580747345,0.429,0.5,1,"RHOBTB1"
0.901086766558241,-0.982834907404604,0.429,0.375,1,"FIZ1"
0.901086766558241,-0.972731702844592,0.429,0.375,1,"ZNF443"
0.906263070735015,0.978852160026596,0.429,0.5,1,"AATK"
0.906302404353379,-0.373231248984719,0.357,0.375,1,"THAP10"
0.906603306533867,1.23100060336207,0.429,0.438,1,"SLC22A4"
0.906603306533867,0.14514130863539,0.429,0.438,1,"TMC8"
0.906937642289966,-0.461679219637161,0.429,0.375,1,"CCNJ"
0.906937642289966,-0.0333012738378704,0.429,0.375,1,"IZUMO4"
0.908223040182695,-0.583077341231973,0.714,0.625,1,"CBX7"
0.908223040182695,-0.513001016054817,0.714,0.625,1,"DEF6"
0.908223040182695,-0.200165901906628,0.714,0.625,1,"PDSS1"
0.909198018809653,-1.1652906552395,1,0.875,1,"CEP76"
0.909198018809653,0.200531361795915,1,0.875,1,"NT5DC2"
0.909198018809653,-0.176192481066767,1,0.875,1,"UROD"
0.909289847680219,-0.273724082427689,1,0.875,1,"DGCR8"
0.909289847680219,-0.0887960638727607,1,0.875,1,"EBPL"
0.909289847680219,0.0379057785303418,1,0.875,1,"LSG1"
0.909289847680219,-0.000889965603172893,1,0.875,1,"NELFA"
0.909289847680219,-0.194323494987219,1,0.875,1,"SPATS2"
0.909289847680219,0.0831733323141246,1,0.875,1,"TNPO3"
0.90939152370839,-0.564602939532138,0.857,0.625,1,"SLC24A1"
0.90939152370839,0.177752954036554,0.714,0.75,1,"ZNF695"
0.909546410145461,0.127974256748231,0.714,0.875,1,"TBC1D30"
0.909546410145461,0.0324447865376822,0.857,0.75,1,"MAP3K10"
0.909546410145461,-0.606822476462149,0.857,0.75,1,"STAT5B"
0.90962971214771,-0.253371089859397,0.857,0.75,1,"EXOC6"
0.90962971214771,-0.294332229797063,0.857,0.75,1,"MXD3"
0.90962971214771,-0.41739749874659,0.857,0.75,1,"SPRYD3"
0.910210831976512,-0.558117093793849,0.857,0.625,1,"TBC1D22B"
0.910515034880221,-0.308957983728167,0.429,0.438,1,"RPS6KA1"
0.9106454272004,-0.117603536418406,0.857,0.875,1,"ARL13B"
0.9106454272004,-0.128894401850622,0.857,0.875,1,"GCC1"
0.9106454272004,0.0735409057157286,0.857,0.875,1,"SEMA3C"
0.9106454272004,-0.158597845054798,0.857,0.875,1,"SLC25A35"
0.9106454272004,-0.0187696898474199,0.857,0.875,1,"SLC26A6"
0.9106454272004,-0.370882193346513,0.857,0.875,1,"ZNF680"
0.910834531134846,-0.120050366272973,1,0.75,1,"SLC30A1"
0.910834531134846,-0.220262771807791,0.857,0.875,1,"EID2B"
0.913874125888552,0.0669601342928217,0.5,0.5,1,"PRDM11"
0.913885925974062,1.77696284407307,0.5,0.625,1,"AMZ1"
0.913885925974062,0.097908649245102,0.571,0.562,1,"ANKRD37"
0.913885925974062,0.295591251417993,0.571,0.562,1,"CCNE1"
0.913885925974062,0.0172156241017576,0.571,0.562,1,"CCNQ"
0.913885925974062,0.556963148226689,0.571,0.562,1,"DYRK4"
0.914502748625687,0.219274446703853,0.286,0.312,1,"DEPTOR"
0.915661384993778,0.545712804270786,0.571,0.688,1,"KIF24"
0.916862724468519,0.771365476478909,0.571,0.688,1,"CPT1B"
0.916862724468519,0.00633987006965886,0.571,0.688,1,"SLC2A13"
0.916862724468519,-0.609633271946634,0.643,0.625,1,"NDST2"
0.916899321237214,0.336338094400845,0.714,0.688,1,"AMACR"
0.916899321237214,0.109235972110748,0.714,0.688,1,"PIM2"
0.916899321237214,-0.438407410776952,0.714,0.688,1,"TRIM35"
0.916899321237214,-0.522293273350362,0.714,0.688,1,"ZNF689"
0.916899321237214,0.320608681607642,0.714,0.688,1,"ZNF703"
0.917612896338209,0.470916775863146,0.571,0.812,1,"GLIPR1"
0.917612896338209,-0.92537152572677,0.714,0.688,1,"OGFOD2"
0.917612896338209,1.00677461457976,0.714,0.688,1,"SLC4A5"
0.917612896338209,-0.509834427819756,0.714,0.688,1,"TST"
0.917612896338209,-1.34065664990325,0.714,0.688,1,"ZNF551"
0.917612896338209,-0.130508899278796,0.714,0.688,1,"ZNF786"
0.917714971203768,-0.0238010340138812,0.786,0.75,1,"ELMO2"
0.917714971203768,0.27640226875454,0.786,0.75,1,"MBNL2"
0.918084597192288,-0.0636702167172638,0.714,0.812,1,"ZBTB48"
0.918084597192288,-0.80054730703991,0.786,0.75,1,"HIVEP2"
0.918197000570922,0.578724562373844,0.857,0.812,1,"ARHGEF2"
0.918197000570922,0.0897332938672277,0.857,0.812,1,"MYD88"
0.918197000570922,-0.190428620832943,0.857,0.812,1,"SLC25A17"
0.918197000570922,0.114428116913516,0.857,0.812,1,"SLC30A6"
0.918197000570922,-0.754438791152666,0.857,0.812,1,"SNRK"
0.918345629386889,-0.952670968989778,0.929,0.75,1,"BBS4"
0.918345629386889,-0.625688500435767,0.929,0.75,1,"DYRK2"
0.918345629386889,-0.30502279439536,0.929,0.75,1,"STK40"
0.918345629386889,-0.116495760431854,0.929,0.75,1,"ZNF20"
0.918345629386889,-0.701972555116733,0.786,0.875,1,"E2F5"
0.918345629386889,-0.00648155219400337,0.786,0.875,1,"IPO4"
0.918345629386889,-0.0375984783908567,0.786,0.875,1,"YJU2B"
0.918345629386889,-0.800205714263016,0.857,0.812,1,"CDHR3"
0.918345629386889,-0.175860409132872,0.857,0.812,1,"MPV17L2"
0.918345629386889,0.102265755205694,0.857,0.812,1,"NSUN5"
0.918345629386889,-0.331889789338606,0.857,0.812,1,"PPP1R35"
0.918345629386889,-0.387420605309899,0.857,0.812,1,"USP28"
0.918424172846497,-0.144901359944357,1,0.812,1,"PES1"
0.918424172846497,0.34412122449833,0.857,0.938,1,"F12"
0.918424172846497,-0.0409266596999416,0.857,0.938,1,"MYO5C"
0.918424172846497,0.081226989587984,0.929,0.875,1,"ARMH4"
0.918424172846497,0.599229707233023,0.929,0.875,1,"ERCC8"
0.918424172846497,0.173565487797586,0.929,0.875,1,"PRPS2"
0.918457991506483,-0.102625294938308,1,0.812,1,"UNK"
0.918457991506483,-0.390825921835032,0.857,0.938,1,"MYO18A"
0.918457991506483,-0.552708943081278,0.857,0.938,1,"TRIM69"
0.918484521069359,0.0595111141474085,0.929,1,1,"ARRB2"
0.918484521069359,0.758250491715973,0.929,1,1,"ATG5"
0.918484521069359,0.102803978980587,0.929,1,1,"ENO2"
0.918484521069359,0.26400513198561,0.929,1,1,"FAM168A"
0.918484521069359,-0.0584715987502546,0.929,1,1,"LTB4R"
0.918484521069359,0.308551642193871,0.929,1,1,"PABPC4"
0.918484521069359,-0.0403729503844765,0.929,1,1,"PALS1"
0.918484521069359,-0.0107339062838321,0.929,1,1,"PNPLA2"
0.918484521069359,0.152528129285828,0.929,1,1,"PRPSAP1"
0.918484521069359,0.637066329100411,0.929,1,1,"PTPN12"
0.918484521069359,0.135502765662451,0.929,1,1,"RIOK2"
0.918484521069359,-0.176804459859093,0.929,1,1,"SMURF1"
0.918484521069359,0.0676156421979281,0.929,1,1,"TAF9B"
0.918484521069359,-0.0433913545421589,0.929,1,1,"TXNL4A"
0.918484521069359,0.0136615556660953,0.929,1,1,"UPF3B"
0.918484521069359,0.0515607767755393,1,0.938,1,"ARHGAP17"
0.918484521069359,0.000361949351910695,1,0.938,1,"BAZ1A"
0.918484521069359,-0.438805768136464,1,0.938,1,"EFR3A"
0.918484521069359,0.206723327068749,1,0.938,1,"EPS15"
0.918484521069359,0.0545138104454992,1,0.938,1,"GRAMD2B"
0.918484521069359,0.521414713518123,1,0.938,1,"KMT2C"
0.918484521069359,0.297830878821814,1,0.938,1,"LNPEP"
0.918484521069359,0.0514465450218466,1,0.938,1,"MAN2C1"
0.918484521069359,-0.457541263366049,1,0.938,1,"MOCOS"
0.918484521069359,-0.114325043532466,1,0.938,1,"MSH2"
0.918484521069359,-0.232190325169451,1,0.938,1,"MTHFD2L"
0.918484521069359,-0.32744658254312,1,0.938,1,"POM121"
0.918484521069359,0.0769143217867052,1,0.938,1,"PXMP2"
0.918484521069359,-0.0634782644297296,1,0.938,1,"RSRP1"
0.918484521069359,0.23266421647908,1,0.938,1,"TOP6BL"
0.918484521069359,-0.251327053131758,1,0.938,1,"ZFP64"
0.918484521069359,0.198642805297284,1,1,1,"ANXA4"
0.918484521069359,-0.187103025325869,1,1,1,"ANXA7"
0.918484521069359,0.0523615989626736,1,1,1,"APPL1"
0.918484521069359,-0.0917421045113542,1,1,1,"ARCN1"
0.918484521069359,-0.0533737375369974,1,1,1,"ARGLU1"
0.918484521069359,-0.628720902319127,1,1,1,"B3GALNT2"
0.918484521069359,-0.102943606424891,1,1,1,"B4GALT1"
0.918484521069359,-0.0246217300196898,1,1,1,"BAX"
0.918484521069359,-0.059745527102443,1,1,1,"BECN1"
0.918484521069359,0.0512399349370263,1,1,1,"BLVRA"
0.918484521069359,0.138099940520302,1,1,1,"BMS1"
0.918484521069359,0.101325952443977,1,1,1,"BOLA2"
0.918484521069359,0.0954424948922128,1,1,1,"CHD1"
0.918484521069359,-0.120005499788176,1,1,1,"CHD4"
0.918484521069359,-0.00168122323058295,1,1,1,"CHFR"
0.918484521069359,-0.429693408739794,1,1,1,"CIITA"
0.918484521069359,-0.100624815077523,1,1,1,"CLN6"
0.918484521069359,0.104219689049262,1,1,1,"CLPTM1L"
0.918484521069359,0.348796414656772,1,1,1,"CNKSR3"
0.918484521069359,0.136352885610798,1,1,1,"CNN3"
0.918484521069359,0.157174571738078,1,1,1,"CNOT9"
0.918484521069359,0.229625689814977,1,1,1,"COPG1"
0.918484521069359,-0.197688616908704,1,1,1,"CRTC2"
0.918484521069359,0.12237001412839,1,1,1,"CSNK1D"
0.918484521069359,-0.438741768690162,1,1,1,"CYP20A1"
0.918484521069359,1.06217522042668,1,1,1,"DAPK2"
0.918484521069359,0.188933289837002,1,1,1,"DCAF12"
0.918484521069359,-0.440052540633303,1,1,1,"DDIT3"
0.918484521069359,0.141606317081354,1,1,1,"DHX40"
0.918484521069359,-0.212657211251095,1,1,1,"DVL3"
0.918484521069359,0.260952287932776,1,1,1,"ECE1"
0.918484521069359,0.0587166739760887,1,1,1,"ECT2"
0.918484521069359,0.102244242275708,1,1,1,"EIF3E"
0.918484521069359,0.104046992259275,1,1,1,"ESD"
0.918484521069359,-0.0868211153772043,1,1,1,"ESYT1"
0.918484521069359,-0.158596006577567,1,1,1,"EVI5"
0.918484521069359,-0.870157385188916,1,1,1,"FBLIM1"
0.918484521069359,0.23341942759487,1,1,1,"FER"
0.918484521069359,-0.153901083057096,1,1,1,"FNBP4"
0.918484521069359,-0.0807535317485444,1,1,1,"FPGS"
0.918484521069359,-0.0758892639724915,1,1,1,"GDAP2"
0.918484521069359,-0.0682822927367512,1,1,1,"IK"
0.918484521069359,0.133312835419549,1,1,1,"IST1"
0.918484521069359,-0.24894034099592,1,1,1,"ITGB4"
0.918484521069359,-0.322510753156597,1,1,1,"LPP"
0.918484521069359,-0.574465386328799,1,1,1,"MAPK9"
0.918484521069359,-0.964693595830544,1,1,1,"MBD5"
0.918484521069359,0.0532028514074883,1,1,1,"MCUR1"
0.918484521069359,-0.0571531872236033,1,1,1,"MED17"
0.918484521069359,-0.0626377792650934,1,1,1,"METTL2A"
0.918484521069359,0.086079140621429,1,1,1,"MORF4L2"
0.918484521069359,-0.0990562148431193,1,1,1,"MPLKIP"
0.918484521069359,0.215751696466505,1,1,1,"MRPL57"
0.918484521069359,-0.164529384749682,1,1,1,"MSMO1"
0.918484521069359,-0.132508890253046,1,1,1,"MTCH2"
0.918484521069359,-0.0840034783793486,1,1,1,"NAA38"
0.918484521069359,-0.1308074337256,1,1,1,"NDUFB3"
0.918484521069359,0.0129851856491925,1,1,1,"NFYB"
0.918484521069359,-0.0526162013686191,1,1,1,"NGRN"
0.918484521069359,-0.168501144666386,1,1,1,"NRDC"
0.918484521069359,0.126587244249122,1,1,1,"NSUN2"
0.918484521069359,0.0786762702134194,1,1,1,"PARL"
0.918484521069359,0.097816072371594,1,1,1,"PGD"
0.918484521069359,-0.0907922248501114,1,1,1,"PHF20L1"
0.918484521069359,0.0351318250204145,1,1,1,"PIGS"
0.918484521069359,-0.096336590995783,1,1,1,"POLR2M"
0.918484521069359,0.0177212530482889,1,1,1,"PPIL2"
0.918484521069359,0.00868144587008945,1,1,1,"PPP6R2"
0.918484521069359,0.00771232083093665,1,1,1,"RAB5IF"
0.918484521069359,0.0439209205850633,1,1,1,"RALBP1"
0.918484521069359,0.016281735679569,1,1,1,"RBM5"
0.918484521069359,-0.031991025021755,1,1,1,"RCC1"
0.918484521069359,-0.180608779840491,1,1,1,"RELA"
0.918484521069359,0.257980309564282,1,1,1,"REV3L"
0.918484521069359,0.255555308735756,1,1,1,"RNF114"
0.918484521069359,-0.232847175530922,1,1,1,"RNPEP"
0.918484521069359,-0.000453961854239182,1,1,1,"RPS27L"
0.918484521069359,-0.0192914312501573,1,1,1,"SDC4"
0.918484521069359,-0.0417426805340124,1,1,1,"SLC11A2"
0.918484521069359,0.211417448483019,1,1,1,"SLC25A37"
0.918484521069359,-0.266620306945344,1,1,1,"SLC35E3"
0.918484521069359,0.631761679535662,1,1,1,"SLC38A2"
0.918484521069359,-0.0832414636723016,1,1,1,"SNRPG"
0.918484521069359,-0.162237716531744,1,1,1,"SP100"
0.918484521069359,0.104559176958724,1,1,1,"SRP9"
0.918484521069359,0.133594890931922,1,1,1,"STARD3"
0.918484521069359,0.012928941674792,1,1,1,"STK25"
0.918484521069359,0.269524734693833,1,1,1,"TAGLN2"
0.918484521069359,-0.0652444961931593,1,1,1,"TCEA1"
0.918484521069359,-0.0261975228924811,1,1,1,"TIMM13"
0.918484521069359,0.0743965535056921,1,1,1,"TMED7"
0.918484521069359,-0.102204118497759,1,1,1,"TNFAIP2"
0.918484521069359,-0.381574456679112,1,1,1,"TOR1AIP1"
0.918484521069359,0.109587968012793,1,1,1,"TPI1"
0.918484521069359,-0.131852833471439,1,1,1,"TRNT1"
0.918484521069359,-0.400289183934111,1,1,1,"UBTF"
0.918484521069359,-0.145552420090512,1,1,1,"USP15"
0.918484521069359,0.215851772745056,1,1,1,"VOPP1"
0.918484521069359,-0.271677901608517,1,1,1,"WEE1"
0.918484521069359,0.0647620670500979,1,1,1,"WIPI2"
0.918484521069359,0.220441176366222,1,1,1,"ZDHHC5"
0.918484521069359,-0.112019215073007,1,1,1,"ZFP30"
0.918484521069359,-1.15757369501862,1,1,1,"ZMYND8"
0.92026583887279,-2.04083689486881,0.5,0.438,1,"HYAL3"
0.920492007178386,-0.590067965584635,0.643,0.438,1,"MST1"
0.921373080229751,-0.223821524323934,0.5,0.438,1,"ZNF304"
0.923268658068626,-0.805614125397377,0.643,0.562,1,"FMNL2"
0.924842511664704,0.403493464640827,0.643,0.688,1,"JMJD7-PLA2G4B"
0.925293638010716,-0.259799915424612,0.786,0.688,1,"ABRAXAS2"
0.925293638010716,-2.66276200868504,0.786,0.688,1,"TPK1"
0.92558009952712,-0.233254817121712,0.786,0.688,1,"STBD1"
0.926014777269089,-0.24332404796528,0.929,0.812,1,"AVIL"
0.926014777269089,-0.27448945537547,0.929,0.812,1,"DNAJC17"
0.926014777269089,-0.374109481182058,0.929,0.812,1,"EIF2B3"
0.926014777269089,-0.54340973008277,0.929,0.812,1,"PIK3R2"
0.926026247282275,0.335220948130037,0.786,0.938,1,"TMEM186"
0.926026247282275,-0.30757583922724,0.929,0.812,1,"ACVR1B"
0.926026247282275,-0.0887253199937774,0.929,0.812,1,"NUBP1"
0.92628954872409,-0.636938753251572,0.786,0.562,1,"NOC3L"
0.92628954872409,0.256527393814944,0.643,0.688,1,"SLC17A9"
0.926472381284418,-0.377404691114807,0.929,0.688,1,"ZNF696"
0.926472381284418,0.27532195579851,0.786,0.812,1,"CSGALNACT2"
0.926472381284418,-0.755819663044863,0.786,0.812,1,"SRPX2"
0.926850162809892,-0.561792419746901,0.786,0.812,1,"FZD4"
0.926850162809892,-0.895662133544811,0.786,0.812,1,"MDN1"
0.926850162809892,-0.310564160954881,0.786,0.812,1,"MIIP"
0.926850162809892,-1.13499799042757,0.786,0.812,1,"TRAF3IP1"
0.927679194458498,-0.536621857100368,0.929,0.938,1,"CASP6"
0.927679194458498,-0.5395862108895,0.929,0.938,1,"CHD3"
0.927679194458498,-0.129302969574134,0.929,0.938,1,"IFT172"
0.927679194458498,0.0420277542327852,0.929,0.938,1,"MICALL2"
0.927679194458498,0.169476322930621,0.929,0.938,1,"PEX19"
0.927679194458498,-0.237072003053702,0.929,0.938,1,"RAB33B"
0.927679194458498,0.357021598285768,0.929,0.938,1,"ZBTB7A"
0.927771023329065,-0.0531421746748055,0.929,0.938,1,"ACO1"
0.927771023329065,-0.243089003150984,0.929,0.938,1,"L3MBTL2"
0.927771023329065,0.231130008632533,0.929,0.938,1,"PNKP"
0.927771023329065,0.0317598733609559,0.929,0.938,1,"TSC22D4"
0.933333333333333,2.22268234597292,0.071,0,1,"ADA"
0.933333333333333,1.27567861817017,0.071,0,1,"ADAMTS15"
0.933333333333333,0.740577006611268,0.071,0,1,"CABP7"
0.933333333333333,0.760021044530524,0.071,0,1,"DAB1"
0.933333333333333,4.63700354210896,0.071,0,1,"EFNA4-EFNA3"
0.933333333333333,1.23732683279825,0.071,0,1,"P3R3URF-PIK3R3"
0.933333333333333,0.887139264506886,0.071,0,1,"PPAN-P2RY11"
0.933333333333333,5.51759581087807,0.071,0,1,"RNF39"
0.933333333333333,2.53420958094771,0.071,0.062,1,"ARHGAP4"
0.933333333333333,1.80057600179656,0.071,0.062,1,"EMILIN3"
0.933333333333333,1.66328570260231,0.071,0.062,1,"IER3"
0.933333333333333,0.555798062122962,0.071,0.062,1,"ZBTB9"
0.933333333333333,1.35041674304086,0.071,0.062,1,"ZNF816-ZNF321P"
0.93511910711311,2.03402814524931,0.286,0.312,1,"HSPA12A"
0.937420178799489,1.06470282133171,0.143,0.188,1,"CRLF1"
0.939580612170695,0.556838252972507,0.429,0.625,1,"ADPRM"
0.939580612170695,2.30641300979646,0.571,0.5,1,"B3GNT4"
0.940223111698365,-0.949037462950542,0.714,0.5,1,"GPAT2"
0.940663001832417,0.121822880477249,0.357,0.312,1,"TMEM52"
0.940908121790498,-0.305407095292987,0.429,0.5,1,"IFNAR2-IL10RB"
0.940908121790498,0.179988169045708,0.429,0.5,1,"TEF"
0.941519704544013,-1.57919282040238,0.714,0.625,1,"CASKIN2"
0.941519704544013,-0.417154076418442,0.714,0.625,1,"TMEM39B"
0.941733646420684,0.508342206624147,0.857,1,1,"RNF207"
0.941733646420684,-0.0374360698523493,1,0.875,1,"BRIP1"
0.941733646420684,-0.0798820758694823,1,0.875,1,"LUZP1"
0.941733646420684,0.783559721897094,1,0.875,1,"PIK3CA"
0.941733646420684,0.254548070547295,1,0.875,1,"TBC1D10A"
0.941733646420684,-0.353553211682215,1,0.875,1,"ZRSR2"
0.941788933534608,0.551900473657303,0.857,1,1,"COQ5"
0.941788933534608,1.44638605979319,0.857,1,1,"ERRFI1"
0.941788933534608,-0.112188321888921,1,0.875,1,"CDK11B"
0.941788933534608,-0.174673300977919,1,0.875,1,"GLYR1"
0.941788933534608,-0.0257677960723202,1,0.875,1,"PEX13"
0.941788933534608,1.66130428587349,1,0.875,1,"ZNF154"
0.942180206766242,-0.606618392379608,0.857,0.75,1,"DRC4"
0.942180206766242,-0.243828375474931,0.857,0.75,1,"LZTFL1"
0.942180206766242,0.108896579042226,0.857,0.75,1,"MORC3"
0.942180206766242,0.13027904500226,0.857,0.75,1,"NAV2"
0.942333264052529,-0.164072089325,0.714,0.75,1,"MSRB2"
0.942333264052529,0.0631398655687256,0.714,0.75,1,"NOL3"
0.942333264052529,0.207831567787051,0.714,0.75,1,"RCBTB1"
0.943053495612015,-0.398084705683947,0.857,0.625,1,"SETD1B"
0.943053495612015,-0.0268662651638372,0.857,0.625,1,"ZNF277"
0.943053495612015,0.0694211068226211,0.714,0.75,1,"THAP7"
0.94311277109983,2.71935647908048,0.357,0.5,1,"ZNF670"
0.94324272332358,-0.10875364830128,1,0.75,1,"TATDN2"
0.94324272332358,0.183342354046279,0.857,0.875,1,"C15orf39"
0.94324272332358,0.604152955091337,0.857,0.875,1,"CDC6"
0.94324272332358,0.416642931804275,0.857,0.875,1,"RLIG1"
0.94324272332358,-0.120437279039159,0.857,0.875,1,"SEPTIN8"
0.94324272332358,-0.689450522034546,0.857,0.875,1,"SMYD3"
0.94324272332358,0.323138904118299,0.857,0.875,1,"VPS50"
0.943393470103614,0.787952551319752,1,0.75,1,"PASK"
0.943393470103614,-0.322870664959454,0.857,0.875,1,"BACH1"
0.943393470103614,-0.0817396881325161,0.857,0.875,1,"INTS14"
0.943393470103614,-0.29979701454253,0.857,0.875,1,"NLRC5"
0.946255527207157,0.544860790192779,0.5,0.5,1,"ARL4D"
0.946255527207157,-0.109814576937072,0.5,0.5,1,"KCNS3"
0.946255527207157,0.114431922769267,0.5,0.5,1,"SMARCD3"
0.946255527207157,0.114359199319475,0.5,0.5,1,"TRIM62"
0.94786033883643,-1.01411404709304,0.643,0.5,1,"CEP128"
0.947997112554834,-0.438220907413623,0.357,0.375,1,"TMOD1"
0.948831879210034,0.0530536709293039,0.5,0.5,1,"TRIM21"
0.949089211844026,0.63146406486914,0.571,0.688,1,"GNPDA2"
0.949089211844026,0.00339208803223334,0.571,0.688,1,"TEDC2"
0.949089211844026,0.138124620522275,0.643,0.625,1,"ZNF34"
0.949709018899563,-0.655333647696648,0.643,0.5,1,"MACIR"
0.949709018899563,-0.570226189632933,0.643,0.5,1,"ZBTB33"
0.949709018899563,0.324462476259761,0.5,0.625,1,"CYSRT1"
0.949941912428719,-1.06728843610477,0.786,0.625,1,"DOP1A"
0.949941912428719,-0.546677834766738,0.786,0.625,1,"ZNF646"
0.949941912428719,1.37772460698966,0.714,0.688,1,"LRFN4"
0.949941912428719,-0.31269805344475,0.714,0.688,1,"TMEM203"
0.949941912428719,-0.349056569334368,0.714,0.688,1,"TMEM40"
0.950286012824341,-0.612349440873697,0.714,0.562,1,"TSTD2"
0.950286012824341,0.643432991997761,0.571,0.688,1,"PIR"
0.950501577556595,-1.19390528056483,0.857,0.688,1,"RAB28"
0.950501577556595,0.0190676161914185,0.714,0.812,1,"RAD51B"
0.950501577556595,-0.236619114495645,0.786,0.75,1,"RAP2A"
0.950501577556595,-0.40799431778172,0.786,0.75,1,"SLC4A7"
0.950833066438917,-0.0525298296110934,0.929,0.75,1,"AJUBA"
0.950833066438917,-0.15874555088719,0.929,0.75,1,"DUSP22"
0.950833066438917,0.0504974840338717,0.786,0.875,1,"ENG"
0.950833066438917,-0.400901094454715,0.786,0.875,1,"LIG3"
0.950833066438917,-0.717668586958244,0.857,0.812,1,"ABCC10"
0.950833066438917,0.106293832456796,0.857,0.812,1,"ARHGEF17"
0.950833066438917,0.156259378883223,0.857,0.812,1,"ARHGEF40"
0.950833066438917,-0.233755638968992,0.857,0.812,1,"RDH14"
0.950833066438917,0.215347790212837,0.857,0.812,1,"RNF227"
0.950833066438917,-0.351960386047772,0.857,0.812,1,"SLC16A5"
0.950876237148024,-0.47564347275938,0.857,0.688,1,"ALKBH3"
0.950876237148024,0.243579325727309,0.714,0.812,1,"DEPDC5"
0.950982671718836,0.810210301417436,0.714,0.938,1,"PRKACA"
0.950982671718836,-0.897669321647477,0.929,0.75,1,"CACTIN"
0.950982671718836,0.0178604689137765,0.929,0.75,1,"MAFK"
0.950982671718836,-0.172129370266047,0.857,0.812,1,"ABHD14B"
0.950982671718836,-0.134813819636382,0.857,0.812,1,"MAPK8"
0.950982671718836,-0.0589775041387717,0.857,0.812,1,"TEAD4"
0.950982671718836,-0.805145286801928,0.857,0.812,1,"TNRC6C"
0.950993344057245,0.228202320859358,0.786,1,1,"TENT4B"
0.950993344057245,0.20994826822611,1,0.812,1,"DECR2"
0.950993344057245,-0.237639691940866,0.857,0.938,1,"CCDC28B"
0.950993344057245,-0.698342954281804,0.857,0.938,1,"EPG5"
0.950993344057245,-0.0158192443422065,0.857,0.938,1,"RNF44"
0.950993344057245,0.138070861236377,0.857,0.938,1,"TIRAP"
0.950993344057245,0.0355784656603344,0.857,0.938,1,"TRMT44"
0.950993344057245,0.0871328372056341,0.929,0.875,1,"AP1S2"
0.950993344057245,0.707649246111183,0.929,0.875,1,"ATAD5"
0.950993344057245,0.20413859250585,0.929,0.875,1,"BLM"
0.950993344057245,0.0179469424072929,0.929,0.875,1,"EXOSC5"
0.950993344057245,0.267754480117584,0.929,0.875,1,"PITPNC1"
0.950993344057245,0.573783859067833,0.929,0.875,1,"SETD6"
0.95102752029558,-0.352702733116855,1,0.812,1,"PGP"
0.95102752029558,-0.353940246695973,0.929,0.875,1,"SLC25A46"
0.95102752029558,-0.00853598101446806,0.929,0.875,1,"SURF2"
0.95102752029558,-0.57663470001247,0.929,0.875,1,"TMEM106A"
0.95102752029558,-0.00551142870531951,0.929,0.875,1,"VPS16"
0.951038550212338,0.130879488447417,0.929,1,1,"AKIRIN1"
0.951038550212338,0.0179299688311376,0.929,1,1,"CD320"
0.951038550212338,0.0493265497396145,0.929,1,1,"EBAG9"
0.951038550212338,0.143909490063038,0.929,1,1,"IMPDH2"
0.951038550212338,0.0828444920037059,0.929,1,1,"NSL1"
0.951038550212338,-0.143928036237595,0.929,1,1,"NUDT15"
0.951038550212338,0.130433238412127,0.929,1,1,"PHTF1"
0.951038550212338,-0.18882167111225,0.929,1,1,"TBC1D31"
0.951038550212338,0.481571810261696,0.929,1,1,"TTC28"
0.951038550212338,0.277665229393456,0.929,1,1,"USP14"
0.951038550212338,-1.02754565054308,0.929,1,1,"ZNF527"
0.951038550212338,-0.482656866741056,1,0.938,1,"ABHD10"
0.951038550212338,-0.726874685725257,1,0.938,1,"AGRN"
0.951038550212338,-0.348881636572395,1,0.938,1,"ALDH6A1"
0.951038550212338,0.066846425175298,1,0.938,1,"AP3M1"
0.951038550212338,0.197370789685044,1,0.938,1,"ATP6V1A"
0.951038550212338,0.194714070373382,1,0.938,1,"CLASP2"
0.951038550212338,0.0828433564865279,1,0.938,1,"CPSF3"
0.951038550212338,-0.0488667218381722,1,0.938,1,"DLAT"
0.951038550212338,0.403865751741601,1,0.938,1,"DNTTIP1"
0.951038550212338,-0.276013950412628,1,0.938,1,"FBXL4"
0.951038550212338,0.137640795287536,1,0.938,1,"FCHSD1"
0.951038550212338,0.484684285406558,1,0.938,1,"FEM1B"
0.951038550212338,-0.438318349865672,1,0.938,1,"FGD4"
0.951038550212338,-0.179211202088637,1,0.938,1,"GLT8D1"
0.951038550212338,-0.130559125744355,1,0.938,1,"IMMP1L"
0.951038550212338,-0.132159787333452,1,0.938,1,"JUN"
0.951038550212338,-0.0223102217889215,1,0.938,1,"MRPS14"
0.951038550212338,-0.311727196077633,1,0.938,1,"MTF2"
0.951038550212338,0.461264819250623,1,0.938,1,"NCSTN"
0.951038550212338,-0.993866868900867,1,0.938,1,"PAPOLG"
0.951038550212338,0.0094395938005909,1,0.938,1,"PGRMC2"
0.951038550212338,0.0320189587516113,1,0.938,1,"PNN"
0.951038550212338,0.349877748166856,1,0.938,1,"REPIN1"
0.951038550212338,0.319070339176857,1,0.938,1,"RILPL1"
0.951038550212338,0.411609861566011,1,0.938,1,"SECISBP2L"
0.951038550212338,0.891755669200193,1,0.938,1,"SLC12A6"
0.951038550212338,-0.209212183385234,1,0.938,1,"SOX13"
0.951038550212338,0.0880570776500731,1,0.938,1,"STIM1"
0.951038550212338,0.0107775472536096,1,0.938,1,"TBK1"
0.951038550212338,-0.0282390732479243,1,0.938,1,"TCEAL3"
0.951038550212338,0.123718578757747,1,0.938,1,"TMEM161A"
0.951038550212338,0.133810328047358,1,0.938,1,"TNPO2"
0.951038550212338,-0.150110806894713,1,0.938,1,"ZNF567"
0.951038550212338,-0.344523517306053,1,0.938,1,"ZNF701"
0.951038550212338,-0.0188153960088622,1,1,1,"AACS"
0.951038550212338,-0.0302094957925654,1,1,1,"ADIRF"
0.951038550212338,-0.013923652544281,1,1,1,"AIP"
0.951038550212338,-0.0170328299680351,1,1,1,"ALDH9A1"
0.951038550212338,0.0466692436761384,1,1,1,"ALG2"
0.951038550212338,0.541997661545308,1,1,1,"ARB2A"
0.951038550212338,0.156713204350539,1,1,1,"ATG7"
0.951038550212338,0.20653564028195,1,1,1,"ATP13A3"
0.951038550212338,0.00799146892931901,1,1,1,"ATP6V1F"
0.951038550212338,0.122532284378391,1,1,1,"BCL7C"
0.951038550212338,0.000931729481167487,1,1,1,"BOP1"
0.951038550212338,-0.111345456608603,1,1,1,"BRD3OS"
0.951038550212338,0.618756137109959,1,1,1,"BTBD7"
0.951038550212338,-0.380802911259508,1,1,1,"C1orf174"
0.951038550212338,0.00410133508669031,1,1,1,"CAMTA1"
0.951038550212338,0.039470972011439,1,1,1,"CD276"
0.951038550212338,-0.17924611450693,1,1,1,"CEP57"
0.951038550212338,-0.0514849926239531,1,1,1,"CINP"
0.951038550212338,-0.212586074846302,1,1,1,"CMC2"
0.951038550212338,-0.00817356094206279,1,1,1,"COPB1"
0.951038550212338,-1.08586044342006,1,1,1,"CPD"
0.951038550212338,0.0609730080290447,1,1,1,"CRTC3"
0.951038550212338,-0.129382992517685,1,1,1,"DCTN5"
0.951038550212338,0.631863201651958,1,1,1,"DNAJC10"
0.951038550212338,0.0410610462619667,1,1,1,"ECHS1"
0.951038550212338,0.0911913483943332,1,1,1,"EI24"
0.951038550212338,-0.573017787722005,1,1,1,"ENTPD5"
0.951038550212338,0.0451173933725988,1,1,1,"EZR"
0.951038550212338,0.0622211333291043,1,1,1,"FAM184B"
0.951038550212338,0.0329442918388225,1,1,1,"FAM76A"
0.951038550212338,-0.0818708939809119,1,1,1,"FBXO9"
0.951038550212338,0.00764537674514543,1,1,1,"FDFT1"
0.951038550212338,-0.457318538814263,1,1,1,"FOXK2"
0.951038550212338,-0.254633121044714,1,1,1,"GGCX"
0.951038550212338,-0.287090169742807,1,1,1,"GOLGA7"
0.951038550212338,-0.234577558245518,1,1,1,"GRHPR"
0.951038550212338,0.00253171870532398,1,1,1,"HACD3"
0.951038550212338,0.270797929845256,1,1,1,"HECTD4"
0.951038550212338,-0.244162606877296,1,1,1,"HMGCS1"
0.951038550212338,-0.0925226812714319,1,1,1,"HMGXB4"
0.951038550212338,-0.0747298341835005,1,1,1,"HNRNPM"
0.951038550212338,-0.0911728611623239,1,1,1,"IER2"
0.951038550212338,-0.215098231950053,1,1,1,"ITPR3"
0.951038550212338,-0.192113021969491,1,1,1,"KATNBL1"
0.951038550212338,-0.0172892372851354,1,1,1,"MEAF6"
0.951038550212338,0.280692448246861,1,1,1,"MECP2"
0.951038550212338,0.0486574970363991,1,1,1,"MIA2"
0.951038550212338,-0.541870795374394,1,1,1,"MISO1"
0.951038550212338,-0.0980417477168976,1,1,1,"MZT2A"
0.951038550212338,0.0552842942627096,1,1,1,"NENF"
0.951038550212338,0.157768438261781,1,1,1,"NIPAL3"
0.951038550212338,0.185594235319545,1,1,1,"NOC2L"
0.951038550212338,0.500971466995727,1,1,1,"NOLC1"
0.951038550212338,0.0378201907118001,1,1,1,"NPAT"
0.951038550212338,0.139559373028197,1,1,1,"NUDCD3"
0.951038550212338,-0.0458998996568276,1,1,1,"NUP85"
0.951038550212338,0.00941066989948469,1,1,1,"PACS2"
0.951038550212338,0.162040026521925,1,1,1,"PFKM"
0.951038550212338,-0.256914648518043,1,1,1,"PHIP"
0.951038550212338,0.0561231698907294,1,1,1,"PMF1"
0.951038550212338,-0.0765411364233479,1,1,1,"POLR2E"
0.951038550212338,0.27020582973975,1,1,1,"POLR3A"
0.951038550212338,-0.317037708987807,1,1,1,"POM121C"
0.951038550212338,-0.16699388584655,1,1,1,"PPHLN1"
0.951038550212338,-0.0644688439599772,1,1,1,"PSMA2"
0.951038550212338,-0.310953922711951,1,1,1,"PSMD1"
0.951038550212338,0.316870979951037,1,1,1,"RALGAPA1"
0.951038550212338,0.13671258782398,1,1,1,"RMND5A"
0.951038550212338,0.0567771102867525,1,1,1,"RPS4X"
0.951038550212338,0.0590485632673703,1,1,1,"RRBP1"
0.951038550212338,0.471179992279219,1,1,1,"RTTN"
0.951038550212338,-0.0277253707954639,1,1,1,"S100A13"
0.951038550212338,-0.584225496641166,1,1,1,"SAMD8"
0.951038550212338,-0.178603295572393,1,1,1,"SDR39U1"
0.951038550212338,0.0247125534205548,1,1,1,"SET"
0.951038550212338,-0.189166938864419,1,1,1,"SIAH1"
0.951038550212338,-0.137836841894276,1,1,1,"SLC35F6"
0.951038550212338,-0.174268012864097,1,1,1,"SNX8"
0.951038550212338,0.0793202663918855,1,1,1,"SPTAN1"
0.951038550212338,-0.0768651565366962,1,1,1,"SRSF7"
0.951038550212338,0.0574114170383497,1,1,1,"STARD7"
0.951038550212338,-0.394897574994658,1,1,1,"STAU2"
0.951038550212338,-0.0267133386747354,1,1,1,"SUCLG1"
0.951038550212338,-0.106533645649489,1,1,1,"SYNE2"
0.951038550212338,0.279261421411989,1,1,1,"TAF1"
0.951038550212338,-0.142553818172615,1,1,1,"TFDP1"
0.951038550212338,0.0680521919017174,1,1,1,"TIMMDC1"
0.951038550212338,-0.228989751168815,1,1,1,"TJP1"
0.951038550212338,-0.0951997371662205,1,1,1,"TM7SF3"
0.951038550212338,-0.810684389395584,1,1,1,"TMEM127"
0.951038550212338,-0.0227239110187201,1,1,1,"TMEM147"
0.951038550212338,0.0708532181279296,1,1,1,"TMEM14C"
0.951038550212338,-0.327990528763414,1,1,1,"TNKS"
0.951038550212338,0.0711580619188332,1,1,1,"TRIM25"
0.951038550212338,0.0424394881578589,1,1,1,"TTC1"
0.951038550212338,-0.0415285317724701,1,1,1,"TTPAL"
0.951038550212338,-0.0888062286469653,1,1,1,"UAP1"
0.951038550212338,0.2370862136487,1,1,1,"UBA2"
0.951038550212338,-0.00954059406996244,1,1,1,"UBAC1"
0.951038550212338,-0.213846984727919,1,1,1,"XPOT"
0.951038550212338,-0.0359080222394867,1,1,1,"YY1"
0.951038550212338,-0.279310549509884,1,1,1,"ZFPL1"
0.951038550212338,-0.490321067617056,1,1,1,"ZNF185"
0.951038550212338,-0.121879719543729,1,1,1,"ZNF24"
0.951038550212338,0.1357917157373,1,1,1,"ZNF791"
0.951203696397416,2.27910766180206,0.357,0.438,1,"FAM53A"
0.954464989727359,0.679334723996385,0.286,0.375,1,"STS"
0.955382893348647,1.14183233556687,0.357,0.438,1,"LHX4"
0.956782565029834,-0.628620169676203,0.643,0.562,1,"LOC730098"
0.956782565029834,-1.09834830717616,0.643,0.562,1,"ZNF236"
0.956798903609771,-0.96873968185038,0.5,0.438,1,"TNFRSF6B"
0.958158471503842,0.123822527892357,0.643,0.812,1,"MYBL2"
0.958158471503842,-0.0245672061583235,0.643,0.812,1,"NHSL1"
0.95816091954023,0.91997676573532,0.214,0.25,1,"TUBB1"
0.95816091954023,-2.41885160626548,0.286,0.25,1,"RFESD"
0.95816091954023,-0.17519336280009,0.286,0.25,1,"RGL4"
0.958231307462884,-1.34290672894692,0.786,0.562,1,"GEMIN5"
0.958231307462884,0.657961783399224,0.643,0.688,1,"PRPF40B"
0.958554021922647,-0.661616820653526,0.786,0.688,1,"WDR91"
0.958620847814826,0.105098301412861,0.929,0.812,1,"HPRT1"
0.958620847814826,0.0706746540582124,0.929,0.812,1,"TMEM254"
0.958620847814826,-0.052841013278492,0.929,0.812,1,"UXS1"
0.958650348028601,0.0729770452889609,0.929,0.812,1,"PSMG1"
0.958650348028601,-0.0693253289035935,0.929,0.812,1,"SNX22"
0.958650348028601,0.162006719558561,0.929,0.812,1,"TIMM8A"
0.958650348028601,0.173809053571108,0.929,0.812,1,"TOMM34"
0.9592366940025,-0.194706968427691,0.786,0.812,1,"EPAS1"
0.959558707058579,-0.229292375360303,0.786,0.812,1,"BRMS1L"
0.959558707058579,-0.308942232351563,0.786,0.812,1,"SCAPER"
0.959558707058579,-0.145509208855544,0.786,0.812,1,"ZC3HAV1L"
0.960288166890067,0.08196616004073,0.929,0.938,1,"ADCY7"
0.960288166890067,0.273307176891351,0.929,0.938,1,"ASCC2"
0.960288166890067,0.00341914973160407,0.929,0.938,1,"CEP135"
0.960288166890067,-0.19896035446566,0.929,0.938,1,"E2F2"
0.960288166890067,-0.397482737838923,0.929,0.938,1,"GCN1"
0.960288166890067,0.147150897386612,0.929,0.938,1,"NIPA2"
0.960288166890067,-0.224229413961473,0.929,0.938,1,"SEC23IP"
0.960288166890067,-0.389034088680247,0.929,0.938,1,"SIX4"
0.960288166890067,0.0416732050771191,0.929,0.938,1,"TRIQK"
0.960288166890067,0.110385464561476,0.929,0.938,1,"ZFAND2B"
0.960343454003992,-0.0947519504791448,0.929,0.938,1,"DRAM1"
0.960343454003992,-0.482235930893851,0.929,0.938,1,"HELZ2"
0.960343454003992,-0.427580916350704,0.929,0.938,1,"HES1"
0.960343454003992,-0.0252417664458608,0.929,0.938,1,"RABGEF1"
0.967458492975734,1.98951281779377,0.214,0.25,1,"MRM1"
0.967458492975734,0.741377867256196,0.214,0.25,1,"POPDC2"
0.967862735299017,0.62821579597964,0.286,0.312,1,"PRRG2"
0.968888888888889,0.219503868149771,0.214,0.188,1,"TMPRSS9"
0.970114942528735,0.0953890835086929,0.357,0.375,1,"MARS2"
0.970114942528735,0.270047546068629,0.357,0.375,1,"METAP1D"
0.970555836632767,0.287583968357501,0.429,0.5,1,"ZBTB42"
0.974110880576224,0.337774379304631,0.571,0.75,1,"CPQ"
0.974110880576224,-0.298380035779969,0.714,0.625,1,"KIF4A"
0.974365091276172,-1.02219012956826,0.857,1,1,"ANKRD44"
0.974365091276172,-0.228751848949888,1,0.875,1,"GPD2"
0.974365091276172,-0.38269856448135,1,0.875,1,"ZNF16"
0.974383492808119,0.27485905331173,0.857,1,1,"CGAS"
0.974383492808119,-0.0433106656365059,0.857,1,1,"MFAP1"
0.974383492808119,-0.485979859243803,1,0.875,1,"AASDHPPT"
0.974383492808119,0.118562423582131,1,0.875,1,"ACTR1B"
0.974383492808119,-0.0638347467901994,1,0.875,1,"FAHD2A"
0.974383492808119,-0.163507359010274,1,0.875,1,"HDAC1"
0.974383492808119,-0.697960717829516,1,0.875,1,"PARP4"
0.974461664936365,-0.598727970171316,0.571,0.5,1,"C11orf71"
0.974640632899924,-1.38938519456431,0.429,0.375,1,"LNX1"
0.974887994599192,-0.43401286586988,0.714,0.625,1,"CMTM3"
0.974887994599192,0.156492136022127,0.714,0.625,1,"FIGNL1"
0.974902875359706,-0.0395983033293081,0.714,0.875,1,"CTBS"
0.974902875359706,0.615409254541268,0.857,0.75,1,"MTMR10"
0.974902875359706,-0.0444359303674329,0.857,0.75,1,"NEK4"
0.974902875359706,-0.640294753380624,0.857,0.75,1,"PACC1"
0.974902875359706,-0.205871641943537,0.857,0.75,1,"TASP1"
0.975106846301651,0.259404088773042,0.714,0.875,1,"CAMK1"
0.975106846301651,0.411355377704,0.714,0.875,1,"MCEE"
0.975106846301651,-0.772751263791636,0.857,0.75,1,"CXXC1"
0.975345956192871,-1.13671356041962,0.857,0.625,1,"GBP3"
0.975345956192871,2.35737325168099,0.714,0.75,1,"ZNF282"
0.975925246870888,0.0634153290798252,0.857,0.875,1,"CAP2"
0.975962531290254,-0.621914467740914,0.714,0.75,1,"RBAK"
0.975962531290254,-0.418347804000748,0.714,0.75,1,"UPF1"
0.976035931122846,-0.190740301449568,1,0.75,1,"FOXRED1"
0.976035931122846,-0.676926072321159,0.857,0.875,1,"AGFG1"
0.976479479558467,-0.517558642486705,0.429,0.375,1,"RSPH9"
0.976479479558467,-0.399692589043341,0.429,0.375,1,"SYNC"
0.979287899909694,-1.44499052426318,0.429,0.438,1,"TSACC"
0.979874507190849,-0.129433144678267,0.357,0.312,1,"IQCH"
0.981114946482727,0.225656040489825,0.5,0.5,1,"SLC25A28"
0.982031419790621,-0.416042264511835,0.643,0.5,1,"PUDP"
0.982625508711073,-0.116627952032565,0.714,0.562,1,"CPTP"
0.982625508711073,0.272030307453652,0.643,0.625,1,"NSF"
0.983056129314084,0.178040882721572,0.786,0.625,1,"KCTD11"
0.983056129314084,-0.708614150497605,0.786,0.625,1,"POFUT2"
0.983056129314084,0.70218067105486,0.714,0.688,1,"FRRS1"
0.983363357880743,-0.271350053119761,0.857,0.688,1,"ING2"
0.983363357880743,-0.272041266944284,0.857,0.688,1,"PLEKHM2"
0.983363357880743,-0.249841285418418,0.786,0.75,1,"CUEDC1"
0.983363357880743,0.430595582298453,0.786,0.75,1,"NDOR1"
0.983363357880743,0.0712922585053892,0.786,0.75,1,"PLEKHB1"
0.983552846899564,-0.902091705893943,0.929,0.75,1,"LPIN2"
0.983552846899564,0.349360371205103,0.786,0.875,1,"CLMB"
0.983552846899564,0.178718166623258,0.786,0.875,1,"TAF1C"
0.983552846899564,0.33930822587298,0.786,0.875,1,"ZNF2"
0.983552846899564,-0.361934911370453,0.857,0.812,1,"DUSP5"
0.983552846899564,-0.159894439999767,0.857,0.812,1,"RANGRF"
0.983644964583412,-0.0869880268038159,1,0.812,1,"ATG16L2"
0.983644964583412,0.0619428036313368,1,0.812,1,"DHRS3"
0.983644964583412,-1.09870106218579,1,0.812,1,"GMEB1"
0.983644964583412,-0.0284450758898807,0.857,0.938,1,"ACYP1"
0.983644964583412,0.363042561606788,0.857,0.938,1,"AP4B1"
0.983644964583412,-0.0242844128567707,0.857,0.938,1,"HPF1"
0.983644964583412,-0.143942223875904,0.857,0.938,1,"TRIT1"
0.983644964583412,-0.0599472852473171,0.929,0.875,1,"APEX2"
0.983644964583412,-0.305261935135351,0.929,0.875,1,"ELOVL7"
0.983644964583412,-0.0232168219432403,0.929,0.875,1,"FMR1"
0.983644964583412,-0.229282979956265,0.929,0.875,1,"MLLT1"
0.983644964583412,-0.384837633084751,0.929,0.875,1,"SOCS2"
0.983669995067825,0.0791874930486594,0.929,1,1,"ABT1"
0.983669995067825,0.0789463245491886,0.929,1,1,"AKIRIN2"
0.983669995067825,0.264887948544926,0.929,1,1,"ANKRD9"
0.983669995067825,-0.0632800560797069,0.929,1,1,"BCAP29"
0.983669995067825,-0.180613940566357,0.929,1,1,"CAD"
0.983669995067825,0.0619275418657281,0.929,1,1,"CYBA"
0.983669995067825,0.353809375375161,0.929,1,1,"PELP1"
0.983669995067825,-0.034612366721734,0.929,1,1,"PRPF19"
0.983669995067825,0.530878977682288,0.929,1,1,"PYGL"
0.983669995067825,-0.297344628008701,1,0.938,1,"CHD8"
0.983669995067825,-0.0427496317197522,1,0.938,1,"ILRUN"
0.983669995067825,-0.0775329151915534,1,0.938,1,"ITM2C"
0.983669995067825,0.13721856212835,1,0.938,1,"MVB12A"
0.983669995067825,-0.124216661839785,1,0.938,1,"SH3GLB1"
0.983669995067825,-0.339825243040703,1,0.938,1,"ZNF101"
0.983669995067825,-0.168001953165083,1,1,1,"ARF5"
0.983669995067825,-0.0462220045958102,1,1,1,"ARPC5"
0.983669995067825,0.302389385670135,1,1,1,"ATP6V1C1"
0.983669995067825,0.289746718569767,1,1,1,"BLOC1S6"
0.983669995067825,-0.00641558941861042,1,1,1,"BTF3"
0.983669995067825,-0.0997283036397341,1,1,1,"CBFA2T2"
0.983669995067825,0.101486620197424,1,1,1,"CCDC57"
0.983669995067825,0.175272937580319,1,1,1,"CDCP1"
0.983669995067825,-0.0686782191640898,1,1,1,"CFAP36"
0.983669995067825,0.117723006854892,1,1,1,"CHURC1-FNTB"
0.983669995067825,0.0733052204761613,1,1,1,"COPS6"
0.983669995067825,-0.0273520919153576,1,1,1,"COX5A"
0.983669995067825,0.00305566256090195,1,1,1,"CUL4A"
0.983669995067825,-0.148688299759227,1,1,1,"CUX1"
0.983669995067825,-0.0183611116623155,1,1,1,"DAD1"
0.983669995067825,0.187030060126917,1,1,1,"DIP2C"
0.983669995067825,-0.464039974583604,1,1,1,"DNAJC24"
0.983669995067825,-0.00753698260090552,1,1,1,"EIF3M"
0.983669995067825,-0.432087222857645,1,1,1,"FOXP1"
0.983669995067825,-0.606607792639988,1,1,1,"HEATR5A"
0.983669995067825,0.15599492056946,1,1,1,"HSBP1"
0.983669995067825,0.0115773464474911,1,1,1,"ISOC2"
0.983669995067825,-0.201119236962916,1,1,1,"JRK"
0.983669995067825,-0.0202216567165552,1,1,1,"KCTD10"
0.983669995067825,0.0326852341001613,1,1,1,"MAT2A"
0.983669995067825,0.152749698969831,1,1,1,"MDM2"
0.983669995067825,-0.116957266213647,1,1,1,"MRPL3"
0.983669995067825,-0.0424232880941142,1,1,1,"MRRF"
0.983669995067825,0.00674150418171848,1,1,1,"MTPAP"
0.983669995067825,0.26714856909304,1,1,1,"NAPA"
0.983669995067825,0.0657772383734976,1,1,1,"NARF"
0.983669995067825,0.0284992095328267,1,1,1,"NDUFS8"
0.983669995067825,0.0694263934023271,1,1,1,"NUFIP2"
0.983669995067825,1.23350543213874,1,1,1,"PAG1"
0.983669995067825,0.599183165425603,1,1,1,"PANK3"
0.983669995067825,0.0908532290421808,1,1,1,"PPIF"
0.983669995067825,0.0349292775906775,1,1,1,"PPIG"
0.983669995067825,-0.133231731855682,1,1,1,"PPP1R15A"
0.983669995067825,0.173018785278392,1,1,1,"PRPF3"
0.983669995067825,0.103604708144054,1,1,1,"PRXL2B"
0.983669995067825,0.0441835076760118,1,1,1,"PSMD2"
0.983669995067825,0.111064076819841,1,1,1,"RUBCN"
0.983669995067825,-0.0601589246250365,1,1,1,"SAFB2"
0.983669995067825,-0.0162171254724894,1,1,1,"SEC16A"
0.983669995067825,-0.176143138258719,1,1,1,"SEC22A"
0.983669995067825,0.329616870268699,1,1,1,"SERINC1"
0.983669995067825,-0.0589643649553038,1,1,1,"SF3B2"
0.983669995067825,-0.129134027065827,1,1,1,"SLC35B2"
0.983669995067825,-0.107269908089189,1,1,1,"SRI"
0.983669995067825,0.134481224046327,1,1,1,"SRSF5"
0.983669995067825,-0.181450515501171,1,1,1,"SYNJ2"
0.983669995067825,0.36579270695947,1,1,1,"TBC1D10B"
0.983669995067825,-0.0207082060197656,1,1,1,"TCERG1"
0.983669995067825,-0.0673099025317594,1,1,1,"TMBIM6"
0.983669995067825,0.0140473721473429,1,1,1,"TMEM94"
0.983669995067825,0.191832503221527,1,1,1,"U2SURP"
0.983669995067825,-0.0271638250587465,1,1,1,"UQCRQ"
0.983669995067825,-0.011267489755733,1,1,1,"WBP2"
0.983669995067825,-0.0954414023842949,1,1,1,"WDR13"
0.983669995067825,-0.0224751552436162,1,1,1,"ZFYVE21"
0.983669995067825,-0.922398301762992,1,1,1,"ZKSCAN3"
0.983669995067825,-0.361405570867009,1,1,1,"ZNF280D"
0.983669995067825,0.00277294726409627,1,1,1,"ZNF652"
0.983669995067826,-0.100054211331944,0.929,1,1,"EIF3J"
0.983669995067826,-0.171070039235209,0.929,1,1,"EIF4EBP2"
0.983669995067826,0.129749945244329,0.929,1,1,"HBS1L"
0.983669995067826,0.196348732350899,0.929,1,1,"NDUFA10"
0.983669995067826,-0.16521604824917,0.929,1,1,"PILRB"
0.983669995067826,-0.0880947583449592,0.929,1,1,"SENP6"
0.983669995067826,0.0514452098909093,0.929,1,1,"SIRT2"
0.983669995067826,0.0980949098772301,0.929,1,1,"TAF13"
0.983669995067826,0.171833628667118,1,0.938,1,"HEBP1"
0.983669995067826,-0.0475128642170422,1,0.938,1,"LONP1"
0.983669995067826,0.140417277234098,1,0.938,1,"MYOF"
0.983669995067826,0.40902979937385,1,0.938,1,"SLC38A10"
0.983669995067826,0.3576887425646,1,0.938,1,"VAT1"
0.983669995067826,-0.299233001363882,1,1,1,"AATF"
0.983669995067826,-0.0329727431575266,1,1,1,"ACY1"
0.983669995067826,0.0493622405021412,1,1,1,"AIMP1"
0.983669995067826,0.0112624897198161,1,1,1,"ANAPC5"
0.983669995067826,0.279254445494519,1,1,1,"ARSD"
0.983669995067826,-0.0182990869708153,1,1,1,"AZIN1"
0.983669995067826,-0.0735330149471345,1,1,1,"C11orf58"
0.983669995067826,0.0497852561753316,1,1,1,"C12orf57"
0.983669995067826,-0.0578903799710293,1,1,1,"CBX3"
0.983669995067826,-0.117333379181303,1,1,1,"CDC23"
0.983669995067826,0.125735064187193,1,1,1,"CDK2AP1"
0.983669995067826,0.10611815958105,1,1,1,"CNOT7"
0.983669995067826,0.0162867435766803,1,1,1,"COMMD4"
0.983669995067826,-0.109021103267493,1,1,1,"CPLANE1"
0.983669995067826,0.183630424990604,1,1,1,"CYB5R4"
0.983669995067826,-0.140200989396391,1,1,1,"DCUN1D1"
0.983669995067826,0.52443907596924,1,1,1,"DHX32"
0.983669995067826,-0.180766132908602,1,1,1,"EIF2D"
0.983669995067826,-1.14641175556696,1,1,1,"FLCN"
0.983669995067826,-0.0500918099895964,1,1,1,"FNBP1"
0.983669995067826,0.0781536784211703,1,1,1,"G3BP1"
0.983669995067826,-0.0293047520787306,1,1,1,"GCLM"
0.983669995067826,-0.117560950624445,1,1,1,"GLS"
0.983669995067826,0.179453562589137,1,1,1,"HDAC6"
0.983669995067826,0.182334682262606,1,1,1,"HSDL2"
0.983669995067826,0.835898813184823,1,1,1,"IRGQ"
0.983669995067826,0.0425601290703561,1,1,1,"ISCA2"
0.983669995067826,0.17022608368265,1,1,1,"KLF6"
0.983669995067826,-0.203557028416922,1,1,1,"KPNA5"
0.983669995067826,-0.434647885676907,1,1,1,"MON2"
0.983669995067826,-0.0754144896285656,1,1,1,"MRPL33"
0.983669995067826,-0.0549787058080486,1,1,1,"MRPS15"
0.983669995067826,-0.072642289151637,1,1,1,"MTHFD1"
0.983669995067826,0.165470170999508,1,1,1,"NDUFA5"
0.983669995067826,-0.124876721112399,1,1,1,"NDUFA7"
0.983669995067826,0.0749647463615029,1,1,1,"NFX1"
0.983669995067826,-0.577856605696184,1,1,1,"OTUD7B"
0.983669995067826,-0.035897274532557,1,1,1,"RERE"
0.983669995067826,-0.0680103589316392,1,1,1,"RFX5"
0.983669995067826,-0.206044005541422,1,1,1,"RPL22L1"
0.983669995067826,0.283021533589887,1,1,1,"SFT2D2"
0.983669995067826,-0.130242890952985,1,1,1,"ST3GAL2"
0.983669995067826,-0.181734135712067,1,1,1,"STOML1"
0.983669995067826,-0.140341579047475,1,1,1,"TMBIM1"
0.983669995067826,0.375282359451447,1,1,1,"TMEM14A"
0.983669995067826,-0.122781442561053,1,1,1,"TRPM7"
0.983669995067826,0.844180269914148,1,1,1,"TYRO3"
0.983669995067826,0.0155925445753837,1,1,1,"UTP6"
0.983669995067826,0.0666777172292914,1,1,1,"VAMP2"
0.983669995067826,-0.116949132394128,1,1,1,"VTA1"
0.983669995067826,-0.132229234293405,1,1,1,"XIAP"
0.983669995067826,-0.125671778215501,1,1,1,"YBX1"
0.983669995067826,0.196972861640499,1,1,1,"YWHAG"
0.983669995067826,-0.599469234564809,1,1,1,"ZBTB25"
0.983669995067826,-0.379958817587754,1,1,1,"ZNF333"
0.983669995067826,0.611527445668597,1,1,1,"ZNF609"
0.983679319610921,0.0247180302450372,0.786,1,1,"WBP1L"
0.983679319610921,0.646664989636794,0.786,1,1,"ZC3H4"
0.983679319610921,-0.119747772756772,0.857,0.938,1,"ANKRD13C"
0.983679319610921,-0.357962319912939,0.857,0.938,1,"ARRB1"
0.983679319610921,-0.165249217592024,0.857,0.938,1,"CENPH"
0.983679319610921,0.0614499941709612,0.929,0.875,1,"RAB8B"
0.983679319610921,-0.0577185481409863,0.929,0.875,1,"SGCB"
0.983704020023012,0.826048720490573,0.714,0.938,1,"PAXIP1"
0.983704020023012,-1.1573714856434,0.929,0.75,1,"AGO1"
0.983704020023012,0.568847118963345,0.929,0.75,1,"EME2"
0.983704020023012,0.390233072865902,0.786,0.875,1,"MARCHF9"
0.983704020023012,-0.173845063355424,0.786,0.875,1,"USP38"
0.983704020023012,-0.137220502605585,0.857,0.812,1,"LMBRD2"
0.983704020023012,0.191130774901086,0.857,0.812,1,"MGAT5B"
0.983704020023012,-0.020111783082589,0.857,0.812,1,"UNC93B1"
0.983704020023012,0.374135409344978,0.857,0.812,1,"ZBTB24"
0.983704020023012,0.362333090179407,0.857,0.812,1,"ZNF142"
0.983710965294786,-1.18173797397841,0.571,0.438,1,"HMOX1"
0.983739392773514,0.378333326463718,0.714,0.812,1,"LIFR"
0.983739392773514,-1.26142063189174,0.786,0.75,1,"PECR"
0.983782866048916,-0.478809909442618,0.786,0.625,1,"REC8"
0.983782866048916,0.355337867391192,0.643,0.75,1,"ASB16"
0.983782866048916,0.10425469692923,0.643,0.75,1,"L3HYPDH"
0.983843640615193,0.564488266629157,0.571,0.688,1,"CCDC126"
0.983843640615193,-0.547314066299188,0.643,0.625,1,"GAB2"
0.989691820756289,-0.322342704704372,0.357,0.375,1,"SEZ6"
0.990222645815035,0.13912559059569,0.5,0.438,1,"MAP3K6"
0.990222645815035,-1.30231608686795,0.5,0.438,1,"SIX5"
0.990427180630531,0.153052754270201,0.5,0.562,1,"NGEF"
0.991060025542784,-0.329713546519309,0.143,0.188,1,"ATF6B"
0.991077533128861,0.193332668974525,0.786,0.688,1,"GSTA4"
0.991281476564779,-0.564813224050098,0.929,0.812,1,"BCL2L12"
0.991281476564779,0.204452024478789,0.929,0.812,1,"DNAJC13"
0.991281476564779,0.00551545264321396,0.929,0.812,1,"TFE3"
0.991351561921138,1.00040875768945,0.786,0.938,1,"ZNF461"
0.991351561921138,0.231027854908354,0.929,0.812,1,"INTS15"
0.991351561921138,-0.529264131022682,0.929,0.812,1,"PTER"
0.991584414191253,-0.966747609946933,0.786,0.688,1,"GATB"
0.991584414191253,-0.127586654612919,0.786,0.688,1,"IKZF5"
0.991644487353846,0.0266875730500367,0.643,0.688,1,"NR1D1"
0.991644487353846,-0.00292299869849844,0.643,0.688,1,"ZNF524"
0.991664374211243,0.131489403366646,0.643,0.562,1,"TUBGCP5"
0.992055166087407,-1.06167818483248,0.786,0.812,1,"MORN4"
0.992055166087407,0.956276219590497,0.786,0.812,1,"TMEM150C"
0.992055166087407,0.436516849230491,0.786,0.812,1,"ZSCAN5A"
0.992318715083462,0.279126072355577,0.929,0.688,1,"RIN1"
0.992318715083462,-0.376213879427575,0.786,0.812,1,"TTC21B"
0.992656447833875,-0.924540490660357,0.643,0.688,1,"KYAT1"
0.992656447833875,-0.321661394310897,0.643,0.688,1,"ZHX1-C8orf76"
0.992656447833875,-0.159021676689911,0.643,0.688,1,"ZNF322"
0.992956497327531,0.474534390451661,0.929,0.938,1,"ABITRAM"
0.992956497327531,0.0794072018191774,0.929,0.938,1,"C3orf62"
0.992956497327531,-0.188178641359696,0.929,0.938,1,"FUT1"
0.992956497327531,0.39314038682835,0.929,0.938,1,"LRRC51"
0.992956497327531,-0.0738725321978428,0.929,0.938,1,"MGST2"
0.992956497327531,-0.823328700812618,0.929,0.938,1,"PACRGL"
0.992956497327531,-0.0205396383955039,0.929,0.938,1,"SLC4A2"
0.992956497327531,-0.24221964609846,0.929,0.938,1,"TMEM267"
0.99297489885948,-0.210470611184111,0.929,0.938,1,"ATP9B"
0.99297489885948,-0.17641610694431,0.929,0.938,1,"CCNY"
0.99297489885948,0.363032360461756,0.929,0.938,1,"CTDNEP1"
0.99297489885948,-0.0768253127835781,0.929,0.938,1,"DUSP23"
0.99297489885948,0.110241716895435,0.929,0.938,1,"KLHL26"
0.99297489885948,0.117001380783111,0.929,0.938,1,"RTCA"
0.99297489885948,-0.233629493766278,0.929,0.938,1,"WDR37"
0.99297489885948,0.0315742247091793,0.929,0.938,1,"ZGPAT"
0.99297489885948,-0.49703901583243,0.929,0.938,1,"ZMAT3"
0.997372424898662,-1.35701251851468,0.286,0.25,1,"ESPN"
0.997372424898662,-0.394656349012618,0.286,0.25,1,"PPT2"
1,-0.433263326452391,1,0.75,1,"COG7"
1,0.111948319951692,1,0.75,1,"CTDSPL"
1,-0.198390012262517,1,0.812,1,"CSRNP1"
1,-0.881952988442276,0.929,0.75,1,"ZNF571"
1,-0.146342507782726,0.857,0.688,1,"UQCC4"
1,0.294381155292426,0.714,0.875,1,"HTATIP2"
1,0.519054753450702,0.857,1,1,"NR6A1"
1,0.0588089154084779,0.857,1,1,"SNX4"
1,-1.05160878480628,0.571,0.438,1,"ABHD17C"
1,1.10310783013332,1,0.875,1,"CBLL1"
1,-0.294216264185521,1,0.875,1,"FAT1"
1,-0.301951689383402,1,0.875,1,"LRRC8B"
1,0.0299338680900316,1,0.875,1,"TUSC2"
1,0.292751443685274,0.714,0.812,1,"CNOT3"
1,0.188162365673513,0.714,0.812,1,"TBC1D2B"
1,1.02470340026832,0.786,0.875,1,"ARAP2"
1,0.465735331263102,0.857,0.938,1,"C1orf159"
1,0.128072607373617,0.857,0.938,1,"GTF2A1"
1,-0.52225164519332,0.857,0.938,1,"TATDN3"
1,-0.348181826865811,0.571,0.5,1,"C2orf42"
1,-6.54783208799969e-05,0.929,1,1,"MELTF"
1,-0.345050532674479,0.929,1,1,"MYL9"
1,0.105069402302564,0.929,1,1,"NTPCR"
1,0.075394676305863,0.929,1,1,"PHKB"
1,0.115517300656974,0.929,1,1,"PMM1"
1,-0.282959333301855,0.929,1,1,"QSER1"
1,-0.0128293408595068,0.929,1,1,"SPART"
1,-0.114710574595069,0.929,1,1,"STAMBP"
1,0.00679086147041286,0.929,1,1,"SUPV3L1"
1,-0.1924377853965,0.929,1,1,"WDR90"
1,-0.24231083858952,1,0.938,1,"AP5Z1"
1,-0.195132078964953,1,0.938,1,"CDK9"
1,-0.351781349891957,1,0.938,1,"CDKN1A"
1,-0.238993411847242,1,0.938,1,"CLEC16A"
1,-0.129825787304448,1,0.938,1,"CSNK1E"
1,-0.707941326973875,1,0.938,1,"FAM111B"
1,-0.392209027626587,1,0.938,1,"GLB1"
1,0.215524820411499,1,0.938,1,"GRWD1"
1,-0.56389968893345,1,0.938,1,"SLC26A2"
1,-0.69550597665617,1,0.938,1,"TMEM161B"
1,-1.44010710494133,0,0.062,1,"ALOXE3"
1,-1.08214684720913,0,0.062,1,"CYP2D6"
1,-1.64386122562337,0,0.062,1,"HSPA1A"
1,-1.93904202044524,0,0.062,1,"HSPA1B"
1,-2.52137579408183,0,0.062,1,"IDI2"
1,-0.783280226010629,0,0.062,1,"TAS2R14"
1,-2.49190012017674,0,0.062,1,"TRIM26"
1,-2.60041147916509,0,0.062,1,"UFSP1"
1,-0.943294852044946,0.929,0.875,1,"CTR9"
1,0.187925443398109,0.929,0.875,1,"SPATA17"
1,-0.613656236750117,0.929,0.875,1,"TGFBR1"
1,-0.0943277759137198,0.929,0.875,1,"TRIM16"
1,-0.0465259078602078,0.929,0.875,1,"ZNF564"
1,0.98713420842488,0.071,0.125,1,"AGER"
1,0.461598540138691,0.143,0.188,1,"NFKBIL1"
1,1.00386124472806,0.143,0.188,1,"RASGRP1"
1,0.702533742745103,0.143,0.188,1,"TLCD4-RWDD3"
1,-0.107234414623099,0.357,0.312,1,"LOXL3"
1,0.0611049562632582,0.857,0.812,1,"PCGF2"
1,0.0267842340091877,0.857,0.812,1,"SMIM13"
1,0.27138948850209,0.786,0.75,1,"FARS2"
1,0.236105731310628,0.714,0.75,1,"POLQ"
1,-0.428803199458946,0.786,0.75,1,"RAC3"
1,0.60288591440732,0.214,0.25,1,"NOD2"
1,0.195144886430769,0.714,0.688,1,"HAUS7"
1,-1.32008395434545,0.214,0.188,1,"CFAP73"
1,0.758339209214746,0.214,0.188,1,"TAF15"
1,0.768884080458414,0.357,0.375,1,"ABR"
1,-0.723046592699716,0.357,0.375,1,"OVOL2"
1,0.334265356852685,0.643,0.625,1,"RTN4IP1"
1,0.0182571062214106,0.357,0.375,1,"WDCP"
1,0.159257423876967,0.857,0.875,1,"ZNF559"
1,0.917717169972352,0.143,0.125,1,"CCDC78"
1,0.339374170067023,0.143,0.125,1,"CFAP126"
1,0.278129621160704,0.143,0.125,1,"GJD3"
1,0.79142868598414,0.143,0.125,1,"PAM16"
1,-0.129118119495008,0.143,0.125,1,"PIWIL4"
1,0.459019925897641,0.143,0.125,1,"RASGRP2"
1,0.00466189921204307,0.429,0.438,1,"PCOLCE"
1,-0.0477785045586796,0.071,0.062,1,"ATP6V1G2-DDX39B"
1,-1.74114285906337,0.071,0.062,1,"NMNAT3"
1,-0.00673562712357667,0.071,0.062,1,"RNF103-CHMP3"
1,-3.91433514871398,0.071,0.062,1,"SLC67A1-AS"
1,0.0688670694302003,0.071,0.062,1,"TEX22"
1,-2.3073500550549,0.071,0.062,1,"ZNF593OS"
1,-1.29816058060234,0.571,0.562,1,"HDHD2"
1,0.0654697073642616,1,1,1,"API5"
1,-0.698995087934043,0.5,0.5,1,"ARMCX5"
1,0.0298273685600847,1,1,1,"ATP5F1B"
1,-0.0318843668719628,1,1,1,"CCZ1B"
1,-0.202079344291608,1,1,1,"CHKA"
1,-0.00803427969375203,1,1,1,"COA3"
1,0.143193140948463,1,1,1,"COL1A1"
1,0.146764838225116,1,1,1,"DAG1"
1,0.135355666729732,1,1,1,"DBI"
1,-0.212525671430499,1,1,1,"DDX42"
1,0.354620280394876,1,1,1,"DIMT1"
1,0.0101912772200423,1,1,1,"DNM2"
1,-0.176267606138477,0.5,0.5,1,"EEF1A2"
1,-0.0401989372814171,1,1,1,"EIF2S1"
1,-0.0171866591740724,1,1,1,"ENPP1"
1,0.116963244943307,1,1,1,"EXOSC3"
1,-0.0145074145824999,1,1,1,"FAM131A"
1,-0.0353472880552648,1,1,1,"FLOT2"
1,0.0651530074585365,1,1,1,"FOXRED2"
1,0.017812887009633,1,1,1,"FXN"
1,0.0138623646544609,1,1,1,"GTF2A2"
1,0.146310072757496,1,1,1,"GTF3C2"
1,0.423218175845997,1,1,1,"GTF3C3"
1,-0.017060744078135,0.5,0.5,1,"GZF1"
1,0.0906187910924228,1,1,1,"HEXIM1"
1,0.0407198928968864,1,1,1,"HK1"
1,0.189860395492878,1,1,1,"LDAF1"
1,-0.0266453095309371,1,1,1,"LRP10"
1,0.0213349146311428,1,1,1,"LRPAP1"
1,0.0543385041748055,1,1,1,"MARCHF7"
1,0.345318378372803,1,1,1,"MBTPS1"
1,-0.23840457054727,1,1,1,"METTL9"
1,-0.18471289497782,1,1,1,"MRPS23"
1,-0.206562809370714,1,1,1,"MTA2"
1,-0.240879473771975,1,1,1,"NAV1"
1,-0.211318801012222,1,1,1,"NPAS2"
1,-0.323846226140597,1,1,1,"NUP37"
1,0.0294997469844258,1,1,1,"OLA1"
1,0.243008869820832,1,1,1,"PCNX3"
1,0.251574651621677,1,1,1,"PEX26"
1,-0.171980643532543,1,1,1,"POC1B"
1,0.321115625049463,1,1,1,"PRKDC"
1,-0.120361230681816,1,1,1,"PTPN1"
1,-0.811607098327899,1,1,1,"R3HDM2"
1,-0.0707345665653518,1,1,1,"RAB5B"
1,-0.214470883838697,1,1,1,"RAD51D"
1,-0.220409493146141,1,1,1,"RPL37"
1,-0.0206090649905164,1,1,1,"SAP18"
1,-0.213488415591415,1,1,1,"SF1"
1,0.143267068069771,1,1,1,"SNX2"
1,-0.161821327447235,1,1,1,"SRRT"
1,-0.0193451100918605,1,1,1,"SRSF3"
1,-0.358322651613722,1,1,1,"STX17"
1,0.153030679064198,1,1,1,"STX3"
1,0.157937881789591,1,1,1,"TCIRG1"
1,0.00774805311750804,1,1,1,"TMBIM4"
1,-0.0398140932687565,1,1,1,"TTL"
1,0.0706451202965717,1,1,1,"UBE3B"
1,-0.0176067121836541,1,1,1,"UPF2"
1,0.0937234024222402,1,1,1,"UQCR11"
1,-0.220796517711142,1,1,1,"YY1AP1"
1,-0.18020331575358,1,1,1,"ZNF83"
